"","Estimate","SE","CI95.lower","CI95.upper"
"para",2.69247987828924,1.35451959835702,0.0376702491558167,5.34728950742267
"semi",2.55264051992405,1.32588912352289,-0.0460544096741904,5.15133544952229
