"","Estimate","SE","CI95.lower","CI95.upper"
"para",2.14399472608699,2.34558338533224,-2.45326423189975,6.74125368407372
"semi",3.13568489549068,2.34987431878647,-1.46998413752638,7.74135392850775
