"Latitude","Longitude","intensity"
49.2916666666615,-94.9999999997608,1.68420467413134e-11
49.0833333333265,-94.8749999997598,1.88629676604967e-11
49.0416666666595,-122.208333333311,1.60574775391206e-10
49.0416666666595,-120.999999999968,1.9323263696511e-11
49.0416666666595,-120.874999999967,1.84678494690494e-11
49.0416666666595,-120.624999999965,1.74037454844518e-11
49.0416666666595,-120.124999999961,1.57070260679127e-11
49.0416666666595,-118.33333333328,1.91152268202987e-11
49.0416666666595,-118.249999999946,1.95368220012949e-11
49.0416666666595,-117.791666666609,4.29277120457626e-11
49.0416666666595,-115.791666666593,1.84214589557166e-11
49.0416666666595,-115.583333333258,1.75293226089295e-11
49.0416666666595,-115.41666666659,1.71685608435736e-11
49.0416666666595,-115.374999999923,2.45592421943286e-11
49.0416666666595,-109.99999999988,1.11521586726447e-11
49.0416666666595,-109.833333333212,1.11274589015236e-11
49.0416666666595,-109.16666666654,1.00799934474993e-11
49.0416666666595,-108.708333333203,8.95075517157503e-12
49.0416666666595,-107.91666666653,8.53750772409211e-12
49.0416666666595,-105.624999999845,1.22525089186255e-11
49.0416666666595,-105.166666666508,1.31555687306874e-11
49.0416666666595,-103.499999999828,1.65222742030646e-11
49.0416666666595,-102.749999999822,1.90926561707132e-11
49.0416666666595,-102.041666666483,1.73696875109607e-11
49.0416666666595,-101.749999999814,1.74248541776752e-11
49.0416666666595,-101.166666666477,1.81297875130254e-11
49.0416666666595,-98.2083333331196,2.51905452087517e-11
49.0416666666595,-96.4999999997727,2.82399182667628e-11
49.0416666666595,-95.8749999997677,4.95044287714008e-11
49.0416666666595,-95.3333333330967,6.76049165049396e-11
48.9999999999925,-123.083333333318,5.16956878138198e-10
48.9999999999925,-122.791666666649,5.02366653306529e-10
48.9999999999925,-121.333333333304,4.29761321188208e-11
48.9999999999925,-119.249999999954,3.53734003963043e-11
48.9999999999925,-116.374999999931,8.90887646319013e-11
48.9999999999925,-113.74999999991,1.40851508041465e-11
48.9999999999925,-113.708333333243,1.3917210001915e-11
48.9999999999925,-113.416666666574,1.31024192916923e-11
48.9999999999925,-112.041666666563,1.30404117884459e-11
48.9999999999925,-111.791666666561,1.31242978940569e-11
48.9999999999925,-111.041666666555,1.27608235192238e-11
48.9999999999925,-110.166666666548,1.1359101742499e-11
48.9999999999925,-107.91666666653,8.68504345754731e-12
48.9999999999925,-105.916666666514,1.10442587682181e-11
48.9999999999925,-103.458333333161,1.72920805830761e-11
48.9999999999925,-102.958333333157,2.17538093682397e-11
48.9999999999925,-101.499999999812,1.87721005075452e-11
48.9999999999925,-97.4999999997807,9.81892806016851e-11
48.9999999999925,-96.2916666664377,5.15185155391474e-11
48.9999999999925,-95.7083333330997,7.76927597319611e-11
48.9583333333255,-122.833333333316,2.74190141453647e-10
48.9583333333255,-119.541666666623,3.57386250121765e-11
48.9583333333255,-119.16666666662,3.62909414314737e-11
48.9583333333255,-118.958333333285,3.76441779935105e-11
48.9583333333255,-118.583333333282,3.55424239001076e-11
48.9583333333255,-117.624999999941,8.67118100167826e-11
48.9583333333255,-116.6666666666,5.77773918296453e-11
48.9583333333255,-115.249999999922,2.73732225754742e-11
48.9583333333255,-114.249999999914,2.79898003511845e-11
48.9583333333255,-113.624999999909,3.07382548348608e-11
48.9583333333255,-113.166666666572,2.27448839969029e-11
48.9583333333255,-112.416666666566,2.35125407797509e-11
48.9583333333255,-111.458333333225,3.33151066122519e-11
48.9583333333255,-109.791666666545,2.32374218321269e-11
48.9583333333255,-109.749999999878,2.32037266226003e-11
48.9583333333255,-109.416666666542,2.32288209087527e-11
48.9583333333255,-104.749999999838,3.86055828866105e-11
48.9583333333255,-103.291666666493,5.3597896034597e-11
48.9583333333255,-102.124999999817,4.10917928076474e-11
48.9583333333255,-101.916666666482,3.76402321387056e-11
48.9583333333255,-101.583333333146,7.02954348145377e-11
48.9583333333255,-100.70833333314,2.91631660467103e-11
48.9583333333255,-100.416666666471,3.41180806336666e-11
48.9583333333255,-99.8333333331326,7.24756899395555e-11
48.9583333333255,-97.5416666664477,1.2174853470502e-10
48.9583333333255,-97.4166666664467,1.20793697522604e-10
48.9583333333255,-95.9583333331017,5.17224094640849e-11
48.9583333333255,-95.8749999997677,1.09206677055653e-10
48.9583333333255,-94.9999999997608,3.46236011254076e-11
48.9166666666585,-122.749999999982,6.4088711193388e-10
48.9166666666585,-121.624999999973,2.94865001088821e-11
48.9166666666585,-120.8333333333,1.91211555063476e-11
48.9166666666585,-120.624999999965,1.81936105955371e-11
48.9166666666585,-120.458333333297,3.43813931316263e-11
48.9166666666585,-120.208333333295,1.68003482997062e-11
48.9166666666585,-119.791666666625,3.0494152589083e-11
48.9166666666585,-116.416666666598,1.00157544702872e-10
48.9166666666585,-116.208333333263,9.55290849707095e-11
48.9166666666585,-115.958333333261,3.36285925848668e-11
48.9166666666585,-114.58333333325,2.97793473130211e-11
48.9166666666585,-114.041666666579,2.77007110510532e-11
48.9166666666585,-112.91666666657,2.32659455639981e-11
48.9166666666585,-112.166666666564,3.47533130863942e-11
48.9166666666585,-111.999999999896,2.62607750056753e-11
48.9166666666585,-109.499999999876,2.32727870933248e-11
48.9166666666585,-109.374999999875,2.36539136800565e-11
48.9166666666585,-108.249999999866,1.53838441601731e-11
48.9166666666585,-107.749999999862,1.75183675349571e-11
48.9166666666585,-103.291666666493,5.52203196071886e-11
48.9166666666585,-102.541666666487,6.25124638966782e-11
48.9166666666585,-102.166666666484,3.76908325583658e-11
48.9166666666585,-100.374999999804,3.44903064640696e-11
48.9166666666585,-98.6666666664566,2.11713825687371e-11
48.9166666666585,-97.9583333331176,8.67165885127462e-11
48.9166666666585,-97.9166666664506,8.85536872346455e-11
48.9166666666585,-97.6666666664486,1.17989083550295e-10
48.9166666666585,-95.9583333331017,5.35925224260765e-11
48.9166666666585,-95.4166666664307,1.73817924037551e-10
48.9166666666585,-94.9999999997608,3.48768328915145e-11
48.8749999999915,-122.249999999978,3.13963828353756e-10
48.8749999999915,-120.749999999966,1.89853410871071e-11
48.8749999999915,-119.916666666626,2.21786951083982e-11
48.8749999999915,-119.499999999956,3.77556879143965e-11
48.8749999999915,-117.124999999937,4.33748416168302e-11
48.8749999999915,-116.958333333269,6.0052082090711e-11
48.8749999999915,-116.749999999934,6.2095898272305e-11
48.8749999999915,-115.291666666589,2.76501788078449e-11
48.8749999999915,-115.166666666588,2.87723140283698e-11
48.8749999999915,-114.791666666585,4.16916624852354e-11
48.8749999999915,-113.208333333239,2.36211293584074e-11
48.8749999999915,-111.041666666555,2.72055921516767e-11
48.8749999999915,-110.249999999882,2.38504472881824e-11
48.8749999999915,-109.666666666544,2.45953977063503e-11
48.8749999999915,-109.041666666539,2.18082891119803e-11
48.8749999999915,-106.791666666521,1.42212810880998e-11
48.8749999999915,-104.124999999833,3.24687222445118e-11
48.8749999999915,-103.708333333163,2.20010155475875e-11
48.8749999999915,-102.999999999824,8.26316329514694e-11
48.8749999999915,-102.49999999982,3.83215802273067e-11
48.8749999999915,-102.291666666485,3.83617119873261e-11
48.8749999999915,-102.249999999818,3.83661257591507e-11
48.8749999999915,-101.916666666482,4.35714928905396e-11
48.8749999999915,-101.333333333144,5.04623802787092e-11
48.8749999999915,-101.041666666476,4.44839381384279e-11
48.8749999999915,-100.916666666475,3.34340221729032e-11
48.8749999999915,-100.458333333138,1.20289619754195e-10
48.8749999999915,-99.8333333331326,1.69246650324275e-10
48.8749999999915,-99.5416666664636,9.62693330222235e-11
48.8749999999915,-98.2499999997866,5.63023451342373e-11
48.8749999999915,-96.0833333331027,4.64909516917925e-11
48.8333333333245,-121.458333333305,2.74385252484296e-11
48.8333333333245,-120.874999999967,1.98542853030732e-11
48.8333333333245,-120.458333333297,3.54984367302309e-11
48.8333333333245,-120.083333333294,1.7468393627624e-11
48.8333333333245,-119.249999999954,3.5387513292778e-11
48.8333333333245,-117.999999999944,9.53244158481516e-11
48.8333333333245,-117.91666666661,8.00604903856106e-11
48.8333333333245,-117.041666666603,4.56386611188212e-11
48.8333333333245,-115.874999999927,3.4680813521834e-11
48.8333333333245,-114.916666666586,4.33595834797529e-11
48.8333333333245,-111.749999999894,2.840869128557e-11
48.8333333333245,-109.499999999876,2.60294543761165e-11
48.8333333333245,-109.291666666541,2.44088713402539e-11
48.8333333333245,-107.958333333197,2.23145305614679e-11
48.8333333333245,-107.833333333196,2.22171811104038e-11
48.8333333333245,-107.49999999986,1.79581698881014e-11
48.8333333333245,-107.249999999858,1.4975254389033e-11
48.8333333333245,-106.791666666521,1.44703125165685e-11
48.8333333333245,-105.124999999841,3.0561236999045e-11
48.8333333333245,-104.833333333172,4.10944748301666e-11
48.8333333333245,-104.124999999833,3.32406510075468e-11
48.8333333333245,-103.083333333158,4.49501711057429e-11
48.8333333333245,-102.416666666486,3.85011878228928e-11
48.8333333333245,-101.916666666482,4.4686646295789e-11
48.8333333333245,-98.8333333331246,5.83567667462608e-11
48.8333333333245,-96.9999999997767,1.43882826280957e-10
48.8333333333245,-96.8333333331087,9.9546802360015e-11
48.8333333333245,-95.8333333331007,2.88838889190046e-10
48.7916666666575,-122.541666666647,5.53990660119396e-09
48.7916666666575,-121.499999999972,5.27877136157858e-11
48.7916666666575,-120.624999999965,3.72639300410649e-11
48.7916666666575,-119.124999999953,3.62085095608779e-11
48.7916666666575,-118.999999999952,5.36891839491643e-11
48.7916666666575,-117.708333333275,1.1821006238888e-10
48.7916666666575,-116.6666666666,6.86152000915173e-11
48.7916666666575,-115.166666666588,3.06708597495569e-11
48.7916666666575,-114.833333333252,5.9572595958825e-11
48.7916666666575,-114.16666666658,3.17523377560906e-11
48.7916666666575,-112.999999999904,2.42226092545608e-11
48.7916666666575,-112.333333333232,5.965090263493e-11
48.7916666666575,-110.583333333218,2.44270514161876e-11
48.7916666666575,-109.874999999879,2.61617331440464e-11
48.7916666666575,-108.458333333201,1.60602890078109e-11
48.7916666666575,-106.624999999853,1.32410219838943e-11
48.7916666666575,-105.666666666512,2.17862637669032e-11
48.7916666666575,-105.499999999844,3.35812040024847e-11
48.7916666666575,-104.749999999838,3.32856090431159e-11
48.7916666666575,-104.374999999835,3.41141119538972e-11
48.7916666666575,-103.958333333165,3.28965983224924e-11
48.7916666666575,-103.624999999829,2.35650091611897e-11
48.7916666666575,-102.749999999822,5.5813244550132e-11
48.7916666666575,-101.333333333144,5.40189951322671e-11
48.7916666666575,-100.666666666473,3.29644129783704e-11
48.7916666666575,-100.416666666471,3.76783857083258e-11
48.7916666666575,-100.041666666468,2.75062186819119e-11
48.7916666666575,-99.4583333331296,2.19615290097072e-11
48.7916666666575,-97.8749999997836,1.26204699941057e-10
48.7916666666575,-95.6249999997657,1.23168923697211e-10
48.7916666666575,-95.4999999997647,1.19902419663926e-10
48.7916666666575,-95.1666666664288,6.97224997793487e-11
48.7499999999905,-122.91666666665,3.0624196861428e-10
48.7499999999905,-122.208333333311,1.09082160293565e-10
48.7499999999905,-121.458333333305,5.21062346162577e-11
48.7499999999905,-120.624999999965,3.78741665821153e-11
48.7499999999905,-119.624999999957,6.57554666072767e-11
48.7499999999905,-117.249999999938,5.53487672439434e-11
48.7499999999905,-116.999999999936,2.75466383685756e-11
48.7499999999905,-116.499999999932,7.7741905949452e-11
48.7499999999905,-115.624999999925,3.51866228754042e-11
48.7499999999905,-115.499999999924,3.18784297123914e-11
48.7499999999905,-113.416666666574,1.89731547648119e-11
48.7499999999905,-112.958333333237,2.45947875553282e-11
48.7499999999905,-112.791666666569,2.48664702381203e-11
48.7499999999905,-109.916666666546,2.68067861253295e-11
48.7499999999905,-109.708333333211,2.77246746287947e-11
48.7499999999905,-109.666666666544,2.77807864744569e-11
48.7499999999905,-109.624999999877,2.77522490621935e-11
48.7499999999905,-107.333333333192,1.55969381250484e-11
48.7499999999905,-106.749999999854,1.50781776362007e-11
48.7499999999905,-106.624999999853,1.35073068746792e-11
48.7499999999905,-105.708333333179,2.52276033423949e-11
48.7499999999905,-104.99999999984,2.61975258659615e-11
48.7499999999905,-104.791666666505,3.19786203795245e-11
48.7499999999905,-104.499999999836,4.04637388496915e-11
48.7499999999905,-103.874999999831,4.08880219040125e-11
48.7499999999905,-103.208333333159,4.17021643959312e-11
48.7499999999905,-99.2499999997946,3.63910818459069e-11
48.7499999999905,-97.8333333331166,1.37490165402127e-10
48.7499999999905,-95.2916666664297,7.78634471638618e-11
48.7083333333236,-122.958333333317,2.92128811152184e-10
48.7083333333236,-121.833333333308,7.47009143257113e-11
48.7083333333236,-121.791666666641,7.18901164226141e-11
48.7083333333236,-121.208333333303,4.49258546754823e-11
48.7083333333236,-120.541666666631,3.78405472449036e-11
48.7083333333236,-119.16666666662,3.81581049316093e-11
48.7083333333236,-118.041666666611,1.17637109930735e-10
48.7083333333236,-116.166666666596,1.24286287912467e-10
48.7083333333236,-115.249999999922,3.1558758692418e-11
48.7083333333236,-114.708333333251,6.47163647742821e-11
48.7083333333236,-113.874999999911,3.07781458771735e-11
48.7083333333236,-111.66666666656,2.74252547932971e-11
48.7083333333236,-110.583333333218,2.60080631452618e-11
48.7083333333236,-109.416666666542,2.86146701759537e-11
48.7083333333236,-109.333333333208,2.73026920241802e-11
48.7083333333236,-107.708333333195,1.94775332059738e-11
48.7083333333236,-106.541666666519,1.38580538009855e-11
48.7083333333236,-105.499999999844,3.11560534668148e-11
48.7083333333236,-105.374999999843,3.35285120906883e-11
48.7083333333236,-104.291666666501,2.41463802943526e-11
48.7083333333236,-103.33333333316,3.87965240939454e-11
48.7083333333236,-101.958333333149,4.86750210418884e-11
48.7083333333236,-99.7499999997986,3.01870981625729e-11
48.7083333333236,-99.6666666664646,3.02190769782703e-11
48.7083333333236,-99.5833333331306,1.69768862803253e-11
48.7083333333236,-94.8749999997598,3.59002925012924e-11
48.6666666666566,-123.124999999985,2.40804118712341e-10
48.6666666666566,-122.08333333331,1.94131088577176e-10
48.6666666666566,-121.874999999975,1.54830757644531e-10
48.6666666666566,-115.499999999924,3.50479413528687e-11
48.6666666666566,-114.833333333252,4.35625489937059e-11
48.6666666666566,-114.499999999916,3.77284991440302e-11
48.6666666666566,-113.833333333244,3.65978033157252e-11
48.6666666666566,-113.624999999909,3.63372175589458e-11
48.6666666666566,-113.249999999906,2.43858433843569e-11
48.6666666666566,-112.541666666567,2.63586328495621e-11
48.6666666666566,-111.958333333229,2.29837470880554e-11
48.6666666666566,-111.416666666558,2.84484075855931e-11
48.6666666666566,-110.291666666549,2.63479197179448e-11
48.6666666666566,-107.833333333196,1.63976577159857e-11
48.6666666666566,-106.291666666517,1.18511804271191e-11
48.6666666666566,-105.208333333175,3.156577091316e-11
48.6666666666566,-104.749999999838,3.25217494088959e-11
48.6666666666566,-101.499999999812,7.01211886711186e-11
48.6666666666566,-101.333333333144,7.28989508674711e-11
48.6666666666566,-100.916666666475,6.07400787430949e-11
48.6666666666566,-99.5833333331306,1.7308743951685e-11
48.6666666666566,-95.5416666664317,1.09639796723655e-10
48.6666666666566,-95.4166666664307,1.02451927441663e-10
48.6666666666566,-93.8749999997518,2.43958894764946e-11
48.6249999999896,-122.333333333312,1.82708257610007e-09
48.6249999999896,-121.749999999974,1.03653430383375e-10
48.6249999999896,-119.958333333293,4.4751089533736e-11
48.6249999999896,-118.291666666613,5.39803511340943e-11
48.6249999999896,-117.166666666604,5.39327573770334e-11
48.6249999999896,-116.708333333267,8.03715387208069e-11
48.6249999999896,-115.749999999926,4.0112382196949e-11
48.6249999999896,-115.333333333256,3.50881169787702e-11
48.6249999999896,-113.833333333244,3.77632548131024e-11
48.6249999999896,-112.624999999901,2.63659887027326e-11
48.6249999999896,-112.208333333231,7.55244983168799e-11
48.6249999999896,-111.874999999895,3.24954079028808e-11
48.6249999999896,-111.749999999894,3.19561210240927e-11
48.6249999999896,-111.291666666557,3.01244764507039e-11
48.6249999999896,-111.083333333222,3.62397087378224e-11
48.6249999999896,-110.333333333216,2.73448016550259e-11
48.6249999999896,-110.249999999882,2.67064918978325e-11
48.6249999999896,-110.124999999881,2.52758790601925e-11
48.6249999999896,-107.08333333319,1.51589669335538e-11
48.6249999999896,-106.833333333188,1.58752073012076e-11
48.6249999999896,-105.958333333181,1.75654810736419e-11
48.6249999999896,-105.499999999844,2.76777577817447e-11
48.6249999999896,-105.083333333174,2.97879693591486e-11
48.6249999999896,-103.666666666496,3.99631523753148e-11
48.6249999999896,-103.33333333316,2.41419282290084e-11
48.6249999999896,-102.958333333157,4.50162995601603e-11
48.6249999999896,-101.333333333144,7.96515592800889e-11
48.6249999999896,-100.083333333135,3.26287723309162e-11
48.6249999999896,-99.9166666664666,3.11888894291876e-11
48.6249999999896,-96.7083333331077,8.27281824660876e-11
48.6249999999896,-95.8333333331007,9.83186261225652e-11
48.6249999999896,-94.9999999997608,2.21906844568805e-11
48.6249999999896,-94.3333333330888,4.26630141951684e-11
48.6249999999896,-94.0416666664198,4.72636166719408e-11
48.5833333333226,-122.541666666647,2.4325885119097e-09
48.5833333333226,-119.749999999958,5.07288620225494e-11
48.5833333333226,-119.416666666622,7.90825573684e-11
48.5833333333226,-118.33333333328,5.27114419782378e-11
48.5833333333226,-117.583333333274,1.17109904000923e-10
48.5833333333226,-114.958333333253,6.61157928159159e-11
48.5833333333226,-112.624999999901,2.68490464721173e-11
48.5833333333226,-111.124999999889,3.74320909933055e-11
48.5833333333226,-110.999999999888,4.12195725552221e-11
48.5833333333226,-109.749999999878,4.94866773068339e-10
48.5833333333226,-109.499999999876,3.70782109591494e-11
48.5833333333226,-108.666666666536,1.77150092494573e-11
48.5833333333226,-108.374999999867,1.76304513335288e-11
48.5833333333226,-107.958333333197,1.79925277729977e-11
48.5833333333226,-106.499999999852,1.93898214248595e-11
48.5833333333226,-106.24999999985,1.23759390700733e-11
48.5833333333226,-105.458333333177,2.69200513593339e-11
48.5833333333226,-103.499999999828,2.34619208123701e-11
48.5833333333226,-102.999999999824,4.41526007221224e-11
48.5833333333226,-102.458333333153,4.12780769242126e-11
48.5833333333226,-101.458333333145,8.46895561601397e-11
48.5833333333226,-100.70833333314,4.25524536688981e-11
48.5833333333226,-100.041666666468,3.25971744007352e-11
48.5833333333226,-97.9166666664506,8.28927894793965e-11
48.5833333333226,-97.7499999997826,1.06320559073975e-10
48.5833333333226,-96.5416666664397,7.6594679870144e-11
48.5833333333226,-96.2916666664377,1.12369747176378e-10
48.5833333333226,-95.4999999997647,1.04716488846351e-10
48.5833333333226,-95.4583333330977,1.02865999096631e-10
48.5833333333226,-95.2083333330958,2.50112283285635e-11
48.5833333333226,-95.0833333330948,2.32182470546646e-11
48.5833333333226,-93.8749999997518,5.13752011341756e-11
48.5833333333226,-93.2083333330798,5.26761932218941e-11
48.5416666666556,-123.124999999985,5.69334646073691e-10
48.5416666666556,-121.958333333309,2.62257850994769e-10
48.5416666666556,-120.791666666633,3.08978573374664e-11
48.5416666666556,-119.791666666625,5.29871299679462e-11
48.5416666666556,-118.33333333328,5.33443732523611e-11
48.5416666666556,-117.833333333276,3.6345677564281e-10
48.5416666666556,-113.541666666575,3.43123695096578e-11
48.5416666666556,-111.041666666555,4.36607664091066e-11
48.5416666666556,-108.374999999867,1.87902492697733e-11
48.5416666666556,-108.3333333332,1.73302283833711e-11
48.5416666666556,-107.999999999864,1.86141557057677e-11
48.5416666666556,-107.624999999861,1.83643000611945e-11
48.5416666666556,-107.416666666526,1.72803595077239e-11
48.5416666666556,-106.916666666522,1.63108551960848e-11
48.5416666666556,-106.24999999985,1.2654316463119e-11
48.5416666666556,-104.208333333167,3.22876313804227e-11
48.5416666666556,-103.041666666491,4.38735515432025e-11
48.5416666666556,-101.916666666482,5.68840802524991e-11
48.5416666666556,-101.333333333144,9.99494404592201e-11
48.5416666666556,-100.999999999809,7.06162761011962e-11
48.5416666666556,-98.6666666664566,4.14428426667838e-11
48.5416666666556,-98.4999999997886,4.29972745786867e-11
48.5416666666556,-96.9166666664427,1.13519461864394e-10
48.5416666666556,-96.8749999997757,1.15038139169805e-10
48.5416666666556,-95.1666666664288,2.43422096519719e-11
48.5416666666556,-94.7083333330918,5.94201472795289e-11
48.5416666666556,-94.4583333330898,6.1310511874636e-11
48.5416666666556,-94.3749999997558,4.33943836513819e-11
48.4999999999886,-122.749999999982,1.13820695685253e-09
48.4999999999886,-121.708333333307,1.11586036059995e-10
48.4999999999886,-117.249999999938,9.93778198626457e-11
48.4999999999886,-116.958333333269,5.80598691388917e-11
48.4999999999886,-113.958333333245,4.58880319248253e-11
48.4999999999886,-113.833333333244,4.13560025079255e-11
48.4999999999886,-112.749999999902,2.56441053129282e-11
48.4999999999886,-112.4999999999,2.84403470754846e-11
48.4999999999886,-110.708333333219,4.15141820165273e-11
48.4999999999886,-110.541666666551,2.87015334380243e-11
48.4999999999886,-110.166666666548,2.81707953146731e-11
48.4999999999886,-109.874999999879,4.44970248176089e-11
48.4999999999886,-105.83333333318,1.97984698804546e-11
48.4999999999886,-105.499999999844,2.25308800589379e-11
48.4999999999886,-105.166666666508,2.35029068886061e-11
48.4999999999886,-104.874999999839,2.8350636441275e-11
48.4999999999886,-104.791666666505,2.96109557151952e-11
48.4999999999886,-104.291666666501,4.11595689164269e-11
48.4999999999886,-103.666666666496,4.67279853439026e-11
48.4999999999886,-101.12499999981,1.68524455777752e-10
48.4999999999886,-100.249999999803,3.72600341089479e-11
48.4999999999886,-99.8333333331326,3.20524905127512e-11
48.4999999999886,-97.8749999997836,7.60779680751728e-11
48.4999999999886,-95.6249999997657,5.11581000729486e-11
48.4999999999886,-94.8333333330928,2.16238723710682e-11
48.4999999999886,-93.5416666664158,5.65957785091924e-11
48.4999999999886,-93.3333333330808,6.19431554622674e-11
48.4583333333216,-122.833333333316,8.59910878643426e-10
48.4583333333216,-122.708333333315,1.29535366424654e-09
48.4583333333216,-121.874999999975,1.35887270731904e-10
48.4583333333216,-120.999999999968,2.38863537196428e-11
48.4583333333216,-120.041666666627,4.96433481639292e-11
48.4583333333216,-118.916666666618,5.63750018717588e-11
48.4583333333216,-118.499999999948,4.23341386502294e-11
48.4583333333216,-117.791666666609,1.21799826391417e-10
48.4583333333216,-116.749999999934,1.44638696564911e-10
48.4583333333216,-116.041666666595,6.43489146632348e-11
48.4583333333216,-114.333333333248,3.17167451226838e-10
48.4583333333216,-113.958333333245,5.11437991047633e-11
48.4583333333216,-112.124999999897,3.67900493389397e-11
48.4583333333216,-112.041666666563,2.0325100960067e-11
48.4583333333216,-111.958333333229,2.23214021313229e-11
48.4583333333216,-111.333333333224,3.22986948135903e-11
48.4583333333216,-110.458333333217,2.83111455531404e-11
48.4583333333216,-109.99999999988,4.82128397738481e-11
48.4583333333216,-106.208333333183,2.33689212418971e-11
48.4583333333216,-105.624999999845,2.11849030928753e-11
48.4583333333216,-103.666666666496,4.9912796194616e-11
48.4583333333216,-102.416666666486,4.12669681025567e-11
48.4583333333216,-101.999999999816,5.59776468997294e-11
48.4583333333216,-101.916666666482,6.03337431401747e-11
48.4583333333216,-101.499999999812,2.13378883163332e-10
48.4583333333216,-98.8749999997916,4.52746167464418e-11
48.4583333333216,-98.7499999997906,4.73851913551559e-11
48.4583333333216,-98.6666666664566,4.24046765519972e-11
48.4583333333216,-97.6666666664486,1.01060316773049e-10
48.4583333333216,-93.7083333330838,5.1441549903425e-11
48.4583333333216,-93.4583333330818,6.05752550384736e-11
48.4583333333216,-93.3333333330808,5.33289149780537e-11
48.4166666666546,-122.333333333312,3.285571402927e-09
48.4166666666546,-122.124999999977,5.52125998329243e-10
48.4166666666546,-122.041666666643,1.7546631217482e-10
48.4166666666546,-121.749999999974,1.26773496855151e-10
48.4166666666546,-121.708333333307,1.213676159799e-10
48.4166666666546,-119.374999999955,3.93775985827567e-11
48.4166666666546,-118.124999999945,6.38996344762886e-11
48.4166666666546,-118.041666666611,1.36675168994845e-10
48.4166666666546,-116.208333333263,2.1425596446662e-10
48.4166666666546,-114.958333333253,5.63439114722429e-11
48.4166666666546,-114.333333333248,3.61840891854641e-10
48.4166666666546,-111.66666666656,3.38716204905699e-11
48.4166666666546,-111.541666666559,3.11712062240022e-11
48.4166666666546,-110.916666666554,4.34056222801685e-11
48.4166666666546,-110.708333333219,4.95826136191486e-11
48.4166666666546,-109.624999999877,3.31029239045827e-11
48.4166666666546,-109.416666666542,3.13554220485013e-11
48.4166666666546,-108.791666666537,1.87513969101481e-11
48.4166666666546,-106.708333333187,4.4415146450988e-11
48.4166666666546,-105.583333333178,2.1836307719883e-11
48.4166666666546,-103.541666666495,5.89244701592076e-11
48.4166666666546,-103.416666666494,5.37560645679195e-11
48.4166666666546,-103.374999999827,5.27548176357959e-11
48.4166666666546,-102.291666666485,3.83193425934973e-11
48.4166666666546,-100.833333333141,5.41106941781642e-11
48.4166666666546,-100.458333333138,4.76215232693058e-11
48.4166666666546,-100.041666666468,3.40990226241695e-11
48.4166666666546,-99.7916666664656,3.32952385331277e-11
48.4166666666546,-98.4583333331216,4.39785050718562e-11
48.4166666666546,-97.4999999997807,7.82314028353673e-10
48.4166666666546,-97.3333333331127,2.82700084005917e-10
48.4166666666546,-97.0416666664437,1.13942140084644e-10
48.4166666666546,-95.0416666664278,2.26000161926576e-11
48.3749999999876,-122.624999999981,2.61694283923474e-09
48.3749999999876,-120.749999999966,3.46693455028599e-11
48.3749999999876,-119.99999999996,5.86988074222984e-11
48.3749999999876,-119.874999999959,8.55589617458425e-11
48.3749999999876,-119.791666666625,4.21058136268469e-11
48.3749999999876,-119.58333333329,1.45996588543223e-10
48.3749999999876,-118.666666666616,4.31409421564763e-11
48.3749999999876,-116.999999999936,1.55818429492131e-10
48.3749999999876,-114.99999999992,4.0099545005178e-11
48.3749999999876,-114.16666666658,4.57794907828583e-10
48.3749999999876,-113.249999999906,3.45473711993234e-11
48.3749999999876,-111.708333333227,5.73080336172925e-11
48.3749999999876,-109.874999999879,4.51319583059243e-11
48.3749999999876,-107.416666666526,1.82731623627223e-11
48.3749999999876,-105.041666666507,2.25342427278214e-11
48.3749999999876,-104.958333333173,2.67952256022117e-11
48.3749999999876,-104.541666666503,3.71044850257964e-11
48.3749999999876,-100.958333333142,1.01533202037915e-10
48.3749999999876,-100.374999999804,4.59929167114533e-11
48.3749999999876,-99.2499999997946,4.29681819190506e-11
48.3749999999876,-99.0416666664596,4.64436326240802e-11
48.3749999999876,-97.1666666664447,1.04325033289522e-10
48.3749999999876,-96.1666666664367,6.7904798744523e-11
48.3749999999876,-95.7499999997667,5.57428506657477e-11
48.3749999999876,-95.4999999997647,5.74257794380336e-11
48.3749999999876,-95.3333333330967,5.23820718281208e-11
48.3749999999876,-94.7499999997588,2.18128458594508e-11
48.3749999999876,-93.2499999997468,4.92221109862735e-11
48.3749999999876,-92.8749999997438,4.28549855133689e-11
48.3749999999876,-92.2083333330719,1.99711775914208e-11
48.3333333333206,-122.749999999982,1.11167637871114e-09
48.3333333333206,-121.124999999969,3.92906816958762e-11
48.3333333333206,-120.749999999966,2.35257762328123e-11
48.3333333333206,-120.333333333296,3.9286990621498e-11
48.3333333333206,-119.708333333291,7.85476075428719e-11
48.3333333333206,-118.249999999946,4.98147993068621e-11
48.3333333333206,-116.999999999936,1.56825650718376e-10
48.3333333333206,-116.499999999932,2.40892253591962e-10
48.3333333333206,-116.333333333264,2.58646353543985e-10
48.3333333333206,-115.666666666592,7.88468384786678e-11
48.3333333333206,-114.708333333251,7.26085097488632e-11
48.3333333333206,-113.499999999908,3.5653905625932e-11
48.3333333333206,-112.791666666569,2.65494202502434e-11
48.3333333333206,-112.374999999899,3.47894393390696e-11
48.3333333333206,-112.333333333232,3.57815814378531e-11
48.3333333333206,-112.291666666565,3.69074851644044e-11
48.3333333333206,-111.958333333229,7.71233085063932e-11
48.3333333333206,-111.874999999895,6.54386247729846e-11
48.3333333333206,-111.791666666561,4.10796140267129e-11
48.3333333333206,-111.66666666656,5.51745875579812e-11
48.3333333333206,-111.624999999893,5.43493837843915e-11
48.3333333333206,-111.458333333225,5.09842369236508e-11
48.3333333333206,-110.958333333221,3.95114374591031e-11
48.3333333333206,-108.624999999869,1.87661005974066e-11
48.3333333333206,-108.3333333332,1.84523759455051e-11
48.3333333333206,-108.249999999866,1.86346229489825e-11
48.3333333333206,-107.833333333196,2.9522516755226e-11
48.3333333333206,-105.624999999845,2.34066098674659e-11
48.3333333333206,-104.99999999984,2.60569329846367e-11
48.3333333333206,-101.208333333143,2.97284152476658e-10
48.3333333333206,-100.791666666474,8.39101010150166e-11
48.3333333333206,-100.749999999807,6.25008982015677e-11
48.3333333333206,-99.9583333331336,3.45467232883398e-11
48.3333333333206,-98.3749999997876,5.92582149605933e-11
48.3333333333206,-97.5833333331147,9.60953330692039e-11
48.3333333333206,-97.1249999997777,1.36372028468947e-10
48.3333333333206,-96.9999999997767,1.31743035561796e-10
48.3333333333206,-94.6666666664248,2.19769776211185e-11
48.3333333333206,-94.6249999997578,2.20236275174842e-11
48.2916666666536,-124.291666666661,3.49286420649894e-11
48.2916666666536,-121.583333333306,9.0306083802727e-11
48.2916666666536,-121.458333333305,7.77270036355349e-11
48.2916666666536,-121.291666666637,6.55720057477917e-11
48.2916666666536,-120.374999999963,5.70468596871145e-11
48.2916666666536,-119.791666666625,6.96625110414751e-11
48.2916666666536,-117.958333333277,1.40833804977039e-10
48.2916666666536,-117.041666666603,2.71042077235038e-10
48.2916666666536,-115.874999999927,4.91633358001646e-11
48.2916666666536,-114.458333333249,1.03448047947073e-10
48.2916666666536,-113.833333333244,2.21371677716519e-11
48.2916666666536,-113.666666666576,3.54106510092691e-11
48.2916666666536,-113.33333333324,3.31528808847472e-11
48.2916666666536,-113.291666666573,1.61297416621475e-11
48.2916666666536,-111.583333333226,5.35194790384306e-11
48.2916666666536,-111.166666666556,5.35192469181651e-11
48.2916666666536,-111.124999999889,3.8106715659311e-11
48.2916666666536,-110.041666666547,2.52438190902416e-11
48.2916666666536,-109.833333333212,2.48947539811432e-11
48.2916666666536,-109.249999999874,2.67089910185518e-11
48.2916666666536,-108.3333333332,1.85002271459277e-11
48.2916666666536,-107.91666666653,2.62510634155489e-11
48.2916666666536,-107.249999999858,1.73340972267978e-11
48.2916666666536,-105.916666666514,1.9702029975583e-11
48.2916666666536,-105.333333333176,2.3855038273384e-11
48.2916666666536,-103.33333333316,5.79548888627441e-11
48.2916666666536,-103.166666666492,4.89051209077383e-11
48.2916666666536,-100.416666666471,4.86767286579971e-11
48.2916666666536,-98.8333333331246,5.34090018102785e-11
48.2916666666536,-98.7499999997906,5.34294554918422e-11
48.2916666666536,-97.0416666664437,1.32666933284046e-10
48.2916666666536,-96.5833333331067,1.7025779838635e-10
48.2916666666536,-95.7499999997667,6.81013330549605e-11
48.2916666666536,-95.1666666664288,6.81461828889329e-11
48.2916666666536,-94.9166666664268,3.17939771486731e-11
48.2916666666536,-93.7916666664178,5.98253368531971e-11
48.2916666666536,-92.1249999997379,3.70848587004081e-11
48.2499999999866,-122.749999999982,1.92081457045015e-09
48.2499999999866,-122.624999999981,1.05704945952119e-09
48.2499999999866,-122.166666666644,1.52229838724935e-09
48.2499999999866,-121.874999999975,1.00740526087545e-09
48.2499999999866,-120.958333333301,2.57117447858459e-11
48.2499999999866,-120.916666666634,2.52752063039485e-11
48.2499999999866,-119.874999999959,1.28939966998134e-10
48.2499999999866,-119.333333333288,4.11436503420162e-11
48.2499999999866,-119.124999999953,3.82044115038574e-11
48.2499999999866,-118.416666666614,4.4073563175993e-11
48.2499999999866,-118.33333333328,4.63200821908097e-11
48.2499999999866,-117.708333333275,1.22775620079782e-10
48.2499999999866,-117.583333333274,1.26865301016342e-10
48.2499999999866,-117.249999999938,1.52636213981311e-10
48.2499999999866,-116.916666666602,1.56604167033956e-10
48.2499999999866,-115.374999999923,4.70087723957729e-11
48.2499999999866,-114.249999999914,1.01839820097783e-09
48.2499999999866,-112.624999999901,3.14454599891969e-11
48.2499999999866,-112.458333333233,3.38823330502678e-11
48.2499999999866,-110.249999999882,2.50992785289513e-11
48.2499999999866,-110.083333333214,2.51312398465443e-11
48.2499999999866,-109.333333333208,1.80733613168745e-11
48.2499999999866,-107.458333333193,1.78255567653614e-11
48.2499999999866,-107.374999999859,1.72188803800953e-11
48.2499999999866,-106.999999999856,1.13210214105568e-11
48.2499999999866,-105.458333333177,2.52555145442953e-11
48.2499999999866,-104.58333333317,3.56366691954819e-11
48.2499999999866,-104.208333333167,3.78105947547177e-11
48.2499999999866,-101.66666666648,1.2974300571918e-10
48.2499999999866,-101.416666666478,2.23791933752984e-10
48.2499999999866,-101.333333333144,2.54287541126493e-09
48.2499999999866,-98.3749999997876,6.82147804930135e-11
48.2499999999866,-97.0416666664437,1.66851596585719e-10
48.2499999999866,-96.9166666664427,2.44767621424921e-10
48.2499999999866,-92.0833333330709,3.71942678431439e-11
48.2499999999866,-91.7916666664019,1.81935739349463e-11
48.2499999999866,-90.9999999997289,1.46960774254358e-11
48.2083333333196,-124.041666666659,4.45533441152457e-11
48.2083333333196,-122.708333333315,2.18384882686265e-09
48.2083333333196,-120.999999999968,5.38818267060009e-11
48.2083333333196,-120.749999999966,4.24878853892363e-11
48.2083333333196,-120.291666666629,6.55963506315375e-11
48.2083333333196,-119.666666666624,4.85158455720747e-11
48.2083333333196,-119.416666666622,4.54021125645984e-11
48.2083333333196,-116.624999999933,2.39097012001999e-10
48.2083333333196,-116.374999999931,3.66211272365306e-10
48.2083333333196,-116.333333333264,4.05910257368283e-10
48.2083333333196,-115.041666666587,4.02177438163378e-11
48.2083333333196,-114.458333333249,8.97707719799005e-11
48.2083333333196,-114.333333333248,9.89083281473987e-10
48.2083333333196,-112.624999999901,2.25974441917478e-11
48.2083333333196,-112.541666666567,2.34148135276313e-11
48.2083333333196,-112.166666666564,5.82899416096509e-11
48.2083333333196,-111.999999999896,6.60157187309608e-11
48.2083333333196,-111.749999999894,5.86786024460446e-11
48.2083333333196,-110.874999999887,3.68741790096648e-11
48.2083333333196,-109.99999999988,2.50267573432545e-11
48.2083333333196,-109.249999999874,2.59889719041735e-11
48.2083333333196,-106.166666666516,2.56059420857706e-11
48.2083333333196,-105.249999999842,2.44589247165547e-11
48.2083333333196,-104.124999999833,4.05326254928884e-11
48.2083333333196,-104.041666666499,5.3423789736529e-11
48.2083333333196,-103.666666666496,5.2298724691823e-10
48.2083333333196,-103.374999999827,6.36319843828292e-11
48.2083333333196,-101.583333333146,1.4670678901886e-10
48.2083333333196,-101.374999999811,2.41184109286379e-09
48.2083333333196,-97.7083333331156,1.13114770106501e-10
48.2083333333196,-96.2083333331037,1.20404263749526e-10
48.2083333333196,-92.2916666664059,4.08440268178241e-11
48.1666666666526,-122.624999999981,2.59071269681127e-09
48.1666666666526,-122.541666666647,7.35471804604168e-10
48.1666666666526,-122.208333333311,4.27061310959971e-09
48.1666666666526,-121.749999999974,1.47830198578159e-10
48.1666666666526,-120.916666666634,7.66161850782201e-11
48.1666666666526,-119.291666666621,4.29921814991837e-11
48.1666666666526,-119.041666666619,7.26860123499507e-11
48.1666666666526,-118.666666666616,4.9462925955083e-11
48.1666666666526,-118.416666666614,4.43668536795754e-11
48.1666666666526,-117.833333333276,1.35978378650302e-10
48.1666666666526,-117.49999999994,1.52380733359384e-10
48.1666666666526,-116.499999999932,4.09805460823301e-10
48.1666666666526,-116.166666666596,7.0520568035472e-11
48.1666666666526,-114.499999999916,8.05125152178621e-11
48.1666666666526,-113.833333333244,2.14757853007702e-11
48.1666666666526,-113.541666666575,3.63924564148986e-11
48.1666666666526,-113.208333333239,1.56979193890133e-11
48.1666666666526,-106.499999999852,4.52506312152194e-11
48.1666666666526,-105.749999999846,2.85731944585065e-11
48.1666666666526,-104.1666666665,4.0264115571371e-11
48.1666666666526,-103.291666666493,5.80529377459398e-11
48.1666666666526,-102.833333333156,4.30003870133297e-11
48.1666666666526,-102.458333333153,3.92393206957763e-11
48.1666666666526,-102.374999999819,4.13106298902636e-11
48.1666666666526,-99.9583333331336,3.62120704335131e-11
48.1666666666526,-98.1666666664526,7.02830513268259e-11
48.1666666666526,-95.9583333331017,1.30444577045754e-10
48.1666666666526,-92.5833333330749,4.17015498276006e-11
48.1249999999856,-124.58333333333,4.39091436983653e-11
48.1249999999856,-123.999999999992,8.79122512184845e-11
48.1249999999856,-122.833333333316,6.13221345104366e-10
48.1249999999856,-122.041666666643,1.40256338711178e-09
48.1249999999856,-120.541666666631,4.37827378367101e-11
48.1249999999856,-120.41666666663,4.36389914385257e-11
48.1249999999856,-120.166666666628,7.26654087433604e-11
48.1249999999856,-118.541666666615,4.53547592280317e-11
48.1249999999856,-116.749999999934,2.69785632228338e-10
48.1249999999856,-115.83333333326,5.65539538297683e-11
48.1249999999856,-115.583333333258,4.6310190402692e-11
48.1249999999856,-115.333333333256,4.31118042924307e-11
48.1249999999856,-113.624999999909,3.76606154053521e-11
48.1249999999856,-111.583333333226,5.5092671814715e-11
48.1249999999856,-110.874999999887,3.87472935409491e-11
48.1249999999856,-109.833333333212,2.4316257539258e-11
48.1249999999856,-109.374999999875,1.75168904358817e-11
48.1249999999856,-109.16666666654,2.46600285433584e-11
48.1249999999856,-109.041666666539,1.13878089210744e-11
48.1249999999856,-102.541666666487,3.89404193773428e-11
48.1249999999856,-101.749999999814,1.08137942105641e-10
48.1249999999856,-100.70833333314,6.40300868840554e-11
48.1249999999856,-100.499999999805,4.5917675806951e-11
48.1249999999856,-98.6666666664566,6.40508136123906e-11
48.1249999999856,-98.3333333331206,6.24713242590603e-11
48.1249999999856,-97.2499999997787,3.41945749246142e-10
48.1249999999856,-97.1249999997777,3.86081995948247e-10
48.1249999999856,-94.5416666664238,2.73730599266218e-11
48.1249999999856,-91.8749999997359,3.76845092801687e-11
48.1249999999856,-91.7499999997349,3.63932316897278e-11
48.0833333333186,-124.041666666659,8.37488309517316e-11
48.0833333333186,-123.166666666652,2.49296840304257e-09
48.0833333333186,-121.083333333302,4.12638165009601e-11
48.0833333333186,-119.416666666622,6.34557439458018e-11
48.0833333333186,-118.916666666618,8.38341108064404e-11
48.0833333333186,-118.624999999949,5.33098694533808e-11
48.0833333333186,-116.291666666597,7.59689798386835e-11
48.0833333333186,-114.16666666658,2.1597491296501e-10
48.0833333333186,-114.083333333246,2.30798348473142e-10
48.0833333333186,-113.916666666578,1.81462682096387e-10
48.0833333333186,-108.083333333198,1.82941382951638e-11
48.0833333333186,-107.041666666523,1.76306382429486e-11
48.0833333333186,-106.333333333184,2.71058076538048e-11
48.0833333333186,-106.166666666516,2.54173498677247e-11
48.0833333333186,-105.874999999847,2.53820427766655e-11
48.0833333333186,-104.333333333168,4.2558388356579e-11
48.0833333333186,-103.916666666498,5.73773574943446e-11
48.0833333333186,-100.999999999809,8.40367289522214e-11
48.0833333333186,-100.541666666472,4.7535857247383e-11
48.0833333333186,-99.5833333331306,4.21769472091603e-11
48.0833333333186,-99.1249999997936,5.72966082469265e-11
48.0833333333186,-96.7083333331077,1.02138500563769e-10
48.0833333333186,-95.9583333331017,1.41742499265689e-10
48.0833333333186,-95.2916666664297,7.31312371016156e-11
48.0833333333186,-95.0416666664278,4.35829934610295e-11
48.0833333333186,-93.5416666664158,5.46684483391418e-11
48.0833333333186,-92.4999999997409,4.2654427611155e-11
48.0833333333186,-91.6249999997339,3.6097130831801e-11
48.0833333333186,-90.7916666663939,3.29413989305837e-11
48.0416666666516,-124.249999999994,6.03818766165434e-11
48.0416666666516,-122.791666666649,8.91260608413642e-10
48.0416666666516,-120.791666666633,6.20477972158965e-11
48.0416666666516,-119.99999999996,1.36320853693294e-10
48.0416666666516,-119.958333333293,1.35327097584258e-10
48.0416666666516,-118.666666666616,5.52644627623629e-11
48.0416666666516,-118.624999999949,5.50564555692695e-11
48.0416666666516,-118.583333333282,5.49865091621034e-11
48.0416666666516,-118.541666666615,5.50206571361559e-11
48.0416666666516,-118.416666666614,4.88609379196165e-11
48.0416666666516,-117.416666666606,2.68908252663241e-10
48.0416666666516,-116.6666666666,3.90116362330011e-10
48.0416666666516,-116.291666666597,4.21793250522553e-11
48.0416666666516,-114.374999999915,7.14967331540257e-11
48.0416666666516,-114.333333333248,7.11587556755661e-11
48.0416666666516,-113.999999999912,1.85755557639362e-10
48.0416666666516,-112.91666666657,2.70488604662632e-11
48.0416666666516,-111.583333333226,6.44942143562115e-11
48.0416666666516,-109.749999999878,2.3511967529499e-11
48.0416666666516,-105.291666666509,2.56673269930095e-11
48.0416666666516,-104.458333333169,4.24750826360922e-11
48.0416666666516,-102.874999999823,3.94982517630713e-11
48.0416666666516,-102.041666666483,4.31794327023277e-11
48.0416666666516,-100.041666666468,3.71625989788674e-11
48.0416666666516,-98.5833333331226,6.55990883073808e-11
48.0416666666516,-97.2916666664457,4.68529530906533e-10
48.0416666666516,-94.8333333330928,6.2369300235631e-11
48.0416666666516,-93.6666666664168,5.44256807772731e-11
48.0416666666516,-91.8749999997359,4.03732169545057e-11
48.0416666666516,-91.1666666663969,3.16257189075522e-11
48.0416666666516,-90.8749999997279,3.44625264371402e-11
48.0416666666516,-90.083333333055,3.65863876608981e-11
48.0416666666516,-89.583333333051,1.32074134686431e-11
48.0416666666516,-89.499999999717,1.31603015664327e-11
48.0416666666516,-88.583333333043,1.55067322631712e-09
47.9999999999846,-124.708333333331,2.65287478740707e-11
47.9999999999846,-124.291666666661,7.14859311137082e-11
47.9999999999846,-124.16666666666,6.44695187716398e-11
47.9999999999846,-123.833333333324,1.29676642972961e-10
47.9999999999846,-121.791666666641,5.98016273798322e-10
47.9999999999846,-121.458333333305,3.57437766051948e-10
47.9999999999846,-121.333333333304,1.35692380269492e-10
47.9999999999846,-119.499999999956,5.28987307182628e-11
47.9999999999846,-116.291666666597,4.35129416763244e-11
47.9999999999846,-114.874999999919,5.90868195978562e-11
47.9999999999846,-113.916666666578,6.0835532356994e-11
47.9999999999846,-113.499999999908,3.52251069323902e-11
47.9999999999846,-111.458333333225,4.56102606760956e-11
47.9999999999846,-111.333333333224,4.65472278250549e-11
47.9999999999846,-110.916666666554,4.15693169262686e-11
47.9999999999846,-110.124999999881,2.96110580845303e-11
47.9999999999846,-109.874999999879,2.38834639905215e-11
47.9999999999846,-108.291666666533,1.71441188534687e-11
47.9999999999846,-107.91666666653,1.77376557258104e-11
47.9999999999846,-106.833333333188,2.17875653868982e-11
47.9999999999846,-106.583333333186,2.3698704380671e-11
47.9999999999846,-106.083333333182,2.09552015448299e-11
47.9999999999846,-105.83333333318,2.54256165205837e-11
47.9999999999846,-105.374999999843,2.61326209484474e-11
47.9999999999846,-104.958333333173,2.84308913527155e-11
47.9999999999846,-104.916666666506,2.91496617789717e-11
47.9999999999846,-102.374999999819,6.72905524102713e-11
47.9999999999846,-98.8749999997916,1.19652818134937e-10
47.9999999999846,-98.8333333331246,1.19878802797822e-10
47.9999999999846,-97.8333333331166,1.59337573676066e-10
47.9999999999846,-96.9999999997767,3.08341095232537e-10
47.9999999999846,-96.9166666664427,2.11089069373271e-10
47.9999999999846,-96.2916666664377,3.67035137171894e-10
47.9999999999846,-95.2916666664297,4.33546622158627e-11
47.9999999999846,-95.0416666664278,2.58831137199684e-11
47.9999999999846,-94.1249999997538,4.34201592460426e-11
47.9999999999846,-92.5416666664079,4.66498307605149e-11
47.9999999999846,-91.8749999997359,2.54615479914648e-10
47.9999999999846,-91.1249999997299,3.18115171100351e-11
47.9583333333176,-122.333333333312,2.1470384115817e-09
47.9583333333176,-121.083333333302,9.511021707276e-11
47.9583333333176,-119.791666666625,7.84321824416604e-11
47.9583333333176,-115.291666666589,3.93392991168987e-11
47.9583333333176,-114.624999999917,6.38918770027086e-11
47.9583333333176,-113.916666666578,6.10896439938043e-11
47.9583333333176,-113.666666666576,1.87012529364268e-11
47.9583333333176,-113.458333333241,3.48078472843691e-11
47.9583333333176,-112.749999999902,2.74588464718938e-11
47.9583333333176,-112.249999999898,2.95339357079131e-11
47.9583333333176,-111.874999999895,4.21782289167698e-11
47.9583333333176,-110.583333333218,1.88168941650416e-11
47.9583333333176,-110.333333333216,3.18522409622614e-11
47.9583333333176,-110.083333333214,2.47595723392345e-11
47.9583333333176,-109.99999999988,2.43465624521369e-11
47.9583333333176,-109.333333333208,1.66113523186744e-11
47.9583333333176,-108.916666666538,1.46741381728188e-11
47.9583333333176,-107.583333333194,1.66966115736433e-11
47.9583333333176,-105.458333333177,2.62226468780585e-11
47.9583333333176,-105.333333333176,2.93083261482073e-11
47.9583333333176,-105.041666666507,2.46673677430226e-11
47.9583333333176,-100.124999999802,3.78125078665478e-11
47.9583333333176,-99.9583333331336,3.87762855159184e-11
47.9583333333176,-99.5416666664636,4.38012381443653e-11
47.9583333333176,-97.8333333331166,1.60439471027609e-10
47.9583333333176,-95.3333333330967,6.4458748770254e-11
47.9583333333176,-94.9583333330938,2.65805455293911e-11
47.9583333333176,-92.6249999997419,5.56243326007672e-11
47.9583333333176,-92.2083333330719,4.83684675007086e-11
47.9583333333176,-91.1666666663969,3.29938625100227e-11
47.9583333333176,-91.0833333330629,3.19560755291115e-11
47.9583333333176,-90.8749999997279,3.67766653306356e-11
47.9583333333176,-90.7499999997269,3.42301028160701e-11
47.9583333333176,-88.874999999712,1.64916646816182e-09
47.9166666666506,-124.624999999997,3.82837246953913e-11
47.9166666666506,-121.916666666642,2.12022649583737e-09
47.9166666666506,-121.208333333303,1.18859509538501e-10
47.9166666666506,-120.374999999963,2.0249176456232e-10
47.9166666666506,-120.333333333296,2.07439025183832e-10
47.9166666666506,-119.541666666623,8.88428942046652e-11
47.9166666666506,-117.249999999938,6.06127183664649e-10
47.9166666666506,-115.333333333256,4.2053644367359e-11
47.9166666666506,-114.958333333253,5.63574149980685e-11
47.9166666666506,-113.874999999911,4.20619501247004e-11
47.9166666666506,-112.458333333233,3.07432964570296e-11
47.9166666666506,-107.458333333193,1.61165943060065e-11
47.9166666666506,-105.916666666514,2.99936893083313e-11
47.9166666666506,-105.83333333318,2.36872350437237e-11
47.9166666666506,-104.749999999838,3.38039843253702e-11
47.9166666666506,-103.74999999983,3.85689812975219e-11
47.9166666666506,-103.33333333316,6.32513163599509e-11
47.9166666666506,-103.291666666493,6.21444503724242e-11
47.9166666666506,-102.958333333157,5.37124366105621e-11
47.9166666666506,-102.041666666483,7.923245243364e-11
47.9166666666506,-100.791666666474,6.92578853186598e-11
47.9166666666506,-100.208333333136,4.25443884281763e-11
47.9166666666506,-100.083333333135,4.08273002273793e-11
47.9166666666506,-99.9999999998006,3.88077713046688e-11
47.9166666666506,-99.6666666664646,4.23881072424979e-11
47.9166666666506,-96.2916666664377,3.31655031609362e-10
47.9166666666506,-96.1249999997697,3.04298553667669e-10
47.9166666666506,-94.0416666664198,4.41383836095496e-11
47.9166666666506,-92.9583333330778,5.22457091543078e-11
47.9166666666506,-92.4999999997409,5.67660724546414e-11
47.9166666666506,-92.2083333330719,5.07704474213156e-11
47.9166666666506,-89.208333333048,3.7659086826437e-11
47.8749999999836,-122.458333333313,1.79812222944903e-08
47.8749999999836,-119.291666666621,1.03375975693811e-10
47.8749999999836,-119.16666666662,9.3077819198305e-11
47.8749999999836,-118.874999999951,8.02082237899801e-11
47.8749999999836,-118.833333333284,7.4234982967656e-11
47.8749999999836,-117.999999999944,1.35062221995422e-10
47.8749999999836,-117.833333333276,3.29573454440873e-10
47.8749999999836,-117.124999999937,5.659597240926e-10
47.8749999999836,-116.291666666597,4.64505725679824e-11
47.8749999999836,-115.999999999928,3.30050039563793e-11
47.8749999999836,-115.541666666591,4.46091687081633e-11
47.8749999999836,-115.124999999921,3.33708859168358e-11
47.8749999999836,-114.374999999915,8.44017970772472e-11
47.8749999999836,-113.083333333238,3.10712476815944e-11
47.8749999999836,-112.458333333233,3.06466931506e-11
47.8749999999836,-112.08333333323,3.54377563551669e-11
47.8749999999836,-111.374999999891,5.36707676664715e-11
47.8749999999836,-111.208333333223,5.48102195684357e-11
47.8749999999836,-110.083333333214,2.96047413443454e-11
47.8749999999836,-108.124999999865,1.67397402600902e-11
47.8749999999836,-105.499999999844,2.47902672476012e-11
47.8749999999836,-103.958333333165,5.49350621607183e-11
47.8749999999836,-102.666666666488,6.7044313574795e-11
47.8749999999836,-102.08333333315,6.15100483780743e-11
47.8749999999836,-101.499999999812,6.70521783319267e-11
47.8749999999836,-101.24999999981,1.27206748749245e-10
47.8749999999836,-100.70833333314,6.27624000675035e-11
47.8749999999836,-99.5416666664636,4.3961638904274e-11
47.8749999999836,-98.9999999997926,1.21760198905076e-10
47.8749999999836,-94.7916666664258,4.64363091334033e-11
47.8749999999836,-94.5833333330908,4.26044962407062e-11
47.8749999999836,-94.1249999997538,4.11354686032122e-11
47.8749999999836,-91.4583333330659,3.89446314800973e-11
47.8749999999836,-91.3333333330649,3.69076943081289e-11
47.8749999999836,-90.333333333057,3.2637832696919e-11
47.8333333333166,-124.083333333326,4.13843266693021e-11
47.8333333333166,-122.49999999998,2.06496034532322e-08
47.8333333333166,-120.999999999968,9.43781924208557e-11
47.8333333333166,-120.791666666633,9.40066922239104e-11
47.8333333333166,-120.499999999964,5.37406634288962e-11
47.8333333333166,-119.041666666619,1.15780496787699e-10
47.8333333333166,-117.958333333277,1.50919913969793e-10
47.8333333333166,-117.166666666604,6.3314778457586e-10
47.8333333333166,-116.083333333262,3.53116342008297e-11
47.8333333333166,-115.333333333256,3.45650509307573e-11
47.8333333333166,-114.874999999919,3.47694601623399e-11
47.8333333333166,-113.541666666575,1.78597380081116e-11
47.8333333333166,-112.624999999901,2.86400614168264e-11
47.8333333333166,-111.791666666561,4.43238600992689e-11
47.8333333333166,-111.083333333222,5.05202459373244e-11
47.8333333333166,-110.458333333217,3.64950677416588e-11
47.8333333333166,-108.208333333199,1.64846621511224e-11
47.8333333333166,-107.124999999857,1.86554552950062e-11
47.8333333333166,-106.041666666515,2.42991120615304e-11
47.8333333333166,-105.916666666514,2.86089334856836e-11
47.8333333333166,-104.666666666504,4.55486547569856e-11
47.8333333333166,-103.374999999827,8.22137680189938e-11
47.8333333333166,-101.24999999981,1.18309187576025e-10
47.8333333333166,-101.041666666476,9.95355495573693e-11
47.8333333333166,-99.9166666664666,3.94554101705521e-11
47.8333333333166,-97.8333333331166,1.4663266578665e-10
47.8333333333166,-95.5833333330987,9.84713809288643e-11
47.8333333333166,-92.7916666664099,9.33272195890332e-11
47.8333333333166,-90.041666666388,3.99018628671418e-11
47.7916666666496,-123.958333333325,4.45416769698113e-11
47.7916666666496,-122.166666666644,2.29158682946788e-08
47.7916666666496,-121.416666666638,6.59011452839276e-11
47.7916666666496,-120.208333333295,6.49602623675381e-11
47.7916666666496,-119.958333333293,7.20517029738241e-11
47.7916666666496,-119.666666666624,1.04617691703124e-10
47.7916666666496,-119.333333333288,6.31802735446231e-11
47.7916666666496,-118.708333333283,6.74841312270522e-11
47.7916666666496,-117.749999999942,4.49899775327231e-10
47.7916666666496,-115.749999999926,4.8789457458902e-11
47.7916666666496,-115.666666666592,4.64287287877657e-11
47.7916666666496,-113.666666666576,1.89045337376132e-11
47.7916666666496,-111.999999999896,3.65206154839127e-11
47.7916666666496,-110.083333333214,2.99199816483505e-11
47.7916666666496,-109.833333333212,2.30005754588103e-11
47.7916666666496,-108.541666666535,1.66610381517461e-11
47.7916666666496,-106.041666666515,2.39020178207427e-11
47.7916666666496,-105.041666666507,2.66082570619301e-11
47.7916666666496,-103.33333333316,7.46879447971478e-11
47.7916666666496,-103.124999999825,5.7855577947146e-11
47.7916666666496,-102.041666666483,4.32701443921468e-11
47.7916666666496,-96.4583333331057,2.40145594143406e-10
47.7916666666496,-95.3333333330967,8.53917355470874e-11
47.7916666666496,-94.5416666664238,9.26443771014945e-11
47.7916666666496,-94.2499999997548,5.79660447226083e-11
47.7916666666496,-92.6666666664089,1.49806995367108e-10
47.7916666666496,-90.6249999997259,3.65439786639424e-11
47.7499999999826,-123.374999999987,5.9346159829536e-11
47.7499999999826,-122.958333333317,1.79091804906173e-10
47.7499999999826,-122.624999999981,1.08399147845668e-08
47.7499999999826,-121.999999999976,5.55368502569718e-09
47.7499999999826,-121.208333333303,6.64406015460381e-11
47.7499999999826,-120.958333333301,9.407415153025e-11
47.7499999999826,-120.541666666631,1.00917919538704e-10
47.7499999999826,-120.208333333295,6.90876578267455e-11
47.7499999999826,-117.666666666608,1.00028674442627e-09
47.7499999999826,-111.958333333229,3.75609248139854e-11
47.7499999999826,-111.083333333222,6.89572112003006e-11
47.7499999999826,-110.874999999887,5.15483158659615e-11
47.7499999999826,-110.249999999882,3.33028969220245e-11
47.7499999999826,-109.416666666542,1.63833832533466e-11
47.7499999999826,-108.791666666537,1.67870614846256e-11
47.7499999999826,-108.416666666534,1.61555966633773e-11
47.7499999999826,-106.958333333189,1.8899832446428e-11
47.7499999999826,-106.208333333183,2.45643854256741e-11
47.7499999999826,-104.333333333168,6.06475687795023e-11
47.7499999999826,-103.708333333163,4.16428954711395e-11
47.7499999999826,-103.666666666496,4.25872236367918e-11
47.7499999999826,-102.874999999823,5.14285860460292e-11
47.7499999999826,-101.708333333147,4.98501951305145e-11
47.7499999999826,-100.541666666472,4.60949791108236e-11
47.7499999999826,-100.29166666647,4.32826737403191e-11
47.7499999999826,-99.7916666664656,4.01520670750534e-11
47.7499999999826,-98.8749999997916,7.10672640799747e-11
47.7499999999826,-97.5416666664477,1.63035828286121e-10
47.7499999999826,-97.2916666664457,3.59495928240026e-10
47.7499999999826,-96.5416666664397,3.70075256923014e-10
47.7499999999826,-95.9583333331017,1.43653796544563e-10
47.7499999999826,-95.7083333330997,1.10328096212939e-10
47.7499999999826,-94.7083333330918,1.24236826156875e-10
47.7499999999826,-94.4583333330898,7.83053649308694e-11
47.7499999999826,-94.2083333330878,5.85893925207082e-11
47.7499999999826,-93.8749999997518,4.12862402522236e-11
47.7499999999826,-93.4166666664148,5.03011294948069e-11
47.7499999999826,-92.8333333330769,1.09414852036208e-10
47.7499999999826,-91.5416666663999,4.38598747129418e-11
47.7499999999826,-91.4999999997329,4.29503058485159e-11
47.7499999999826,-90.4999999997249,1.39019765853685e-10
47.7083333333156,-124.16666666666,3.66553316327228e-11
47.7083333333156,-123.74999999999,4.84149057495437e-11
47.7083333333156,-122.583333333314,7.08451494334217e-09
47.7083333333156,-122.541666666647,8.72408987239197e-09
47.7083333333156,-122.041666666643,1.39380694220897e-08
47.7083333333156,-120.291666666629,6.60908593325087e-11
47.7083333333156,-119.99999999996,7.31388664852739e-11
47.7083333333156,-119.624999999957,8.41044290598514e-11
47.7083333333156,-119.541666666623,1.02085211006357e-10
47.7083333333156,-119.458333333289,6.15287839531028e-11
47.7083333333156,-116.999999999936,4.75748276093522e-09
47.7083333333156,-116.749999999934,3.91630473271452e-09
47.7083333333156,-116.708333333267,3.24110093190108e-09
47.7083333333156,-116.24999999993,4.23918460143682e-11
47.7083333333156,-110.791666666553,4.89826394882262e-11
47.7083333333156,-110.249999999882,3.36367794272065e-11
47.7083333333156,-110.208333333215,3.27585999247688e-11
47.7083333333156,-108.916666666538,1.67915319847841e-11
47.7083333333156,-106.166666666516,2.21096721073742e-11
47.7083333333156,-105.624999999845,2.62322920963623e-11
47.7083333333156,-105.583333333178,2.64493960239237e-11
47.7083333333156,-104.958333333173,2.7911498110282e-11
47.7083333333156,-103.958333333165,5.70160526366818e-11
47.7083333333156,-103.249999999826,6.15935823059808e-11
47.7083333333156,-102.624999999821,4.29720956154593e-11
47.7083333333156,-101.916666666482,4.87728044117267e-11
47.7083333333156,-100.749999999807,5.02009612337049e-11
47.7083333333156,-100.29166666647,4.35546292193578e-11
47.7083333333156,-97.9583333331176,6.35980496123957e-11
47.7083333333156,-95.4999999997647,8.45727150819079e-11
47.7083333333156,-94.7916666664258,1.41745294294495e-10
47.7083333333156,-94.6666666664248,1.05687627112977e-10
47.7083333333156,-92.3333333330729,1.40907805949758e-10
47.7083333333156,-91.8333333330689,1.02291665842636e-10
47.7083333333156,-91.7916666664019,5.16287820379537e-11
47.7083333333156,-91.1666666663969,3.77746565726835e-11
47.6666666666486,-124.249999999994,3.41549807766778e-11
47.6666666666486,-123.624999999989,3.31609960093404e-11
47.6666666666486,-123.124999999985,1.35269142207579e-10
47.6666666666486,-121.083333333302,9.58041446166506e-11
47.6666666666486,-120.708333333299,9.95809402869039e-11
47.6666666666486,-120.583333333298,1.50908618749065e-10
47.6666666666486,-118.124999999945,9.83995404780884e-10
47.6666666666486,-116.833333333268,7.12264043677421e-10
47.6666666666486,-115.999999999928,4.96414458179161e-11
47.6666666666486,-115.958333333261,5.8224409700687e-11
47.6666666666486,-115.583333333258,4.20087892519002e-11
47.6666666666486,-114.833333333252,3.40312913529902e-11
47.6666666666486,-113.874999999911,4.36173359886224e-11
47.6666666666486,-113.541666666575,1.78002745773073e-11
47.6666666666486,-113.416666666574,1.69295654555641e-11
47.6666666666486,-112.749999999902,2.69767691595475e-11
47.6666666666486,-112.374999999899,3.10278841112551e-11
47.6666666666486,-111.916666666562,6.57935383465135e-11
47.6666666666486,-110.499999999884,4.03479134282921e-11
47.6666666666486,-110.458333333217,3.89737407680586e-11
47.6666666666486,-110.41666666655,3.81998397409344e-11
47.6666666666486,-108.083333333198,1.59573421048201e-11
47.6666666666486,-107.666666666528,1.56290754908716e-11
47.6666666666486,-107.583333333194,1.5496589948575e-11
47.6666666666486,-104.041666666499,6.13446909772151e-11
47.6666666666486,-102.91666666649,5.01620484977444e-11
47.6666666666486,-102.624999999821,3.00958410777532e-11
47.6666666666486,-100.541666666472,4.33108689096214e-11
47.6666666666486,-99.9166666664666,3.93116231537232e-11
47.6666666666486,-99.7083333331316,3.90077417462435e-11
47.6666666666486,-99.1249999997936,5.275301166303e-11
47.6666666666486,-99.0416666664596,5.62734809676206e-11
47.6666666666486,-98.8749999997916,6.48341612967808e-11
47.6666666666486,-97.8749999997836,4.34213239939093e-11
47.6666666666486,-97.4583333331137,1.93522781131109e-10
47.6666666666486,-96.0833333331027,1.53741664680828e-10
47.6666666666486,-95.9583333331017,1.39275731763995e-10
47.6666666666486,-92.8333333330769,1.19985199238066e-10
47.6666666666486,-92.1249999997379,1.72294085208169e-10
47.6666666666486,-91.4166666663989,4.51909960430957e-11
47.6666666666486,-90.5416666663919,1.66690357194809e-11
47.6249999999816,-124.124999999993,3.6102668795025e-11
47.6249999999816,-123.666666666656,3.15357533795938e-11
47.6249999999816,-123.208333333319,6.76079855614963e-11
47.6249999999816,-122.624999999981,1.01927582270783e-08
47.6249999999816,-122.583333333314,8.15496881605144e-09
47.6249999999816,-121.541666666639,9.38455330750929e-11
47.6249999999816,-119.041666666619,9.55983001172233e-11
47.6249999999816,-118.916666666618,7.52045530348269e-11
47.6249999999816,-113.499999999908,1.75893482240696e-11
47.6249999999816,-112.958333333237,2.6374062964191e-11
47.6249999999816,-108.666666666536,1.64021438817333e-11
47.6249999999816,-108.208333333199,1.58701711317784e-11
47.6249999999816,-107.999999999864,1.5815662172091e-11
47.6249999999816,-107.624999999861,1.18408260701923e-11
47.6249999999816,-106.583333333186,1.83834668975218e-11
47.6249999999816,-103.124999999825,5.33611209202381e-11
47.6249999999816,-101.583333333146,5.27946020872673e-11
47.6249999999816,-101.499999999812,3.89373060676264e-10
47.6249999999816,-100.416666666471,4.14451313250322e-11
47.6249999999816,-100.208333333136,4.69348046064094e-11
47.6249999999816,-99.9583333331336,3.90339848701697e-11
47.6249999999816,-98.7916666664576,7.05388869221403e-11
47.6249999999816,-96.2083333331037,1.31805766628094e-10
47.6249999999816,-95.8333333331007,1.13133575467586e-10
47.6249999999816,-92.0833333330709,1.74709128371482e-10
47.6249999999816,-91.2083333330639,3.76143513479528e-11
47.6249999999816,-91.0416666663959,3.47659996701281e-11
47.5833333333146,-121.916666666642,4.24197264513169e-09
47.5833333333146,-120.124999999961,8.55159432971264e-11
47.5833333333146,-118.291666666613,7.41822598370909e-11
47.5833333333146,-118.208333333279,7.97796720859757e-11
47.5833333333146,-116.6666666666,2.12152478205898e-10
47.5833333333146,-116.624999999933,1.58234468467431e-10
47.5833333333146,-116.083333333262,2.30256459213603e-10
47.5833333333146,-115.791666666593,4.92333321460392e-11
47.5833333333146,-115.541666666591,3.38193334846314e-11
47.5833333333146,-115.083333333254,3.14084326523388e-11
47.5833333333146,-112.4999999999,2.97037514837886e-11
47.5833333333146,-110.874999999887,5.98509119203839e-11
47.5833333333146,-110.041666666547,3.03408195088127e-11
47.5833333333146,-109.041666666539,1.70256053229974e-11
47.5833333333146,-106.541666666519,1.81690067376164e-11
47.5833333333146,-106.458333333185,1.82596950261615e-11
47.5833333333146,-105.958333333181,2.26702234896764e-11
47.5833333333146,-105.541666666511,2.51199658842503e-11
47.5833333333146,-103.999999999832,4.48559013467572e-11
47.5833333333146,-101.66666666648,5.33521118465021e-11
47.5833333333146,-100.249999999803,5.6466911015541e-11
47.5833333333146,-98.5833333331226,7.86423560451898e-11
47.5833333333146,-98.4999999997886,7.66120167742949e-11
47.5833333333146,-95.5833333330987,1.6629565367284e-10
47.5833333333146,-95.4999999997647,2.34560749719183e-10
47.5833333333146,-95.3333333330967,2.5063343090693e-10
47.5833333333146,-94.2499999997548,5.664593370992e-11
47.5833333333146,-94.2083333330878,5.54345332699394e-11
47.5833333333146,-93.2499999997468,1.20562041274635e-10
47.5833333333146,-92.9583333330778,1.26653257973824e-10
47.5833333333146,-92.7499999997429,2.34294899830889e-10
47.5833333333146,-92.3333333330729,3.15065261935774e-10
47.5833333333146,-92.2083333330719,3.34232597066272e-10
47.5833333333146,-91.7916666664019,5.82080471042895e-11
47.5833333333146,-91.5416666663999,5.11287670198047e-11
47.5833333333146,-90.7499999997269,1.83651670815328e-11
47.5416666666476,-122.166666666644,2.81776388791221e-08
47.5416666666476,-121.749999999974,6.63490141635809e-10
47.5416666666476,-120.666666666632,2.0448817699194e-10
47.5416666666476,-120.166666666628,9.72865123914874e-11
47.5416666666476,-120.083333333294,9.36333514678923e-11
47.5416666666476,-115.83333333326,5.01024078052862e-11
47.5416666666476,-111.916666666562,8.22447068245677e-11
47.5416666666476,-111.66666666656,1.1586986112428e-10
47.5416666666476,-111.083333333222,9.84234333729454e-11
47.5416666666476,-109.541666666543,1.93143102451294e-11
47.5416666666476,-109.041666666539,1.69261180088756e-11
47.5416666666476,-108.416666666534,1.43958558986157e-11
47.5416666666476,-107.958333333197,1.8149138629938e-11
47.5416666666476,-106.916666666522,1.72529308736341e-11
47.5416666666476,-106.749999999854,1.75938983175909e-11
47.5416666666476,-106.541666666519,1.79172815803431e-11
47.5416666666476,-105.208333333175,2.4693816320636e-11
47.5416666666476,-104.58333333317,3.53094799300427e-11
47.5416666666476,-104.333333333168,4.1716061584599e-11
47.5416666666476,-104.1666666665,4.47250636938452e-11
47.5416666666476,-103.374999999827,2.16840433933192e-11
47.5416666666476,-102.749999999822,4.25334886970546e-11
47.5416666666476,-102.166666666484,4.35187198801426e-11
47.5416666666476,-99.4166666664626,6.81128554731143e-11
47.5416666666476,-98.4583333331216,5.51644459728793e-11
47.5416666666476,-97.4166666664467,1.79972038854572e-10
47.5416666666476,-96.8749999997757,1.07927693183549e-10
47.5416666666476,-94.4583333330898,1.42973533226034e-10
47.5416666666476,-93.7499999997508,4.83476956733108e-11
47.5416666666476,-93.4583333330818,5.8739324446907e-11
47.5416666666476,-93.4166666664148,6.04937636376876e-11
47.5416666666476,-91.7083333330679,6.35494101392929e-11
47.4999999999806,-123.916666666658,5.31087974779304e-11
47.4999999999806,-123.083333333318,3.7859103985775e-10
47.4999999999806,-122.749999999982,4.54082836659424e-09
47.4999999999806,-121.208333333303,2.25795346152806e-10
47.4999999999806,-120.8333333333,2.2178968745906e-10
47.4999999999806,-119.99999999996,7.52451761761873e-11
47.4999999999806,-118.916666666618,8.69539565132397e-11
47.4999999999806,-117.833333333276,8.45948048579058e-11
47.4999999999806,-117.333333333272,3.18787107320123e-10
47.4999999999806,-117.208333333271,2.97296119166459e-10
47.4999999999806,-114.958333333253,3.23352809303659e-11
47.4999999999806,-113.499999999908,3.01075804202625e-11
47.4999999999806,-113.166666666572,2.98198506321424e-11
47.4999999999806,-112.958333333237,2.69795977607231e-11
47.4999999999806,-110.41666666655,3.88553000887606e-11
47.4999999999806,-110.208333333215,3.35793615479059e-11
47.4999999999806,-107.833333333196,1.17983871621157e-11
47.4999999999806,-106.374999999851,1.78498303534039e-11
47.4999999999806,-106.24999999985,1.01528927929239e-11
47.4999999999806,-102.791666666489,4.269481523073e-11
47.4999999999806,-102.458333333153,3.91955728843646e-11
47.4999999999806,-102.041666666483,3.69635773831679e-11
47.4999999999806,-100.083333333135,4.83336031321993e-11
47.4999999999806,-98.3333333331206,5.35204034940958e-11
47.4999999999806,-98.0833333331186,1.22108785686768e-10
47.4999999999806,-95.0833333330948,3.76167802886213e-10
47.4999999999806,-94.9999999997608,8.55906430393196e-10
47.4999999999806,-93.4999999997488,1.17388721219184e-10
47.4999999999806,-92.9583333330778,2.30624493881695e-09
47.4999999999806,-92.6666666664089,6.08885349748762e-10
47.4999999999806,-91.9166666664029,6.73628708243792e-11
47.4999999999806,-91.7916666664019,6.26884317113892e-11
47.4999999999806,-91.2083333330639,4.06228329110774e-11
47.4999999999806,-88.0833333330391,1.58418161651935e-11
47.4583333333136,-123.208333333319,8.15936085634323e-11
47.4583333333136,-122.874999999983,1.24140699089702e-09
47.4583333333136,-122.624999999981,6.0490160164977e-09
47.4583333333136,-119.916666666626,7.06088128602552e-11
47.4583333333136,-119.416666666622,1.07663526713326e-10
47.4583333333136,-118.958333333285,9.10492971587446e-11
47.4583333333136,-118.874999999951,8.7815929670774e-11
47.4583333333136,-117.124999999937,2.19419954056428e-10
47.4583333333136,-116.874999999935,2.80220108794975e-10
47.4583333333136,-116.833333333268,2.67253417234836e-10
47.4583333333136,-116.499999999932,1.09720675098075e-10
47.4583333333136,-115.583333333258,3.7881554569873e-11
47.4583333333136,-115.333333333256,3.5433347639185e-11
47.4583333333136,-115.041666666587,3.19340390091464e-11
47.4583333333136,-114.666666666584,3.39586056268963e-11
47.4583333333136,-114.458333333249,3.14374767760223e-11
47.4583333333136,-112.666666666568,2.73547796783614e-11
47.4583333333136,-112.333333333232,3.16034529736325e-11
47.4583333333136,-112.124999999897,3.60247571255216e-11
47.4583333333136,-110.458333333217,4.00085709875524e-11
47.4583333333136,-109.041666666539,1.48884217839601e-11
47.4583333333136,-108.874999999871,1.45439747649513e-11
47.4583333333136,-108.791666666537,1.45110266535301e-11
47.4583333333136,-108.416666666534,1.43315886557463e-11
47.4583333333136,-108.291666666533,1.82920029641532e-11
47.4583333333136,-107.624999999861,1.15553403728483e-11
47.4583333333136,-107.041666666523,1.66117873132182e-11
47.4583333333136,-105.124999999841,2.61797129006246e-11
47.4583333333136,-103.583333333162,2.01070700786348e-11
47.4583333333136,-103.541666666495,2.01466181165619e-11
47.4583333333136,-103.499999999828,2.01666088148423e-11
47.4583333333136,-103.291666666493,1.98960938147725e-11
47.4583333333136,-103.041666666491,4.29809167058193e-11
47.4583333333136,-102.249999999818,4.32156324112356e-11
47.4583333333136,-101.874999999815,5.85573663690447e-11
47.4583333333136,-101.12499999981,7.52370584213587e-11
47.4583333333136,-100.833333333141,1.10731878433497e-10
47.4583333333136,-100.541666666472,4.72011744816887e-11
47.4583333333136,-100.374999999804,4.54975259953381e-11
47.4583333333136,-100.208333333136,5.26689326857781e-11
47.4583333333136,-99.0416666664596,5.86173569343915e-11
47.4583333333136,-97.7499999997826,6.07538599307154e-11
47.4583333333136,-97.3333333331127,7.35287629924929e-11
47.4583333333136,-96.3333333331047,8.5401573202948e-11
47.4583333333136,-94.2083333330878,4.09032552097545e-11
47.4583333333136,-93.6666666664168,1.37684136439916e-10
47.4583333333136,-92.4999999997409,4.62114670486717e-10
47.4583333333136,-91.4999999997329,8.57661117361507e-11
47.4583333333136,-91.0833333330629,3.87851833467813e-11
47.4583333333136,-88.0833333330391,2.87146009321512e-11
47.4166666666466,-122.749999999982,3.5347669606792e-09
47.4166666666466,-119.749999999958,1.14523258353064e-10
47.4166666666466,-117.666666666608,4.27539956518772e-10
47.4166666666466,-116.041666666595,2.71512270050068e-10
47.4166666666466,-114.958333333253,3.20923469441381e-11
47.4166666666466,-114.624999999917,3.4015733779718e-11
47.4166666666466,-114.499999999916,3.4921872352311e-11
47.4166666666466,-113.999999999912,1.52314572414169e-10
47.4166666666466,-113.291666666573,3.15552036650613e-11
47.4166666666466,-112.874999999903,2.69868037315079e-11
47.4166666666466,-111.624999999893,1.13045065462198e-10
47.4166666666466,-111.124999999889,2.54951245881813e-10
47.4166666666466,-110.291666666549,3.52102917035258e-11
47.4166666666466,-109.374999999875,2.16208362490305e-11
47.4166666666466,-106.708333333187,1.70233379050787e-11
47.4166666666466,-105.374999999843,2.55374541831427e-11
47.4166666666466,-104.749999999838,3.28924301584885e-11
47.4166666666466,-104.083333333166,3.71948766621658e-11
47.4166666666466,-103.791666666497,3.68719049410818e-11
47.4166666666466,-103.083333333158,4.26288269925108e-11
47.4166666666466,-100.083333333135,5.21606748222554e-11
47.4166666666466,-99.2916666664616,5.38321528096707e-11
47.4166666666466,-98.7083333331236,6.09108299119233e-11
47.4166666666466,-98.4999999997886,5.31436744062248e-11
47.4166666666466,-98.0833333331186,1.23594743797078e-10
47.4166666666466,-96.8333333331087,9.73168709501588e-11
47.4166666666466,-95.4999999997647,8.36628581289059e-11
47.4166666666466,-94.6249999997578,1.67838753247462e-10
47.4166666666466,-94.2916666664218,4.99592298012304e-11
47.4166666666466,-93.7499999997508,1.34009626007493e-10
47.4166666666466,-93.7083333330838,1.36347310737831e-10
47.4166666666466,-93.1666666664128,3.29105065406846e-10
47.4166666666466,-92.6666666664089,5.55782468132798e-10
47.4166666666466,-91.8749999997359,7.11788017301722e-11
47.4166666666466,-91.7499999997349,6.65353919407697e-11
47.4166666666466,-91.0416666663959,2.27625018696096e-11
47.4166666666466,-87.8333333330371,2.59922808373371e-11
47.4166666666466,-87.6666666663691,3.1003240590993e-11
47.3749999999796,-124.291666666661,2.22252872301561e-11
47.3749999999796,-123.833333333324,6.42212559038619e-11
47.3749999999796,-123.74999999999,8.50243270902787e-11
47.3749999999796,-123.499999999988,6.2398270334726e-11
47.3749999999796,-123.291666666653,2.51373733118783e-10
47.3749999999796,-122.749999999982,2.65423959416711e-09
47.3749999999796,-122.166666666644,1.06879448153747e-08
47.3749999999796,-121.24999999997,2.29984368377553e-10
47.3749999999796,-116.708333333267,2.01227068373184e-10
47.3749999999796,-115.791666666593,2.36502065711736e-11
47.3749999999796,-112.541666666567,2.90608479670762e-11
47.3749999999796,-111.749999999894,5.40294444583291e-11
47.3749999999796,-109.249999999874,2.07915696898782e-11
47.3749999999796,-108.624999999869,1.44263598343065e-11
47.3749999999796,-108.3333333332,1.42169150675604e-11
47.3749999999796,-108.083333333198,1.79306249989315e-11
47.3749999999796,-106.624999999853,1.69436123429757e-11
47.3749999999796,-105.791666666513,2.1928095923473e-11
47.3749999999796,-104.874999999839,2.82299514118673e-11
47.3749999999796,-104.374999999835,3.66429026524288e-11
47.3749999999796,-103.958333333165,3.52039504043917e-11
47.3749999999796,-103.083333333158,4.23490051334388e-11
47.3749999999796,-102.374999999819,4.19631823785777e-11
47.3749999999796,-101.791666666481,7.07765024412557e-11
47.3749999999796,-101.24999999981,1.10817345077057e-10
47.3749999999796,-100.416666666471,5.11327406143932e-11
47.3749999999796,-100.374999999804,5.04086494315016e-11
47.3749999999796,-97.3333333331127,6.49729845549674e-11
47.3749999999796,-96.2499999997707,8.40094071921689e-11
47.3749999999796,-96.0416666664357,9.79038314262274e-11
47.3749999999796,-94.0416666664198,8.93108324862082e-11
47.3749999999796,-93.4999999997488,2.32673527597043e-10
47.3749999999796,-93.4166666664148,2.44146619422857e-10
47.3333333333126,-124.249999999994,2.31467920883108e-11
47.3333333333126,-123.74999999999,8.72248611905377e-11
47.3333333333126,-120.791666666633,1.33341985711446e-10
47.3333333333126,-120.666666666632,2.2542960332624e-10
47.3333333333126,-120.541666666631,2.37059763965113e-10
47.3333333333126,-112.874999999903,2.79551886503651e-11
47.3333333333126,-110.749999999886,4.68551517497469e-11
47.3333333333126,-109.374999999875,2.13177539853326e-11
47.3333333333126,-108.791666666537,1.45190061759244e-11
47.3333333333126,-108.458333333201,1.43033366277839e-11
47.3333333333126,-108.374999999867,1.42337881598622e-11
47.3333333333126,-107.249999999858,1.12212233960883e-11
47.3333333333126,-106.624999999853,1.67539576378953e-11
47.3333333333126,-106.083333333182,2.01990639665045e-11
47.3333333333126,-105.916666666514,1.04686937463528e-11
47.3333333333126,-105.41666666651,2.52505836925407e-11
47.3333333333126,-105.374999999843,1.41065996285107e-11
47.3333333333126,-103.208333333159,1.89578277459571e-11
47.3333333333126,-101.833333333148,6.76202085427913e-11
47.3333333333126,-101.374999999811,7.75324749533486e-11
47.3333333333126,-100.208333333136,6.99116971224552e-11
47.3333333333126,-100.124999999802,5.77349351587733e-11
47.3333333333126,-99.3749999997956,6.37428975248219e-11
47.3333333333126,-99.0833333331266,5.9831077856696e-11
47.3333333333126,-97.8333333331166,5.62421869002489e-11
47.3333333333126,-97.4999999997807,5.58443837086794e-11
47.3333333333126,-96.7499999997747,1.08024302786034e-10
47.3333333333126,-96.4166666664387,1.24350038017907e-10
47.3333333333126,-92.7916666664099,1.81712991857297e-10
47.3333333333126,-92.5833333330749,1.40842740251067e-10
47.3333333333126,-88.374999999708,1.3061482858502e-10
47.2916666666456,-124.208333333327,3.45738151138236e-11
47.2916666666456,-124.16666666666,1.53946756721571e-10
47.2916666666456,-123.458333333321,2.92714387397403e-10
47.2916666666456,-120.8333333333,1.32584120899099e-10
47.2916666666456,-119.874999999959,1.81632852132277e-09
47.2916666666456,-119.374999999955,6.7518411920949e-10
47.2916666666456,-117.666666666608,1.45504978428073e-10
47.2916666666456,-117.08333333327,1.17262171179988e-10
47.2916666666456,-116.874999999935,1.44832839706455e-10
47.2916666666456,-115.874999999927,2.37580483631934e-11
47.2916666666456,-115.124999999921,4.69284381713407e-11
47.2916666666456,-114.916666666586,3.11882453168027e-11
47.2916666666456,-113.74999999991,3.48525974728135e-11
47.2916666666456,-109.749999999878,2.2464052165417e-11
47.2916666666456,-109.208333333207,2.02947503925182e-11
47.2916666666456,-108.3333333332,1.8213521176486e-11
47.2916666666456,-108.208333333199,1.80445281970747e-11
47.2916666666456,-107.874999999863,1.28190979893881e-11
47.2916666666456,-107.374999999859,1.11710089977222e-11
47.2916666666456,-103.958333333165,3.84370840143002e-11
47.2916666666456,-103.708333333163,3.8630902489308e-11
47.2916666666456,-103.458333333161,2.83850646341628e-11
47.2916666666456,-103.041666666491,4.60954550089708e-11
47.2916666666456,-101.499999999812,8.26719457653054e-11
47.2916666666456,-100.583333333139,9.89391197112278e-11
47.2916666666456,-100.541666666472,9.78998448222835e-11
47.2916666666456,-98.4999999997886,6.54549231483139e-11
47.2916666666456,-97.7916666664496,5.56667067262181e-11
47.2916666666456,-97.1249999997777,7.94557395676397e-11
47.2916666666456,-95.6249999997657,7.55462227719924e-11
47.2916666666456,-94.9999999997608,1.80262149531574e-10
47.2916666666456,-93.5833333330828,5.16789761056853e-10
47.2916666666456,-92.2499999997389,8.78544623511981e-11
47.2916666666456,-92.0416666664039,8.87283430857361e-11
47.2499999999786,-123.791666666657,8.31589582776155e-11
47.2499999999786,-122.874999999983,2.10848264344013e-09
47.2499999999786,-122.08333333331,3.21511439188844e-09
47.2499999999786,-121.333333333304,7.25817303860905e-11
47.2499999999786,-119.874999999959,1.80808312891824e-09
47.2499999999786,-119.791666666625,1.8173750723165e-10
47.2499999999786,-119.749999999958,1.95770114618005e-10
47.2499999999786,-118.291666666613,8.03987841910621e-11
47.2499999999786,-111.749999999894,4.78078057466165e-11
47.2499999999786,-111.583333333226,5.41466977960624e-11
47.2499999999786,-111.041666666555,5.38817894950689e-11
47.2499999999786,-109.458333333209,2.00601092707598e-11
47.2499999999786,-108.874999999871,1.45830333917868e-11
47.2499999999786,-107.333333333192,1.88202949028154e-11
47.2499999999786,-106.041666666515,9.98879953396978e-12
47.2499999999786,-104.708333333171,3.50915391855209e-11
47.2499999999786,-104.666666666504,3.54332218480785e-11
47.2499999999786,-104.58333333317,3.53601073552493e-11
47.2499999999786,-103.166666666492,3.07190272139145e-11
47.2499999999786,-102.458333333153,4.52031377940568e-11
47.2499999999786,-101.66666666648,8.09953881072198e-11
47.2499999999786,-101.24999999981,7.32545513899318e-11
47.2499999999786,-99.7916666664656,3.45113977986966e-11
47.2499999999786,-99.4583333331296,3.65828861174448e-11
47.2499999999786,-99.3749999997956,3.78341949195367e-11
47.2499999999786,-99.1666666664606,4.85411783717438e-11
47.2499999999786,-98.3333333331206,5.75248070978034e-11
47.2499999999786,-98.1249999997856,5.28205440449384e-11
47.2499999999786,-98.0833333331186,5.18683611494116e-11
47.2499999999786,-96.1249999997697,9.23558260188403e-11
47.2499999999786,-94.7083333330918,1.57867304425162e-10
47.2499999999786,-94.3749999997558,1.14014884815535e-10
47.2499999999786,-93.6666666664168,1.78926505900904e-10
47.2499999999786,-92.7916666664099,9.6566988959381e-11
47.2499999999786,-92.5833333330749,9.15323323459928e-11
47.2499999999786,-88.62499999971,9.6807273308248e-11
47.2499999999786,-69.4583333328908,1.30777180211159e-11
47.2499999999786,-69.4166666662238,1.31917151205461e-11
47.2083333333116,-123.374999999987,2.57657162036097e-10
47.2083333333116,-121.541666666639,1.00835901051548e-10
47.2083333333116,-121.124999999969,1.19696481414502e-10
47.2083333333116,-120.8333333333,1.37991707183929e-10
47.2083333333116,-120.791666666633,1.40980594462695e-10
47.2083333333116,-118.416666666614,8.83527214796195e-11
47.2083333333116,-118.041666666611,7.77580667986405e-11
47.2083333333116,-116.583333333266,1.37175313107598e-10
47.2083333333116,-114.333333333248,3.85235067240507e-11
47.2083333333116,-113.083333333238,3.2543316583676e-11
47.2083333333116,-111.999999999896,4.11436253361326e-11
47.2083333333116,-110.874999999887,4.57015369060985e-11
47.2083333333116,-110.041666666547,2.52787712513709e-11
47.2083333333116,-109.416666666542,1.96977815629985e-11
47.2083333333116,-104.666666666504,3.75143679837882e-11
47.2083333333116,-103.666666666496,3.48443643900556e-11
47.2083333333116,-102.458333333153,4.70643732029555e-11
47.2083333333116,-100.249999999803,7.75023529288964e-11
47.2083333333116,-99.8333333331326,5.09317510125063e-11
47.2083333333116,-98.7916666664576,6.56992176904221e-11
47.2083333333116,-98.2916666664536,5.54626490385173e-11
47.2083333333116,-98.1249999997856,5.12428884447093e-11
47.2083333333116,-97.2083333331117,9.51764456944021e-11
47.2083333333116,-96.7083333331077,1.43106825976165e-10
47.2083333333116,-96.2083333331037,1.01601016509849e-10
47.2083333333116,-95.5833333330987,8.24254122771139e-11
47.2083333333116,-95.4999999997647,8.33534794243574e-11
47.2083333333116,-94.3749999997558,1.18085516035618e-10
47.2083333333116,-88.166666666373,3.6343938221717e-11
47.2083333333116,-69.2499999995558,1.39129007118185e-11
47.1666666666446,-122.833333333316,1.36829412106825e-09
47.1666666666446,-122.49999999998,1.92111624364674e-08
47.1666666666446,-122.208333333311,7.87316395426661e-09
47.1666666666446,-121.874999999975,5.77380446627663e-10
47.1666666666446,-121.541666666639,9.84781277063105e-11
47.1666666666446,-120.874999999967,1.40016005362623e-10
47.1666666666446,-120.208333333295,1.64392086296412e-10
47.1666666666446,-118.249999999946,8.23819989947114e-11
47.1666666666446,-117.874999999943,9.2372771931817e-11
47.1666666666446,-116.624999999933,1.35026128606866e-10
47.1666666666446,-115.958333333261,2.2673478648225e-11
47.1666666666446,-115.708333333259,2.00081734904952e-11
47.1666666666446,-114.708333333251,3.2118187740755e-11
47.1666666666446,-111.958333333229,4.18256211841998e-11
47.1666666666446,-111.791666666561,4.46933828336273e-11
47.1666666666446,-110.999999999888,4.64716216220673e-11
47.1666666666446,-110.83333333322,4.26054837158488e-11
47.1666666666446,-108.74999999987,1.5641656246565e-11
47.1666666666446,-108.583333333202,1.84973083185873e-11
47.1666666666446,-108.458333333201,1.83527272186158e-11
47.1666666666446,-107.999999999864,1.76508739813865e-11
47.1666666666446,-106.374999999851,1.96600138957122e-11
47.1666666666446,-105.374999999843,2.41523464590545e-11
47.1666666666446,-105.124999999841,2.67532123628694e-11
47.1666666666446,-104.666666666504,4.10718662715931e-11
47.1666666666446,-104.249999999834,3.45164315903659e-11
47.1666666666446,-103.541666666495,3.49924219997228e-11
47.1666666666446,-99.7083333331316,4.89329651221685e-11
47.1666666666446,-99.5416666664636,4.56457099046166e-11
47.1666666666446,-99.2916666664616,3.99603263276523e-11
47.1666666666446,-99.2499999997946,4.07670151009154e-11
47.1666666666446,-99.1249999997936,5.09335859689713e-11
47.1666666666446,-98.0416666664516,4.98547867201798e-11
47.1666666666446,-97.1666666664447,1.52471187790779e-10
47.1666666666446,-96.1249999997697,1.37516067646959e-10
47.1666666666446,-95.0416666664278,1.20110190070936e-10
47.1666666666446,-93.6249999997498,1.70441572784371e-10
47.1666666666446,-92.9999999997448,6.94131697297937e-11
47.1666666666446,-88.249999999707,1.01514393892525e-10
47.1666666666446,-68.0833333328799,7.90987742539223e-11
47.1249999999776,-121.541666666639,9.56001245395445e-11
47.1249999999776,-121.374999999971,3.48600119556622e-11
47.1249999999776,-120.624999999965,1.45572476802749e-10
47.1249999999776,-120.249999999962,1.73182845324581e-10
47.1249999999776,-119.16666666662,1.83906810317619e-10
47.1249999999776,-116.624999999933,1.31220383539896e-10
47.1249999999776,-113.041666666571,3.32859355450761e-11
47.1249999999776,-112.749999999902,2.70376009635498e-11
47.1249999999776,-111.24999999989,4.54127759441801e-11
47.1249999999776,-109.624999999877,2.10246128364481e-11
47.1249999999776,-108.374999999867,1.82496655806394e-11
47.1249999999776,-108.249999999866,1.80639136233907e-11
47.1249999999776,-106.541666666519,1.92780912345631e-11
47.1249999999776,-106.291666666517,2.00772046941345e-11
47.1249999999776,-105.583333333178,2.18044535350181e-11
47.1249999999776,-105.291666666509,1.47200844541507e-11
47.1249999999776,-102.833333333156,5.72367717937989e-11
47.1249999999776,-99.6666666664646,4.91636589418663e-11
47.1249999999776,-98.8749999997916,6.01841566129201e-11
47.1249999999776,-95.5833333330987,8.71939673560184e-11
47.1249999999776,-94.3749999997558,6.95779232563762e-11
47.1249999999776,-94.2499999997548,8.83429401640253e-11
47.1249999999776,-93.4999999997488,2.0399160289969e-10
47.1249999999776,-92.2499999997389,1.46732601570868e-10
47.1249999999776,-69.4999999995578,1.35875129687446e-11
47.1249999999776,-69.1249999995548,2.50753329408935e-11
47.0833333333106,-124.083333333326,1.91358188868883e-10
47.0833333333106,-123.791666666657,2.05083698334803e-10
47.0833333333106,-122.166666666644,2.2424294710015e-10
47.0833333333106,-121.999999999976,1.97874177223056e-10
47.0833333333106,-120.291666666629,1.83356011277218e-10
47.0833333333106,-120.083333333294,1.7107802428738e-10
47.0833333333106,-118.874999999951,8.11010608372022e-11
47.0833333333106,-117.833333333276,9.98118968089814e-11
47.0833333333106,-115.916666666594,2.14748747534735e-11
47.0833333333106,-115.499999999924,1.81422245652954e-11
47.0833333333106,-115.333333333256,1.83848129391964e-11
47.0833333333106,-114.249999999914,1.48135150672644e-10
47.0833333333106,-113.833333333244,1.38503299654215e-10
47.0833333333106,-113.458333333241,3.67194430955923e-11
47.0833333333106,-112.91666666657,3.31876610019514e-11
47.0833333333106,-111.416666666558,4.3847120843562e-11
47.0833333333106,-109.124999999873,1.8587363125858e-11
47.0833333333106,-108.3333333332,1.81990305322367e-11
47.0833333333106,-106.499999999852,1.95454028722357e-11
47.0833333333106,-105.749999999846,2.05736466606498e-11
47.0833333333106,-105.333333333176,2.44471318143655e-11
47.0833333333106,-105.166666666508,2.57385936669847e-11
47.0833333333106,-104.499999999836,3.55859732674719e-11
47.0833333333106,-104.041666666499,3.65610294285418e-11
47.0833333333106,-101.041666666476,9.92299731130904e-11
47.0833333333106,-100.333333333137,9.96763869092622e-11
47.0833333333106,-99.7083333331316,5.07057118111276e-11
47.0833333333106,-99.4583333331296,3.74704000741631e-11
47.0833333333106,-99.1249999997936,4.45832425543857e-11
47.0833333333106,-94.7499999997588,1.69687809269612e-10
47.0833333333106,-92.9999999997448,6.52056080450311e-11
47.0833333333106,-91.9999999997369,5.24032513872458e-10
47.0833333333106,-67.9999999995459,6.26177998206775e-11
47.0416666666436,-124.16666666666,2.00934204023109e-10
47.0416666666436,-121.999999999976,1.80627629247519e-10
47.0416666666436,-121.916666666642,1.43052567928253e-10
47.0416666666436,-119.99999999996,1.58527719418985e-10
47.0416666666436,-116.791666666601,1.67670492792494e-10
47.0416666666436,-116.6666666666,1.3783744625013e-10
47.0416666666436,-114.99999999992,3.05322973851227e-11
47.0416666666436,-113.499999999908,4.87993230834604e-11
47.0416666666436,-112.791666666569,2.84350344743324e-11
47.0416666666436,-112.291666666565,4.33342603143467e-11
47.0416666666436,-112.124999999897,4.51689038945892e-11
47.0416666666436,-111.333333333224,4.18104166796998e-11
47.0416666666436,-109.874999999879,2.05573940184692e-11
47.0416666666436,-108.74999999987,1.59180563725253e-11
47.0416666666436,-108.124999999865,1.78635231134538e-11
47.0416666666436,-107.999999999864,1.76373369638111e-11
47.0416666666436,-107.124999999857,1.61855327802484e-11
47.0416666666436,-105.249999999842,1.48441506287694e-11
47.0416666666436,-102.999999999824,5.76105232036809e-11
47.0416666666436,-101.624999999813,6.33263696650353e-11
47.0416666666436,-100.874999999808,1.81197535664555e-10
47.0416666666436,-99.6249999997976,4.68235911682808e-11
47.0416666666436,-98.4583333331216,7.67620141763971e-11
47.0416666666436,-97.9583333331176,5.82449587318344e-11
47.0416666666436,-97.5833333331147,8.24790768111942e-11
47.0416666666436,-92.9583333330778,6.55814207522752e-11
47.0416666666436,-92.7916666664099,8.21320074299809e-11
47.0416666666436,-69.2499999995558,1.48795045453138e-11
46.9999999999766,-123.999999999992,8.41300908239833e-11
46.9999999999766,-122.791666666649,2.73923917538228e-09
46.9999999999766,-122.666666666648,2.94440926589423e-09
46.9999999999766,-121.999999999976,1.69125122534424e-10
46.9999999999766,-120.583333333298,2.02031477726901e-10
46.9999999999766,-120.083333333294,2.38766199130338e-10
46.9999999999766,-118.249999999946,6.75688153141947e-11
46.9999999999766,-118.083333333278,6.45300738165317e-11
46.9999999999766,-117.833333333276,8.52086330061867e-11
46.9999999999766,-116.874999999935,1.35264531819922e-10
46.9999999999766,-116.583333333266,1.51741821526757e-10
46.9999999999766,-115.708333333259,1.93654175924877e-11
46.9999999999766,-114.249999999914,1.77513333151177e-10
46.9999999999766,-113.374999999907,4.62232974167622e-11
46.9999999999766,-109.458333333209,4.52498573453778e-11
46.9999999999766,-109.083333333206,1.4755036047427e-11
46.9999999999766,-109.041666666539,1.47221357259623e-11
46.9999999999766,-108.791666666537,1.619855772106e-11
46.9999999999766,-107.124999999857,1.63283960468867e-11
46.9999999999766,-106.374999999851,2.12899911803774e-11
46.9999999999766,-103.874999999831,3.38973163258177e-11
46.9999999999766,-102.999999999824,8.68925396326104e-11
46.9999999999766,-102.708333333155,1.07308144068769e-10
46.9999999999766,-102.124999999817,5.29012425301675e-11
46.9999999999766,-101.791666666481,5.09815068543286e-11
46.9999999999766,-101.083333333143,1.22904455504714e-10
46.9999999999766,-100.041666666468,6.49866863079632e-11
46.9999999999766,-99.2499999997946,5.23781521558005e-11
46.9999999999766,-98.8333333331246,7.75108724807336e-11
46.9999999999766,-97.1249999997777,2.5885742890148e-10
46.9999999999766,-92.9999999997448,9.04747824917969e-11
46.9999999999766,-92.0416666664039,1.40783737893068e-09
46.9999999999766,-90.7083333330599,3.50340896207514e-11
46.9999999999766,-68.7499999995519,1.80115200126875e-11
46.9999999999766,-67.9166666662119,3.02213401376992e-10
46.9583333333096,-123.916666666658,9.64018363695393e-11
46.9583333333096,-121.24999999997,1.00086965403686e-10
46.9583333333096,-120.874999999967,9.44734151151848e-11
46.9583333333096,-120.166666666628,3.1694667841447e-10
46.9583333333096,-119.833333333292,2.02218999377982e-10
46.9583333333096,-119.208333333287,2.89914874392583e-10
46.9583333333096,-118.541666666615,7.59175739398648e-11
46.9583333333096,-117.49999999994,2.32713198395553e-10
46.9583333333096,-117.041666666603,2.22332213396299e-10
46.9583333333096,-116.416666666598,5.75329528632537e-11
46.9583333333096,-115.041666666587,1.95561647284216e-11
46.9583333333096,-114.708333333251,3.69648106500035e-11
46.9583333333096,-114.416666666582,1.16012327163348e-10
46.9583333333096,-112.91666666657,3.45443100601302e-11
46.9583333333096,-112.041666666563,5.23518685017537e-11
46.9583333333096,-111.124999999889,3.18571147132021e-11
46.9583333333096,-110.041666666547,2.36500237432158e-11
46.9583333333096,-109.124999999873,1.93092194479403e-11
46.9583333333096,-108.499999999868,1.91021132910127e-11
46.9583333333096,-108.041666666531,1.3143246161984e-11
46.9583333333096,-106.166666666516,1.98946896465494e-11
46.9583333333096,-105.083333333174,2.59327749528481e-11
46.9583333333096,-104.208333333167,3.12695169655852e-11
46.9583333333096,-103.624999999829,3.48048069745496e-11
46.9583333333096,-102.91666666649,1.01011624583247e-10
46.9583333333096,-102.208333333151,6.05673768794492e-11
46.9583333333096,-102.08333333315,5.32233959205801e-11
46.9583333333096,-101.374999999811,7.56005907394133e-11
46.9583333333096,-100.874999999808,2.0348476685572e-09
46.9583333333096,-100.583333333139,7.25745026841533e-10
46.9583333333096,-100.541666666472,6.69439898648886e-10
46.9583333333096,-99.7083333331316,4.04983915369606e-11
46.9583333333096,-99.1666666664606,4.70773625535813e-11
46.9583333333096,-97.5833333331147,6.88234696318249e-11
46.9583333333096,-97.3333333331127,1.71421430288943e-10
46.9583333333096,-97.2916666664457,1.83491370897842e-10
46.9583333333096,-95.3749999997637,1.17962403311049e-10
46.9583333333096,-95.1249999997618,2.02475901354072e-10
46.9583333333096,-93.9999999997528,9.22556633698371e-11
46.9583333333096,-92.0416666664039,1.68964069630999e-09
46.9583333333096,-91.9583333330699,9.88608889629444e-10
46.9583333333096,-90.8333333330609,5.38303164119651e-11
46.9583333333096,-89.083333333047,4.37656614871614e-11
46.9583333333096,-88.791666666378,7.46453932098999e-11
46.9583333333096,-69.5416666662248,1.43537684311202e-11
46.9583333333096,-69.4166666662238,1.47850574664297e-11
46.9583333333096,-69.0833333328878,1.61929408802136e-11
46.9583333333096,-68.9166666662199,1.71657315530047e-11
46.9583333333096,-68.1666666662139,1.10267397076799e-10
46.9583333333096,-67.9583333328789,3.36468418067264e-10
46.9166666666426,-123.666666666656,3.82577346041828e-10
46.9166666666426,-123.041666666651,1.25954787012877e-09
46.9166666666426,-122.291666666645,1.4967052770815e-09
46.9166666666426,-121.749999999974,7.46025660943289e-11
46.9166666666426,-120.916666666634,1.09061262539293e-10
46.9166666666426,-120.333333333296,2.73788985821682e-10
46.9166666666426,-120.208333333295,3.11820599676496e-10
46.9166666666426,-119.958333333293,1.54531829766123e-10
46.9166666666426,-115.666666666592,1.92497055251929e-11
46.9166666666426,-113.541666666575,5.23068814364046e-11
46.9166666666426,-113.124999999905,3.46230074622352e-11
46.9166666666426,-112.749999999902,3.1876573875597e-11
46.9166666666426,-111.624999999893,5.13277039486969e-11
46.9166666666426,-111.124999999889,3.12218357501854e-11
46.9166666666426,-110.541666666551,2.85971706963002e-11
46.9166666666426,-109.041666666539,1.6916215549384e-11
46.9166666666426,-108.624999999869,1.64591004121712e-11
46.9166666666426,-107.374999999859,1.68243938370422e-11
46.9166666666426,-106.874999999855,1.94685770952242e-11
46.9166666666426,-105.541666666511,2.20229472646436e-11
46.9166666666426,-105.458333333177,2.21634818476272e-11
46.9166666666426,-105.374999999843,2.29813956057239e-11
46.9166666666426,-104.749999999838,3.01179880359901e-11
46.9166666666426,-103.791666666497,3.39575953551762e-11
46.9166666666426,-102.708333333155,1.41041950383983e-10
46.9166666666426,-101.791666666481,4.96652835190568e-11
46.9166666666426,-101.291666666477,8.65558138583158e-11
46.9166666666426,-100.29166666647,8.53490867524161e-11
46.9166666666426,-99.6249999997976,4.21808521699135e-11
46.9166666666426,-98.5416666664556,2.0734727489689e-10
46.9166666666426,-94.5833333330908,2.18409908805441e-10
46.9166666666426,-94.4583333330898,1.88212281335717e-10
46.9166666666426,-94.2083333330878,1.86980557709191e-10
46.9166666666426,-91.8749999997359,1.25245729833276e-09
46.9166666666426,-90.7083333330599,6.16594333200354e-11
46.9166666666426,-68.9999999995539,1.70001149389531e-11
46.9166666666426,-68.7916666662189,1.84429318357032e-11
46.8749999999756,-123.166666666652,6.86993686648598e-10
46.8749999999756,-122.958333333317,9.31447684973521e-10
46.8749999999756,-122.874999999983,9.34680685875405e-10
46.8749999999756,-121.999999999976,3.38286747166891e-10
46.8749999999756,-121.291666666637,1.00109772628482e-10
46.8749999999756,-120.333333333296,2.76781116640491e-10
46.8749999999756,-119.249999999954,2.14744359196542e-10
46.8749999999756,-118.124999999945,4.74279528115699e-11
46.8749999999756,-117.624999999941,5.6668382421645e-11
46.8749999999756,-117.291666666605,2.39526306899953e-10
46.8749999999756,-115.541666666591,1.85735757196628e-11
46.8749999999756,-114.874999999919,3.19326700980707e-11
46.8749999999756,-114.791666666585,3.57701722343797e-11
46.8749999999756,-114.083333333246,1.96212343552607e-09
46.8749999999756,-111.958333333229,6.31081583190798e-11
46.8749999999756,-111.458333333225,3.92542135574443e-11
46.8749999999756,-110.583333333218,2.83018347880556e-11
46.8749999999756,-110.083333333214,2.33537585157187e-11
46.8749999999756,-109.833333333212,2.14607975915381e-11
46.8749999999756,-108.624999999869,1.67195245248726e-11
46.8749999999756,-107.124999999857,1.69361737539164e-11
46.8749999999756,-106.999999999856,1.95243560147325e-11
46.8749999999756,-105.83333333318,2.16084062146672e-11
46.8749999999756,-105.499999999844,2.23318612448158e-11
46.8749999999756,-103.166666666492,7.27188092402917e-11
46.8749999999756,-102.833333333156,1.38888179758315e-10
46.8749999999756,-102.166666666484,5.560418991308e-11
46.8749999999756,-102.08333333315,5.42005624324498e-11
46.8749999999756,-101.24999999981,9.55849631913313e-11
46.8749999999756,-101.208333333143,1.18026457295661e-10
46.8749999999756,-100.083333333135,7.24079660700746e-11
46.8749999999756,-98.0416666664516,6.12661654039151e-11
46.8749999999756,-95.2916666664297,1.25894376723524e-10
46.8749999999756,-94.2916666664218,1.08475299789321e-10
46.8749999999756,-92.7083333330759,1.37733387455154e-10
46.8749999999756,-92.2083333330719,8.94347497064327e-09
46.8749999999756,-89.749999999719,2.33305753084897e-11
46.8749999999756,-87.6666666663691,4.22173103231559e-11
46.8749999999756,-68.2916666662149,1.40054344055853e-10
46.8749999999756,-67.8333333328779,2.5835880996231e-10
46.8333333333086,-123.999999999992,2.07732253835374e-10
46.8333333333086,-121.791666666641,7.04994628978602e-11
46.8333333333086,-119.958333333293,1.82574906106133e-10
46.8333333333086,-119.374999999955,1.95579329057249e-10
46.8333333333086,-118.416666666614,5.98977536454722e-11
46.8333333333086,-117.749999999942,6.31849148105374e-11
46.8333333333086,-117.666666666608,6.4727068871361e-11
46.8333333333086,-117.041666666603,2.75951330746258e-10
46.8333333333086,-116.166666666596,2.53580375906194e-11
46.8333333333086,-115.791666666593,2.0708096836601e-11
46.8333333333086,-114.666666666584,3.75351901869299e-11
46.8333333333086,-114.374999999915,1.33853342588808e-10
46.8333333333086,-112.874999999903,3.83793693370046e-11
46.8333333333086,-112.041666666563,9.95661029341178e-11
46.8333333333086,-109.416666666542,2.01744005962858e-11
46.8333333333086,-106.916666666522,1.72517503830029e-11
46.8333333333086,-106.374999999851,1.96063012145362e-11
46.8333333333086,-105.666666666512,2.24978894081522e-11
46.8333333333086,-105.041666666507,1.90911624403627e-11
46.8333333333086,-104.1666666665,2.91181790309471e-11
46.8333333333086,-101.874999999815,4.69997105569682e-11
46.8333333333086,-101.24999999981,9.68872674447398e-11
46.8333333333086,-101.083333333143,1.68503661068319e-10
46.8333333333086,-98.2083333331196,6.18476187691731e-11
46.8333333333086,-97.9583333331176,5.94753055008025e-11
46.8333333333086,-97.7083333331156,6.08535043417879e-11
46.8333333333086,-97.4583333331137,1.41633057707166e-10
46.8333333333086,-95.3749999997637,1.43505020201516e-10
46.8333333333086,-95.0833333330948,2.08822845581819e-10
46.8333333333086,-94.6666666664248,2.09247781265093e-10
46.8333333333086,-94.0833333330868,1.36380206752676e-10
46.8333333333086,-94.0416666664198,1.36534316267035e-10
46.8333333333086,-93.9166666664188,1.04064916839777e-10
46.8333333333086,-93.4166666664148,6.57144952256616e-11
46.8333333333086,-92.2499999997389,6.98319322377247e-09
46.8333333333086,-90.8749999997279,9.73297400946933e-11
46.8333333333086,-89.291666666382,1.26327876542891e-10
46.8333333333086,-89.124999999714,1.61343778994247e-10
46.8333333333086,-88.458333333042,6.69069151183636e-11
46.8333333333086,-87.6249999997021,4.4919378363974e-11
46.8333333333086,-69.7916666662268,1.41766267596218e-11
46.8333333333086,-69.5416666662248,1.5033516278985e-11
46.8333333333086,-69.2916666662228,1.60333347564519e-11
46.8333333333086,-69.1249999995548,1.68899038604201e-11
46.7916666666416,-124.083333333326,1.74757696062288e-10
46.7916666666416,-123.624999999989,2.65043874602158e-10
46.7916666666416,-122.541666666647,1.94067243264764e-10
46.7916666666416,-122.333333333312,2.19167950917172e-10
46.7916666666416,-121.041666666635,1.46141042193355e-10
46.7916666666416,-120.499999999964,1.61131070047701e-10
46.7916666666416,-120.083333333294,3.64788067511243e-10
46.7916666666416,-118.74999999995,1.47356201929649e-10
46.7916666666416,-118.499999999948,6.59375727845276e-11
46.7916666666416,-116.541666666599,1.35192108460409e-10
46.7916666666416,-116.333333333264,5.86448197130539e-11
46.7916666666416,-115.624999999925,1.91562274790067e-11
46.7916666666416,-114.99999999992,1.96701365443313e-11
46.7916666666416,-114.874999999919,2.03238404981961e-11
46.7916666666416,-113.416666666574,4.63486252875714e-11
46.7916666666416,-110.999999999888,2.91281336416467e-11
46.7916666666416,-110.541666666551,2.67749658058188e-11
46.7916666666416,-110.291666666549,2.4219766316734e-11
46.7916666666416,-110.166666666548,2.32910005628221e-11
46.7916666666416,-109.249999999874,2.04124447184425e-11
46.7916666666416,-109.083333333206,1.58050579090265e-11
46.7916666666416,-105.791666666513,2.30687834323405e-11
46.7916666666416,-105.458333333177,2.30272256410842e-11
46.7916666666416,-104.958333333173,1.92373044027334e-11
46.7916666666416,-102.583333333154,1.14531395657298e-10
46.7916666666416,-102.416666666486,7.63417518309979e-11
46.7916666666416,-102.124999999817,6.02072898199167e-11
46.7916666666416,-101.833333333148,4.68460906050345e-11
46.7916666666416,-101.458333333145,6.96096776513107e-11
46.7916666666416,-99.4999999997966,4.30727916219172e-11
46.7916666666416,-97.2916666664457,2.09711709231814e-10
46.7916666666416,-96.9999999997767,6.12115146339993e-10
46.7916666666416,-96.8333333331087,1.6571994337089e-09
46.7916666666416,-95.6666666664327,3.85896055336107e-10
46.7916666666416,-95.4583333330977,1.55967239001958e-10
46.7916666666416,-95.2916666664297,1.29586708540147e-10
46.7916666666416,-95.0833333330948,1.48839731036447e-10
46.7916666666416,-94.3749999997558,2.26430343668348e-10
46.7916666666416,-93.9999999997528,1.52747994227797e-10
46.7916666666416,-93.6249999997498,8.24891178869265e-11
46.7916666666416,-93.4583333330818,7.17498880446684e-11
46.7916666666416,-91.5833333330669,1.48669799913122e-10
46.7916666666416,-91.3333333330649,1.14757612658763e-10
46.7916666666416,-91.1666666663969,1.29437087624977e-10
46.7916666666416,-89.791666666386,4.00254802417782e-11
46.7916666666416,-87.8749999997041,7.02408970790988e-11
46.7916666666416,-84.9583333330142,1.93949386355807e-11
46.7916666666416,-68.9583333328869,1.83277778540883e-11
46.7916666666416,-68.3749999995489,4.5598616686235e-11
46.7499999999746,-123.791666666657,3.08465834020662e-10
46.7499999999746,-123.249999999986,2.35904787069971e-10
46.7499999999746,-121.374999999971,9.17086361009775e-11
46.7499999999746,-120.708333333299,5.86928294075681e-10
46.7499999999746,-119.541666666623,1.73585658454024e-10
46.7499999999746,-119.458333333289,1.73681793942617e-10
46.7499999999746,-115.708333333259,2.00528470552928e-11
46.7499999999746,-114.791666666585,2.06863855510331e-11
46.7499999999746,-113.791666666577,1.28042597764588e-10
46.7499999999746,-113.249999999906,4.2957539676607e-11
46.7499999999746,-112.874999999903,4.0730047782423e-11
46.7499999999746,-111.374999999891,3.97805541188296e-11
46.7499999999746,-110.666666666552,2.4894797838864e-11
46.7499999999746,-108.708333333203,1.76925132172921e-11
46.7499999999746,-108.166666666532,2.22565946523762e-11
46.7499999999746,-107.874999999863,1.55164915106005e-11
46.7499999999746,-107.416666666526,1.86300454950491e-11
46.7499999999746,-107.333333333192,1.86200063005034e-11
46.7499999999746,-106.66666666652,1.91881240993684e-11
46.7499999999746,-103.874999999831,3.48491317591597e-11
46.7499999999746,-103.833333333164,3.5149619750575e-11
46.7499999999746,-103.791666666497,3.54551811120182e-11
46.7499999999746,-103.416666666494,3.98768206045296e-11
46.7499999999746,-102.291666666485,6.39356835561456e-11
46.7499999999746,-101.708333333147,4.91559744357805e-11
46.7499999999746,-101.583333333146,5.22457037855094e-11
46.7499999999746,-101.083333333143,1.54433529427608e-10
46.7499999999746,-97.8749999997836,5.62205462802566e-11
46.7499999999746,-97.5416666664477,6.72957018924931e-11
46.7499999999746,-96.5833333331067,6.46494584077022e-10
46.7499999999746,-95.0416666664278,1.53778914905197e-10
46.7499999999746,-94.6249999997578,1.59088315257822e-10
46.7499999999746,-94.3333333330888,2.81315954357887e-10
46.7499999999746,-93.5833333330828,9.3657563798458e-11
46.7499999999746,-92.7499999997429,3.96829879782274e-10
46.7499999999746,-88.999999999713,4.66456955123861e-11
46.7499999999746,-85.4166666663512,1.71789483566966e-11
46.7499999999746,-69.6666666662258,1.50156661666797e-11
46.7499999999746,-68.8333333328859,1.97550965619481e-11
46.7083333333076,-123.166666666652,2.82824634538031e-10
46.7083333333076,-122.583333333314,1.58247275319919e-10
46.7083333333076,-122.416666666646,1.69031847586076e-10
46.7083333333076,-122.208333333311,1.55186709661091e-10
46.7083333333076,-121.999999999976,1.56671364286861e-10
46.7083333333076,-121.874999999975,9.85441996662052e-11
46.7083333333076,-121.291666666637,9.89632584938881e-11
46.7083333333076,-120.791666666633,4.53347398669781e-10
46.7083333333076,-120.41666666663,3.19981200916714e-10
46.7083333333076,-118.541666666615,5.64675157670714e-11
46.7083333333076,-117.749999999942,5.24228388850569e-11
46.7083333333076,-116.874999999935,7.99398872865029e-10
46.7083333333076,-115.708333333259,2.0139940958899e-11
46.7083333333076,-114.624999999917,3.89023319367685e-11
46.7083333333076,-113.791666666577,1.22133163463809e-10
46.7083333333076,-113.041666666571,4.50768740928692e-11
46.7083333333076,-111.041666666555,3.10414290999361e-11
46.7083333333076,-109.958333333213,2.06869821831217e-11
46.7083333333076,-109.874999999879,2.02622840625832e-11
46.7083333333076,-109.58333333321,1.96683568763012e-11
46.7083333333076,-107.624999999861,1.52971553295515e-11
46.7083333333076,-107.041666666523,1.80166198157802e-11
46.7083333333076,-106.24999999985,2.24200575402187e-11
46.7083333333076,-105.583333333178,2.70254432228219e-11
46.7083333333076,-105.208333333175,2.31902337757664e-11
46.7083333333076,-102.958333333157,1.00102428029453e-10
46.7083333333076,-102.708333333155,1.22599329951841e-10
46.7083333333076,-102.291666666485,6.27709898906196e-11
46.7083333333076,-99.7083333331316,4.47118112663181e-11
46.7083333333076,-99.2916666664616,4.57230227873459e-11
46.7083333333076,-98.9166666664586,6.08331259217857e-11
46.7083333333076,-98.8333333331246,7.04737214387161e-11
46.7083333333076,-97.1249999997777,2.72191559692549e-10
46.7083333333076,-95.9999999997687,4.74627009389914e-10
46.7083333333076,-92.7499999997429,3.92519380457978e-10
46.7083333333076,-91.9583333330699,7.3234383755705e-10
46.7083333333076,-88.958333333046,4.32630399872237e-11
46.7083333333076,-88.541666666376,7.08261974895271e-11
46.7083333333076,-87.7916666663701,8.85623927936002e-11
46.7083333333076,-85.3333333330172,2.88573503498972e-11
46.7083333333076,-85.2916666663502,2.93298483382062e-11
46.7083333333076,-67.9583333328789,4.98167064651306e-10
46.6666666666406,-123.833333333324,3.2569677848662e-10
46.6666666666406,-122.958333333317,4.72636472587869e-09
46.6666666666406,-122.708333333315,3.80736888850632e-10
46.6666666666406,-122.624999999981,1.59943192609777e-10
46.6666666666406,-119.416666666622,6.99988064880462e-11
46.6666666666406,-119.374999999955,1.77927338391115e-10
46.6666666666406,-119.041666666619,1.7042684479342e-10
46.6666666666406,-118.083333333278,5.91500783835384e-11
46.6666666666406,-117.249999999938,4.41253940963283e-10
46.6666666666406,-115.666666666592,1.98334381474341e-11
46.6666666666406,-114.499999999916,6.20181612320611e-11
46.6666666666406,-114.374999999915,4.74051155728129e-11
46.6666666666406,-111.791666666561,8.25272205795102e-10
46.6666666666406,-109.416666666542,1.99469284754036e-11
46.6666666666406,-106.999999999856,1.82549877036198e-11
46.6666666666406,-106.333333333184,2.20530021288533e-11
46.6666666666406,-102.249999999818,6.03525603050355e-11
46.6666666666406,-102.208333333151,5.95170277974026e-11
46.6666666666406,-100.374999999804,1.6038806218237e-10
46.6666666666406,-100.333333333137,1.49416287117046e-10
46.6666666666406,-100.249999999803,1.31216541630113e-10
46.6666666666406,-99.7499999997986,4.65295692891073e-11
46.6666666666406,-98.5416666664556,7.08800811780702e-11
46.6666666666406,-98.4999999997886,7.04482466380888e-11
46.6666666666406,-98.1666666664526,6.45535779691422e-11
46.6666666666406,-97.2083333331117,2.0728305426607e-10
46.6666666666406,-96.6249999997737,5.69281513509492e-10
46.6666666666406,-95.7916666664337,2.65112197695066e-10
46.6666666666406,-95.0833333330948,1.54757825430556e-10
46.6666666666406,-94.4166666664228,2.48080340812892e-10
46.6666666666406,-93.4999999997488,1.72104196272704e-10
46.6666666666406,-93.3333333330808,1.24577414004523e-10
46.6666666666406,-92.7083333330759,1.66972082492602e-10
46.6666666666406,-92.0416666664039,2.21464350997152e-09
46.6666666666406,-89.124999999714,4.10993235890544e-11
46.6666666666406,-85.2083333330162,2.83257994018961e-11
46.6666666666406,-69.2916666662228,1.69964382317989e-11
46.6666666666406,-68.7916666662189,3.37804210227154e-11
46.6249999999736,-123.74999999999,2.41851436887517e-10
46.6249999999736,-122.291666666645,1.03478485642815e-10
46.6249999999736,-121.916666666642,8.1030348499579e-11
46.6249999999736,-121.041666666635,1.23424469245426e-10
46.6249999999736,-120.333333333296,7.42884727635453e-10
46.6249999999736,-117.999999999944,4.22441894130245e-11
46.6249999999736,-117.874999999943,5.77567401988767e-11
46.6249999999736,-117.333333333272,7.97625914458561e-11
46.6249999999736,-116.624999999933,1.71824279863949e-10
46.6249999999736,-113.499999999908,4.27160533931245e-11
46.6249999999736,-112.874999999903,6.20099432196705e-11
46.6249999999736,-111.374999999891,4.56957512825423e-11
46.6249999999736,-110.166666666548,2.29202467365339e-11
46.6249999999736,-109.124999999873,2.25429679171133e-11
46.6249999999736,-109.083333333206,2.25640418706656e-11
46.6249999999736,-108.083333333198,2.31189554704842e-11
46.6249999999736,-107.541666666527,1.94054799470049e-11
46.6249999999736,-104.291666666501,2.95857155132053e-11
46.6249999999736,-103.291666666493,3.4594860871783e-11
46.6249999999736,-98.7916666664576,5.72770958396657e-11
46.6249999999736,-97.6666666664486,5.81383488747164e-11
46.6249999999736,-96.5833333331067,5.25638647665166e-10
46.6249999999736,-94.5833333330908,1.87199523872247e-10
46.6249999999736,-94.5416666664238,1.98961035318608e-10
46.6249999999736,-93.7916666664178,1.15707640523397e-10
46.6249999999736,-92.9583333330778,1.22591492821241e-10
46.6249999999736,-92.7499999997429,2.02519415909968e-10
46.6249999999736,-90.9583333330619,1.66385122055297e-10
46.6249999999736,-88.958333333046,6.63337255749069e-11
46.6249999999736,-87.5416666663681,1.35373547996791e-10
46.6249999999736,-86.2499999996911,9.38362465829158e-11
46.6249999999736,-69.7083333328928,1.54916576668425e-11
46.6249999999736,-69.4999999995578,1.62969184054606e-11
46.6249999999736,-69.0833333328878,1.85023194191047e-11
46.6249999999736,-68.5833333328839,2.39914658297287e-11
46.6249999999736,-67.9166666662119,5.40650678307544e-10
46.5833333333066,-124.041666666659,8.08991830724679e-09
46.5833333333066,-123.958333333325,1.04376013092269e-10
46.5833333333066,-118.833333333284,1.70361315630232e-10
46.5833333333066,-117.541666666607,5.86529703844005e-11
46.5833333333066,-117.08333333327,9.80008403019384e-11
46.5833333333066,-116.749999999934,1.75642573767848e-10
46.5833333333066,-116.124999999929,4.56935439069091e-11
46.5833333333066,-115.541666666591,1.87420925328687e-11
46.5833333333066,-114.041666666579,1.93490584934515e-10
46.5833333333066,-113.374999999907,3.41583105030059e-11
46.5833333333066,-112.999999999904,5.8312661960497e-11
46.5833333333066,-111.291666666557,3.97087070236148e-11
46.5833333333066,-110.333333333216,2.46217425015972e-11
46.5833333333066,-110.083333333214,2.28497435891327e-11
46.5833333333066,-107.791666666529,1.64506633546504e-11
46.5833333333066,-107.583333333194,1.06573298538764e-11
46.5833333333066,-106.624999999853,2.12445975503687e-11
46.5833333333066,-106.541666666519,2.15361387002197e-11
46.5833333333066,-105.749999999846,2.72780371019151e-11
46.5833333333066,-105.499999999844,2.58604450474339e-11
46.5833333333066,-105.374999999843,2.45538527193853e-11
46.5833333333066,-105.166666666508,2.35287462849924e-11
46.5833333333066,-104.458333333169,2.52498827838935e-11
46.5833333333066,-101.291666666477,7.01481525949647e-11
46.5833333333066,-98.2916666664536,4.99728706540386e-11
46.5833333333066,-97.2499999997787,1.22629613516951e-10
46.5833333333066,-96.9999999997767,1.77279492888341e-10
46.5833333333066,-96.4999999997727,1.50311447748126e-10
46.5833333333066,-93.2499999997468,6.53980803735534e-11
46.5833333333066,-93.2083333330798,6.35512953161051e-11
46.5833333333066,-92.6666666664089,5.35342606072697e-10
46.5833333333066,-90.5416666663919,6.99771276589486e-11
46.5833333333066,-90.4999999997249,6.10848330428057e-09
46.5833333333066,-90.458333333058,3.47431640827033e-09
46.5833333333066,-88.583333333043,4.02863392734366e-11
46.5833333333066,-85.0833333330152,3.18776043414449e-11
46.5833333333066,-69.3749999995568,1.70450437229498e-11
46.5833333333066,-69.1249999995548,1.84449829246617e-11
46.5416666666396,-123.458333333321,1.0196289397047e-10
46.5416666666396,-123.33333333332,1.99489488567134e-10
46.5416666666396,-122.874999999983,9.08407208570494e-10
46.5416666666396,-122.749999999982,3.4942289203094e-10
46.5416666666396,-122.708333333315,3.6639583271774e-10
46.5416666666396,-119.791666666625,7.51043754214552e-11
46.5416666666396,-119.499999999956,7.96307652969226e-11
46.5416666666396,-118.791666666617,1.40983756071225e-10
46.5416666666396,-118.624999999949,6.97866903627178e-11
46.5416666666396,-118.041666666611,5.77446410345839e-11
46.5416666666396,-117.583333333274,5.74516286790716e-11
46.5416666666396,-115.249999999922,1.82290177521672e-11
46.5416666666396,-114.874999999919,1.8999468725705e-11
46.5416666666396,-114.124999999913,1.83457276286359e-10
46.5416666666396,-113.666666666576,4.30499790114644e-11
46.5416666666396,-112.666666666568,4.64368757010999e-11
46.5416666666396,-112.416666666566,8.1996493204763e-11
46.5416666666396,-111.708333333227,4.92423839118481e-10
46.5416666666396,-111.416666666558,7.13508204916878e-11
46.5416666666396,-110.83333333322,2.84639015671908e-11
46.5416666666396,-109.749999999878,2.15099797338913e-11
46.5416666666396,-108.74999999987,2.07874261022725e-11
46.5416666666396,-107.458333333193,1.06433705534821e-11
46.5416666666396,-105.999999999848,2.56951589406894e-11
46.5416666666396,-105.41666666651,2.56157180194807e-11
46.5416666666396,-104.58333333317,2.44112839533683e-11
46.5416666666396,-102.583333333154,5.12962329521623e-11
46.5416666666396,-100.916666666475,1.01539428079772e-10
46.5416666666396,-100.791666666474,1.09971604542732e-10
46.5416666666396,-97.9999999997846,4.94560002125989e-11
46.5416666666396,-97.5833333331147,8.85546069442027e-11
46.5416666666396,-94.7499999997588,1.61317936582078e-10
46.5416666666396,-93.0416666664118,8.8516796024701e-11
46.5416666666396,-92.5833333330749,5.51350332888438e-10
46.5416666666396,-92.1666666664049,5.45148455230025e-10
46.5416666666396,-89.291666666382,4.11676511411049e-11
46.5416666666396,-84.2499999996752,9.04743970851407e-11
46.5416666666396,-68.9583333328869,1.99478013026703e-11
46.4999999999726,-123.583333333322,1.05653562268105e-10
46.4999999999726,-120.916666666634,8.05072295974918e-11
46.4999999999726,-118.958333333285,8.99264078228336e-11
46.4999999999726,-116.6666666666,1.59613570546076e-10
46.4999999999726,-116.291666666597,2.59945804987508e-10
46.4999999999726,-115.958333333261,2.4087568480968e-11
46.4999999999726,-115.83333333326,3.85116375932445e-11
46.4999999999726,-114.666666666584,3.79474997055358e-11
46.4999999999726,-113.999999999912,1.76384113871519e-10
46.4999999999726,-113.541666666575,3.83244850480867e-11
46.4999999999726,-113.291666666573,3.47385154133166e-11
46.4999999999726,-113.124999999905,4.76193050474763e-11
46.4999999999726,-111.999999999896,2.22569755810301e-10
46.4999999999726,-110.874999999887,2.95869652495562e-11
46.4999999999726,-109.083333333206,2.37962095398863e-11
46.4999999999726,-109.041666666539,2.38363773011671e-11
46.4999999999726,-108.291666666533,2.02884314302578e-11
46.4999999999726,-106.999999999856,1.94269209778103e-11
46.4999999999726,-106.916666666522,1.94118805243273e-11
46.4999999999726,-106.083333333182,7.73786213047719e-11
46.4999999999726,-104.499999999836,2.58259898847764e-11
46.4999999999726,-103.999999999832,3.84170713265664e-11
46.4999999999726,-102.541666666487,4.85882244456833e-11
46.4999999999726,-101.791666666481,4.32844098451565e-11
46.4999999999726,-101.499999999812,5.26369571736155e-11
46.4999999999726,-101.166666666477,7.09221586547083e-11
46.4999999999726,-100.499999999805,7.7995230528928e-11
46.4999999999726,-100.333333333137,6.76872748333828e-11
46.4999999999726,-100.166666666469,6.11782089286125e-11
46.4999999999726,-99.2083333331276,4.47588585086628e-11
46.4999999999726,-98.6666666664566,4.35756169482422e-11
46.4999999999726,-95.8749999997677,1.90904307797147e-10
46.4999999999726,-95.4166666664307,1.81287687570491e-10
46.4999999999726,-94.9166666664268,2.24524926418689e-10
46.4999999999726,-94.4999999997568,4.28441532498236e-10
46.4999999999726,-93.2916666664138,6.60825578619112e-11
46.4999999999726,-90.8749999997279,1.34422858102559e-10
46.4999999999726,-89.416666666383,3.10579677262753e-11
46.4999999999726,-87.8333333330371,6.45327443656799e-11
46.4999999999726,-87.6249999997021,3.58853403897206e-10
46.4999999999726,-86.3749999996921,4.95444297649669e-11
46.4999999999726,-85.9166666663551,2.79117805468888e-11
46.4999999999726,-85.7083333330201,3.24727081759454e-11
46.4999999999726,-84.6249999996782,1.05367196591192e-10
46.4999999999726,-84.2083333330082,1.68734911687837e-10
46.4999999999726,-69.5416666662248,1.67574242547933e-11
46.4999999999726,-68.9583333328869,2.01361982711009e-11
46.4999999999726,-68.8749999995529,2.08824353787505e-11
46.4999999999726,-68.7499999995519,2.21648970247554e-11
46.4999999999726,-68.5416666662169,4.04300307088945e-11
46.4583333333056,-121.749999999974,6.51686298685441e-11
46.4583333333056,-121.624999999973,6.55247337902787e-11
46.4583333333056,-120.499999999964,1.99601150433351e-09
46.4583333333056,-116.6666666666,1.26253597132302e-10
46.4583333333056,-116.624999999933,1.22926472682641e-10
46.4583333333056,-114.291666666581,1.15657519173692e-10
46.4583333333056,-114.249999999914,1.16513468765374e-10
46.4583333333056,-114.041666666579,1.69665679174817e-10
46.4583333333056,-113.624999999909,3.81187189182278e-11
46.4583333333056,-113.541666666575,3.73784674842894e-11
46.4583333333056,-112.999999999904,9.08563727214622e-11
46.4583333333056,-112.041666666563,1.75387009899642e-10
46.4583333333056,-110.458333333217,2.745721269167e-11
46.4583333333056,-109.58333333321,2.57732810269348e-11
46.4583333333056,-109.374999999875,2.60147927285309e-11
46.4583333333056,-106.749999999854,1.96568937586204e-11
46.4583333333056,-106.708333333187,1.96028051839425e-11
46.4583333333056,-105.83333333318,2.92185841628885e-10
46.4583333333056,-104.874999999839,3.30819004537104e-11
46.4583333333056,-104.58333333317,2.50879978097894e-11
46.4583333333056,-103.416666666494,3.22588407291535e-11
46.4583333333056,-101.083333333143,7.05871126041673e-11
46.4583333333056,-99.2916666664616,5.20282228456561e-11
46.4583333333056,-98.9166666664586,4.64828386723067e-11
46.4583333333056,-97.7916666664496,2.52545771391816e-10
46.4583333333056,-96.2499999997707,2.21154965572918e-10
46.4583333333056,-95.7499999997667,1.86466601377022e-10
46.4583333333056,-93.2916666664138,6.555059972703e-11
46.4583333333056,-92.6249999997419,3.34622510007034e-10
46.4583333333056,-92.0416666664039,2.13270171011918e-10
46.4583333333056,-89.04166666638,3.3467426454467e-11
46.4583333333056,-87.7916666663701,1.22046669129697e-10
46.4583333333056,-87.7083333330361,1.64702936358514e-10
46.4583333333056,-86.2499999996911,3.21388601906829e-11
46.4583333333056,-85.5833333330192,3.30018628753225e-11
46.4583333333056,-69.6249999995588,1.6975477670166e-11
46.4166666666386,-124.083333333326,5.19560332727661e-09
46.4166666666386,-123.874999999991,1.0665505227981e-10
46.4166666666386,-123.083333333318,4.02424177322692e-10
46.4166666666386,-122.91666666665,5.91319078502205e-10
46.4166666666386,-122.708333333315,2.75298660901817e-10
46.4166666666386,-121.124999999969,5.74992038660425e-11
46.4166666666386,-120.916666666634,6.90722656536176e-11
46.4166666666386,-120.583333333298,5.36371210219523e-10
46.4166666666386,-120.041666666627,5.53387180806215e-10
46.4166666666386,-119.916666666626,5.08752808612539e-10
46.4166666666386,-117.541666666607,1.06287732699764e-10
46.4166666666386,-115.958333333261,3.54307323943156e-11
46.4166666666386,-115.499999999924,1.83744431594893e-11
46.4166666666386,-113.458333333241,3.7159966673508e-11
46.4166666666386,-112.874999999903,1.15192228158658e-10
46.4166666666386,-111.833333333228,1.50044871041095e-10
46.4166666666386,-111.24999999989,4.43900770124937e-11
46.4166666666386,-110.958333333221,3.26871266020408e-11
46.4166666666386,-110.624999999885,2.79477689549649e-11
46.4166666666386,-110.41666666655,2.77929946600651e-11
46.4166666666386,-109.708333333211,2.24873935474843e-11
46.4166666666386,-107.249999999858,2.02732102342207e-11
46.4166666666386,-106.458333333185,2.25879818685312e-11
46.4166666666386,-105.749999999846,2.62899508817511e-10
46.4166666666386,-104.291666666501,3.86408289336677e-11
46.4166666666386,-102.416666666486,4.27535616835228e-11
46.4166666666386,-101.333333333144,5.55832623193939e-11
46.4166666666386,-98.6249999997896,4.05514612496196e-11
46.4166666666386,-95.8333333331007,1.85648145103944e-10
46.4166666666386,-95.7499999997667,1.95470663596371e-10
46.4166666666386,-95.2499999997627,2.4561760423503e-10
46.4166666666386,-94.9999999997608,2.44362315758542e-10
46.4166666666386,-94.4166666664228,6.84659594950183e-10
46.4166666666386,-93.9583333330858,9.31635171455391e-10
46.4166666666386,-93.6666666664168,3.55612167899442e-10
46.4166666666386,-93.1666666664128,7.00944830990828e-11
46.4166666666386,-92.7083333330759,3.55736688078562e-10
46.4166666666386,-92.4166666664069,3.72680662363904e-10
46.4166666666386,-91.7499999997349,1.29274137573269e-10
46.4166666666386,-89.999999999721,6.93858214982887e-11
46.4166666666386,-89.583333333051,7.86213104168998e-11
46.4166666666386,-89.416666666383,2.98726870605593e-11
46.4166666666386,-89.124999999714,3.33837559880122e-11
46.4166666666386,-88.749999999711,5.05027873861806e-11
46.4166666666386,-87.6249999997021,3.71605477228042e-10
46.4166666666386,-87.5833333330351,3.09755743085868e-10
46.4166666666386,-87.4166666663671,3.33739126954345e-10
46.4166666666386,-85.5833333330192,3.38846764819307e-11
46.4166666666386,-85.3333333330172,9.35918526928784e-11
46.4166666666386,-69.6666666662258,1.72971310584284e-11
46.4166666666386,-69.5416666662248,1.74960544020144e-11
46.4166666666386,-67.9166666662119,4.90574502116359e-11
46.3749999999716,-122.749999999982,3.27764870578993e-10
46.3749999999716,-122.249999999978,3.42909962547401e-11
46.3749999999716,-119.958333333293,5.33232585387721e-10
46.3749999999716,-117.749999999942,7.92310785247863e-11
46.3749999999716,-117.041666666603,4.20833611530045e-10
46.3749999999716,-116.916666666602,1.65940858894655e-09
46.3749999999716,-116.458333333265,1.24689679570763e-10
46.3749999999716,-115.874999999927,3.35222789309834e-11
46.3749999999716,-115.41666666659,1.76861358653033e-11
46.3749999999716,-114.208333333247,1.09724608530848e-10
46.3749999999716,-113.958333333245,1.19715874304504e-10
46.3749999999716,-113.166666666572,4.28187843647244e-11
46.3749999999716,-109.874999999879,2.34538280760193e-11
46.3749999999716,-109.374999999875,2.00953090799794e-11
46.3749999999716,-108.499999999868,2.26409317899125e-11
46.3749999999716,-107.91666666653,3.20584896676668e-11
46.3749999999716,-107.291666666525,2.05145501657155e-11
46.3749999999716,-103.208333333159,3.34074011637635e-11
46.3749999999716,-102.91666666649,3.52114323714445e-11
46.3749999999716,-102.124999999817,4.08816591529597e-11
46.3749999999716,-99.9999999998006,7.49407866817752e-11
46.3749999999716,-99.7083333331316,6.20065732655823e-11
46.3749999999716,-98.5833333331226,3.96676604986938e-11
46.3749999999716,-93.2916666664138,5.98032977711924e-11
46.3749999999716,-90.333333333057,4.8824490987774e-11
46.3749999999716,-88.374999999708,4.55365229311021e-11
46.3749999999716,-88.0416666663721,4.15307303681137e-11
46.3749999999716,-84.1666666663412,1.91089738078142e-10
46.3749999999716,-69.9583333328948,1.70547197679312e-11
46.3749999999716,-69.3333333328898,1.83676132875114e-11
46.3333333333047,-122.874999999983,6.0327779660899e-10
46.3333333333047,-122.833333333316,6.18450968943293e-10
46.3333333333047,-122.291666666645,3.56270421275633e-11
46.3333333333047,-121.66666666664,2.58439825914252e-11
46.3333333333047,-121.374999999971,2.80163419911498e-11
46.3333333333047,-120.666666666632,3.56972542070281e-10
46.3333333333047,-120.083333333294,5.7885137132705e-10
46.3333333333047,-119.291666666621,1.15824168326475e-09
46.3333333333047,-118.624999999949,1.41739208910703e-10
46.3333333333047,-117.333333333272,3.23654883299987e-10
46.3333333333047,-116.083333333262,4.39917732250204e-11
46.3333333333047,-115.958333333261,3.56859973996578e-11
46.3333333333047,-115.791666666593,2.17887324583254e-11
46.3333333333047,-113.666666666576,3.53913497012269e-11
46.3333333333047,-112.791666666569,1.48627710409752e-10
46.3333333333047,-111.374999999891,7.5355053340597e-11
46.3333333333047,-110.541666666551,3.05402549922916e-11
46.3333333333047,-107.624999999861,3.14377118916195e-11
46.3333333333047,-107.249999999858,2.08515190197043e-11
46.3333333333047,-107.124999999857,2.10479670647195e-11
46.3333333333047,-103.458333333161,3.66407774138034e-11
46.3333333333047,-101.749999999814,3.96906174596708e-11
46.3333333333047,-101.083333333143,6.7937329066907e-11
46.3333333333047,-100.166666666469,6.16843455910854e-11
46.3333333333047,-99.6666666664646,6.07392379996241e-11
46.3333333333047,-99.4999999997966,4.96148860026783e-11
46.3333333333047,-97.4999999997807,1.0825381757886e-10
46.3333333333047,-97.3333333331127,1.06336720693693e-10
46.3333333333047,-97.1666666664447,1.11049789345404e-10
46.3333333333047,-95.3333333330967,1.78424478644199e-10
46.3333333333047,-94.7083333330918,4.08832650632448e-10
46.3333333333047,-93.4999999997488,1.08997534464965e-10
46.3333333333047,-93.2916666664138,6.06373251316847e-11
46.3333333333047,-92.6666666664089,9.77684553103563e-11
46.3333333333047,-92.4583333330739,1.04084537774316e-10
46.3333333333047,-91.7083333330679,1.09859954845599e-10
46.3333333333047,-91.2499999997309,1.11170484953832e-10
46.3333333333047,-90.6249999997259,8.37058705453206e-11
46.3333333333047,-89.45833333305,3.09948567062918e-11
46.3333333333047,-88.749999999711,3.53641185033189e-11
46.3333333333047,-88.20833333304,5.57631233986764e-11
46.3333333333047,-86.2083333330241,4.64966022761903e-11
46.3333333333047,-85.6666666663532,1.03465117153495e-10
46.2916666666377,-123.666666666656,2.45551815454374e-10
46.2916666666377,-122.666666666648,8.63533877713803e-11
46.2916666666377,-120.249999999962,8.95652266658456e-11
46.2916666666377,-117.874999999943,9.6201895338702e-11
46.2916666666377,-116.333333333264,8.61971266426574e-11
46.2916666666377,-115.666666666592,2.00277590265185e-11
46.2916666666377,-115.458333333257,1.77788958325239e-11
46.2916666666377,-115.208333333255,3.28350752160465e-11
46.2916666666377,-114.916666666586,3.3214951374447e-11
46.2916666666377,-113.958333333245,8.96342866675465e-11
46.2916666666377,-113.208333333239,4.1684485785474e-11
46.2916666666377,-111.624999999893,8.07528302517364e-11
46.2916666666377,-111.416666666558,8.14814413563458e-11
46.2916666666377,-107.124999999857,1.95648716410251e-11
46.2916666666377,-106.624999999853,2.15075640769677e-11
46.2916666666377,-105.499999999844,2.63147041127914e-11
46.2916666666377,-104.874999999839,3.31392970642456e-11
46.2916666666377,-103.791666666497,4.19973803102231e-11
46.2916666666377,-103.708333333163,4.13320554467325e-11
46.2916666666377,-102.249999999818,3.85789718835877e-11
46.2916666666377,-100.499999999805,5.95538810119988e-11
46.2916666666377,-99.8749999997996,5.892766635454e-11
46.2916666666377,-99.0833333331266,3.6702684149081e-11
46.2916666666377,-98.9166666664586,4.15459854762218e-11
46.2916666666377,-98.7083333331236,3.64530567648919e-11
46.2916666666377,-98.6666666664566,3.68378827566497e-11
46.2916666666377,-98.3333333331206,4.76957274371361e-11
46.2916666666377,-96.8749999997757,1.53784072798312e-10
46.2916666666377,-96.1249999997697,2.57592686340808e-10
46.2916666666377,-95.7916666664337,1.57198806676182e-10
46.2916666666377,-94.4999999997568,3.85950059412665e-10
46.2916666666377,-93.1249999997458,5.63790668992372e-11
46.2916666666377,-92.9583333330778,1.41362105907635e-10
46.2916666666377,-90.29166666639,4.96876200800783e-11
46.2916666666377,-85.4999999996852,3.68399098977551e-11
46.2916666666377,-85.3749999996842,3.69061684210044e-11
46.2916666666377,-84.7083333330122,1.25150309593445e-10
46.2916666666377,-84.6666666663452,1.3431764394059e-10
46.2916666666377,-84.4999999996772,7.3315582212607e-10
46.2916666666377,-84.1249999996742,1.93959139564313e-10
46.2916666666377,-70.1666666662298,1.72227463981859e-11
46.2916666666377,-69.8333333328938,1.82521681582415e-11
46.2916666666377,-68.9166666662199,2.11702495317931e-11
46.2499999999707,-122.416666666646,4.30760126089301e-11
46.2499999999707,-122.124999999977,3.26923807337925e-11
46.2499999999707,-121.083333333302,3.13880991556453e-11
46.2499999999707,-120.083333333294,2.15108610991786e-10
46.2499999999707,-118.833333333284,2.78123890575456e-10
46.2499999999707,-117.416666666606,6.89262012323186e-11
46.2499999999707,-114.333333333248,1.1609772252168e-10
46.2499999999707,-112.208333333231,7.36270667790232e-11
46.2499999999707,-111.916666666562,8.36976518589563e-11
46.2499999999707,-109.916666666546,2.50992018640658e-11
46.2499999999707,-106.708333333187,2.22489690228765e-11
46.2499999999707,-105.708333333179,2.75602139562599e-11
46.2499999999707,-105.124999999841,3.18438233230047e-11
46.2499999999707,-104.083333333166,4.27181361033016e-11
46.2499999999707,-103.541666666495,4.02779924471708e-11
46.2499999999707,-103.083333333158,3.34846035557991e-11
46.2499999999707,-102.416666666486,3.71723305203331e-11
46.2499999999707,-99.2499999997946,4.86665433737085e-11
46.2499999999707,-99.0833333331266,4.38922553173086e-11
46.2499999999707,-97.9166666664506,8.89029366094066e-11
46.2499999999707,-97.4166666664467,1.0522564615346e-10
46.2499999999707,-96.0416666664357,6.96574059890014e-10
46.2499999999707,-93.3749999997478,9.33225460776129e-11
46.2499999999707,-92.2083333330719,9.45051251315315e-11
46.2499999999707,-91.9583333330699,9.11564118330732e-11
46.2499999999707,-91.2916666663979,6.67219184166302e-11
46.2499999999707,-90.9999999997289,7.87341229073864e-11
46.2499999999707,-90.7916666663939,8.83871257400505e-11
46.2499999999707,-89.249999999715,3.73649734672428e-11
46.2499999999707,-87.4999999997011,7.11508064405961e-11
46.2499999999707,-86.5416666663601,8.23984470512789e-11
46.2499999999707,-84.7083333330122,1.26156438070481e-10
46.2499999999707,-69.6249999995588,1.91696728974019e-11
46.2499999999707,-69.5833333328918,1.92296735458734e-11
46.2499999999707,-68.8749999995529,2.18746166449141e-11
46.2499999999707,-68.5833333328839,4.37878873325117e-11
46.2499999999707,-68.2083333328809,4.25825471986524e-11
46.2499999999707,-67.9583333328789,1.06990920667421e-10
46.2499999999707,-67.7499999995439,2.3370216545622e-11
46.2083333333037,-120.374999999963,7.31635077276989e-11
46.2083333333037,-119.708333333291,1.096108140769e-09
46.2083333333037,-119.249999999954,1.0935109025416e-08
46.2083333333037,-117.624999999941,8.15346559648124e-11
46.2083333333037,-117.49999999994,5.88694882016496e-11
46.2083333333037,-115.666666666592,1.97549194488524e-11
46.2083333333037,-114.541666666583,3.36966595220081e-11
46.2083333333037,-114.333333333248,1.13283415701114e-10
46.2083333333037,-114.124999999913,9.46329705890087e-11
46.2083333333037,-112.166666666564,7.31037317668613e-11
46.2083333333037,-110.708333333219,3.35075677577752e-11
46.2083333333037,-109.708333333211,2.87806179212076e-11
46.2083333333037,-108.833333333204,2.93160490305684e-11
46.2083333333037,-108.124999999865,3.8942405575491e-11
46.2083333333037,-107.291666666525,2.16439758558131e-11
46.2083333333037,-106.124999999849,2.39859920691583e-11
46.2083333333037,-105.583333333178,2.57253771302583e-11
46.2083333333037,-103.74999999983,4.08664504463439e-11
46.2083333333037,-103.624999999829,3.99492272517511e-11
46.2083333333037,-102.791666666489,3.79633182604503e-11
46.2083333333037,-99.5833333331306,5.20512823312384e-11
46.2083333333037,-97.7916666664496,1.07344750792191e-10
46.2083333333037,-95.7916666664337,1.55258824277409e-10
46.2083333333037,-95.0833333330948,1.98541066268564e-10
46.2083333333037,-92.8333333330769,1.57022559627618e-10
46.2083333333037,-90.29166666639,4.63269172313095e-11
46.2083333333037,-89.708333333052,9.64689987797466e-11
46.2083333333037,-88.916666666379,3.76704019054886e-11
46.2083333333037,-87.0833333330311,1.06043077701503e-10
46.2083333333037,-86.6666666663611,9.17449168386248e-11
46.2083333333037,-85.7499999996871,5.60977517478296e-11
46.2083333333037,-85.7083333330201,5.66038140571776e-11
46.2083333333037,-84.4583333330102,5.15422565383788e-10
46.2083333333037,-68.1249999995469,4.1905872842856e-11
46.1666666666367,-123.583333333322,2.11169077391813e-10
46.1666666666367,-122.91666666665,7.07441272762968e-09
46.1666666666367,-122.541666666647,5.38227179607907e-11
46.1666666666367,-120.8333333333,3.27981257841465e-11
46.1666666666367,-120.458333333297,6.53176894226993e-11
46.1666666666367,-120.083333333294,7.61876949227603e-11
46.1666666666367,-118.458333333281,2.38255740146337e-10
46.1666666666367,-117.541666666607,5.72449255718836e-11
46.1666666666367,-116.333333333264,1.96657038646548e-10
46.1666666666367,-114.833333333252,3.20503503747414e-11
46.1666666666367,-114.666666666584,3.26002507280799e-11
46.1666666666367,-114.624999999917,3.27377537982461e-11
46.1666666666367,-113.916666666578,8.05302899507595e-11
46.1666666666367,-113.416666666574,3.63191715778298e-11
46.1666666666367,-112.624999999901,6.3982965797251e-11
46.1666666666367,-108.791666666537,4.38909181603628e-11
46.1666666666367,-106.208333333183,2.45886423513304e-11
46.1666666666367,-105.499999999844,2.4649499106047e-11
46.1666666666367,-104.99999999984,3.11298282354741e-11
46.1666666666367,-102.416666666486,3.48921165379062e-11
46.1666666666367,-102.374999999819,3.50022324399499e-11
46.1666666666367,-102.166666666484,3.17843542009055e-11
46.1666666666367,-100.958333333142,4.90814262658294e-11
46.1666666666367,-99.9166666664666,5.12319983269451e-11
46.1666666666367,-99.4166666664626,4.45213439360294e-11
46.1666666666367,-97.6666666664486,8.21260127323453e-11
46.1666666666367,-97.4583333331137,1.02345733535356e-10
46.1666666666367,-94.9166666664268,2.90157392447624e-10
46.1666666666367,-94.0416666664198,3.25456178446639e-10
46.1666666666367,-89.666666666385,1.03539914881852e-10
46.1666666666367,-89.208333333048,8.31551379272154e-11
46.1666666666367,-87.3333333330331,6.94514183534687e-11
46.1666666666367,-84.3333333330092,1.68804633036842e-10
46.1666666666367,-68.8333333328859,3.95168772465721e-11
46.1249999999697,-121.083333333302,3.13099978655737e-11
46.1249999999697,-119.416666666622,8.85823565554286e-10
46.1249999999697,-118.541666666615,2.65347411309815e-10
46.1249999999697,-118.041666666611,1.90554217042746e-10
46.1249999999697,-117.291666666605,1.6692454090166e-10
46.1249999999697,-117.124999999937,1.05224261550589e-10
46.1249999999697,-116.041666666595,1.0672535149017e-10
46.1249999999697,-115.499999999924,3.37090282545239e-11
46.1249999999697,-114.749999999918,3.1762875865923e-11
46.1249999999697,-114.666666666584,3.19977713609478e-11
46.1249999999697,-113.416666666574,3.31430086179001e-11
46.1249999999697,-112.583333333234,7.11814424847666e-11
46.1249999999697,-110.958333333221,1.39308416825847e-10
46.1249999999697,-110.458333333217,3.68634462156779e-11
46.1249999999697,-110.124999999881,2.89060779110813e-11
46.1249999999697,-109.16666666654,2.89260421337507e-11
46.1249999999697,-108.166666666532,4.52713688196139e-11
46.1249999999697,-108.124999999865,4.13350694601277e-11
46.1249999999697,-107.333333333192,2.58722994870497e-11
46.1249999999697,-106.749999999854,2.51034393950328e-11
46.1249999999697,-106.458333333185,2.40798258209469e-11
46.1249999999697,-105.41666666651,1.24587760992734e-11
46.1249999999697,-104.958333333173,3.15495357616852e-11
46.1249999999697,-104.624999999837,2.45013051900916e-11
46.1249999999697,-104.541666666503,2.56764933124298e-11
46.1249999999697,-101.541666666479,3.7682779067868e-11
46.1249999999697,-101.458333333145,4.01230454780003e-11
46.1249999999697,-100.833333333141,4.75957466656586e-11
46.1249999999697,-98.9999999997926,4.04384624148715e-11
46.1249999999697,-98.4166666664546,4.39354780002894e-11
46.1249999999697,-97.2916666664457,7.86419435536859e-11
46.1249999999697,-96.4166666664387,6.02531667054242e-11
46.1249999999697,-94.6666666664248,3.68757538339677e-10
46.1249999999697,-94.1666666664208,3.67755015126604e-10
46.1249999999697,-92.6666666664089,1.62710951690578e-10
46.1249999999697,-91.9999999997369,1.19810835635709e-10
46.1249999999697,-90.249999999723,4.68233361627892e-11
46.1249999999697,-88.999999999713,3.84374622677402e-11
46.1249999999697,-84.1666666663412,1.17517806781258e-10
46.1249999999697,-84.1249999996742,1.13262355951951e-10
46.1249999999697,-69.9583333328948,1.99487622658144e-11
46.1249999999697,-68.8749999995529,4.03133555024128e-11
46.1249999999697,-68.6249999995509,4.55345093847351e-11
46.1249999999697,-68.4583333328829,4.54667046264213e-11
46.1249999999697,-68.1666666662139,1.0147575186526e-10
46.0833333333027,-120.874999999967,3.12238120078878e-11
46.0833333333027,-120.291666666629,6.59207697306327e-11
46.0833333333027,-119.291666666621,1.47182628477395e-10
46.0833333333027,-118.499999999948,8.44340440794399e-10
46.0833333333027,-117.041666666603,1.00728322708009e-10
46.0833333333027,-116.624999999933,6.21456157697402e-11
46.0833333333027,-112.333333333232,6.27691781671928e-11
46.0833333333027,-110.874999999887,1.37703332278939e-10
46.0833333333027,-110.291666666549,3.2114947512985e-11
46.0833333333027,-110.124999999881,2.95367665673926e-11
46.0833333333027,-109.833333333212,2.64498312540472e-11
46.0833333333027,-109.291666666541,2.30780952023859e-11
46.0833333333027,-108.958333333205,4.0012254987469e-11
46.0833333333027,-108.374999999867,5.19075910908492e-11
46.0833333333027,-107.999999999864,4.05463553516446e-11
46.0833333333027,-106.874999999855,2.48519809497733e-11
46.0833333333027,-103.708333333163,3.89765753677128e-11
46.0833333333027,-103.541666666495,3.40274249664571e-11
46.0833333333027,-99.4583333331296,4.26047700866548e-11
46.0833333333027,-98.2083333331196,5.68681451699891e-11
46.0833333333027,-97.5416666664477,6.81061065056797e-11
46.0833333333027,-97.0833333331107,8.2631471000293e-11
46.0833333333027,-93.2499999997468,1.61640465539805e-10
46.0833333333027,-92.2083333330719,8.80492199066879e-11
46.0833333333027,-91.8749999997359,1.47138371210018e-10
46.0833333333027,-91.3333333330649,1.67439011480272e-10
46.0833333333027,-90.9583333330619,4.93856616130309e-11
46.0833333333027,-88.874999999712,4.0527293194836e-11
46.0833333333027,-87.9583333330381,5.61340950392915e-11
46.0833333333027,-86.3749999996921,7.48847861444835e-11
46.0833333333027,-86.3333333330251,7.59401034739212e-11
46.0833333333027,-83.9166666663392,5.80641543802451e-11
46.0833333333027,-83.5833333330032,7.03339698490691e-11
46.0833333333027,-68.6249999995509,4.68956023468523e-11
46.0833333333027,-68.4999999995499,9.63997675101317e-11
46.0416666666357,-120.583333333298,5.56974044379739e-11
46.0416666666357,-120.208333333295,7.15606527043928e-11
46.0416666666357,-119.833333333292,1.11696134974209e-10
46.0416666666357,-118.708333333283,2.7405393593958e-10
46.0416666666357,-118.666666666616,2.92305445069474e-10
46.0416666666357,-118.291666666613,1.90900297429608e-09
46.0416666666357,-118.166666666612,2.54737478192079e-10
46.0416666666357,-117.49999999994,7.75831681375111e-11
46.0416666666357,-116.24999999993,1.14236016906371e-10
46.0416666666357,-115.541666666591,3.37045877619624e-11
46.0416666666357,-115.249999999922,1.57592307819863e-11
46.0416666666357,-113.958333333245,7.5018975147018e-11
46.0416666666357,-112.458333333233,1.14238341131231e-10
46.0416666666357,-112.208333333231,5.68662718962763e-11
46.0416666666357,-112.124999999897,5.35051714766281e-11
46.0416666666357,-111.749999999894,6.12298089251285e-11
46.0416666666357,-110.916666666554,1.47265343005402e-10
46.0416666666357,-110.666666666552,4.26408099225993e-11
46.0416666666357,-109.208333333207,2.97183901772939e-11
46.0416666666357,-109.16666666654,3.01434344665925e-11
46.0416666666357,-105.291666666509,1.20038313436642e-11
46.0416666666357,-105.083333333174,1.16925171701735e-11
46.0416666666357,-104.916666666506,3.17371778918677e-11
46.0416666666357,-103.583333333162,3.3716892502207e-11
46.0416666666357,-103.083333333158,2.94961503487375e-11
46.0416666666357,-101.374999999811,3.8525585499723e-11
46.0416666666357,-100.916666666475,4.28293321249109e-11
46.0416666666357,-100.666666666473,3.8547503068205e-11
46.0416666666357,-100.333333333137,4.88230732404681e-11
46.0416666666357,-98.7916666664576,2.03914718766806e-11
46.0416666666357,-93.9166666664188,2.53354200251258e-10
46.0416666666357,-90.333333333057,6.59706250581722e-11
46.0416666666357,-90.249999999723,4.35704241381526e-11
46.0416666666357,-90.083333333055,4.48003759626693e-11
46.0416666666357,-89.624999999718,8.30120223198546e-11
46.0416666666357,-87.5416666663681,5.10818517168252e-11
46.0416666666357,-86.5416666663601,7.51753423812572e-11
46.0416666666357,-85.0833333330152,4.7212535303574e-11
46.0416666666357,-84.2083333330082,1.29058630278235e-10
46.0416666666357,-84.1666666663412,1.12179651649694e-10
46.0416666666357,-83.5833333330032,7.10874690443278e-11
46.0416666666357,-70.1249999995628,2.04947147950418e-11
46.0416666666357,-69.7916666662268,2.18381343115175e-11
46.0416666666357,-69.4166666662238,3.71020349756661e-11
46.0416666666357,-68.7916666662189,4.7627516664794e-11
46.0416666666357,-68.2083333328809,7.8129209684021e-11
45.9999999999687,-123.666666666656,7.44141198110922e-11
45.9999999999687,-121.458333333305,1.6959957281589e-10
45.9999999999687,-120.458333333297,1.18283694366177e-10
45.9999999999687,-120.374999999963,1.28043525308025e-10
45.9999999999687,-119.458333333289,1.48657984107702e-10
45.9999999999687,-116.749999999934,8.00858739993555e-11
45.9999999999687,-116.624999999933,7.85105314187032e-11
45.9999999999687,-114.208333333247,2.65199069280749e-11
45.9999999999687,-113.583333333242,3.02688624811311e-11
45.9999999999687,-113.249999999906,3.76898858570894e-11
45.9999999999687,-112.791666666569,7.77852568205635e-11
45.9999999999687,-112.416666666566,2.33603627110966e-10
45.9999999999687,-112.208333333231,5.72051900296289e-11
45.9999999999687,-110.999999999888,1.96447405198113e-10
45.9999999999687,-110.874999999887,1.49702991495557e-10
45.9999999999687,-109.749999999878,2.66792199487148e-11
45.9999999999687,-108.874999999871,1.12675831281803e-10
45.9999999999687,-107.833333333196,4.13160974571053e-11
45.9999999999687,-107.583333333194,3.90017907184846e-11
45.9999999999687,-106.749999999854,3.0797157947126e-11
45.9999999999687,-106.458333333185,2.67987204222304e-11
45.9999999999687,-105.666666666512,2.36885892666266e-11
45.9999999999687,-102.666666666488,3.17093246800021e-11
45.9999999999687,-101.208333333143,3.88168371534718e-11
45.9999999999687,-100.999999999809,4.04928813906924e-11
45.9999999999687,-99.3749999997956,3.9202073953817e-11
45.9999999999687,-99.3333333331286,3.8691925262593e-11
45.9999999999687,-99.0416666664596,3.56883330479715e-11
45.9999999999687,-98.1666666664526,1.03373472248533e-10
45.9999999999687,-95.4999999997647,3.47155607221655e-10
45.9999999999687,-95.2916666664297,4.36920054628856e-10
45.9999999999687,-94.9166666664268,4.62226766699594e-10
45.9999999999687,-94.8749999997598,3.6690833259582e-10
45.9999999999687,-93.7083333330838,1.8556397252096e-10
45.9999999999687,-93.4583333330818,3.08937270432623e-10
45.9999999999687,-91.5833333330669,2.34963440573136e-10
45.9999999999687,-91.4166666663989,2.92405881940641e-10
45.9999999999687,-91.2916666663979,2.48703367281007e-10
45.9999999999687,-89.45833333305,3.32514009914816e-10
45.9999999999687,-89.416666666383,1.86859807343772e-10
45.9999999999687,-89.333333333049,3.52300920054899e-10
45.9999999999687,-88.916666666379,4.16794734125616e-11
45.9999999999687,-88.499999999709,1.18189630246145e-10
45.9999999999687,-88.0416666663721,1.40270064437444e-10
45.9999999999687,-84.9166666663472,4.6677357367532e-11
45.9999999999687,-84.7499999996792,1.66067647056813e-10
45.9999999999687,-84.2499999996752,1.53434322198202e-10
45.9999999999687,-84.1249999996742,1.28178128245415e-10
45.9999999999687,-68.2499999995479,4.57060531633566e-11
45.9583333333017,-123.999999999992,2.37351116492851e-10
45.9583333333017,-123.624999999989,7.00602326896752e-11
45.9583333333017,-123.499999999988,1.17757799123479e-10
45.9583333333017,-123.249999999986,2.94845529512019e-10
45.9583333333017,-122.708333333315,9.8411081042985e-10
45.9583333333017,-122.49999999998,6.08693826872075e-10
45.9583333333017,-120.124999999961,2.04058708402802e-10
45.9583333333017,-117.999999999944,9.44947040846481e-11
45.9583333333017,-117.624999999941,3.00761669875496e-11
45.9583333333017,-116.958333333269,4.21076486760442e-11
45.9583333333017,-116.874999999935,1.51831666534455e-10
45.9583333333017,-114.666666666584,2.99545213873701e-11
45.9583333333017,-112.4999999999,4.32565296652517e-10
45.9583333333017,-111.416666666558,1.76818980438181e-10
45.9583333333017,-111.208333333223,2.45296633644877e-10
45.9583333333017,-109.458333333209,2.82229622108606e-11
45.9583333333017,-108.74999999987,1.04344820097469e-10
45.9583333333017,-106.541666666519,3.0323792164209e-11
45.9583333333017,-105.83333333318,1.44033782817421e-11
45.9583333333017,-104.958333333173,3.09882247974244e-11
45.9583333333017,-103.624999999829,3.2907423686047e-11
45.9583333333017,-103.583333333162,3.2829940172239e-11
45.9583333333017,-103.541666666495,3.27537336337196e-11
45.9583333333017,-101.416666666478,3.5543716293963e-11
45.9583333333017,-100.333333333137,4.52059592811381e-11
45.9583333333017,-99.5833333331306,4.01459478638222e-11
45.9583333333017,-99.0833333331266,3.57190372427935e-11
45.9583333333017,-98.2916666664536,5.52402954597869e-11
45.9583333333017,-97.4583333331137,6.88825413189021e-11
45.9583333333017,-97.0416666664437,7.71239172361067e-11
45.9583333333017,-94.3333333330888,2.4740668792037e-09
45.9583333333017,-92.4583333330739,1.63160664310877e-10
45.9583333333017,-91.9583333330699,1.7584787522905e-10
45.9583333333017,-91.8333333330689,1.79412674148133e-10
45.9583333333017,-91.6249999997339,2.06910844143953e-10
45.9583333333017,-91.4999999997329,3.45537859595415e-10
45.9583333333017,-90.7916666663939,5.12701477541552e-11
45.9583333333017,-90.249999999723,4.30592607285431e-11
45.9583333333017,-88.62499999971,1.0125513060115e-10
45.9583333333017,-87.9166666663711,1.40271777467536e-10
45.9583333333017,-86.5416666663601,9.54758948146292e-11
45.9583333333017,-83.9583333330062,8.43004788146864e-11
45.9583333333017,-83.4999999996692,1.2439841739209e-10
45.9166666666347,-122.999999999984,6.72792174400248e-10
45.9166666666347,-122.666666666648,1.37977866042748e-09
45.9166666666347,-121.916666666642,4.22444806924752e-11
45.9166666666347,-120.791666666633,8.02646602216513e-11
45.9166666666347,-120.124999999961,2.12957594031184e-10
45.9166666666347,-119.833333333292,1.24819397485351e-10
45.9166666666347,-118.74999999995,3.03990533739515e-10
45.9166666666347,-118.499999999948,1.9557468244785e-09
45.9166666666347,-118.041666666611,1.84129961456626e-10
45.9166666666347,-116.833333333268,1.44421839477041e-10
45.9166666666347,-116.708333333267,7.00997467583492e-11
45.9166666666347,-116.124999999929,8.86878530507594e-11
45.9166666666347,-115.374999999923,1.66266979330756e-11
45.9166666666347,-113.916666666578,2.07222890073144e-11
45.9166666666347,-113.416666666574,3.37702440170036e-11
45.9166666666347,-113.124999999905,4.01852743433279e-11
45.9166666666347,-111.624999999893,7.00285163962523e-11
45.9166666666347,-111.208333333223,2.60235565730886e-10
45.9166666666347,-108.083333333198,4.04067191181415e-11
45.9166666666347,-107.374999999859,4.41929415416183e-11
45.9166666666347,-104.833333333172,2.15594217823795e-11
45.9166666666347,-102.458333333153,3.08875113912694e-11
45.9166666666347,-101.999999999816,2.72368979585406e-11
45.9166666666347,-100.416666666471,4.32068408345169e-11
45.9166666666347,-99.7083333331316,3.8061926568561e-11
45.9166666666347,-98.1249999997856,8.26057242085988e-11
45.9166666666347,-97.8749999997836,8.16208377572206e-11
45.9166666666347,-97.4999999997807,6.1417157268515e-11
45.9166666666347,-96.9166666664427,7.45044792418409e-11
45.9166666666347,-95.4166666664307,4.31198697522366e-10
45.9166666666347,-94.4999999997568,4.68801900206212e-10
45.9166666666347,-93.3333333330808,3.67945505103845e-10
45.9166666666347,-90.374999999724,2.33762170511622e-10
45.9166666666347,-87.7916666663701,1.60564830549168e-10
45.9166666666347,-87.7083333330361,1.27339387456978e-10
45.9166666666347,-87.5833333330351,1.29757895843516e-10
45.9166666666347,-87.3333333330331,1.25958412456823e-10
45.9166666666347,-86.6249999996941,8.87361125742815e-11
45.9166666666347,-86.4583333330261,9.45469022858254e-11
45.9166666666347,-84.7499999996792,1.64707295824605e-10
45.9166666666347,-84.5416666663442,3.36623007749994e-11
45.9166666666347,-84.4999999996772,3.37061063061943e-11
45.9166666666347,-84.2083333330082,7.30994562969052e-11
45.9166666666347,-83.4999999996692,7.61006817488247e-11
45.9166666666347,-70.0833333328958,2.32578078424107e-11
45.9166666666347,-68.2916666662149,4.88800956514539e-11
45.8749999999677,-121.416666666638,2.89240863015961e-10
45.8749999999677,-120.499999999964,9.76805600749951e-11
45.8749999999677,-118.999999999952,2.64748708947322e-10
45.8749999999677,-118.458333333281,3.44890183902116e-10
45.8749999999677,-118.416666666614,3.32818380183e-10
45.8749999999677,-117.874999999943,5.55604425736406e-11
45.8749999999677,-117.041666666603,3.94630544971845e-11
45.8749999999677,-113.208333333239,3.74685210032784e-11
45.8749999999677,-112.958333333237,5.7374546121198e-11
45.8749999999677,-112.874999999903,6.20275076996065e-11
45.8749999999677,-112.416666666566,1.20297756219968e-10
45.8749999999677,-111.291666666557,2.98043869312751e-10
45.8749999999677,-108.74999999987,9.27002641726074e-11
45.8749999999677,-108.499999999868,8.22943630113783e-10
45.8749999999677,-106.416666666518,2.61192307176624e-11
45.8749999999677,-105.666666666512,2.28898616960611e-11
45.8749999999677,-104.541666666503,2.3441395820254e-11
45.8749999999677,-103.374999999827,3.02744824173674e-11
45.8749999999677,-100.874999999808,3.4064448201269e-11
45.8749999999677,-98.9583333331256,2.16386915900612e-11
45.8749999999677,-98.6666666664566,4.69510829812239e-11
45.8749999999677,-97.2083333331117,6.07254201480736e-11
45.8749999999677,-96.5416666664397,7.52624034106e-11
45.8749999999677,-96.2083333331037,1.28880299906185e-10
45.8749999999677,-95.7499999997667,1.49152827898997e-10
45.8749999999677,-93.9583333330858,4.16695013674534e-10
45.8749999999677,-92.1666666664049,1.67299430435612e-10
45.8749999999677,-92.1249999997379,1.73747512650583e-10
45.8749999999677,-89.791666666386,3.99008549421004e-10
45.8749999999677,-89.083333333047,1.77438738462689e-10
45.8749999999677,-88.916666666379,4.38932679217152e-11
45.8749999999677,-88.499999999709,7.97614615053872e-11
45.8749999999677,-88.458333333042,8.23292811780043e-11
45.8749999999677,-87.6249999997021,1.33306404619662e-10
45.8749999999677,-68.5833333328839,5.74752958614467e-11
45.8749999999677,-68.1666666662139,4.72407872810132e-11
45.8749999999677,-67.9999999995459,4.34103562549253e-11
45.8333333333007,-123.916666666658,1.33900932654745e-10
45.8333333333007,-123.458333333321,7.58565097700579e-11
45.8333333333007,-123.33333333332,1.5504989834303e-10
45.8333333333007,-123.083333333318,4.2690749640529e-10
45.8333333333007,-122.833333333316,5.20319476256296e-09
45.8333333333007,-122.541666666647,2.21945267172597e-09
45.8333333333007,-121.041666666635,1.25025796288546e-10
45.8333333333007,-115.958333333261,6.43335469394947e-11
45.8333333333007,-115.541666666591,2.94076465284879e-11
45.8333333333007,-115.083333333254,1.50441050838332e-11
45.8333333333007,-113.999999999912,2.66629290106229e-11
45.8333333333007,-113.916666666578,2.10061652704018e-11
45.8333333333007,-112.624999999901,7.47289033446038e-11
45.8333333333007,-112.416666666566,1.08998311106565e-10
45.8333333333007,-112.374999999899,5.92495801430543e-11
45.8333333333007,-112.249999999898,5.37341214946551e-11
45.8333333333007,-111.833333333228,5.36363477482207e-11
45.8333333333007,-110.916666666554,1.94124708869399e-10
45.8333333333007,-110.624999999885,4.36275814389388e-11
45.8333333333007,-109.208333333207,3.17121217329882e-11
45.8333333333007,-109.124999999873,3.4469004810472e-11
45.8333333333007,-108.166666666532,6.05818933187334e-11
45.8333333333007,-107.708333333195,4.55015466386122e-11
45.8333333333007,-106.208333333183,2.5101045642797e-11
45.8333333333007,-106.124999999849,2.4376411327025e-11
45.8333333333007,-103.916666666498,2.91129507186073e-11
45.8333333333007,-103.583333333162,3.02761813072105e-11
45.8333333333007,-102.666666666488,2.54294128523545e-11
45.8333333333007,-100.499999999805,3.49917405671651e-11
45.8333333333007,-97.0416666664437,7.37718478877786e-11
45.8333333333007,-96.7083333331077,7.67327698519854e-11
45.8333333333007,-94.9166666664268,2.87706046300123e-10
45.8333333333007,-94.7916666664258,3.06860407584562e-10
45.8333333333007,-94.0833333330868,5.19401281136431e-10
45.8333333333007,-93.6249999997498,3.35935033960113e-10
45.8333333333007,-93.0833333330788,3.9332878367618e-10
45.8333333333007,-92.3333333330729,2.42097989369264e-10
45.8333333333007,-90.8333333330609,5.09149001738133e-11
45.8333333333007,-90.4999999997249,1.05043594054467e-10
45.8333333333007,-90.083333333055,4.85886156769823e-11
45.8333333333007,-89.87499999972,1.61090732568979e-10
45.8333333333007,-86.9166666663631,1.38797050817597e-10
45.8333333333007,-69.4999999995578,4.6376129351075e-11
45.8333333333007,-68.5833333328839,6.10464483294421e-11
45.8333333333007,-67.9583333328789,4.05399804192794e-11
45.7916666666337,-122.08333333331,2.92555167656264e-10
45.7916666666337,-120.749999999966,8.18102086413004e-11
45.7916666666337,-120.666666666632,5.76348585519586e-11
45.7916666666337,-120.166666666628,1.67445822999357e-10
45.7916666666337,-119.333333333288,2.84148071532649e-10
45.7916666666337,-118.416666666614,1.27436687215388e-10
45.7916666666337,-117.791666666609,3.35270697204229e-11
45.7916666666337,-117.416666666606,5.30592933939397e-11
45.7916666666337,-115.874999999927,1.89058276131488e-11
45.7916666666337,-113.874999999911,2.12775990253457e-11
45.7916666666337,-111.624999999893,7.60881191264671e-11
45.7916666666337,-111.541666666559,1.51057743431946e-10
45.7916666666337,-110.333333333216,4.65746472682403e-11
45.7916666666337,-107.874999999863,4.5743016655035e-11
45.7916666666337,-107.833333333196,4.62013740495664e-11
45.7916666666337,-107.749999999862,4.77220077497256e-11
45.7916666666337,-107.416666666526,3.71613314822128e-11
45.7916666666337,-107.208333333191,2.92305064168321e-11
45.7916666666337,-106.083333333182,2.40781769773773e-11
45.7916666666337,-103.666666666496,2.98968666775795e-11
45.7916666666337,-102.541666666487,2.4216710454536e-11
45.7916666666337,-102.458333333153,2.44445832636539e-11
45.7916666666337,-102.249999999818,2.4907992033729e-11
45.7916666666337,-101.499999999812,2.98710443347737e-11
45.7916666666337,-100.958333333142,3.14455101285309e-11
45.7916666666337,-99.4999999997966,3.45763540385299e-11
45.7916666666337,-97.9583333331176,1.13112622475533e-10
45.7916666666337,-96.4583333331057,5.90662890730169e-11
45.7916666666337,-96.3749999997717,5.95346921692425e-11
45.7916666666337,-96.2083333331037,6.56374419137592e-11
45.7916666666337,-95.4999999997647,4.41675596915766e-10
45.7916666666337,-94.5416666664238,5.25659417219519e-10
45.7916666666337,-94.0833333330868,5.76813271080582e-10
45.7916666666337,-92.7083333330759,3.21304581889538e-10
45.7916666666337,-92.3333333330729,2.30271510585959e-10
45.7916666666337,-92.2083333330719,1.7651074394218e-10
45.7916666666337,-91.0833333330629,8.49461983023326e-11
45.7916666666337,-90.7083333330599,4.69692042932893e-11
45.7916666666337,-89.87499999972,1.37090571527599e-10
45.7916666666337,-88.583333333043,8.49500840476598e-11
45.7916666666337,-87.7499999997031,1.47627482710678e-10
45.7916666666337,-86.7499999996951,5.84817613559161e-11
45.7916666666337,-84.9166666663472,1.16303236097729e-10
45.7916666666337,-69.4166666662238,4.86074240832202e-11
45.7916666666337,-68.7916666662189,6.26599819006041e-11
45.7916666666337,-67.8333333328779,8.05876674751068e-11
45.7499999999667,-121.083333333302,1.95336036761607e-10
45.7499999999667,-117.999999999944,7.15990365417535e-11
45.7499999999667,-117.541666666607,5.51488683945119e-11
45.7499999999667,-116.166666666596,4.41863225786912e-11
45.7499999999667,-115.208333333255,1.57271878636235e-11
45.7499999999667,-113.666666666576,3.05703104220496e-11
45.7499999999667,-113.291666666573,3.38894833154668e-11
45.7499999999667,-110.791666666553,4.8814732934379e-11
45.7499999999667,-110.374999999883,5.14560140048745e-11
45.7499999999667,-110.083333333214,3.29544611887584e-11
45.7499999999667,-109.874999999879,2.83144441526879e-11
45.7499999999667,-107.958333333197,4.36127010541936e-11
45.7499999999667,-107.791666666529,4.72529327725153e-11
45.7499999999667,-107.08333333319,1.31258943642934e-11
45.7499999999667,-106.541666666519,2.57999043840886e-11
45.7499999999667,-105.291666666509,1.71397667900733e-11
45.7499999999667,-101.874999999815,2.54426538747627e-11
45.7499999999667,-100.083333333135,6.01378261766579e-11
45.7499999999667,-99.7083333331316,3.38355432477974e-11
45.7499999999667,-97.3333333331127,7.28241648614942e-11
45.7499999999667,-97.2083333331117,5.69395463382419e-11
45.7499999999667,-96.2916666664377,6.1884101877617e-11
45.7499999999667,-93.8749999997518,7.22984358269438e-10
45.7499999999667,-93.6249999997498,1.25045084307012e-09
45.7499999999667,-92.9999999997448,4.52402339280529e-10
45.7499999999667,-92.9166666664108,3.67586862807867e-10
45.7499999999667,-90.083333333055,5.36330509976624e-11
45.7499999999667,-89.291666666382,1.57697556972036e-10
45.7499999999667,-89.083333333047,1.32055696394313e-10
45.7499999999667,-88.458333333042,1.07371520787642e-10
45.7499999999667,-87.0833333330311,1.67630857691186e-09
45.7499999999667,-69.2499999995558,4.98913453915723e-11
45.7083333332997,-123.958333333325,1.17582433846775e-10
45.7083333332997,-122.249999999978,5.27180904735808e-10
45.7083333332997,-121.916666666642,4.64618797517586e-10
45.7083333332997,-121.333333333304,2.99296360626449e-10
45.7083333332997,-120.583333333298,6.94533733734e-11
45.7083333332997,-120.499999999964,1.13282788808129e-10
45.7083333332997,-119.99999999996,2.92125404275739e-10
45.7083333332997,-119.958333333293,2.79936813773049e-10
45.7083333332997,-118.374999999947,1.12289058119039e-10
45.7083333332997,-117.666666666608,3.31028816241725e-11
45.7083333332997,-117.541666666607,5.66118543675348e-11
45.7083333332997,-117.291666666605,3.01978137689581e-11
45.7083333332997,-116.874999999935,3.74685120188233e-11
45.7083333332997,-115.374999999923,1.61609698110702e-11
45.7083333332997,-115.333333333256,1.60427074788431e-11
45.7083333332997,-114.416666666582,2.5940669052737e-11
45.7083333332997,-114.249999999914,2.63030402667843e-11
45.7083333332997,-113.124999999905,3.57323426664083e-11
45.7083333332997,-111.499999999892,2.09596350200733e-10
45.7083333332997,-107.624999999861,3.64109480507078e-11
45.7083333332997,-107.374999999859,1.74423174758214e-11
45.7083333332997,-106.24999999985,2.51138590105246e-11
45.7083333332997,-105.124999999841,1.1643062045463e-11
45.7083333332997,-103.624999999829,2.91476004410115e-11
45.7083333332997,-103.291666666493,1.4097132978853e-11
45.7083333332997,-101.583333333146,2.7783920685089e-11
45.7083333332997,-101.333333333144,3.01770683772359e-11
45.7083333332997,-100.458333333138,3.18125358170851e-11
45.7083333332997,-100.041666666468,5.81215601996697e-11
45.7083333332997,-99.6249999997976,3.3058387846266e-11
45.7083333332997,-93.4583333330818,4.62358050589043e-10
45.7083333332997,-92.5833333330749,2.03951444309243e-10
45.7083333332997,-92.2499999997389,1.95133295470862e-10
45.7083333332997,-69.5833333328918,5.66560011137427e-11
45.6666666666327,-123.708333333323,1.39147511845154e-10
45.6666666666327,-123.458333333321,1.55385707596329e-10
45.6666666666327,-122.708333333315,4.69127143785001e-09
45.6666666666327,-121.749999999974,2.29339935447322e-10
45.6666666666327,-121.083333333302,1.333246114663e-10
45.6666666666327,-120.791666666633,5.70429755935066e-11
45.6666666666327,-120.208333333295,1.33467306869317e-10
45.6666666666327,-120.166666666628,1.23137542578396e-10
45.6666666666327,-119.958333333293,2.91753122968976e-10
45.6666666666327,-118.791666666617,1.46558352512624e-09
45.6666666666327,-116.708333333267,3.49633096805949e-11
45.6666666666327,-115.874999999927,1.81990160238328e-11
45.6666666666327,-114.291666666581,2.62422138992071e-11
45.6666666666327,-112.666666666568,4.76608143197067e-11
45.6666666666327,-112.08333333323,4.22196938313472e-11
45.6666666666327,-110.958333333221,4.19273948839225e-10
45.6666666666327,-109.58333333321,3.94439521812307e-11
45.6666666666327,-108.541666666535,1.01907786818831e-10
45.6666666666327,-107.416666666526,1.78242623201114e-11
45.6666666666327,-106.749999999854,3.11280917472871e-11
45.6666666666327,-106.374999999851,3.83028451878576e-11
45.6666666666327,-105.374999999843,1.70796813683298e-11
45.6666666666327,-104.58333333317,2.21746731782409e-11
45.6666666666327,-102.791666666489,2.96316105599113e-11
45.6666666666327,-102.624999999821,2.39881226363718e-11
45.6666666666327,-100.124999999802,5.62684921956769e-11
45.6666666666327,-99.2499999997946,3.98763495035748e-11
45.6666666666327,-98.7916666664576,4.91120566630839e-11
45.6666666666327,-98.0416666664516,5.28478667570506e-11
45.6666666666327,-95.2916666664297,1.64644400514735e-10
45.6666666666327,-93.9583333330858,1.13785367744833e-09
45.6666666666327,-92.8333333330769,2.83125562136524e-10
45.6666666666327,-91.6249999997339,2.42316738251712e-10
45.6666666666327,-90.5833333330589,8.24423541625533e-11
45.6666666666327,-90.374999999724,8.61883217526169e-11
45.6666666666327,-90.29166666639,1.17864908298201e-10
45.6666666666327,-90.083333333055,8.18887120448359e-11
45.6666666666327,-88.833333333045,9.59411198371403e-11
45.6666666666327,-87.3749999997001,2.95754472599829e-10
45.6666666666327,-85.5416666663522,1.58372114497796e-10
45.6249999999657,-121.833333333308,2.39804869112539e-10
45.6249999999657,-119.833333333292,2.92018430903625e-10
45.6249999999657,-118.291666666613,8.86725010435288e-11
45.6249999999657,-117.291666666605,5.91534822691048e-11
45.6249999999657,-115.249999999922,2.67984786337631e-11
45.6249999999657,-114.083333333246,2.73387078852801e-11
45.6249999999657,-113.791666666577,3.0861698599377e-11
45.6249999999657,-112.91666666657,4.14906218468728e-11
45.6249999999657,-109.749999999878,2.84420604579954e-11
45.6249999999657,-108.958333333205,8.54670140518205e-11
45.6249999999657,-107.791666666529,3.04292269544874e-11
45.6249999999657,-107.249999999858,1.46415598837164e-11
45.6249999999657,-106.416666666518,3.81670857299668e-11
45.6249999999657,-106.291666666517,2.1087525062679e-11
45.6249999999657,-105.916666666514,1.42808306867652e-11
45.6249999999657,-102.333333333152,2.27970762243216e-11
45.6249999999657,-102.124999999817,2.54382284966704e-11
45.6249999999657,-101.66666666648,2.84444326341469e-11
45.6249999999657,-100.249999999803,3.59934009730524e-11
45.6249999999657,-100.083333333135,5.49951631285553e-11
45.6249999999657,-99.6249999997976,3.15672564663212e-11
45.6249999999657,-98.7083333331236,5.54526272020009e-11
45.6249999999657,-95.7916666664337,1.06565256359567e-10
45.6249999999657,-94.7083333330918,5.01376021573642e-10
45.6249999999657,-92.4166666664069,3.163197358214e-10
45.6249999999657,-91.6249999997339,2.52566141862799e-10
45.6249999999657,-89.166666666381,1.48549119411475e-10
45.6249999999657,-88.458333333042,1.05088384451321e-10
45.6249999999657,-87.9999999997051,2.19129364482971e-10
45.6249999999657,-87.3333333330331,3.22693478853525e-10
45.6249999999657,-86.7499999996951,5.32545993152067e-11
45.6249999999657,-84.8333333330132,3.44682809431041e-10
45.6249999999657,-84.7499999996792,3.16461115699695e-10
45.6249999999657,-70.4583333328988,5.32026367244792e-11
45.6249999999657,-68.7083333328849,1.01586368888621e-09
45.6249999999657,-68.3333333328819,5.58351802125884e-11
45.5833333332987,-122.708333333315,3.14781451790639e-08
45.5833333332987,-117.958333333277,1.11307152016505e-10
45.5833333332987,-116.208333333263,2.72104100482961e-11
45.5833333332987,-115.208333333255,2.6636678051569e-11
45.5833333332987,-112.999999999904,4.66329493832291e-11
45.5833333332987,-112.749999999902,4.43364216740179e-11
45.5833333332987,-112.583333333234,4.56676501007795e-11
45.5833333332987,-112.124999999897,3.99060242279528e-11
45.5833333332987,-109.416666666542,6.97667578396254e-11
45.5833333332987,-108.458333333201,7.45259533867032e-11
45.5833333332987,-108.249999999866,6.23269692656073e-11
45.5833333332987,-107.749999999862,2.98543397019137e-11
45.5833333332987,-107.416666666526,2.37990992078031e-11
45.5833333332987,-105.333333333176,2.03264403029908e-11
45.5833333332987,-105.124999999841,2.03546898360971e-11
45.5833333332987,-105.083333333174,1.17045880209224e-11
45.5833333332987,-104.499999999836,2.13120304723621e-11
45.5833333332987,-104.124999999833,2.60583273370637e-11
45.5833333332987,-103.083333333158,1.36464267439788e-11
45.5833333332987,-102.583333333154,2.34444414124652e-11
45.5833333332987,-99.2916666664616,4.01197599913721e-11
45.5833333332987,-98.2499999997866,6.2151125618046e-11
45.5833333332987,-95.9583333331017,2.99261860775352e-10
45.5833333332987,-95.4999999997647,1.12872333142803e-10
45.5833333332987,-95.4583333330977,1.15358696302591e-10
45.5833333332987,-95.1666666664288,1.89990599891994e-10
45.5833333332987,-94.2916666664218,7.73602680011067e-09
45.5833333332987,-94.2083333330878,1.15877759839502e-08
45.5833333332987,-94.1249999997538,2.44300242530936e-08
45.5833333332987,-93.9166666664188,1.19701748176832e-09
45.5833333332987,-92.6249999997419,3.47276641470979e-10
45.5833333332987,-91.7083333330679,3.45655755859198e-10
45.5833333332987,-91.1249999997299,1.33702974889647e-10
45.5833333332987,-90.7499999997269,7.83871004602975e-11
45.5833333332987,-89.916666666387,1.1019984341222e-10
45.5833333332987,-87.9583333330381,1.36869282517425e-10
45.5833333332987,-87.8333333330371,1.24121649435586e-10
45.5833333332987,-87.7083333330361,1.38840690715316e-10
45.5833333332987,-85.0416666663482,4.18942123237014e-10
45.5833333332987,-69.5833333328918,6.92914398161474e-11
45.5833333332987,-68.5833333328839,7.1316873486876e-11
45.5833333332987,-68.0833333328799,4.78404288142505e-11
45.5416666666317,-123.74999999999,2.46457910873561e-10
45.5416666666317,-123.583333333322,2.54107494533429e-10
45.5416666666317,-120.541666666631,6.64478463647457e-11
45.5416666666317,-119.749999999958,9.79052308114674e-11
45.5416666666317,-117.583333333274,5.66058610649856e-11
45.5416666666317,-114.416666666582,2.59137914866832e-11
45.5416666666317,-114.249999999914,1.70761030853558e-11
45.5416666666317,-114.16666666658,1.73952786000103e-11
45.5416666666317,-114.124999999913,2.0370963753289e-11
45.5416666666317,-112.541666666567,4.45133597042938e-11
45.5416666666317,-112.458333333233,4.27264336750293e-11
45.5416666666317,-111.791666666561,3.6532453145577e-11
45.5416666666317,-111.416666666558,5.92388986105693e-11
45.5416666666317,-110.916666666554,2.98263364103257e-10
45.5416666666317,-109.749999999878,3.43776904596398e-11
45.5416666666317,-109.666666666544,3.37168434033802e-11
45.5416666666317,-109.291666666541,7.12355466297243e-11
45.5416666666317,-108.74999999987,7.13405892741261e-11
45.5416666666317,-105.041666666507,1.18103258265158e-11
45.5416666666317,-104.99999999984,1.18880314327178e-11
45.5416666666317,-103.249999999826,1.35780173922625e-11
45.5416666666317,-102.291666666485,2.47291630007228e-11
45.5416666666317,-99.1249999997936,4.52719724359522e-11
45.5416666666317,-98.9166666664586,5.47101553426538e-11
45.5416666666317,-98.3333333331206,8.62380375023605e-11
45.5416666666317,-98.0833333331186,6.27388714274988e-11
45.5416666666317,-97.5833333331147,5.23216568715717e-11
45.5416666666317,-97.2083333331117,7.8228390446989e-11
45.5416666666317,-95.9583333331017,2.86038585335012e-10
45.5416666666317,-94.4583333330898,1.17977495262916e-09
45.5416666666317,-94.2916666664218,8.11914100871012e-09
45.5416666666317,-93.6666666664168,1.01923428826219e-09
45.5416666666317,-93.4999999997488,7.95571538227195e-10
45.5416666666317,-93.4166666664148,6.26384074108486e-10
45.5416666666317,-93.1666666664128,1.03601057503678e-09
45.5416666666317,-91.4166666663989,1.47519054351896e-10
45.5416666666317,-89.04166666638,1.05966889624719e-10
45.5416666666317,-88.666666666377,7.91653470443908e-11
45.5416666666317,-85.5833333330192,1.03872334058927e-10
45.5416666666317,-70.1666666662298,7.06415771079466e-11
45.4999999999647,-123.374999999987,1.82415639051914e-10
45.4999999999647,-121.458333333305,1.85002821431186e-10
45.4999999999647,-120.958333333301,6.71692058546553e-11
45.4999999999647,-120.624999999965,7.30850470189709e-11
45.4999999999647,-120.374999999963,9.50153982021221e-11
45.4999999999647,-120.333333333296,8.95100207089452e-11
45.4999999999647,-120.291666666629,9.29337367449535e-11
45.4999999999647,-119.708333333291,9.29666299414541e-11
45.4999999999647,-117.416666666606,5.9274301807709e-11
45.4999999999647,-117.124999999937,6.10732139474061e-11
45.4999999999647,-116.24999999993,1.99528034958523e-11
45.4999999999647,-115.708333333259,1.65761721643157e-11
45.4999999999647,-115.499999999924,1.65197632461626e-11
45.4999999999647,-114.99999999992,1.46406115567082e-11
45.4999999999647,-114.874999999919,1.47034729071962e-11
45.4999999999647,-113.999999999912,2.61281178815318e-11
45.4999999999647,-111.124999999889,1.45603041383558e-10
45.4999999999647,-109.708333333211,4.11319499179271e-11
45.4999999999647,-107.749999999862,2.79779073860627e-11
45.4999999999647,-107.416666666526,2.32018134427433e-11
45.4999999999647,-107.041666666523,1.99300519538934e-11
45.4999999999647,-105.083333333174,2.0527404685301e-11
45.4999999999647,-103.74999999983,2.74193058389727e-11
45.4999999999647,-103.291666666493,2.78073277264485e-11
45.4999999999647,-102.124999999817,2.43046748032658e-11
45.4999999999647,-99.7083333331316,3.54463206894721e-11
45.4999999999647,-98.7083333331236,8.09243566685226e-11
45.4999999999647,-98.2916666664536,1.23757002492524e-10
45.4999999999647,-97.9583333331176,5.14585101587012e-11
45.4999999999647,-97.5416666664477,5.14699241131866e-11
45.4999999999647,-96.7916666664417,8.91784230268805e-11
45.4999999999647,-96.4999999997727,6.62268277248969e-11
45.4999999999647,-94.4999999997568,1.69686965031008e-09
45.4999999999647,-94.3333333330888,1.7253448027543e-09
45.4999999999647,-93.8333333330848,3.0102282300414e-09
45.4999999999647,-93.4166666664148,7.28143390516904e-10
45.4999999999647,-92.3749999997399,3.08206837456916e-10
45.4999999999647,-90.374999999724,1.1021741313193e-10
45.4999999999647,-89.45833333305,2.34653292720455e-10
45.4999999999647,-86.6666666663611,4.51696685017571e-11
45.4999999999647,-84.9166666663472,1.58011547151162e-09
45.4999999999647,-69.6666666662258,1.37003176736261e-10
45.4999999999647,-69.3333333328898,7.59411352546926e-11
45.4999999999647,-68.3333333328819,1.08649289427047e-10
45.4999999999647,-68.2083333328809,4.62075608901328e-11
45.4583333332977,-123.874999999991,4.6106685660461e-10
45.4583333332977,-122.166666666644,5.62019522236155e-10
45.4583333332977,-121.749999999974,9.48441534756815e-11
45.4583333332977,-121.124999999969,8.45622927320126e-11
45.4583333332977,-119.916666666626,8.66200114166072e-11
45.4583333332977,-118.541666666615,8.3512622346184e-11
45.4583333332977,-117.291666666605,1.79185466530287e-10
45.4583333332977,-116.958333333269,4.78273319386108e-11
45.4583333332977,-113.791666666577,1.90252623724041e-11
45.4583333332977,-113.166666666572,5.0820626295961e-11
45.4583333332977,-112.249999999898,4.2574115754336e-11
45.4583333332977,-111.583333333226,4.4596937257323e-11
45.4583333332977,-110.999999999888,2.46323505886008e-10
45.4583333332977,-110.291666666549,3.91157626661665e-11
45.4583333332977,-110.041666666547,3.34895931096912e-11
45.4583333332977,-108.958333333205,8.61580123980716e-11
45.4583333332977,-108.458333333201,1.99967930222156e-11
45.4583333332977,-108.3333333332,1.90267499968424e-11
45.4583333332977,-105.999999999848,1.97258709561613e-11
45.4583333332977,-105.083333333174,1.17953908414384e-11
45.4583333332977,-104.99999999984,1.19391336255247e-11
45.4583333332977,-103.791666666497,2.70703940217178e-11
45.4583333332977,-101.708333333147,2.5806656059657e-11
45.4583333332977,-101.583333333146,2.64544870439433e-11
45.4583333332977,-100.374999999804,2.90293690107137e-11
45.4583333332977,-100.083333333135,2.8935431725276e-11
45.4583333332977,-99.9583333331336,2.89543387855124e-11
45.4583333332977,-98.7499999997906,7.40528261290555e-11
45.4583333332977,-97.1249999997777,8.45113578937116e-11
45.4583333332977,-96.9583333331097,1.11438715640906e-10
45.4583333332977,-96.1666666664367,7.97467572248232e-11
45.4583333332977,-96.0416666664357,9.88158576107135e-11
45.4583333332977,-94.6249999997578,5.64003968616237e-10
45.4583333332977,-94.3333333330888,2.17325842059472e-09
45.4583333332977,-93.1666666664128,1.0342712658673e-09
45.4583333332977,-90.29166666639,1.07130574266058e-10
45.4583333332977,-89.124999999714,1.18749393977644e-10
45.4583333332977,-88.124999999706,5.51511037329017e-11
45.4583333332977,-87.4583333330341,1.72935652431971e-10
45.4583333332977,-84.6666666663452,7.27034174171864e-09
45.4583333332977,-84.2499999996752,1.85982809436878e-10
45.4583333332977,-69.7083333328928,1.39150662384195e-10
45.4583333332977,-69.5416666662248,2.44290545668822e-10
45.4583333332977,-69.4999999995578,9.79072348789224e-11
45.4583333332977,-69.3749999995568,8.45647761422857e-11
45.4583333332977,-68.7916666662189,1.41747889371303e-10
45.4166666666307,-122.541666666647,3.85453475226311e-08
45.4166666666307,-119.916666666626,8.40030202175905e-11
45.4166666666307,-119.291666666621,8.36596844213074e-11
45.4166666666307,-115.583333333258,2.87196268953692e-11
45.4166666666307,-115.166666666588,2.64218066906824e-11
45.4166666666307,-114.708333333251,1.48542590020578e-11
45.4166666666307,-113.499999999908,3.31624761982308e-11
45.4166666666307,-113.374999999907,3.27384558474848e-11
45.4166666666307,-113.249999999906,3.37645818633863e-11
45.4166666666307,-112.999999999904,5.62318325127777e-11
45.4166666666307,-112.958333333237,5.76457118432065e-11
45.4166666666307,-112.874999999903,4.19505347693338e-11
45.4166666666307,-110.83333333322,4.40671534600713e-11
45.4166666666307,-108.249999999866,1.64084012529133e-11
45.4166666666307,-107.208333333191,2.51151209763333e-11
45.4166666666307,-107.166666666524,2.49472191925475e-11
45.4166666666307,-107.08333333319,2.01749528882412e-11
45.4166666666307,-105.999999999848,2.12968451071734e-11
45.4166666666307,-104.833333333172,2.14245849039902e-11
45.4166666666307,-104.333333333168,2.02172971745914e-11
45.4166666666307,-104.208333333167,1.28115170649741e-11
45.4166666666307,-103.958333333165,2.6683467922609e-11
45.4166666666307,-102.791666666489,2.82511023928754e-11
45.4166666666307,-102.041666666483,2.36821772338359e-11
45.4166666666307,-101.874999999815,2.34079976618901e-11
45.4166666666307,-99.4583333331296,3.62278446214049e-11
45.4166666666307,-98.9999999997926,5.03060479783788e-11
45.4166666666307,-98.7916666664576,6.65376257607849e-11
45.4166666666307,-97.5416666664477,5.16060540865877e-11
45.4166666666307,-97.0416666664437,8.48141174084359e-11
45.4166666666307,-95.9999999997687,2.14111183058436e-10
45.4166666666307,-95.4166666664307,1.26713240870215e-10
45.4166666666307,-93.6666666664168,1.4431033596212e-09
45.4166666666307,-93.5833333330828,2.48273867983534e-09
45.4166666666307,-93.3749999997478,1.16272678817872e-09
45.4166666666307,-92.9166666664108,1.57411807272648e-09
45.4166666666307,-91.8333333330689,4.40231166025255e-10
45.4166666666307,-91.7499999997349,6.99113015442354e-10
45.4166666666307,-91.1249999997299,4.52325047450404e-10
45.4166666666307,-90.7916666663939,9.70649025911369e-11
45.4166666666307,-89.999999999721,1.19045236397166e-10
45.4166666666307,-88.0833333330391,1.38340608362939e-10
45.4166666666307,-83.9583333330062,1.61030951926977e-10
45.4166666666307,-83.8749999996722,1.81986357087763e-10
45.4166666666307,-70.5416666662328,5.39023753962326e-11
45.4166666666307,-69.9999999995618,5.714080342645e-11
45.4166666666307,-69.3333333328898,8.62002181881785e-11
45.4166666666307,-68.8749999995529,1.10473581533327e-10
45.4166666666307,-67.9166666662119,4.65552662335408e-11
45.4166666666307,-67.4166666662079,2.39755212226493e-11
45.3749999999637,-122.124999999977,8.77013914620542e-10
45.3749999999637,-120.333333333296,8.32631594499694e-11
45.3749999999637,-119.99999999996,8.48950027850711e-11
45.3749999999637,-119.874999999959,7.99559575397852e-11
45.3749999999637,-119.791666666625,7.72027355554624e-11
45.3749999999637,-119.374999999955,7.87121258331095e-11
45.3749999999637,-115.583333333258,2.77049984168574e-11
45.3749999999637,-115.458333333257,2.76030502331218e-11
45.3749999999637,-113.583333333242,3.30074276488348e-11
45.3749999999637,-111.374999999891,4.4234444902305e-11
45.3749999999637,-110.708333333219,2.25463771005501e-11
45.3749999999637,-109.874999999879,2.86978555091404e-11
45.3749999999637,-107.541666666527,2.56310923283229e-11
45.3749999999637,-106.999999999856,1.9920112808203e-11
45.3749999999637,-104.99999999984,1.20980856704298e-11
45.3749999999637,-104.083333333166,1.28385047016636e-11
45.3749999999637,-102.541666666487,2.42942800261909e-11
45.3749999999637,-102.166666666484,2.3657759960166e-11
45.3749999999637,-101.833333333148,2.5252837103033e-11
45.3749999999637,-101.708333333147,2.55568589305996e-11
45.3749999999637,-101.041666666476,2.74826772046703e-11
45.3749999999637,-100.499999999805,2.80390494870902e-11
45.3749999999637,-97.4999999997807,7.63659273268466e-11
45.3749999999637,-96.2499999997707,7.38048649745503e-11
45.3749999999637,-95.6666666664327,1.02423738446112e-10
45.3749999999637,-95.4166666664307,1.65152079942037e-10
45.3749999999637,-92.6249999997419,8.35785550114691e-10
45.3749999999637,-92.5416666664079,5.67187497055409e-10
45.3749999999637,-91.6249999997339,3.78468224965785e-10
45.3749999999637,-91.5833333330669,2.69897037194347e-10
45.3749999999637,-90.7499999997269,7.54920382133868e-11
45.3749999999637,-90.249999999723,2.04074986069421e-10
45.3749999999637,-87.9583333330381,1.65029062771578e-10
45.3749999999637,-84.8749999996802,9.13569414286994e-10
45.3749999999637,-84.1666666663412,2.56726528214498e-10
45.3749999999637,-69.7499999995598,1.45076581933678e-10
45.3749999999637,-68.6666666662179,7.53189663931647e-11
45.3749999999637,-67.7499999995439,4.64521184198168e-11
45.3333333332967,-123.249999999986,6.53155017599239e-10
45.3333333332967,-123.083333333318,1.77053047391234e-09
45.3333333332967,-121.291666666637,7.33200726195852e-11
45.3333333332967,-118.874999999951,7.06256686741694e-11
45.3333333332967,-117.249999999938,5.76501102593847e-11
45.3333333332967,-116.916666666602,3.38811332776937e-11
45.3333333332967,-116.708333333267,3.02313819527476e-11
45.3333333332967,-114.333333333248,1.64196205933608e-11
45.3333333332967,-113.708333333243,3.44491428836752e-11
45.3333333332967,-113.583333333242,3.34329715299078e-11
45.3333333332967,-112.749999999902,4.81331428122609e-11
45.3333333332967,-111.874999999895,3.74648652376031e-11
45.3333333332967,-111.416666666558,4.91412781741898e-11
45.3333333332967,-109.291666666541,2.66797319909944e-11
45.3333333332967,-107.874999999863,2.28053244578066e-11
45.3333333332967,-106.958333333189,2.01553395400652e-11
45.3333333332967,-105.583333333178,2.08185564794947e-11
45.3333333332967,-104.833333333172,2.06650813054212e-11
45.3333333332967,-103.916666666498,2.42294676967508e-11
45.3333333332967,-103.708333333163,2.73620119569551e-11
45.3333333332967,-102.958333333157,1.33798664903299e-11
45.3333333332967,-102.458333333153,2.44453709182208e-11
45.3333333332967,-101.041666666476,2.74948274841533e-11
45.3333333332967,-99.4583333331296,3.55087477685314e-11
45.3333333332967,-98.4999999997886,1.17029945932886e-10
45.3333333332967,-96.7916666664417,9.38181214565148e-11
45.3333333332967,-96.4999999997727,1.86288037989765e-10
45.3333333332967,-96.4166666664387,1.72640074981007e-10
45.3333333332967,-95.3749999997637,1.55437949769912e-10
45.3333333332967,-93.9583333330858,1.48119157999824e-09
45.3333333332967,-91.7499999997349,4.44079487464234e-10
45.3333333332967,-90.5416666663919,7.38572331403634e-11
45.3333333332967,-89.791666666386,2.91008489322241e-10
45.3333333332967,-88.374999999708,1.04299547041861e-10
45.3333333332967,-85.0833333330152,1.77225630658033e-09
45.3333333332967,-83.8749999996722,2.13820341985083e-10
45.3333333332967,-70.1666666662298,9.4419118265823e-11
45.3333333332967,-69.0416666662208,1.87785517350336e-10
45.2916666666297,-123.499999999988,3.49740374250739e-10
45.2916666666297,-123.291666666653,4.12704572356122e-09
45.2916666666297,-120.41666666663,7.54238439806603e-11
45.2916666666297,-118.833333333284,3.49036554195599e-11
45.2916666666297,-117.791666666609,1.01859866821724e-10
45.2916666666297,-117.49999999994,5.17451996694764e-11
45.2916666666297,-116.124999999929,3.31610127725507e-11
45.2916666666297,-114.291666666581,1.67549712248719e-11
45.2916666666297,-112.999999999904,5.77826929267053e-11
45.2916666666297,-111.708333333227,3.78029373038007e-11
45.2916666666297,-111.24999999989,4.79578235361821e-11
45.2916666666297,-111.041666666555,4.78664140562119e-11
45.2916666666297,-110.291666666549,3.44541272425062e-11
45.2916666666297,-110.208333333215,3.33294421499534e-11
45.2916666666297,-110.124999999881,3.2175891463064e-11
45.2916666666297,-108.624999999869,1.71082794677172e-11
45.2916666666297,-108.416666666534,1.66613992260969e-11
45.2916666666297,-107.666666666528,2.47486712452293e-11
45.2916666666297,-105.41666666651,2.16062978895818e-11
45.2916666666297,-105.374999999843,2.16737405791072e-11
45.2916666666297,-99.9583333331336,2.7622392537383e-11
45.2916666666297,-99.7499999997986,2.63028831592745e-11
45.2916666666297,-97.6249999997817,5.11708073481659e-11
45.2916666666297,-96.7916666664417,1.10323433983516e-10
45.2916666666297,-96.4583333331057,7.83102921280265e-11
45.2916666666297,-94.8749999997598,5.39536199700159e-10
45.2916666666297,-92.2916666664059,3.43207309077655e-10
45.2916666666297,-91.4166666663989,2.26446120893237e-10
45.2916666666297,-91.2916666663979,2.62269433097465e-10
45.2916666666297,-90.6666666663929,7.87125628440107e-11
45.2916666666297,-89.249999999715,1.60403967830186e-10
45.2916666666297,-88.0416666663721,3.06339609431241e-10
45.2916666666297,-86.9583333330301,3.71355855191947e-09
45.2916666666297,-84.3749999996762,2.01037871311231e-10
45.2916666666297,-83.8749999996722,2.49596091523357e-10
45.2916666666297,-71.1666666662378,4.44923687259677e-11
45.2916666666297,-70.7499999995678,5.38682551925341e-11
45.2916666666297,-70.4999999995658,8.90151845536352e-11
45.2916666666297,-70.2916666662308,7.43389766198727e-11
45.2916666666297,-69.3749999995568,4.36714746716182e-10
45.2916666666297,-68.7916666662189,2.2641498578181e-10
45.2916666666297,-68.4166666662159,7.05671688753144e-11
45.2916666666297,-67.8749999995449,5.00550572606052e-11
45.2916666666297,-67.4583333328749,2.82771612403865e-11
45.2499999999627,-122.583333333314,2.11341957237082e-09
45.2499999999627,-121.874999999975,2.65865666464992e-10
45.2499999999627,-120.624999999965,4.69173413161868e-11
45.2499999999627,-120.499999999964,6.79460869776602e-11
45.2499999999627,-120.374999999963,7.84098336299322e-11
45.2499999999627,-120.041666666627,8.82938932689481e-11
45.2499999999627,-119.541666666623,7.00679424112312e-11
45.2499999999627,-119.499999999956,6.90942737246816e-11
45.2499999999627,-118.666666666616,3.24037726361349e-11
45.2499999999627,-118.208333333279,5.84562841327906e-11
45.2499999999627,-117.416666666606,4.86145024893487e-11
45.2499999999627,-117.166666666604,4.8370458997839e-11
45.2499999999627,-116.958333333269,3.31903442016765e-11
45.2499999999627,-116.749999999934,2.95869985352388e-11
45.2499999999627,-116.416666666598,3.5285613126546e-11
45.2499999999627,-115.499999999924,2.7974885094486e-11
45.2499999999627,-113.499999999908,3.35206349965887e-11
45.2499999999627,-111.458333333225,3.90580402329906e-11
45.2499999999627,-110.83333333322,4.01484571676926e-11
45.2499999999627,-110.333333333216,3.40065776603152e-11
45.2499999999627,-110.124999999881,3.14802341115356e-11
45.2499999999627,-109.124999999873,4.03618729154794e-11
45.2499999999627,-108.124999999865,2.27455566678249e-11
45.2499999999627,-107.583333333194,2.47449581336746e-11
45.2499999999627,-106.916666666522,2.17196051194503e-11
45.2499999999627,-106.749999999854,2.66552225093896e-11
45.2499999999627,-105.83333333318,2.09081757190014e-11
45.2499999999627,-105.708333333179,2.13426787057261e-11
45.2499999999627,-105.666666666512,2.14743577200553e-11
45.2499999999627,-103.791666666497,2.46743788460037e-11
45.2499999999627,-102.458333333153,2.5192768879991e-11
45.2499999999627,-101.12499999981,2.71060459109476e-11
45.2499999999627,-98.0416666664516,5.50674877366912e-11
45.2499999999627,-96.2499999997707,8.30934317365044e-11
45.2499999999627,-95.2083333330958,3.44120793077937e-10
45.2499999999627,-95.1249999997618,5.30576574578557e-10
45.2499999999627,-94.2499999997548,7.51998567059134e-10
45.2499999999627,-93.8749999997518,4.70398672431705e-09
45.2499999999627,-93.6666666664168,4.78710095753845e-09
45.2499999999627,-92.1249999997379,2.44922383388783e-10
45.2499999999627,-91.9583333330699,2.01151083614026e-10
45.2499999999627,-89.999999999721,1.11044123856486e-10
45.2499999999627,-89.333333333049,1.83641755785178e-10
45.2499999999627,-89.249999999715,1.59365235940777e-10
45.2499999999627,-88.333333333041,1.35271828749793e-10
45.2499999999627,-86.9999999996971,7.89552469452799e-09
45.2499999999627,-85.5416666663522,4.77949608044559e-10
45.2499999999627,-84.9166666663472,5.24033899771572e-10
45.2499999999627,-84.0416666663402,2.30139698366283e-10
45.2499999999627,-83.7083333330042,2.85689169912104e-10
45.2499999999627,-83.4999999996692,4.95868243070253e-10
45.2499999999627,-70.3749999995648,7.10079093794597e-11
45.2499999999627,-68.5416666662169,3.33612514630964e-10
45.2499999999627,-68.2083333328809,7.81408639287758e-11
45.2083333332957,-121.24999999997,5.65161937570477e-11
45.2083333332957,-121.208333333303,5.5847268309101e-11
45.2083333332957,-120.708333333299,5.14481511926188e-11
45.2083333332957,-119.041666666619,3.03630888682492e-11
45.2083333332957,-117.249999999938,6.91950490985363e-11
45.2083333332957,-115.458333333257,2.76191635282881e-11
45.2083333332957,-114.58333333325,1.52526304061063e-11
45.2083333332957,-114.416666666582,1.59284734528217e-11
45.2083333332957,-114.333333333248,1.64707912459655e-11
45.2083333332957,-113.458333333241,3.41665242779284e-11
45.2083333332957,-113.291666666573,3.27086131007103e-11
45.2083333332957,-112.958333333237,4.14809942649271e-11
45.2083333332957,-111.041666666555,4.52512265314681e-11
45.2083333332957,-110.916666666554,4.0365314243875e-11
45.2083333332957,-109.624999999877,2.48692974897449e-11
45.2083333332957,-107.958333333197,1.3068740699031e-11
45.2083333332957,-107.583333333194,2.45665573793766e-11
45.2083333332957,-107.416666666526,2.48481434625578e-11
45.2083333332957,-106.333333333184,1.51481717902505e-11
45.2083333332957,-106.041666666515,1.41243289535313e-11
45.2083333332957,-105.624999999845,2.20811433150871e-11
45.2083333332957,-105.541666666511,2.38033107927068e-11
45.2083333332957,-103.374999999827,2.28409535198456e-11
45.2083333332957,-103.33333333316,2.29377923276458e-11
45.2083333332957,-102.749999999822,3.031081093441e-11
45.2083333332957,-102.708333333155,2.61274424434923e-11
45.2083333332957,-102.624999999821,2.6021814691563e-11
45.2083333332957,-102.458333333153,2.5692250831478e-11
45.2083333332957,-101.624999999813,2.62411282963429e-11
45.2083333332957,-100.70833333314,2.11500989152277e-11
45.2083333332957,-98.3333333331206,6.14710252674006e-11
45.2083333332957,-97.9583333331176,5.2227979276962e-11
45.2083333332957,-97.8333333331166,4.93885792147293e-11
45.2083333332957,-97.2083333331117,6.42669434555269e-11
45.2083333332957,-96.4999999997727,8.03971036507778e-11
45.2083333332957,-95.8333333331007,1.11724231072847e-10
45.2083333332957,-95.4999999997647,1.3509264417015e-10
45.2083333332957,-93.9999999997528,1.53083430207493e-09
45.2083333332957,-93.2083333330798,7.97508064729224e-09
45.2083333332957,-92.2083333330719,3.1450173822315e-10
45.2083333332957,-91.1249999997299,2.32404573564303e-10
45.2083333332957,-89.833333333053,1.39920820478369e-10
45.2083333332957,-85.3333333330172,8.03737440254471e-10
45.2083333332957,-71.4583333329067,5.28688213245954e-11
45.2083333332957,-70.7916666662348,5.75210463529984e-11
45.2083333332957,-70.4166666662318,1.03278475589666e-10
45.2083333332957,-67.9583333328789,3.05758191605198e-11
45.2083333332957,-67.7083333328769,5.07406258992536e-11
45.1666666666287,-123.999999999992,1.01175399379348e-10
45.1666666666287,-122.958333333317,4.39060903059861e-09
45.1666666666287,-120.916666666634,5.00138939848138e-11
45.1666666666287,-120.749999999966,5.01978743328074e-11
45.1666666666287,-119.124999999953,2.89628535232643e-11
45.1666666666287,-116.874999999935,3.07075362274558e-11
45.1666666666287,-116.541666666599,3.58407333409454e-11
45.1666666666287,-114.833333333252,2.66314563445652e-11
45.1666666666287,-114.416666666582,1.59481522098079e-11
45.1666666666287,-113.874999999911,4.07180766854122e-11
45.1666666666287,-112.999999999904,3.91787689273552e-11
45.1666666666287,-109.624999999877,2.61247800124586e-11
45.1666666666287,-109.291666666541,2.60574684222148e-11
45.1666666666287,-108.999999999872,2.26689263018174e-11
45.1666666666287,-105.333333333176,2.3236395049191e-11
45.1666666666287,-104.833333333172,2.22565900770216e-11
45.1666666666287,-104.416666666502,2.04485412615169e-11
45.1666666666287,-103.833333333164,2.47441678806884e-11
45.1666666666287,-103.374999999827,2.33333747358067e-11
45.1666666666287,-102.791666666489,1.43927174682929e-11
45.1666666666287,-102.166666666484,2.52249597053359e-11
45.1666666666287,-101.791666666481,2.58496769918826e-11
45.1666666666287,-101.208333333143,2.38817383430907e-11
45.1666666666287,-100.999999999809,2.49450566418877e-11
45.1666666666287,-92.8333333330769,1.68179815719623e-09
45.1666666666287,-91.9166666664029,1.77233584609441e-10
45.1666666666287,-90.6249999997259,1.0501736600356e-10
45.1666666666287,-88.958333333046,1.78122403673443e-10
45.1666666666287,-88.166666666373,1.8713277239684e-10
45.1666666666287,-87.5416666663681,1.80555602331955e-10
45.1666666666287,-85.5416666663522,4.89022439561661e-10
45.1666666666287,-85.2083333330162,7.95410899258518e-10
45.1666666666287,-85.1249999996822,1.36559495671043e-09
45.1666666666287,-84.4583333330102,1.84756201602158e-10
45.1666666666287,-83.9583333330062,2.60247618927504e-10
45.1666666666287,-71.1666666662378,8.53364659649612e-11
45.1666666666287,-70.8749999995688,5.0072148138969e-11
45.1666666666287,-69.1249999995548,1.04476866213025e-09
45.1666666666287,-68.7083333328849,2.13171741999274e-10
45.1249999999617,-123.833333333324,1.8700268080314e-10
45.1249999999617,-123.416666666654,7.2009244487373e-10
45.1249999999617,-122.166666666644,1.95183496200647e-10
45.1249999999617,-121.416666666638,5.25940553933774e-11
45.1249999999617,-121.374999999971,5.26521030870173e-11
45.1249999999617,-119.458333333289,5.95951158512973e-11
45.1249999999617,-119.374999999955,5.8028682075958e-11
45.1249999999617,-114.958333333253,2.64680975722727e-11
45.1249999999617,-114.666666666584,1.51187386876015e-11
45.1249999999617,-113.666666666576,4.91512514566934e-11
45.1249999999617,-110.374999999883,4.11021596596829e-11
45.1249999999617,-108.374999999867,2.11360935621569e-11
45.1249999999617,-107.541666666527,2.56035469183644e-11
45.1249999999617,-107.041666666523,2.85152906349968e-11
45.1249999999617,-106.374999999851,2.46139027245854e-11
45.1249999999617,-105.583333333178,2.48404818214903e-11
45.1249999999617,-105.249999999842,2.38705857754271e-11
45.1249999999617,-104.916666666506,2.15398121690274e-11
45.1249999999617,-102.333333333152,2.61694384422108e-11
45.1249999999617,-102.208333333151,2.57234701647717e-11
45.1249999999617,-101.791666666481,2.60362575662799e-11
45.1249999999617,-101.624999999813,2.66398601242834e-11
45.1249999999617,-101.208333333143,2.41178637965134e-11
45.1249999999617,-100.083333333135,3.00630220062566e-11
45.1249999999617,-98.2499999997866,5.35214455595568e-11
45.1249999999617,-94.6666666664248,2.54546247180212e-10
45.1249999999617,-92.2083333330719,2.52030219754955e-10
45.1249999999617,-87.2916666663661,8.28916611585646e-11
45.1249999999617,-87.0833333330311,1.43832997854001e-10
45.1249999999617,-85.4999999996852,7.27408843318702e-09
45.1249999999617,-84.8749999996802,2.9442699284238e-10
45.1249999999617,-84.2083333330082,1.04107820636473e-10
45.1249999999617,-84.0416666663402,2.43476914364303e-10
45.1249999999617,-83.3749999996682,6.43519434747847e-10
45.1249999999617,-70.4583333328988,1.59049079040593e-10
45.1249999999617,-69.7499999995598,6.7796729142783e-11
45.1249999999617,-67.4999999995419,2.44415563761007e-10
45.1249999999617,-67.3749999995409,1.48096307462198e-10
45.0833333332947,-123.208333333319,1.16458451317228e-09
45.0833333332947,-123.124999999985,2.18626995551598e-09
45.0833333332947,-122.333333333312,1.38179845953009e-10
45.0833333332947,-121.624999999973,3.12688793981756e-11
45.0833333332947,-121.458333333305,3.05579935222537e-11
45.0833333332947,-120.958333333301,5.24484455199315e-11
45.0833333332947,-118.249999999946,5.5927692515042e-11
45.0833333332947,-117.333333333272,4.59256330481887e-11
45.0833333332947,-116.541666666599,3.72389530975605e-11
45.0833333332947,-116.374999999931,1.96781342537386e-11
45.0833333332947,-115.958333333261,4.48578843210547e-11
45.0833333332947,-115.458333333257,1.83375944996758e-11
45.0833333332947,-114.791666666585,2.69986137600679e-11
45.0833333332947,-114.291666666581,1.66179927796085e-11
45.0833333332947,-113.499999999908,3.4465261255399e-11
45.0833333332947,-113.374999999907,3.29255983452709e-11
45.0833333332947,-112.958333333237,3.82561048278739e-11
45.0833333332947,-112.91666666657,3.93538010681396e-11
45.0833333332947,-112.416666666566,3.90653242763157e-11
45.0833333332947,-111.958333333229,3.52117012780057e-11
45.0833333332947,-110.124999999881,2.69350133856096e-11
45.0833333332947,-108.791666666537,2.24379752715296e-11
45.0833333332947,-107.749999999862,2.374875776907e-11
45.0833333332947,-106.416666666518,2.56249030940072e-11
45.0833333332947,-104.99999999984,2.21023415410091e-11
45.0833333332947,-104.1666666665,2.42477633939656e-11
45.0833333332947,-103.958333333165,2.46892292659993e-11
45.0833333332947,-103.624999999829,2.65160886666699e-11
45.0833333332947,-100.666666666473,2.17523603603881e-11
45.0833333332947,-100.624999999806,2.18999853424927e-11
45.0833333332947,-100.083333333135,3.04488245976034e-11
45.0833333332947,-99.8333333331326,2.12830586851473e-11
45.0833333332947,-98.6666666664566,4.51769916031834e-11
45.0833333332947,-97.8749999997836,7.00727207957197e-11
45.0833333332947,-97.3749999997797,9.55460068399003e-11
45.0833333332947,-96.9166666664427,1.12776267110604e-10
45.0833333332947,-94.7083333330918,2.40007849912289e-10
45.0833333332947,-93.5833333330828,3.96874580694116e-09
45.0833333332947,-93.2083333330798,3.00269072030777e-08
45.0833333332947,-92.9583333330778,8.21921386913619e-09
45.0833333332947,-92.0416666664039,2.72943606743104e-10
45.0833333332947,-91.0833333330629,2.172061505946e-10
45.0833333332947,-90.8333333330609,1.56859102652616e-10
45.0833333332947,-90.7916666663939,1.41058333901559e-10
45.0833333332947,-89.749999999719,3.93113509081607e-10
45.0833333332947,-89.45833333305,3.22023082034894e-10
45.0833333332947,-88.0833333330391,2.70081320409477e-10
45.0833333332947,-85.3333333330172,1.4920351598617e-08
45.0833333332947,-83.7916666663382,3.70288873515649e-10
45.0833333332947,-71.4583333329067,1.20849434886068e-10
45.0833333332947,-71.0416666662368,5.47187189248152e-11
45.0833333332947,-69.6666666662258,1.67680683591142e-10
45.0833333332947,-69.2083333328888,8.26285065802564e-10
45.0833333332947,-68.8333333328859,5.3060234237714e-10
45.0833333332947,-68.7916666662189,3.01367180993146e-10
45.0833333332947,-67.9999999995459,3.20642716825527e-11
45.0416666666277,-122.583333333314,3.54952118478763e-10
45.0416666666277,-120.541666666631,4.72799290872416e-11
45.0416666666277,-120.208333333295,6.8500391287548e-11
45.0416666666277,-118.083333333278,1.42217614443073e-10
45.0416666666277,-117.49999999994,3.94809373599796e-11
45.0416666666277,-115.666666666592,1.972914129111e-11
45.0416666666277,-111.166666666556,4.70680731275623e-11
45.0416666666277,-109.916666666546,2.53672663952718e-11
45.0416666666277,-107.833333333196,2.33849652754814e-11
45.0416666666277,-105.749999999846,2.54164110922292e-11
45.0416666666277,-104.874999999839,2.23917917402387e-11
45.0416666666277,-100.29166666647,3.09650131523357e-11
45.0416666666277,-98.8749999997916,3.58436317319903e-11
45.0416666666277,-98.1249999997856,5.92201612815462e-11
45.0416666666277,-97.4583333331137,9.17444887339543e-11
45.0416666666277,-96.3333333331047,7.23636271687325e-11
45.0416666666277,-95.8749999997677,7.28662788940649e-11
45.0416666666277,-94.4166666664228,4.120429610559e-10
45.0416666666277,-92.7499999997429,2.06174665967946e-09
45.0416666666277,-91.8333333330689,2.17550662953218e-10
45.0416666666277,-91.7916666664019,2.62502754731034e-10
45.0416666666277,-91.3333333330649,5.08919854479346e-10
45.0416666666277,-90.9999999997289,2.47186440551893e-10
45.0416666666277,-90.6666666663929,1.49688503975445e-10
45.0416666666277,-90.333333333057,2.64320001670835e-10
45.0416666666277,-90.208333333056,2.72466794360517e-10
45.0416666666277,-90.041666666388,2.79514724285904e-10
45.0416666666277,-87.5833333330351,1.44424251068303e-10
45.0416666666277,-85.4583333330182,7.46195532600649e-09
45.0416666666277,-85.1666666663492,3.12980757823628e-10
45.0416666666277,-84.7499999996792,4.98069700647321e-10
45.0416666666277,-83.6249999996702,6.79949647594502e-10
45.0416666666277,-74.8749999996006,3.73235861127782e-10
45.0416666666277,-72.6249999995827,2.46058608658003e-10
45.0416666666277,-71.7499999995757,5.81394864402088e-11
45.0416666666277,-71.6249999995747,7.1061168581356e-11
45.0416666666277,-71.4166666662397,1.31100329203491e-10
45.0416666666277,-69.4166666662238,3.31160573472822e-10
45.0416666666277,-68.6249999995509,4.29532907451551e-10
45.0416666666277,-68.5833333328839,3.91597564043205e-10
45.0416666666277,-67.8333333328779,5.87927495852349e-11
44.9999999999607,-122.958333333317,1.05146610811413e-08
44.9999999999607,-121.749999999974,3.10825465187387e-11
44.9999999999607,-120.916666666634,5.49188166294987e-11
44.9999999999607,-120.458333333297,6.09310452608819e-11
44.9999999999607,-119.958333333293,6.1746729395211e-11
44.9999999999607,-115.499999999924,1.8924327275094e-11
44.9999999999607,-114.99999999992,2.66717008257281e-11
44.9999999999607,-114.249999999914,2.39612504503714e-11
44.9999999999607,-113.999999999912,3.03423621127754e-11
44.9999999999607,-113.874999999911,3.25251224684707e-11
44.9999999999607,-111.791666666561,2.49851034685428e-11
44.9999999999607,-111.499999999892,2.71966746814298e-11
44.9999999999607,-111.458333333225,2.74551194763757e-11
44.9999999999607,-110.83333333322,3.84557353948926e-11
44.9999999999607,-108.958333333205,3.88646476211037e-11
44.9999999999607,-107.833333333196,2.49077381527625e-11
44.9999999999607,-103.624999999829,2.77321034535982e-11
44.9999999999607,-103.374999999827,2.56496416786553e-11
44.9999999999607,-100.541666666472,2.80630202072707e-11
44.9999999999607,-100.041666666468,3.12778031210443e-11
44.9999999999607,-98.7916666664576,4.45532184214141e-11
44.9999999999607,-98.5416666664556,4.34432511562828e-11
44.9999999999607,-96.6249999997737,6.24151374912657e-11
44.9999999999607,-94.9166666664268,2.15571348412463e-10
44.9999999999607,-93.2499999997468,3.77073119548094e-08
44.9999999999607,-93.2083333330798,4.02542635277533e-08
44.9999999999607,-91.7916666664019,4.31274146609154e-10
44.9999999999607,-90.9166666663949,3.20510782009432e-10
44.9999999999607,-89.958333333054,4.81370252254884e-10
44.9999999999607,-89.624999999718,7.64616704830636e-09
44.9999999999607,-86.0833333330231,1.23067460053419e-10
44.9999999999607,-84.4583333330102,2.39956810138312e-10
44.9999999999607,-83.7083333330042,4.40561762063433e-10
44.9999999999607,-83.5833333330032,5.76992130683618e-10
44.9999999999607,-74.7916666662666,4.37023369772543e-10
44.9999999999607,-72.8749999995847,5.2325837491251e-10
44.9999999999607,-72.2499999995797,2.11279580410052e-09
44.9999999999607,-71.7916666662427,8.22550320225634e-11
44.9999999999607,-71.5416666662407,1.59399087321955e-10
44.9999999999607,-70.8749999995688,8.1753627170719e-11
44.9999999999607,-69.5416666662248,1.98876162068232e-10
44.9999999999607,-68.8333333328859,1.38908559769786e-09
44.9583333332937,-123.416666666654,3.71123995588867e-10
44.9583333332937,-122.08333333331,6.95319452153774e-11
44.9583333332937,-119.041666666619,4.4446094401688e-11
44.9583333332937,-118.291666666613,3.65616312533819e-11
44.9583333332937,-117.874999999943,2.1721822065624e-10
44.9583333332937,-115.708333333259,3.13393666682163e-11
44.9583333332937,-114.874999999919,2.70274665164357e-11
44.9583333332937,-114.249999999914,2.378172386033e-11
44.9583333332937,-114.16666666658,2.72023346529114e-11
44.9583333332937,-113.874999999911,3.03570929524269e-11
44.9583333332937,-113.083333333238,3.28716312362002e-11
44.9583333332937,-109.249999999874,2.9588152822931e-11
44.9583333332937,-105.291666666509,5.74909397527679e-11
44.9583333332937,-103.708333333163,2.78581675471736e-11
44.9583333332937,-102.583333333154,2.92076714492911e-11
44.9583333332937,-101.916666666482,2.56585865237138e-11
44.9583333332937,-99.9166666664666,3.19142746720758e-11
44.9583333332937,-97.9583333331176,4.39119680229231e-11
44.9583333332937,-96.1249999997697,7.53114039790145e-11
44.9583333332937,-95.9166666664347,1.57271828509076e-10
44.9583333332937,-93.9166666664188,7.35892170136518e-10
44.9583333332937,-93.5833333330828,1.03271986222022e-08
44.9583333332937,-90.7499999997269,4.17986737460722e-10
44.9583333332937,-90.5416666663919,2.55227057863529e-10
44.9583333332937,-89.999999999721,5.42773906104556e-10
44.9583333332937,-89.124999999714,2.85011553891875e-10
44.9583333332937,-88.874999999712,9.75388779442259e-11
44.9583333332937,-88.0833333330391,2.72631759246379e-10
44.9583333332937,-87.7499999997031,2.16075374853238e-10
44.9583333332937,-84.6666666663452,9.89871950259365e-10
44.9583333332937,-84.6249999996782,9.53167653777503e-10
44.9583333332937,-84.3749999996762,3.95263585969587e-10
44.9583333332937,-74.9999999996016,6.89435888107985e-10
44.9583333332937,-74.7083333329326,4.81239712775829e-10
44.9583333332937,-74.3333333329296,4.59264922560733e-10
44.9583333332937,-73.8333333329256,2.50691368643789e-10
44.9583333332937,-71.8333333329097,8.77749218121927e-11
44.9583333332937,-71.4166666662397,2.66437513268685e-10
44.9583333332937,-71.2083333329048,6.47402004244815e-11
44.9583333332937,-70.3333333328978,1.63482907385363e-10
44.9583333332937,-70.0833333328958,1.66523038137911e-10
44.9583333332937,-69.3333333328898,4.15586756722863e-10
44.9166666666267,-123.624999999989,1.32658710854262e-10
44.9166666666267,-120.916666666634,6.00707271050096e-11
44.9166666666267,-118.374999999947,3.27881819646212e-11
44.9166666666267,-117.583333333274,6.29197087684153e-11
44.9166666666267,-116.874999999935,6.86136947073073e-11
44.9166666666267,-115.958333333261,2.79736422202913e-11
44.9166666666267,-111.083333333222,4.52395469796964e-11
44.9166666666267,-108.833333333204,2.13746954701005e-11
44.9166666666267,-107.416666666526,3.2910708386961e-11
44.9166666666267,-106.66666666652,4.03461118899912e-11
44.9166666666267,-104.58333333317,2.15151310070353e-11
44.9166666666267,-104.208333333167,2.57466980989042e-11
44.9166666666267,-103.249999999826,2.74948365285628e-11
44.9166666666267,-102.791666666489,1.65799775425068e-11
44.9166666666267,-98.7083333331236,4.53158212994465e-11
44.9166666666267,-96.0416666664357,1.51147394665894e-10
44.9166666666267,-95.8749999997677,1.52744947152281e-10
44.9166666666267,-93.5833333330828,9.72962312762862e-09
44.9166666666267,-93.1249999997458,4.83103654907456e-08
44.9166666666267,-88.458333333042,2.47963794785163e-10
44.9166666666267,-87.3333333330331,2.37741930252318e-10
44.9166666666267,-85.9166666663551,1.25997773698606e-08
44.9166666666267,-85.2916666663502,6.2964168299457e-10
44.9166666666267,-84.9166666663472,5.12804018441158e-10
44.9166666666267,-75.2916666662706,1.10103682297905e-10
44.9166666666267,-74.6249999995986,2.52579499291135e-10
44.9166666666267,-74.1249999995946,3.63216961694607e-10
44.9166666666267,-74.0416666662606,3.60088493540279e-10
44.9166666666267,-70.9166666662358,9.01941147525256e-11
44.9166666666267,-70.7499999995678,2.18131767974832e-10
44.9166666666267,-68.9583333328869,1.05266099188679e-09
44.9166666666267,-68.9166666662199,1.18960095902304e-09
44.9166666666267,-67.9583333328789,3.22302079809564e-11
44.8749999999597,-121.999999999976,4.79482999010344e-11
44.8749999999597,-118.999999999952,3.26562090815604e-11
44.8749999999597,-118.166666666612,7.4462657304591e-11
44.8749999999597,-118.083333333278,6.7895933344193e-11
44.8749999999597,-117.999999999944,7.74836946358654e-11
44.8749999999597,-117.041666666603,3.12979373572709e-11
44.8749999999597,-113.624999999909,2.73538185623481e-11
44.8749999999597,-113.124999999905,3.09128503618873e-11
44.8749999999597,-111.999999999896,3.50075957509256e-11
44.8749999999597,-107.708333333195,2.67303671336644e-11
44.8749999999597,-107.583333333194,2.84441827398919e-11
44.8749999999597,-107.541666666527,3.04751018910185e-11
44.8749999999597,-107.249999999858,3.78859420750183e-11
44.8749999999597,-105.958333333181,2.25171698155417e-11
44.8749999999597,-104.374999999835,2.15609809633865e-11
44.8749999999597,-104.208333333167,2.61004785088039e-11
44.8749999999597,-103.916666666498,2.75810914074862e-11
44.8749999999597,-103.791666666497,2.85295025430373e-11
44.8749999999597,-103.124999999825,2.85846456964446e-11
44.8749999999597,-102.08333333315,2.73374691173972e-11
44.8749999999597,-97.4166666664467,8.89353966738047e-11
44.8749999999597,-96.6666666664407,6.62634192216438e-11
44.8749999999597,-95.0833333330948,1.18196299283264e-10
44.8749999999597,-94.5833333330908,2.82171686031885e-10
44.8749999999597,-93.3749999997478,5.27968104388587e-08
44.8749999999597,-92.9999999997448,5.80472021946427e-09
44.8749999999597,-92.1666666664049,3.17660292110066e-10
44.8749999999597,-91.6666666664009,6.5732078564951e-10
44.8749999999597,-91.5833333330669,2.69937528114682e-09
44.8749999999597,-90.9999999997289,3.22687268933223e-10
44.8749999999597,-90.9583333330619,2.84210463297369e-10
44.8749999999597,-88.916666666379,2.01543983597453e-10
44.8749999999597,-87.3749999997001,1.4780476934654e-09
44.8749999999597,-85.5833333330192,6.08050211078358e-10
44.8749999999597,-85.1249999996822,4.90564854855224e-10
44.8749999999597,-84.8333333330132,5.26759875363442e-10
44.8749999999597,-84.2499999996752,2.32306178084667e-10
44.8749999999597,-83.3749999996682,4.64713891366287e-10
44.8749999999597,-73.1666666662537,8.91461697925108e-10
44.8749999999597,-72.6666666662497,4.73499186344591e-10
44.8749999999597,-70.2916666662308,1.81143552191471e-10
44.8749999999597,-69.7499999995598,4.39989203694261e-10
44.8749999999597,-69.4166666662238,6.17776689448711e-10
44.8749999999597,-68.2083333328809,8.01184101072114e-11
44.8749999999597,-67.8333333328779,5.26455242534134e-11
44.8333333332927,-123.958333333325,2.3715097365873e-10
44.8333333332927,-122.041666666643,4.70362915065953e-11
44.8333333332927,-121.458333333305,3.655961732129e-11
44.8333333332927,-120.8333333333,6.7589162603626e-11
44.8333333332927,-120.666666666632,5.35580651814863e-11
44.8333333332927,-120.583333333298,5.05554423132958e-11
44.8333333332927,-119.958333333293,5.20755382549909e-11
44.8333333332927,-116.458333333265,4.24155811859042e-11
44.8333333332927,-116.208333333263,2.33364332235496e-11
44.8333333332927,-115.208333333255,2.78496821776197e-11
44.8333333332927,-115.083333333254,2.75004049014019e-11
44.8333333332927,-114.99999999992,2.7596521449558e-11
44.8333333332927,-114.749999999918,1.54966083070988e-11
44.8333333332927,-113.958333333245,2.69718772885285e-11
44.8333333332927,-113.666666666576,2.80914630372085e-11
44.8333333332927,-113.416666666574,2.6193196731922e-11
44.8333333332927,-110.791666666553,4.21576996654847e-11
44.8333333332927,-110.249999999882,3.07504921723988e-11
44.8333333332927,-109.333333333208,3.01431636453704e-11
44.8333333332927,-108.3333333332,4.59399326340603e-11
44.8333333332927,-107.416666666526,3.24886505206104e-11
44.8333333332927,-106.958333333189,7.64603207121338e-11
44.8333333332927,-105.291666666509,6.33793698543935e-11
44.8333333332927,-104.708333333171,2.27121885399154e-11
44.8333333332927,-102.874999999823,1.77249200412619e-11
44.8333333332927,-102.458333333153,1.64105721022883e-11
44.8333333332927,-100.208333333136,3.36630577639385e-11
44.8333333332927,-99.6249999997976,3.40508626247723e-11
44.8333333332927,-97.9166666664506,3.15431533955359e-11
44.8333333332927,-94.2083333330878,6.33801950926947e-10
44.8333333332927,-93.9166666664188,7.66760265266899e-10
44.8333333332927,-93.8749999997518,2.3254697927929e-09
44.8333333332927,-91.8749999997359,3.87515895429512e-10
44.8333333332927,-87.6249999997021,1.20115585158134e-10
44.8333333332927,-87.4999999997011,4.14375115698208e-10
44.8333333332927,-85.3749999996842,1.5740826093556e-08
44.8333333332927,-85.3333333330172,1.57020118743732e-08
44.8333333332927,-74.7499999995996,2.52788600663655e-10
44.8333333332927,-74.2499999995956,4.49689216955017e-10
44.8333333332927,-72.0416666662447,2.73911359618882e-10
44.8333333332927,-71.5833333329077,1.959898317149e-10
44.8333333332927,-70.6666666662338,8.83662190120988e-11
44.8333333332927,-68.1249999995469,6.26236699349268e-11
44.8333333332927,-66.9583333328709,5.95218842922209e-11
44.7916666666257,-120.541666666631,3.50299440161532e-11
44.7916666666257,-119.916666666626,3.857964848577e-11
44.7916666666257,-119.041666666619,3.07421372717212e-11
44.7916666666257,-117.91666666661,1.03800308405931e-10
44.7916666666257,-117.458333333273,5.85553937700894e-11
44.7916666666257,-116.416666666598,4.50558033117994e-11
44.7916666666257,-116.083333333262,5.67669552611029e-11
44.7916666666257,-115.41666666659,3.0663966024738e-11
44.7916666666257,-115.249999999922,2.87589069272986e-11
44.7916666666257,-113.249999999906,2.53000480777552e-11
44.7916666666257,-109.833333333212,3.13235609981507e-11
44.7916666666257,-108.833333333204,4.37392060546684e-11
44.7916666666257,-108.666666666536,4.14306028876163e-11
44.7916666666257,-108.208333333199,4.44676255156219e-11
44.7916666666257,-107.416666666526,3.26966651281809e-11
44.7916666666257,-106.041666666515,2.30718216976161e-11
44.7916666666257,-105.916666666514,2.43290643759104e-11
44.7916666666257,-103.541666666495,2.85617769050118e-11
44.7916666666257,-102.624999999821,3.43421627469235e-11
44.7916666666257,-101.583333333146,2.83259877004213e-11
44.7916666666257,-100.791666666474,2.89777694279755e-11
44.7916666666257,-99.4166666664626,3.38151807418052e-11
44.7916666666257,-98.8333333331246,3.9211485781535e-11
44.7916666666257,-98.7916666664576,4.14936441619694e-11
44.7916666666257,-97.4583333331137,1.02240842195207e-10
44.7916666666257,-95.3333333330967,1.36386424231522e-10
44.7916666666257,-94.1249999997538,1.0712742026987e-09
44.7916666666257,-93.9166666664188,8.64474158911808e-10
44.7916666666257,-93.7499999997508,1.53769187940732e-09
44.7916666666257,-93.2083333330798,2.81395425738159e-08
44.7916666666257,-93.0833333330788,1.02708972584785e-08
44.7916666666257,-92.8333333330769,6.17905853137183e-09
44.7916666666257,-91.2916666663979,5.51939247982957e-10
44.7916666666257,-91.1249999997299,3.20586698749304e-10
44.7916666666257,-89.249999999715,3.31665199649936e-10
44.7916666666257,-84.9999999996812,3.23826746343704e-10
44.7916666666257,-84.2083333330082,2.4309227754331e-10
44.7916666666257,-74.6249999995986,1.43653859187834e-10
44.7916666666257,-73.4583333329227,3.60338148410475e-09
44.7916666666257,-73.4166666662557,3.50817014605106e-09
44.7916666666257,-72.9999999995857,8.07166893787212e-10
44.7916666666257,-72.5833333329157,3.0198908043721e-10
44.7916666666257,-71.2916666662388,7.36876827144297e-11
44.7916666666257,-70.5416666662328,1.79327944268352e-10
44.7916666666257,-70.1249999995628,6.62271589110912e-10
44.7916666666257,-69.6249999995588,7.8900022675264e-10
44.7916666666257,-69.2499999995558,5.22212824216347e-10
44.7916666666257,-69.1666666662218,5.36483631781679e-10
44.7916666666257,-68.9583333328869,2.47729284929629e-09
44.7916666666257,-68.8749999995529,4.58530250392315e-09
44.7916666666257,-67.2916666662069,1.04186300719573e-10
44.7499999999587,-123.999999999992,1.18740638371007e-10
44.7499999999587,-122.166666666644,7.00758878191808e-11
44.7499999999587,-121.333333333304,1.11734378440422e-10
44.7499999999587,-119.99999999996,3.94080583172493e-11
44.7499999999587,-119.958333333293,3.85496849372882e-11
44.7499999999587,-115.499999999924,3.23263121515395e-11
44.7499999999587,-115.166666666588,2.83688804011529e-11
44.7499999999587,-115.124999999921,4.21942721030438e-11
44.7499999999587,-113.874999999911,1.63549549245022e-11
44.7499999999587,-113.791666666577,2.74186768596654e-11
44.7499999999587,-113.666666666576,2.70599094187704e-11
44.7499999999587,-112.374999999899,2.74027622769438e-11
44.7499999999587,-110.124999999881,2.91676985813811e-11
44.7499999999587,-110.041666666547,2.81739180597493e-11
44.7499999999587,-109.666666666544,3.1477845739818e-11
44.7499999999587,-109.541666666543,3.17685182090464e-11
44.7499999999587,-106.083333333182,2.32472247150687e-11
44.7499999999587,-104.374999999835,2.24707635807211e-11
44.7499999999587,-102.166666666484,2.92269145418403e-11
44.7499999999587,-97.7499999997826,4.93460934879678e-11
44.7499999999587,-96.2083333331037,1.73503263646613e-10
44.7499999999587,-95.4583333330977,1.67416049647629e-10
44.7499999999587,-95.3333333330967,1.36813380929918e-10
44.7499999999587,-92.6249999997419,6.38755113638415e-10
44.7499999999587,-91.9999999997369,2.99728674757449e-10
44.7499999999587,-91.0833333330629,2.90335022836653e-10
44.7499999999587,-90.208333333056,5.80607711101561e-10
44.7499999999587,-89.87499999972,3.80021435142143e-10
44.7499999999587,-88.833333333045,2.40693826598195e-10
44.7499999999587,-85.9999999996891,3.21342592805999e-10
44.7499999999587,-85.2499999996832,6.33298627707584e-10
44.7499999999587,-74.3333333329296,6.07303725096606e-10
44.7499999999587,-73.9999999995936,2.28998457427077e-10
44.7499999999587,-73.7499999995917,3.14047243904896e-09
44.7499999999587,-73.7083333329247,3.56495277969545e-09
44.7499999999587,-73.1666666662537,1.25142092947272e-09
44.7499999999587,-71.6666666662417,1.24697357550884e-10
44.7499999999587,-70.9166666662358,8.4000843092039e-11
44.7499999999587,-70.4999999995658,1.51010395094425e-10
44.7499999999587,-68.8749999995529,3.77826096215956e-09
44.7499999999587,-68.5416666662169,4.35658318746753e-10
44.7083333332917,-122.49999999998,1.50241665765322e-10
44.7083333332917,-122.08333333331,5.38328800252431e-11
44.7083333332917,-121.208333333303,1.10124696867606e-10
44.7083333332917,-119.624999999957,3.08221134485725e-11
44.7083333332917,-118.499999999948,2.94301127134595e-11
44.7083333332917,-118.083333333278,6.78658791581821e-11
44.7083333332917,-116.208333333263,2.64522050150588e-11
44.7083333332917,-114.916666666586,4.28001962249414e-11
44.7083333332917,-113.499999999908,2.50890940960284e-11
44.7083333332917,-113.249999999906,2.45086590336034e-11
44.7083333332917,-108.708333333203,2.11409509536298e-10
44.7083333332917,-108.291666666533,2.27599804185809e-11
44.7083333332917,-107.583333333194,1.49579309247845e-11
44.7083333332917,-107.333333333192,1.82940668886877e-11
44.7083333332917,-106.166666666516,2.31229022716622e-11
44.7083333332917,-105.458333333177,3.67050919372631e-11
44.7083333332917,-104.041666666499,7.31982490345763e-11
44.7083333332917,-103.791666666497,3.15679385406157e-11
44.7083333332917,-103.499999999828,3.07807599502382e-11
44.7083333332917,-103.083333333158,3.38358639335192e-11
44.7083333332917,-102.416666666486,3.40636277919285e-11
44.7083333332917,-100.458333333138,4.48914820583342e-11
44.7083333332917,-100.374999999804,4.6292022331053e-11
44.7083333332917,-100.208333333136,4.43265258578797e-11
44.7083333332917,-99.6249999997976,3.689892747425e-11
44.7083333332917,-99.5416666664636,3.62312295960405e-11
44.7083333332917,-98.4999999997886,4.42954193970092e-11
44.7083333332917,-98.2499999997866,5.00741287494248e-11
44.7083333332917,-96.0416666664357,1.33432546196672e-10
44.7083333332917,-94.3749999997558,2.87164463255465e-10
44.7083333332917,-94.1249999997538,9.00371079996773e-10
44.7083333332917,-93.9999999997528,7.23862098978435e-10
44.7083333332917,-93.7499999997508,1.20834676274632e-09
44.7083333332917,-92.9999999997448,1.41528690096275e-09
44.7083333332917,-91.9999999997369,2.96300918682579e-10
44.7083333332917,-91.2083333330639,3.45499454471014e-10
44.7083333332917,-89.374999999716,3.40221575810638e-10
44.7083333332917,-85.1249999996822,7.86212448664157e-10
44.7083333332917,-74.3749999995966,5.44205738999447e-10
44.7083333332917,-74.0833333329276,1.14948861519623e-10
44.7083333332917,-72.9583333329187,8.06407645479e-10
44.7083333332917,-71.4166666662397,1.69308975120246e-10
44.7083333332917,-69.9583333328948,3.74649532105478e-10
44.7083333332917,-68.6666666662179,7.95432592621295e-10
44.7083333332917,-68.0833333328799,6.05811865143353e-11
44.6666666666247,-120.166666666628,4.25190455170629e-11
44.6666666666247,-119.624999999957,3.03173843690222e-11
44.6666666666247,-118.541666666615,3.88561972398013e-11
44.6666666666247,-117.291666666605,2.67943160861202e-11
44.6666666666247,-116.999999999936,4.12458044369336e-11
44.6666666666247,-115.999999999928,2.37612992603196e-11
44.6666666666247,-115.333333333256,3.12710538104632e-11
44.6666666666247,-114.916666666586,4.31813974220351e-11
44.6666666666247,-114.749999999918,4.32624529779217e-11
44.6666666666247,-114.708333333251,1.59564168916086e-11
44.6666666666247,-114.208333333247,2.29829954700775e-11
44.6666666666247,-113.041666666571,2.8667304304521e-11
44.6666666666247,-112.583333333234,2.60313341859731e-11
44.6666666666247,-111.624999999893,3.81197754374965e-11
44.6666666666247,-111.374999999891,4.89885798085783e-11
44.6666666666247,-110.624999999885,3.93005782463735e-11
44.6666666666247,-110.499999999884,3.60307927780529e-11
44.6666666666247,-110.291666666549,3.18908691997696e-11
44.6666666666247,-109.041666666539,3.48256321715806e-11
44.6666666666247,-108.208333333199,2.18247442258811e-11
44.6666666666247,-107.91666666653,1.64756935841296e-11
44.6666666666247,-107.041666666523,1.02412356704087e-10
44.6666666666247,-106.624999999853,5.20735251891509e-11
44.6666666666247,-106.416666666518,4.45495506881585e-11
44.6666666666247,-106.333333333184,4.24662998235572e-11
44.6666666666247,-103.791666666497,3.24408419911432e-11
44.6666666666247,-102.041666666483,2.66313010338034e-11
44.6666666666247,-100.791666666474,3.66206610778097e-11
44.6666666666247,-99.9166666664666,4.53575611139474e-11
44.6666666666247,-99.6249999997976,4.34045388843383e-11
44.6666666666247,-98.2916666664536,4.95674230020324e-11
44.6666666666247,-97.7499999997826,5.17748894578764e-11
44.6666666666247,-96.7083333331077,6.61627292406759e-11
44.6666666666247,-96.5833333331067,1.14917933660689e-10
44.6666666666247,-95.7499999997667,2.25131425525648e-10
44.6666666666247,-95.2916666664297,1.74480066255523e-10
44.6666666666247,-94.9166666664268,1.31448010407841e-10
44.6666666666247,-94.2916666664218,3.44780822537992e-10
44.6666666666247,-93.7916666664178,8.85065688959004e-10
44.6666666666247,-92.4166666664069,3.14855409974612e-10
44.6666666666247,-92.3749999997399,3.31586167228728e-10
44.6666666666247,-91.9166666664029,3.52873521641225e-10
44.6666666666247,-91.7499999997349,4.27533552013836e-10
44.6666666666247,-89.416666666383,5.18297608304521e-10
44.6666666666247,-88.958333333046,2.16092370144837e-10
44.6666666666247,-86.0416666663561,3.21532151519171e-10
44.6666666666247,-85.7499999996871,1.20461817833219e-09
44.6666666666247,-84.9166666663472,3.16566322197994e-10
44.6666666666247,-84.4999999996772,2.32174380311723e-10
44.6666666666247,-83.7083333330042,6.13510199913276e-11
44.6666666666247,-74.6666666662656,1.3604341641576e-10
44.6666666666247,-74.5833333329316,9.5638071326615e-11
44.6666666666247,-73.6666666662577,2.12046640522142e-09
44.6666666666247,-73.3333333329217,2.07367378233251e-09
44.6666666666247,-73.2499999995877,2.48513387711099e-09
44.6666666666247,-70.9999999995698,1.65481290162113e-10
44.6666666666247,-70.2916666662308,5.70578216230423e-10
44.6249999999577,-123.74999999999,1.13830423580193e-10
44.6249999999577,-123.166666666652,4.30364289946397e-09
44.6249999999577,-122.91666666665,8.35548035341225e-10
44.6249999999577,-122.833333333316,7.57509279431745e-10
44.6249999999577,-122.541666666647,8.82041954150977e-11
44.6249999999577,-121.291666666637,2.33098636986619e-10
44.6249999999577,-118.74999999995,2.15634472890947e-11
44.6249999999577,-116.916666666602,4.38757984097825e-11
44.6249999999577,-116.791666666601,4.74565586640175e-11
44.6249999999577,-114.99999999992,4.35706382323131e-11
44.6249999999577,-113.249999999906,2.40646933312714e-11
44.6249999999577,-112.583333333234,2.57064920248299e-11
44.625,-112.25,2.7143172897191e-11
44.625,-111.7083,3.66666209192916e-11
44.625,-110.5417,3.71283539753469e-11
44.625,-110.25,3.12443117209215e-11
44.625,-109.1667,3.75620796845164e-11
44.625,-108.625,2.09923858080336e-11
44.625,-108.4583,1.9365885424332e-11
44.625,-107.6667,1.817763695168e-11
44.625,-106.1667,2.38316423579269e-11
44.625,-104.1667,2.30854222668768e-11
44.625,-103.2083,3.66075236972273e-11
44.625,-103,3.67414892399112e-11
44.625,-101.5,2.23441200043232e-11
44.625,-101.0833,2.95643654527149e-11
44.625,-99.83333,4.2818998358227e-11
44.625,-97.20833,1.38597862834908e-10
44.625,-97.125,1.52331667803338e-10
44.625,-96.41667,1.45010010928171e-10
44.625,-94.625,1.8842068763456e-10
44.625,-94.08333,6.00633000195337e-10
44.625,-93.16667,6.91055289183758e-09
44.625,-92.91667,9.34036602863474e-10
44.625,-91.95833,3.46781783837613e-10
44.625,-90.91667,2.34537279964547e-10
44.625,-90.875,1.53831063426161e-10
44.625,-90.58333,3.91011422433743e-10
44.625,-89.95833,4.50948281496443e-10
44.625,-89.58333,5.69513790389721e-10
44.625,-89.45833,5.96062762510074e-10
44.625,-89.25,3.49246424761188e-10
44.625,-89.20833,3.31579267505191e-10
44.625,-89.125,2.22747361797931e-10
44.625,-84.875,3.02056753468323e-10
44.625,-74.79167,1.40785360984713e-10
44.625,-74.5,9.68973795343201e-11
44.625,-74.08333,1.40423088508127e-10
44.625,-73.45833,3.41314767867465e-09
44.625,-72.625,7.84456545253106e-10
44.625,-71.66667,5.9947278266303e-11
44.625,-70.875,1.30367093457495e-10
44.625,-69.33333,4.76713676017824e-10
44.625,-68.83333,9.93449814007538e-10
44.625,-67.75,1.34746726002042e-10
44.58333,-122.7917,1.41731451229852e-10
44.58333,-119.4583,3.67098764771903e-11
44.58333,-119.0417,3.36183986022992e-11
44.58333,-118.6667,4.02968294126949e-11
44.58333,-114.7083,4.38337249190302e-11
44.58333,-114.2083,2.29042927933118e-11
44.58333,-111.9583,3.15754164460661e-11
44.58333,-109.6667,3.13751815663334e-11
44.58333,-108.5,2.67575624068371e-11
44.58333,-106.8333,8.64542133735168e-11
44.58333,-106.125,2.49256497853599e-11
44.58333,-105.75,3.96803007553998e-11
44.58333,-103.9583,1.7462181707085e-10
44.58333,-103.9167,1.77950679297483e-10
44.58333,-103.625,1.13440982688487e-10
44.58333,-101.625,2.18978033709395e-11
44.58333,-100.7917,3.77481177519166e-11
44.58333,-100.625,4.58783377771322e-11
44.58333,-100.375,5.33750698869572e-11
44.58333,-100,5.23330676307792e-11
44.58333,-99.79167,4.37926336828421e-11
44.58333,-97.83333,5.07866120748278e-11
44.58333,-97.66667,5.46453605741924e-11
44.58333,-97,1.76154922699955e-10
44.58333,-94.83333,1.31873362883244e-10
44.58333,-91.875,1.71228138749276e-10
44.58333,-90.5,2.33141041477606e-10
44.58333,-89.625,5.52631273573405e-10
44.58333,-89.33333,4.94628156497608e-10
44.58333,-89.20833,4.11503002129247e-10
44.58333,-88.875,2.52633250157989e-10
44.58333,-85.66667,4.16877271567287e-10
44.58333,-83.70833,1.36517270289721e-10
44.58333,-72.75,1.01894652309638e-09
44.58333,-71.41667,2.12659212054649e-10
44.58333,-70.375,3.73623818865988e-10
44.58333,-70.25,6.36427988234201e-10
44.58333,-69.41667,5.31766257265613e-10
44.58333,-68.125,1.89995247241436e-10
44.54167,-124.0417,3.40477671524213e-10
44.54167,-122.5417,4.99826223944201e-11
44.54167,-121.2917,2.66752463722345e-10
44.54167,-120.4167,5.59865069332655e-11
44.54167,-120.375,3.72822664735694e-11
44.54167,-118,3.06649214953979e-11
44.54167,-117.7917,3.40730956463691e-11
44.54167,-117.75,1.4481978446253e-10
44.54167,-117.0833,9.37691931678386e-11
44.54167,-113.375,2.41088258936015e-11
44.54167,-111.625,2.70257954549423e-11
44.54167,-111.4583,5.24793839999539e-11
44.54167,-110.6667,4.04751713103233e-11
44.54167,-110.2917,3.19025819627949e-11
44.54167,-108.7917,2.36200354379183e-11
44.54167,-108.625,2.09054692983816e-11
44.54167,-106.9167,7.70008935162613e-11
44.54167,-106.1667,2.47052078996631e-11
44.54167,-106.125,2.53948797010411e-11
44.54167,-105.2917,6.81189491389245e-11
44.54167,-104.375,1.57257145235359e-11
44.54167,-102.3333,3.01475961281925e-11
44.54167,-101.6667,3.46997119709351e-11
44.54167,-98.45833,4.78237690946146e-11
44.54167,-98.33333,4.94945873814343e-11
44.54167,-98.29167,5.02599366205476e-11
44.54167,-98.125,4.32732433422603e-11
44.54167,-97.66667,5.75744101713511e-11
44.54167,-96.79167,1.06498326623545e-10
44.54167,-96.58333,1.14361225446302e-10
44.54167,-93.58333,1.3042359250575e-09
44.54167,-93.5,1.22315325042144e-09
44.54167,-93.16667,1.147075426891e-09
44.54167,-93.125,9.57447800569293e-10
44.54167,-92.375,3.44344392730522e-10
44.54167,-91.91667,2.13225676265211e-10
44.54167,-90.45833,2.4186849111452e-10
44.54167,-89.16667,4.53199297773894e-10
44.54167,-87.5,4.31214226286598e-10
44.54167,-86.25,1.95510334438861e-10
44.54167,-86.16667,3.29661076614899e-10
44.54167,-86,3.22848760362812e-10
44.54167,-84.95833,1.5411474768861e-10
44.54167,-84.79167,2.96719785049515e-10
44.54167,-83.33333,2.63373526312074e-10
44.54167,-75.79167,8.60906925302179e-11
44.54167,-74.91667,1.50335771975374e-10
44.54167,-72.45833,6.79822113924592e-10
44.54167,-69.25,3.82881223283738e-10
44.54167,-67.95833,1.83509225222287e-10
44.54167,-67.91667,1.76940775372121e-10
44.5,-123.3333,3.17576581949466e-09
44.5,-123.2917,1.90290529244576e-09
44.5,-123.0417,1.23778367094878e-09
44.5,-122.7917,1.49048317406193e-10
44.5,-121.1667,5.48300543439776e-10
44.5,-121.125,5.57388005682338e-10
44.5,-120.4167,5.84949392369271e-11
44.5,-119.9583,3.91897125052455e-11
44.5,-118.5833,3.96734449114261e-11
44.5,-118.5417,3.48963348648623e-11
44.5,-118.0833,2.73454334017467e-11
44.5,-116.875,5.59828908920324e-11
44.5,-116.7917,5.84221967572587e-11
44.5,-116.75,5.97101927750411e-11
44.5,-116.375,5.35886103871204e-11
44.5,-116.1667,2.86313851834276e-11
44.5,-115.4167,3.51595192915986e-11
44.5,-113.875,1.58763586232063e-11
44.5,-112.8333,4.12887556733818e-11
44.5,-112.625,2.53767581631955e-11
44.5,-112.4583,2.61965295915795e-11
44.5,-112.1667,3.05186916734671e-11
44.5,-110.2917,3.18165466039635e-11
44.5,-109.1667,3.93642156763755e-11
44.5,-108.9583,4.46241643368003e-11
44.5,-107.7917,1.30568356919219e-11
44.5,-106,3.43977136301412e-11
44.5,-105.0417,5.86190879389485e-11
44.5,-103.7917,1.21772828142118e-10
44.5,-103.75,1.24465240264009e-10
44.5,-103.5417,1.27038433821298e-10
44.5,-102.5,2.04064573547438e-11
44.5,-102.25,3.07530577762518e-11
44.5,-101.0833,3.00245960615547e-11
44.5,-100.125,6.27001195234807e-11
44.5,-100.0417,6.08028282363356e-11
44.5,-97.375,1.30117814904764e-10
44.5,-96.95833,2.09857158711582e-10
44.5,-95.875,3.2860367406462e-10
44.5,-90.75,1.68770134709567e-10
44.5,-90.5,2.51385007673641e-10
44.5,-89,2.27544460218042e-10
44.5,-88.625,3.96874974268968e-10
44.5,-86.125,3.23597392265371e-10
44.5,-85.54167,5.16563985867905e-10
44.5,-84.625,2.53030466528388e-10
44.5,-74.41667,1.04239612700984e-10
44.5,-72.04167,7.98897249970981e-10
44.5,-71.33333,3.14509338255538e-10
44.5,-71.29167,1.01073844304109e-10
44.5,-71.25,1.09965557215092e-10
44.5,-70.04167,3.11741841416723e-10
44.5,-69.08333,4.73308945494355e-10
44.5,-68.66667,4.12769280728934e-10
44.5,-68.16667,2.71557415181903e-10
44.45833,-120.9583,4.73142737879944e-10
44.45833,-120.4167,1.49485857098589e-10
44.45833,-117.1667,9.69670556945923e-11
44.45833,-113.5417,1.54014755066089e-11
44.45833,-113.125,2.49804496073336e-11
44.45833,-113.0833,2.52016237381778e-11
44.45833,-111,5.19418537990079e-11
44.45833,-110.5,3.56435769083437e-11
44.45833,-109.4167,3.25658546704939e-11
44.45833,-109.25,3.55415789943178e-11
44.45833,-109.125,3.96676319424197e-11
44.45833,-108.8333,1.66389009746422e-11
44.45833,-108.375,2.55728319305473e-11
44.45833,-106.8333,3.32452097478379e-11
44.45833,-106.0833,2.6999161793793e-11
44.45833,-105.1667,6.626318295253e-11
44.45833,-105.0417,5.98114954817927e-11
44.45833,-103.9583,1.86984685722316e-10
44.45833,-103.7083,1.21341849865443e-10
44.45833,-103.5,1.22820797798717e-10
44.45833,-98.08333,4.55207894195604e-11
44.45833,-98,6.84965255342207e-11
44.45833,-97.79167,7.75977777711286e-11
44.45833,-97.58333,8.90642762249458e-11
44.45833,-96.91667,1.98842173567024e-10
44.45833,-96.875,2.03466565569447e-10
44.45833,-96.04167,1.69975989393002e-10
44.45833,-95.20833,1.11380298954116e-10
44.45833,-94.58333,2.38654595850538e-10
44.45833,-91.95833,2.23835645595712e-10
44.45833,-91.5,3.11028574455255e-10
44.45833,-88.66667,8.5654848385291e-10
44.45833,-87.83333,9.96897596336613e-10
44.45833,-85.45833,5.8115850766787e-10
44.45833,-84.95833,2.13433885705754e-10
44.45833,-75.83333,1.49330863310224e-10
44.45833,-73.41667,6.01290691932713e-10
44.45833,-72.625,8.18171431623581e-10
44.45833,-71.375,2.942698212576e-10
44.45833,-71,2.50719182706771e-10
44.45833,-70.66667,3.85415217120259e-10
44.45833,-70.41667,2.84953461277586e-10
44.45833,-70.08333,4.02308173798234e-10
44.45833,-69.58333,5.69351128401653e-10
44.45833,-69.375,3.36392007040072e-10
44.45833,-68.29167,3.29300905498535e-10
44.41667,-121.9583,8.26967864603287e-11
44.41667,-121.875,1.34859743627849e-10
44.41667,-120.7917,3.445780946202e-10
44.41667,-120.3333,5.62572702419247e-11
44.41667,-120.2083,4.84406199926551e-11
44.41667,-119.4583,3.62280577196521e-11
44.41667,-118.0833,2.51907935826967e-11
44.41667,-117.875,3.22026165332184e-11
44.41667,-116.9583,1.09571005126607e-10
44.41667,-115.2917,1.95602669237004e-11
44.41667,-114.3333,2.33582657078291e-11
44.41667,-114.0417,2.29333667615225e-11
44.41667,-113.1667,2.52804408419215e-11
44.41667,-112.7083,1.75030897729614e-11
44.41667,-111.4167,6.09675773966622e-11
44.41667,-109.75,3.11720353306491e-11
44.41667,-108.75,1.51627943390818e-11
44.41667,-107.7917,2.20118018200219e-11
44.41667,-106.75,3.1489616252133e-11
44.41667,-103.7917,1.15928264164484e-10
44.41667,-102.9583,5.02024838797407e-11
44.41667,-102.0417,3.27857244021698e-11
44.41667,-101.625,3.49836521238643e-11
44.41667,-101.25,3.64272678864195e-11
44.41667,-101.0417,3.0581022021544e-11
44.41667,-99.83333,5.16122930048286e-11
44.41667,-98.70833,4.36374541655145e-11
44.41667,-98.58333,3.997221782128e-11
44.41667,-97.95833,5.23328892990606e-11
44.41667,-97.54167,9.04839586869693e-11
44.41667,-96.16667,1.40135814163914e-10
44.41667,-95.83333,4.56669162419598e-10
44.41667,-95.20833,1.09342550009151e-10
44.41667,-91.54167,1.7788501116242e-10
44.41667,-90.04167,3.40106891258126e-10
44.41667,-89.79167,1.588733614409e-09
44.41667,-89.375,7.32301729961825e-10
44.41667,-87.79167,5.06724627308205e-10
44.41667,-85.91667,2.24332370534692e-10
44.41667,-85.79167,2.38901498484009e-10
44.41667,-85.29167,3.34131110610873e-10
44.41667,-84.33333,1.69322865335202e-10
44.41667,-75.66667,1.71381462106424e-10
44.41667,-72.04167,6.32905937622792e-10
44.41667,-70.625,3.80877464782507e-10
44.41667,-68.375,6.1492721160188e-10
44.375,-123.75,1.89692956855998e-10
44.375,-123.0417,4.64174813856638e-10
44.375,-122.625,3.75183054459117e-10
44.375,-119.4583,3.67056265665469e-11
44.375,-118.375,2.1148583510869e-11
44.375,-117.5,4.07169787295192e-11
44.375,-116.7917,6.21215391834191e-11
44.375,-116.375,6.14839938071782e-11
44.375,-116.125,2.91809212166224e-11
44.375,-115.9167,2.62357093446732e-11
44.375,-115.75,2.45159544297465e-11
44.375,-114,2.30006677220124e-11
44.375,-113.9583,2.29797319266688e-11
44.375,-112.625,2.93565402454873e-11
44.375,-112.5833,2.95910073583977e-11
44.375,-111.9583,2.11933677785646e-11
44.375,-109.375,3.23873512740477e-11
44.375,-107.1667,2.9630546919684e-11
44.375,-106,1.892341898198e-11
44.375,-105.0833,6.32773133467619e-11
44.375,-104.7917,3.92463372899126e-11
44.375,-104.4167,3.81318114778663e-11
44.375,-103.1667,1.64928464833807e-10
44.375,-103,5.51083711715699e-11
44.375,-102.7917,5.35227656600536e-11
44.375,-102.625,4.71339199471159e-11
44.375,-102.375,3.52266497333534e-11
44.375,-101.8333,2.5996581699292e-11
44.375,-99.04167,3.81494313865392e-11
44.375,-96.91667,2.15968672698176e-10
44.375,-95.625,1.66611981195626e-10
44.375,-94.20833,2.53837691151761e-10
44.375,-94.08333,3.20147398067537e-10
44.375,-93.875,5.99345193468206e-10
44.375,-93.41667,6.62601626593811e-10
44.375,-92.95833,5.46699662141807e-10
44.375,-90.95833,3.74455277201661e-10
44.375,-90.75,1.57547261451227e-10
44.375,-89.41667,4.82767619140589e-10
44.375,-88.875,6.50581187586162e-10
44.375,-88.66667,1.09372633171791e-09
44.375,-86.16667,4.54508496313879e-10
44.375,-85.54167,4.78504054107798e-10
44.375,-85.08333,2.26168587169271e-10
44.375,-83.91667,2.39387216841996e-10
44.375,-75.16667,1.70384535341915e-10
44.375,-75.04167,1.02651500891108e-10
44.375,-74.29167,4.72828279741626e-10
44.375,-72.79167,1.38543384843006e-09
44.375,-71.58333,5.31875541693798e-10
44.375,-71.04167,6.76433749330687e-10
44.375,-70.91667,2.72133901819692e-10
44.375,-70.625,4.19958994885751e-10
44.375,-69.375,3.40831202631428e-10
44.33333,-123.9583,1.51204075744514e-10
44.33333,-123.375,4.21646809663921e-10
44.33333,-123.1667,6.96444501180574e-10
44.33333,-122.5833,6.06956531971827e-11
44.33333,-122.1667,3.42430960179227e-11
44.33333,-121.7917,8.44182096024472e-11
44.33333,-121.2917,1.4450484009035e-09
44.33333,-120.9167,1.02787961573455e-09
44.33333,-120.3333,1.43156823798908e-10
44.33333,-120.0833,3.03389690654439e-11
44.33333,-117.625,2.58759263709429e-11
44.33333,-116.1667,3.0233673632192e-11
44.33333,-113.9167,2.3029027627287e-11
44.33333,-113.4583,2.35326386027539e-11
44.33333,-112.125,2.00977941352577e-11
44.33333,-109.5417,3.13561377020946e-11
44.33333,-109.3333,3.2185137972028e-11
44.33333,-108.5417,1.33872478546268e-11
44.33333,-107.5417,1.36414713380845e-11
44.33333,-106.6667,2.91636177088409e-11
44.33333,-106,1.89582561674002e-11
44.33333,-105.5833,4.46276367766153e-10
44.33333,-105.4167,4.18336995193578e-10
44.33333,-104.9167,4.18941817809603e-11
44.33333,-104.2917,3.77242866746174e-11
44.33333,-104.25,3.82166117464634e-11
44.33333,-103.0417,6.6773758510681e-11
44.33333,-101.2083,3.67097951082757e-11
44.33333,-101,3.49665437693671e-11
44.33333,-97.66667,8.59582579667309e-11
44.33333,-96.16667,1.87142988325093e-10
44.33333,-93.625,6.02388256582993e-10
44.33333,-93.375,7.35933426513338e-10
44.33333,-92.91667,4.42103390954164e-10
44.33333,-92.66667,9.81615158790329e-10
44.33333,-92.29167,4.15879515761702e-10
44.33333,-91.91667,2.21421098885126e-10
44.33333,-91.625,2.0892880800525e-10
44.33333,-91.33333,6.3836778288547e-10
44.33333,-89.25,4.35726755136857e-10
44.33333,-88.91667,7.96018139995145e-10
44.33333,-85.625,2.77570200272568e-10
44.33333,-75.625,2.15674580537219e-10
44.33333,-75.04167,1.04103740884704e-10
44.33333,-73.41667,5.74660775935509e-10
44.33333,-73,1.12524940071834e-09
44.33333,-72,3.71947468543416e-10
44.33333,-71.41667,2.84667666149162e-10
44.33333,-69.95833,8.4028348106668e-10
44.33333,-69.25,3.35152911092852e-10
44.29167,-123.125,1.161417320309e-09
44.29167,-123.0417,6.29283622863784e-10
44.29167,-121.4167,7.19183700188081e-10
44.29167,-120.4167,4.68024953384449e-11
44.29167,-120.2083,3.50942099091488e-11
44.29167,-120.0833,3.05795028387546e-11
44.29167,-118.3333,2.0330166804685e-11
44.29167,-118.2083,2.1569925629609e-11
44.29167,-118.0417,2.70040808494921e-11
44.29167,-115.5417,2.42418678807628e-11
44.29167,-115.375,2.72461673804825e-11
44.29167,-115.3333,2.66372086393973e-11
44.29167,-114.9583,5.07591802213683e-11
44.29167,-114.5,1.68283311356404e-11
44.29167,-114.2083,2.34921175515173e-11
44.29167,-113.7917,2.34283748999394e-11
44.29167,-111.2917,2.77677190653458e-11
44.29167,-110.1667,2.91890470138521e-11
44.29167,-107.7083,2.62596956450829e-11
44.29167,-107.375,1.40712102664289e-11
44.29167,-107.2917,1.43741958190208e-11
44.29167,-107.2083,1.46406495413364e-11
44.29167,-105.75,4.79531347476872e-11
44.29167,-105.375,3.11010456180236e-10
44.29167,-103.875,3.99956462640299e-11
44.29167,-101.75,2.52649816980184e-11
44.29167,-101.4583,2.54800366723242e-11
44.29167,-100.75,3.95253412249271e-11
44.29167,-98.70833,4.5958531642299e-11
44.29167,-97.33333,1.11364038118106e-10
44.29167,-96.75,2.68087191160995e-10
44.29167,-96.29167,1.62890340931404e-10
44.29167,-94.625,3.42142725685381e-10
44.29167,-94.41667,3.32805123056407e-10
44.29167,-90.54167,1.6939438308809e-10
44.29167,-89.83333,4.19232357752361e-10
44.29167,-89.54167,3.42877679431282e-10
44.29167,-89.41667,3.50577539647025e-10
44.29167,-87.70833,5.50139810073873e-10
44.29167,-86,2.29632657901959e-10
44.29167,-85.58333,4.56769981188698e-10
44.29167,-84.625,2.13220151313107e-10
44.29167,-83.66667,2.74180348828649e-10
44.29167,-83.54167,2.36748095723432e-10
44.29167,-76.125,3.40000333597249e-10
44.29167,-73.91667,4.62767065628139e-10
44.29167,-73.83333,1.88559990156174e-10
44.29167,-69.95833,8.26400183713069e-10
44.29167,-69.66667,5.43749262624102e-10
44.29167,-69.29167,3.94533528491778e-10
44.29167,-68.20833,1.04137880128156e-08
44.25,-123.7083,9.91776702434435e-11
44.25,-122.75,4.42981045582268e-10
44.25,-121.5833,1.12908746112752e-10
44.25,-120.125,3.20892746001586e-11
44.25,-117.7917,2.79667209626116e-11
44.25,-117.5417,2.56517962241958e-11
44.25,-117.1667,5.47572473230688e-11
44.25,-116.625,6.17987001905915e-11
44.25,-116.5833,7.01974821037289e-11
44.25,-116.2917,1.03904296878294e-10
44.25,-116.1667,5.63015232242138e-11
44.25,-115.4583,2.39905033605233e-11
44.25,-114.3333,1.67366270895357e-11
44.25,-113.625,2.44392277793456e-11
44.25,-113.3333,2.80549383603441e-11
44.25,-112.9583,2.93527784270833e-11
44.25,-112.0833,2.15984812386042e-11
44.25,-110.875,4.13956218523433e-11
44.25,-108.375,1.2506426688077e-11
44.25,-105.9167,3.81909213955135e-11
44.25,-105.1667,6.63432676880532e-11
44.25,-104.9583,4.26231503200641e-11
44.25,-104.7083,3.82565214156143e-11
44.25,-104.6667,3.77417954396138e-11
44.25,-103.2917,2.33555192681358e-10
44.25,-102.75,5.95862938279201e-11
44.25,-102.4583,3.94385228728977e-11
44.25,-101.6667,2.45493848284397e-11
44.25,-101.5,2.51429630341827e-11
44.25,-101.125,3.72896555541321e-11
44.25,-100.625,4.25013604510737e-11
44.25,-99.79167,4.97544288388253e-11
44.25,-97.58333,9.18186183135806e-11
44.25,-97.45833,9.80237643515671e-11
44.25,-97.375,1.10655581652241e-10
44.25,-97.08333,1.88748392366304e-10
44.25,-94.20833,2.93568935051064e-10
44.25,-94.16667,3.18862348606102e-10
44.25,-93.08333,4.86555711747158e-10
44.25,-92.45833,4.8847725188139e-10
44.25,-91.83333,2.62190768431616e-10
44.25,-89.91667,2.02164887486924e-10
44.25,-89.16667,4.20435586097096e-10
44.25,-86.29167,1.3688878029762e-09
44.25,-85.04167,1.86445958226663e-10
44.25,-84,2.97433583405627e-10
44.25,-75.875,3.41037622588155e-10
44.25,-75.79167,3.18235289751083e-10
44.25,-75.04167,5.28084139289603e-11
44.25,-74.79167,4.99922761644805e-11
44.25,-74.625,6.09300048279704e-11
44.25,-74.45833,2.9850306859209e-10
44.25,-73.75,1.92834977956846e-10
44.25,-73.70833,1.29016041854607e-10
44.25,-72.875,6.6982738619249e-10
44.25,-72.20833,2.39487357924911e-10
44.25,-71.25,2.55581280207659e-10
44.25,-71.04167,6.08450233276471e-10
44.25,-70.625,8.11866715081345e-10
44.25,-68.91667,1.19473187655364e-08
44.20833,-123.625,1.46459879256448e-10
44.20833,-122.7083,2.50751165986639e-10
44.20833,-122.4167,1.19192040695667e-10
44.20833,-121.5833,1.09333379073502e-10
44.20833,-121.2083,3.61216426981386e-09
44.20833,-120.875,4.02931811078213e-10
44.20833,-117.9167,2.64174067081271e-11
44.20833,-116.5,7.13961087411445e-11
44.20833,-116.25,1.0584653459727e-10
44.20833,-116.2083,1.06760376802556e-10
44.20833,-116.1667,6.02211808345969e-11
44.20833,-114.9583,5.30883400141745e-11
44.20833,-112.6667,2.07316557099558e-11
44.20833,-111,4.29818774887885e-11
44.20833,-110.9583,4.21061752464377e-11
44.20833,-108.125,1.19631459444849e-11
44.20833,-108,1.80709893726738e-11
44.20833,-107,2.72844177125769e-11
44.20833,-106,4.34850514387056e-11
44.20833,-103.7083,4.89824280244839e-11
44.20833,-103.0417,1.02845280433054e-10
44.20833,-100.125,6.153588301772e-11
44.20833,-99.70833,4.61697277839365e-11
44.20833,-99.625,3.26000298984434e-11
44.20833,-96.25,1.65482071719227e-10
44.20833,-95.625,4.24390577125816e-10
44.20833,-94,1.12199618007742e-09
44.20833,-93.41667,5.30835211588885e-10
44.20833,-91.79167,2.91831124399523e-10
44.20833,-91.58333,4.50943552649503e-10
44.20833,-91.29167,4.12908729777171e-10
44.20833,-91.125,3.78689972646408e-10
44.20833,-89.375,3.02334193766876e-10
44.20833,-89.29167,3.27252936576689e-10
44.20833,-89.125,3.94741534771669e-10
44.20833,-88.75,9.75932325471726e-10
44.20833,-88.54167,1.13472709778167e-09
44.20833,-87.95833,5.4917561018517e-10
44.20833,-85.66667,2.07807719179882e-10
44.20833,-85.33333,6.74870725405784e-10
44.20833,-83.58333,2.53638961635714e-10
44.20833,-74.91667,4.98305214218817e-11
44.20833,-74.83333,5.09711993216652e-11
44.20833,-74.58333,6.02784251347081e-11
44.20833,-74.54167,6.1570467059962e-11
44.20833,-73.66667,2.50064622721857e-10
44.20833,-72.625,8.41953386426771e-10
44.20833,-71.66667,3.61964392745976e-10
44.20833,-71.58333,3.70381106411048e-10
44.20833,-71.25,2.68690428012408e-10
44.20833,-70.75,3.24333655804174e-10
44.20833,-70.625,8.16281351352474e-10
44.20833,-69.95833,7.73281146747665e-10
44.16667,-122.125,1.00390894220439e-10
44.16667,-121.0833,2.72381850334605e-09
44.16667,-120.8333,2.10809452970497e-10
44.16667,-119.2917,1.96775029719345e-11
44.16667,-118.7917,1.81857933764218e-11
44.16667,-116.375,1.27175557842306e-10
44.16667,-116.25,9.14370002380259e-11
44.16667,-115.9583,5.88211301358946e-11
44.16667,-115.5,3.24507226661966e-11
44.16667,-114.625,1.80691038027865e-11
44.16667,-114.5833,1.78585791016686e-11
44.16667,-113.6667,2.55897023271377e-11
44.16667,-113.0417,3.07347690960385e-11
44.16667,-111.375,4.52283645429916e-11
44.16667,-111.25,4.45346131435171e-11
44.16667,-110.2083,3.10340878369482e-11
44.16667,-110,3.14547524660786e-11
44.16667,-109.0833,2.53663565649933e-11
44.16667,-108.2917,1.20130889459285e-11
44.16667,-108.0833,1.18527321123847e-11
44.16667,-107.1667,1.37780780523568e-11
44.16667,-107.0833,2.6407322023936e-11
44.16667,-104.0833,3.25522017251025e-11
44.16667,-103,1.07478529243583e-10
44.16667,-102.375,3.75523029317266e-11
44.16667,-100.625,3.90428959461443e-11
44.16667,-100.2083,5.50318462255271e-11
44.16667,-97.875,5.95840043213055e-11
44.16667,-97.54167,6.08678260192946e-11
44.16667,-97.16667,1.21664613755589e-10
44.16667,-96.625,1.99077664798264e-10
44.16667,-96.04167,1.29207054302843e-10
44.16667,-94.79167,1.48950260713042e-10
44.16667,-93.04167,4.42171960416946e-10
44.16667,-91.875,4.56341861865341e-10
44.16667,-90.66667,2.89937826375648e-10
44.16667,-90.33333,2.69125574000767e-10
44.16667,-89.58333,2.76795917801639e-10
44.16667,-87.625,2.38780219617854e-09
44.16667,-86.375,5.5167160077998e-10
44.16667,-85.45833,3.2134586343638e-10
44.16667,-74.70833,4.80404929139058e-11
44.16667,-73.66667,2.23308537585521e-10
44.16667,-69.625,4.6355879313983e-10
44.125,-122.375,1.65174457551888e-10
44.125,-121.5,1.40885572579378e-10
44.125,-121.4167,4.45734291395496e-10
44.125,-119.7083,4.75282649585481e-11
44.125,-118.6667,1.7894387362419e-11
44.125,-118.3333,1.86993237168404e-11
44.125,-117.4167,1.24672175128937e-10
44.125,-115.5,3.36658639981913e-11
44.125,-115.25,2.82927382111216e-11
44.125,-112.7917,3.41293382491325e-11
44.125,-112.3333,2.39411183221716e-11
44.125,-111.875,2.64190545344786e-11
44.125,-110.8333,2.74509742007823e-11
44.125,-109.7083,3.04385954413314e-11
44.125,-109.625,3.02547185609888e-11
44.125,-109.5833,3.01720043488057e-11
44.125,-109.4583,2.57619860177371e-11
44.125,-109.2917,1.39205113145483e-11
44.125,-109.1667,1.37431914988915e-11
44.125,-109.125,2.50061626996037e-11
44.125,-109.0833,2.48396341326879e-11
44.125,-108.3333,1.19530688431211e-11
44.125,-108.1667,1.18152391442406e-11
44.125,-108.0833,1.17653568164868e-11
44.125,-107.2917,2.35268816087374e-11
44.125,-106.9167,2.62931478522633e-11
44.125,-105.7083,5.13085595123732e-11
44.125,-105.5417,1.40124261316329e-10
44.125,-101.75,2.52686890311122e-11
44.125,-101.375,3.39855459128747e-11
44.125,-100.8333,4.02083874711487e-11
44.125,-98.83333,3.9285774894042e-11
44.125,-95.04167,2.39789934445807e-10
44.125,-94.5,1.91997250056504e-10
44.125,-94.375,2.40768157396862e-10
44.125,-93.83333,9.70519154692004e-10
44.125,-93.33333,4.87999724236567e-10
44.125,-92.5,1.52695186852904e-09
44.125,-92.125,1.25942779557515e-09
44.125,-91.20833,5.62591854834314e-10
44.125,-91.125,4.04217789794514e-10
44.125,-90.41667,3.0887123473628e-10
44.125,-90.33333,2.84070229296083e-10
44.125,-87.70833,1.24891857991266e-09
44.125,-84.83333,1.42554206621965e-10
44.125,-76.33333,7.711625377121e-09
44.125,-75.54167,4.92676874064137e-10
44.125,-75,6.37527722589642e-11
44.125,-74.66667,4.76891529791587e-11
44.125,-74.25,9.2923757410815e-11
44.125,-73.70833,1.13756433447058e-10
44.125,-69.58333,3.94110332086925e-10
44.08333,-123.875,8.5664731933834e-11
44.08333,-123.4167,8.90742022473466e-10
44.08333,-122.4583,1.95667231310444e-10
44.08333,-118.75,1.82088534831953e-11
44.08333,-118.5,1.79986609107816e-11
44.08333,-118.4167,1.81631934565415e-11
44.08333,-117.5833,4.7504673439004e-11
44.08333,-115.3333,3.08312994477681e-11
44.08333,-112.4167,2.53028829758442e-11
44.08333,-111.75,3.00155395150001e-11
44.08333,-111.7083,3.03895232142327e-11
44.08333,-111.5833,4.72800030567692e-11
44.08333,-111.25,8.84898165586692e-11
44.08333,-110.2083,1.95607459895029e-11
44.08333,-109.7083,3.02565498867091e-11
44.08333,-108.6667,1.24493884122555e-11
44.08333,-107.5,2.2310351138859e-11
44.08333,-106.6667,2.58499852552243e-11
44.08333,-105.1667,2.05407757356708e-11
44.08333,-103.8333,7.71809753488403e-11
44.08333,-103.25,7.27565226117437e-09
44.08333,-101.2083,3.50058773295596e-11
44.08333,-101,3.7178469360124e-11
44.08333,-99.16667,4.42602239297418e-11
44.08333,-98.91667,4.01345378172944e-11
44.08333,-97.54167,6.58488178231892e-11
44.08333,-97.33333,1.12994558172482e-10
44.08333,-96.79167,2.00657082294869e-10
44.08333,-95.58333,1.59241638147415e-10
44.08333,-95.375,1.45111535538949e-10
44.08333,-94.375,2.41125744784987e-10
44.08333,-93.54167,3.93240109176117e-10
44.08333,-93.375,3.33453157130518e-10
44.08333,-90.95833,5.43708981278583e-10
44.08333,-90,2.1636990195999e-10
44.08333,-88.375,7.36500560273289e-11
44.08333,-88.125,8.9254226177582e-10
44.08333,-84.58333,3.35674742764811e-10
44.08333,-75.25,1.60861972106242e-10
44.08333,-73.625,1.87742780471942e-10
44.08333,-72.91667,3.43887201795806e-10
44.08333,-72.54167,4.47926152236568e-10
44.08333,-72.41667,2.5674943154153e-10
44.08333,-71.91667,3.98242657489393e-10
44.08333,-71.5,2.08510605609443e-10
44.08333,-70.125,3.88647605080739e-09
44.08333,-70.04167,2.29958787143039e-09
44.08333,-68.95833,5.35407746779594e-09
44.04167,-121.4167,1.98039450589474e-10
44.04167,-119.4583,3.62996853762733e-11
44.04167,-119.4167,3.584047552232e-11
44.04167,-119.0833,1.93675624953563e-11
44.04167,-118.25,1.85172703745241e-11
44.04167,-118.1667,3.67461871872214e-11
44.04167,-117.7083,2.51836504515283e-11
44.04167,-116.5833,2.86423768696311e-10
44.04167,-116.5,2.85054440568522e-10
44.04167,-116.0417,1.06501238305169e-10
44.04167,-115.7083,6.17021038164284e-11
44.04167,-115.375,3.27956768195959e-11
44.04167,-114.8333,5.56520156627706e-11
44.04167,-113.875,3.3957761181608e-11
44.04167,-111.375,9.68117499138075e-11
44.04167,-109.8333,3.05243423200841e-11
44.04167,-109.4583,2.51889070864161e-11
44.04167,-108.2083,2.11679793369416e-11
44.04167,-106.2917,1.48750934271223e-11
44.04167,-106.2083,1.54685307309008e-11
44.04167,-105.2083,2.01896647320324e-11
44.04167,-103.5,1.55402719384715e-10
44.04167,-100.875,3.24691870523585e-11
44.04167,-100.0417,4.68882556315968e-11
44.04167,-98.29167,7.18814225782397e-11
44.04167,-97.45833,1.23397841443351e-10
44.04167,-96.58333,3.59376844888253e-10
44.04167,-96.41667,1.31223751079726e-10
44.04167,-94.875,2.2504500256727e-10
44.04167,-92.5,8.65192168931623e-09
44.04167,-91.625,6.08981219692097e-09
44.04167,-90.95833,5.74003137782136e-10
44.04167,-88.95833,5.51637559179974e-10
44.04167,-88.08333,5.43200793916815e-10
44.04167,-86.375,4.31851782703296e-10
44.04167,-86.25,2.56173072187379e-10
44.04167,-85.25,2.31838558944189e-10
44.04167,-84.91667,1.3052719552235e-10
44.04167,-84.375,2.64987663460419e-10
44.04167,-76.125,4.31062391965602e-10
44.04167,-75.58333,9.9697657575656e-10
44.04167,-72.875,3.14760598148483e-10
44.04167,-72.79167,5.94399832406636e-10
44.04167,-72.25,3.13514620698875e-10
44.04167,-72.16667,4.34199218921353e-10
44.04167,-71.45833,2.14606145137673e-10
44.04167,-69.66667,4.64332284435199e-10
44,-123.5833,4.3803567141882e-10
44,-122.5,2.27093346803872e-10
44,-121.0417,1.83836202573145e-09
44,-120.5,8.01123340922775e-11
44,-119.625,3.857569852946e-11
44,-119.25,2.05771041825004e-11
44,-118.3333,2.38355147206315e-11
44,-118.0833,3.75335526986401e-11
44,-116.4583,1.80443632553265e-10
44,-115.1667,6.62017365508788e-11
44,-114.3333,2.68707680834682e-11
44,-114.25,2.69603549811843e-11
44,-112.625,5.07809748721522e-11
44,-111.3333,9.64079957942906e-11
44,-110.2917,2.11169232570131e-11
44,-109.9583,3.23011978977453e-11
44,-109.75,3.00258379410475e-11
44,-109,2.31655314234926e-11
44,-108.75,2.20718240590586e-11
44,-107.125,2.44173615665223e-11
44,-105.7083,4.50957821441955e-11
44,-105.2917,4.6853557851471e-11
44,-105.25,1.97417469988769e-11
44,-105.125,5.52683890835937e-11
44,-104.375,1.66020175885444e-11
44,-103.3333,1.07573267090533e-09
44,-103.125,1.72991372479432e-09
44,-101.875,2.66112970762795e-11
44,-100.3333,5.2358689672008e-11
44,-100.125,4.62817828736182e-11
44,-99.29167,4.83793770645774e-11
44,-98.66667,4.17820876785858e-11
44,-97.83333,6.49900341579672e-11
44,-96.95833,1.88690914925991e-10
44,-94.875,2.49831003140359e-10
44,-94.25,5.07741667195053e-10
44,-93.45833,2.46652249554216e-10
44,-92.91667,4.89683732223495e-10
44,-92.875,6.48739486725824e-10
44,-92.66667,3.08520459351189e-09
44,-92.375,4.8674466432127e-09
44,-92.16667,7.73444461658445e-10
44,-90.04167,1.79543803338311e-10
44,-89.58333,2.55637167525225e-10
44,-89.29167,4.11052841783962e-10
44,-86.25,2.40560488474146e-10
44,-85.41667,2.24071367510445e-10
44,-84.79167,8.2778961025614e-10
44,-76,8.44909916312637e-10
44,-75.95833,7.30108968646406e-10
44,-73.79167,7.28542316221728e-11
44,-73.375,4.55146691680132e-10
44,-72.54167,3.733511287463e-10
43.95833,-123.2083,7.86325080263993e-10
43.95833,-122.0833,9.55197812117254e-11
43.95833,-119.7083,2.36720535362389e-11
43.95833,-119.6667,2.33663301880765e-11
43.95833,-118.1667,3.58797664675175e-11
43.95833,-117.0417,5.78529846013145e-10
43.95833,-116.5417,1.77455471236011e-10
43.95833,-116.2083,1.40200999149057e-10
43.95833,-115.3333,2.7145674318799e-11
43.95833,-115.2083,6.88781855890348e-11
43.95833,-114.5,2.80963209248948e-11
43.95833,-112.8333,3.92834171376516e-11
43.95833,-109.625,2.93030556216608e-11
43.95833,-108.7083,2.10615524650098e-11
43.95833,-108.2083,2.0789890158788e-11
43.95833,-108.1667,2.07599037851182e-11
43.95833,-106.5833,2.48184758540396e-11
43.95833,-105,1.81931374604877e-11
43.95833,-102.5417,4.29943143622319e-11
43.95833,-102.0417,3.09232677313426e-11
43.95833,-100.4167,3.49712845612004e-11
43.95833,-100.3333,5.03409091383658e-11
43.95833,-98.16667,8.91658421263204e-11
43.95833,-97.54167,7.29319341741472e-11
43.95833,-96,1.76439063720853e-10
43.95833,-95.45833,1.56472742950069e-10
43.95833,-94.75,1.29880338488531e-10
43.95833,-94.5,1.24898898121631e-10
43.95833,-94.125,2.3533570832374e-10
43.95833,-93.375,3.02729621086927e-10
43.95833,-93.25,5.59477195386804e-10
43.95833,-93.04167,6.53989055122039e-10
43.95833,-91.91667,3.7774486161784e-10
43.95833,-91.08333,1.14026223441821e-09
43.95833,-90.25,5.24185877395735e-10
43.95833,-89.125,3.77966738888268e-10
43.95833,-86.08333,2.38247935685322e-10
43.95833,-85.20833,2.95491790862093e-10
43.95833,-84.375,3.01135966110745e-10
43.95833,-83.875,3.6940092606693e-10
43.95833,-74.95833,8.73619760521181e-11
43.95833,-74.83333,7.33831618615466e-11
43.95833,-74.45833,4.67766302917198e-11
43.95833,-72,2.7702186194027e-10
43.95833,-71.625,2.12187811647297e-10
43.95833,-71.25,4.71535866050713e-10
43.95833,-69.33333,1.12958104837713e-08
43.91667,-123.6667,7.55023796618493e-11
43.91667,-118.3333,2.37874258337065e-11
43.91667,-117.9583,4.08359694021145e-11
43.91667,-117.25,8.49289674516796e-11
43.91667,-114.7917,5.18184574349359e-11
43.91667,-114.375,3.60893615403102e-11
43.91667,-113.2917,3.61887280427633e-11
43.91667,-108.4583,2.08197435519154e-11
43.91667,-107.7917,1.14078342835687e-11
43.91667,-106.9583,2.33321478746032e-11
43.91667,-106.7917,2.4403345631975e-11
43.91667,-106.7083,2.36231707363472e-11
43.91667,-104.375,2.80291426034422e-11
43.91667,-104.0833,3.31785078320893e-11
43.91667,-103.2083,1.9749083523549e-10
43.91667,-100.0417,4.30644881575447e-11
43.91667,-100,4.31834904986007e-11
43.91667,-99.75,4.59634004738972e-11
43.91667,-98.95833,4.92597024807227e-11
43.91667,-98.16667,1.13792333942894e-10
43.91667,-97.25,1.24704535808885e-10
43.91667,-97,3.11364543477661e-10
43.91667,-94.125,2.18417011038289e-10
43.91667,-92.54167,3.70023941079357e-09
43.91667,-92.20833,7.92361394155796e-10
43.91667,-91.95833,3.93340825208038e-10
43.91667,-89.5,2.45168464777192e-10
43.91667,-89.16667,3.45212249090692e-10
43.91667,-89.04167,4.33845882759671e-10
43.91667,-88.45833,6.9373893773766e-11
43.91667,-87.875,5.96587868875532e-10
43.91667,-85.79167,1.01766057700221e-10
43.91667,-85.375,2.15950634796299e-10
43.91667,-84.20833,1.86436092410399e-10
43.91667,-83.41667,2.02719732563064e-10
43.91667,-82.875,1.51161750518235e-10
43.91667,-74.91667,8.59370099197077e-11
43.91667,-72.54167,4.82200419062829e-10
43.91667,-70.625,7.86862657903446e-10
43.91667,-69.79167,1.01283052109558e-09
43.875,-122.875,2.63792360900293e-10
43.875,-116.8333,5.86606604915113e-10
43.875,-116.6667,6.13065091456403e-10
43.875,-114.875,5.41321272441554e-11
43.875,-114.375,4.90086228135868e-11
43.875,-113.7083,3.78098396721294e-11
43.875,-111.5833,1.46836263358411e-10
43.875,-111.375,1.03432409314246e-10
43.875,-111.0833,1.17145770754501e-10
43.875,-110.0417,2.79620930964414e-11
43.875,-109.2917,2.3466141055358e-11
43.875,-107.5417,1.16033798740381e-11
43.875,-106.75,2.33190037283678e-11
43.875,-106.2917,1.44616361631291e-11
43.875,-105.5,4.24849780566287e-11
43.875,-104.2083,1.89449828159032e-10
43.875,-102.7083,4.42637467630631e-11
43.875,-102.5417,4.83019397216826e-11
43.875,-101.7917,2.50691328937898e-11
43.875,-101.5,2.41182509400134e-11
43.875,-101.0833,2.7134803950977e-11
43.875,-100.2917,4.75313139295775e-11
43.875,-96.83333,2.14072636703723e-10
43.875,-96.79167,3.27100429437518e-10
43.875,-95.45833,1.54460723240221e-10
43.875,-93.125,6.0493146598825e-10
43.875,-93,4.59612210927907e-10
43.875,-92.625,8.33727245727635e-10
43.875,-90.79167,5.65311484960103e-10
43.875,-90.25,4.35221423944926e-10
43.875,-88.91667,6.89784189035606e-10
43.875,-88.54167,6.1615947185291e-10
43.875,-86.29167,2.19115996071656e-10
43.875,-83.25,3.30457350909937e-10
43.875,-82.79167,2.28283256497051e-10
43.875,-75.20833,1.93525470502041e-10
43.875,-74.83333,9.21669849148207e-11
43.875,-74.04167,5.35581094632097e-11
43.875,-73.5,4.87620352879971e-10
43.875,-72.95833,4.58593307707734e-10
43.875,-72.08333,2.46297761550376e-10
43.83333,-122.5833,1.17656485703773e-10
43.83333,-117.2917,7.52203650249306e-11
43.83333,-116.7917,4.39414952611079e-10
43.83333,-116.2083,1.88880962867997e-10
43.83333,-115.5417,5.53215671000178e-11
43.83333,-111.6667,2.66059934163748e-10
43.83333,-110.5,2.64847737232307e-11
43.83333,-110,2.75217349282543e-11
43.83333,-109.5833,2.28842532563912e-11
43.83333,-109.0417,2.14071829707177e-11
43.83333,-108.625,1.99781073317731e-11
43.83333,-108.5,1.99756560120977e-11
43.83333,-107.7083,1.14922635457297e-11
43.83333,-106.4167,2.50784855867963e-11
43.83333,-105.2917,4.14984483061684e-11
43.83333,-104.1667,7.89941880354103e-11
43.83333,-103.5417,1.68058239599213e-10
43.83333,-102.8333,6.38818448210924e-11
43.83333,-102.7917,6.13094312636132e-11
43.83333,-102.125,3.40671453558501e-11
43.83333,-101.4167,2.40984628799888e-11
43.83333,-99.75,3.9752033973454e-11
43.83333,-99.16667,5.76137749241251e-11
43.83333,-97.79167,8.75562224749706e-11
43.83333,-96.66667,3.61888643756006e-10
43.83333,-93.66667,2.17637005534871e-10
43.83333,-93.58333,2.54042355147197e-10
43.83333,-93.41667,2.90420719335903e-10
43.83333,-91.04167,8.03950508738263e-10
43.83333,-90.95833,6.12102621869144e-10
43.83333,-90.5,4.91004977965239e-10
43.83333,-89.95833,4.27752855760311e-10
43.83333,-89.5,2.96495763654559e-10
43.83333,-89.45833,3.16336053361587e-10
43.83333,-88.875,1.69690495815646e-09
43.83333,-83.16667,2.88291343758371e-10
43.83333,-75.83333,5.69523909383527e-10
43.83333,-75.58333,4.66883115585255e-10
43.83333,-73.79167,1.5176910025279e-10
43.83333,-72.95833,4.50075790647051e-10
43.83333,-72.54167,4.58805597433201e-10
43.83333,-72.29167,6.92215830740276e-10
43.83333,-71.875,3.4477121817339e-10
43.83333,-71.66667,4.17711006831136e-10
43.83333,-70.75,5.34350574549716e-10
43.83333,-70.5,3.98388630692115e-09
43.79167,-123.3333,2.08546632284463e-10
43.79167,-122.875,1.33616101825103e-10
43.79167,-122.625,5.71681209960206e-11
43.79167,-115.9167,2.76047520824555e-10
43.79167,-115.5417,1.03638117640502e-10
43.79167,-114.7917,4.02175242534528e-11
43.79167,-113.7083,3.90845350833991e-11
43.79167,-110.7917,7.72870685139595e-11
43.79167,-106.9167,2.27430839935654e-11
43.79167,-104.3333,2.82758886506934e-11
43.79167,-103.125,7.17080847869726e-11
43.79167,-102.75,5.6167977067249e-11
43.79167,-100.5,3.21509310485091e-11
43.79167,-98.20833,1.52891743148701e-10
43.79167,-97.16667,2.32821910240503e-10
43.79167,-97,3.22859254811322e-10
43.79167,-96.875,3.51394172228018e-10
43.79167,-96.33333,1.53301615635351e-10
43.79167,-96.125,1.38690296679272e-10
43.79167,-96.04167,1.70460054525166e-10
43.79167,-93.33333,4.52528228449335e-10
43.79167,-91.95833,3.31823911067421e-10
43.79167,-91.33333,8.41529132878841e-10
43.79167,-91.29167,1.95626810600374e-09
43.79167,-91.04167,7.14826481699622e-10
43.79167,-89.83333,4.76850679617323e-10
43.79167,-88.5,3.23282101629873e-09
43.79167,-85.79167,1.24013288255047e-10
43.79167,-82.66667,2.43937624580382e-10
43.79167,-74.5,4.45991783438266e-11
43.79167,-73.29167,3.81121640124062e-10
43.79167,-71.79167,1.0017402654959e-09
43.79167,-70.83333,5.31481274618888e-10
43.79167,-70.45833,3.5867403601753e-09
43.79167,-69.66667,1.65348280576554e-09
43.79167,-68.875,1.066130869705e-10
43.75,-123.5833,6.58958263943577e-11
43.75,-123.5,7.1407477797346e-11
43.75,-122.0833,4.42480087948244e-11
43.75,-121.7917,8.1480430720545e-11
43.75,-119.9167,4.22310664477303e-11
43.75,-118.5417,2.38600990945469e-11
43.75,-114.2917,2.02496240511519e-10
43.75,-114.2083,1.8596978203777e-10
43.75,-113.3333,4.72215412441945e-11
43.75,-112.7917,2.90365910723112e-11
43.75,-109.5417,2.22815575894607e-11
43.75,-109.5,2.21091768122722e-11
43.75,-109.25,1.22828647586218e-11
43.75,-109.2083,2.16077473963935e-11
43.75,-108.9583,1.15656347939447e-11
43.75,-108.25,2.05743827636704e-11
43.75,-106.9167,2.31915510656785e-11
43.75,-106.5,2.49790269224418e-11
43.75,-105.4583,3.97973314473199e-11
43.75,-105,1.6546466119148e-11
43.75,-104.6667,2.71959262847701e-11
43.75,-104.5,2.68005636116386e-11
43.75,-103.4167,5.58259282646669e-11
43.75,-101.2083,2.5319115969003e-11
43.75,-100.7083,2.96855137565188e-11
43.75,-99.75,3.90918791179911e-11
43.75,-96.08333,1.84850659512959e-10
43.75,-95.875,2.1918491354821e-10
43.75,-95.125,1.21870180454961e-10
43.75,-94.79167,1.64492833291434e-10
43.75,-94.33333,1.50718151110684e-10
43.75,-93.33333,5.45352862907757e-10
43.75,-92.45833,8.44723155885128e-10
43.75,-91.66667,2.76220865831193e-10
43.75,-89.66667,3.48170588932498e-10
43.75,-88.91667,4.33644254690578e-10
43.75,-88.875,4.28863085207337e-10
43.75,-84.95833,2.4283300999001e-10
43.75,-84.91667,2.5804524618546e-10
43.75,-84.54167,3.35862826871502e-10
43.75,-84.375,5.83485705260144e-10
43.75,-76.04167,3.39697772941817e-10
43.75,-75.125,2.38485999574097e-10
43.75,-74.75,8.82737344689248e-11
43.75,-74.41667,5.59513400159103e-11
43.75,-73.91667,2.67510797806374e-10
43.75,-73.70833,2.32138188784196e-10
43.75,-73.58333,1.67542578627664e-10
43.75,-70.20833,6.42608093781978e-09
43.75,-69.625,6.37815465344865e-10
43.70833,-123.3333,1.41430161828668e-10
43.70833,-123.1667,1.76393321833823e-10
43.70833,-122.0417,4.45060572284427e-11
43.70833,-122,4.5928767742317e-11
43.70833,-121.8333,7.47698748358249e-11
43.70833,-120.7083,3.91827330694937e-11
43.70833,-119.2083,3.84262676661096e-11
43.70833,-119.0417,3.77094294986039e-11
43.70833,-118.875,3.33850928417699e-11
43.70833,-115.4167,5.7627059397903e-11
43.70833,-114.5,5.64551974189448e-11
43.70833,-113.0417,4.9375709889744e-11
43.70833,-112.2083,5.47798194815478e-11
43.70833,-111.625,7.56924543950713e-11
43.70833,-110.7083,8.20869780026305e-11
43.70833,-109.9167,2.65466174753597e-11
43.70833,-109.7917,2.48643387287772e-11
43.70833,-109.7083,2.38805981529476e-11
43.70833,-109.2917,2.10259623037085e-11
43.70833,-107.5,1.15536718927459e-11
43.70833,-104.5833,2.66747589296688e-11
43.70833,-104.0833,3.16543437285327e-11
43.70833,-103.2083,6.03170512950223e-11
43.70833,-103.0833,5.94390301401988e-11
43.70833,-101.75,2.46058191553691e-11
43.70833,-101.7083,2.41918402213973e-11
43.70833,-100.1667,3.61519169142507e-11
43.70833,-97.91667,2.12082385821583e-10
43.70833,-95.45833,1.4780124897135e-10
43.70833,-94.08333,1.76909864948093e-10
43.70833,-93.91667,1.5149796980936e-10
43.70833,-93.83333,1.45080280659934e-10
43.70833,-91,5.45682963378509e-10
43.70833,-90.29167,5.56739646927376e-10
43.70833,-90.04167,3.26022756505001e-10
43.70833,-88.33333,7.60721519522376e-10
43.70833,-88.04167,7.66018159557278e-10
43.70833,-87.95833,2.37606720742716e-09
43.70833,-87.70833,8.54494779292439e-09
43.70833,-86.5,3.25139275978142e-10
43.70833,-85.58333,4.06059658361744e-10
43.70833,-84.33333,8.02525659332207e-10
43.70833,-83.16667,3.01650934569541e-10
43.70833,-75.54167,2.34629380312966e-10
43.70833,-74.16667,1.31452778904119e-10
43.70833,-74.08333,1.59339374547377e-10
43.70833,-73.875,3.05820411722778e-10
43.70833,-71.83333,7.16903134551593e-10
43.70833,-70.125,1.81688480497552e-08
43.66667,-123.9167,1.8363483659124e-10
43.66667,-120.5833,3.39035987099623e-11
43.66667,-120.5,3.19579722894804e-11
43.66667,-119.6667,3.4437730286734e-11
43.66667,-119.625,3.43610067926709e-11
43.66667,-119.0417,4.05894887561075e-11
43.66667,-117.2083,7.26554792068917e-11
43.66667,-117.125,7.64428665789399e-11
43.66667,-116.125,2.21717909791127e-09
43.66667,-113.9583,1.70337557605159e-10
43.66667,-113.875,5.94846082567113e-11
43.66667,-112.25,5.68497092059697e-11
43.66667,-109.9583,2.71776445738635e-11
43.66667,-109.4583,2.14876959368133e-11
43.66667,-109.0833,1.19003242446676e-11
43.66667,-107.8333,2.08100006201583e-11
43.66667,-107.6667,1.16403588858355e-11
43.66667,-107.0833,1.27361496689026e-11
43.66667,-106.4167,1.46206207512745e-11
43.66667,-106.1667,1.48419582481795e-11
43.66667,-103.5417,4.69612707312975e-11
43.66667,-103.0833,5.56682194643193e-11
43.66667,-101.1667,2.51383373312219e-11
43.66667,-100.5833,2.59732225587675e-11
43.66667,-100.2083,2.88746069395315e-11
43.66667,-97.625,1.10377647064323e-10
43.66667,-97.41667,1.25666662261412e-10
43.66667,-96.33333,2.0803646216607e-10
43.66667,-95.5,1.57372609679261e-10
43.66667,-94.375,1.4256479112884e-10
43.66667,-94.25,1.31920441923668e-10
43.66667,-93.45833,4.63287258145814e-10
43.66667,-92.83333,5.04039998786126e-10
43.66667,-92.5,5.89768574551668e-10
43.66667,-92,2.93379632408481e-10
43.66667,-91.375,3.41871250918908e-10
43.66667,-89.41667,5.76705455648139e-10
43.66667,-88.54167,5.16964647321682e-10
43.66667,-88,9.49615007021185e-10
43.66667,-86.375,4.46271355786022e-10
43.66667,-85.95833,1.35667394309865e-10
43.66667,-84.375,9.0717350191587e-10
43.66667,-84.29167,4.9002371782775e-09
43.66667,-84.20833,6.32730863705727e-09
43.66667,-75.375,2.34974370284179e-10
43.66667,-73.75,2.70357600504502e-10
43.66667,-73.66667,3.29125813442144e-10
43.66667,-73.29167,7.10519090648068e-10
43.66667,-72.70833,2.9254540481364e-10
43.66667,-72.16667,1.32081215585265e-09
43.66667,-72.08333,5.57389933966804e-10
43.66667,-71.70833,6.93188929962891e-10
43.66667,-70.91667,6.28526463192353e-10
43.66667,-70.79167,1.16626840883018e-09
43.625,-124.1667,1.86611984329489e-10
43.625,-122.8333,4.98340368877036e-11
43.625,-121.1667,4.53111966891442e-11
43.625,-121.0417,4.33434383950092e-11
43.625,-115.3333,5.42818754813957e-11
43.625,-114.7083,4.31167109032922e-11
43.625,-110.8333,9.62862687017251e-11
43.625,-110.7917,1.02982155245132e-10
43.625,-110.5,2.48606223070602e-11
43.625,-110.2083,1.8622211921448e-11
43.625,-109.5833,2.25129077293971e-11
43.625,-108.0833,2.11690584159301e-11
43.625,-106.4583,1.49976964874182e-11
43.625,-105.9167,1.53553443650314e-11
43.625,-102.7917,4.88811638973684e-11
43.625,-100.75,2.49502393440945e-11
43.625,-99.58333,5.09258101163234e-11
43.625,-99.5,4.14036191525216e-11
43.625,-99.20833,4.90248019511071e-11
43.625,-99.04167,4.69436623391002e-11
43.625,-97.5,1.50398089180533e-10
43.625,-96.66667,2.95485685314325e-09
43.625,-96.54167,1.49358129226456e-09
43.625,-92.33333,5.63287498606892e-10
43.625,-90.25,4.3379921185326e-10
43.625,-90.04167,4.67311999360092e-10
43.625,-89.5,5.58392384002912e-10
43.625,-87.70833,5.67624015935955e-10
43.625,-84.125,2.25995482364547e-09
43.625,-83.20833,4.79253290469153e-10
43.625,-82.875,1.76750869678783e-10
43.625,-75.125,2.15431055946792e-10
43.625,-72.16667,1.03870312854159e-09
43.625,-70.75,1.22861182260852e-09
43.625,-70.58333,2.38419641545691e-09
43.58333,-124.25,6.13032916603595e-10
43.58333,-120.2083,2.48442841077126e-11
43.58333,-119.4583,3.42257525170966e-11
43.58333,-118.9583,3.87186044015507e-11
43.58333,-118.3333,1.81930215635783e-11
43.58333,-116.6667,1.84273448045933e-09
43.58333,-114.9167,4.47128370789523e-11
43.58333,-114.625,6.19175717182598e-11
43.58333,-114.125,1.97189152249191e-10
43.58333,-110.7917,2.31334851867742e-10
43.58333,-109.375,2.12739427186984e-11
43.58333,-109.25,1.22379932577311e-11
43.58333,-108.9583,1.19528715317982e-11
43.58333,-107.7083,1.19310312009658e-11
43.58333,-107.625,1.19151249678063e-11
43.58333,-107.4167,2.15805720428317e-11
43.58333,-106.1667,2.53907327333872e-11
43.58333,-105.25,2.712316052922e-11
43.58333,-105.0833,1.57916070309024e-11
43.58333,-104.0833,3.03201446905793e-11
43.58333,-103.8333,3.41824135319754e-11
43.58333,-100.625,2.52146566282617e-11
43.58333,-99.91667,3.63605482592631e-11
43.58333,-99.58333,4.97104875726774e-11
43.58333,-98.91667,4.40496392524103e-11
43.58333,-97.875,1.31565236102004e-10
43.58333,-95.375,1.39209360027407e-10
43.58333,-94.25,1.17180801510027e-10
43.58333,-93.08333,3.03927849880331e-10
43.58333,-90.5,3.02444170617769e-10
43.58333,-88.83333,4.42726180685134e-10
43.58333,-88.125,6.68732414829919e-10
43.58333,-88,1.24481631073933e-09
43.58333,-84.20833,1.45580996578955e-09
43.58333,-83.95833,1.69960658554996e-09
43.58333,-75.91667,1.90986775331388e-10
43.58333,-75.45833,2.92759969870002e-10
43.58333,-75,1.33105318418843e-10
43.58333,-74.33333,6.5681119631789e-11
43.58333,-73.625,5.21969622575481e-10
43.58333,-70.33333,5.84895453315164e-09
43.54167,-124.2083,1.42479145476427e-09
43.54167,-124,2.00379131635952e-10
43.54167,-122.4167,4.638029892484e-11
43.54167,-122.0417,4.73421576984018e-11
43.54167,-120.9583,3.60511616058427e-11
43.54167,-120.75,3.21808793184478e-11
43.54167,-120.6667,3.06249107980608e-11
43.54167,-120.2083,2.42240603824959e-11
43.54167,-120.125,2.37721716285061e-11
43.54167,-119.7917,2.25028632681224e-11
43.54167,-117.1667,5.26943974851657e-11
43.54167,-115.9583,4.36793573682591e-10
43.54167,-112.625,7.48252378713471e-11
43.54167,-111.625,6.88449534233637e-11
43.54167,-111.3333,7.49164973017085e-11
43.54167,-110.5417,2.58048941831299e-11
43.54167,-110.2083,9.77898394182917e-10
43.54167,-110.0417,1.66248057306835e-11
43.54167,-109.375,2.14289642704372e-11
43.54167,-109,1.20995379311899e-11
43.54167,-107.875,2.15678760244807e-11
43.54167,-107.6667,1.20891849823403e-11
43.54167,-107.0833,1.35989432927957e-11
43.54167,-107.0417,1.37852573266153e-11
43.54167,-106.0417,2.61442173848847e-11
43.54167,-102.6667,4.28946317393617e-11
43.54167,-100.2917,2.64537132821891e-11
43.54167,-99.04167,4.34007237197836e-11
43.54167,-98.91667,4.30137446778606e-11
43.54167,-97.875,1.16921763245359e-10
43.54167,-94.625,9.91719942120312e-11
43.54167,-94.58333,9.74200798636009e-11
43.54167,-94.16667,1.29047133637719e-10
43.54167,-93.75,2.15344092855425e-10
43.54167,-92.125,2.51004424798642e-10
43.54167,-91.75,2.41014094291831e-10
43.54167,-90.79167,4.07680015184288e-10
43.54167,-90.54167,3.25612094944716e-10
43.54167,-90.41667,2.85238870266666e-10
43.54167,-89.75,9.10728967791086e-10
43.54167,-88.75,4.67613028509063e-10
43.54167,-88.20833,9.1482808238425e-10
43.54167,-86.375,5.59497321976881e-10
43.54167,-84.08333,3.13057435208409e-09
43.54167,-83.375,3.05631602154075e-10
43.54167,-76.29167,3.48589944601629e-10
43.54167,-75.83333,1.88699687888614e-10
43.54167,-74.25,8.29105684391173e-11
43.54167,-73.5,7.94027031013735e-10
43.54167,-73.33333,7.05509384771259e-10
43.54167,-71,8.33483013559165e-10
43.5,-123.2917,2.67530397067872e-10
43.5,-122.5,3.20553783642214e-11
43.5,-121.875,5.24373035166253e-11
43.5,-121.2917,3.6593533912051e-11
43.5,-120.0417,2.28580817682e-11
43.5,-120,2.26966849095739e-11
43.5,-118.4583,1.79755241413659e-11
43.5,-117.7917,3.89427445492213e-11
43.5,-117.5833,4.43992446237738e-11
43.5,-114.875,4.61023238112308e-11
43.5,-112.25,1.29032221948161e-10
43.5,-111.5417,5.06299749139077e-11
43.5,-109.375,2.15966783044947e-11
43.5,-108.5,1.24307039662033e-11
43.5,-107.6667,2.17458766466032e-11
43.5,-107.625,1.22907024456003e-11
43.5,-106.75,2.83162132012241e-11
43.5,-106.1667,1.68943552855165e-11
43.5,-102.5417,3.05228093401619e-11
43.5,-102.5,3.92419065061426e-11
43.5,-101.875,1.58045938637612e-11
43.5,-100.7917,2.48781151704525e-11
43.5,-100.125,2.76282363950046e-11
43.5,-99.5,3.77644381735017e-11
43.5,-99.20833,4.10317452798729e-11
43.5,-98.75,4.16534415245023e-11
43.5,-95.25,2.83278290818187e-10
43.5,-94.79167,1.31537870395206e-10
43.5,-94.375,1.06910917751942e-10
43.5,-93.79167,2.0330267890208e-10
43.5,-92.83333,3.28634885736809e-10
43.5,-91.375,2.12328385351059e-10
43.5,-90.54167,3.22721147945074e-10
43.5,-89.75,9.82435830701114e-10
43.5,-89.54167,6.74764206466346e-10
43.5,-88.70833,5.29737182153971e-10
43.5,-85.58333,4.45970383448518e-10
43.5,-85.5,3.58552635991257e-10
43.5,-84.125,2.1609173912327e-09
43.5,-75.875,1.9835262059267e-10
43.5,-75.70833,2.6510044933723e-10
43.5,-75.33333,6.42246907574457e-10
43.5,-75.29167,7.97407956704926e-10
43.5,-74.54167,6.02928767265068e-11
43.5,-74.08333,1.97915804185427e-10
43.5,-74,1.96532788866873e-10
43.5,-73.75,7.89626973303903e-10
43.5,-72.79167,3.44813864802584e-10
43.5,-72.58333,7.73172489042096e-10
43.5,-72,4.1038527459965e-10
43.45833,-123.0417,1.78431779504674e-10
43.45833,-122.4583,3.08086134183486e-11
43.45833,-122.125,4.61493397896008e-11
43.45833,-122.0417,4.69364179852107e-11
43.45833,-118.9167,3.2580834289002e-11
43.45833,-118.25,1.78626917913972e-11
43.45833,-116.4167,4.83014523608846e-10
43.45833,-115.7917,3.52312992166248e-10
43.45833,-115.625,1.80248736518617e-10
43.45833,-115.0417,4.8941999975073e-11
43.45833,-114.2917,7.70116441972192e-11
43.45833,-113.25,3.68606853242563e-11
43.45833,-112.4167,5.1748449393867e-11
43.45833,-112.1667,9.15139608264002e-10
43.45833,-111.25,5.56430564699822e-11
43.45833,-109.875,7.9135065425313e-10
43.45833,-108.8333,2.28537760468916e-11
43.45833,-107.7083,1.48840007205374e-11
43.45833,-106.75,2.92058943820107e-11
43.45833,-105.4167,2.9338415950112e-11
43.45833,-103.75,3.30365111876343e-11
43.45833,-103.5,2.55303806902584e-10
43.45833,-103.25,2.49572870419644e-11
43.45833,-102.875,3.41936681167267e-11
43.45833,-102.375,3.72635065493519e-11
43.45833,-102.25,3.52584590024158e-11
43.45833,-101.5417,2.6406278159946e-11
43.45833,-100.5833,2.52360484569607e-11
43.45833,-99.5,5.25604907039663e-11
43.45833,-99.08333,5.7489261097302e-11
43.45833,-98.25,1.03441973574654e-10
43.45833,-98.08333,1.89978030888043e-10
43.45833,-97.29167,2.3338164585982e-10
43.45833,-94.41667,1.11306257734482e-10
43.45833,-94.16667,8.52230061508804e-11
43.45833,-93.70833,3.224410311291e-10
43.45833,-93.29167,4.31105551195072e-10
43.45833,-93,2.87883475413836e-10
43.45833,-91.83333,2.21312243416472e-10
43.45833,-91.41667,2.16953460495978e-10
43.45833,-91.04167,2.71042739888741e-10
43.45833,-90.25,2.54659520354303e-10
43.45833,-89.5,9.60609057246616e-10
43.45833,-87.79167,4.79650883137141e-10
43.45833,-85.95833,6.66539848140697e-10
43.45833,-85.125,3.74104670402927e-10
43.45833,-85.08333,3.07470942674221e-10
43.45833,-84.54167,2.89542386883344e-10
43.45833,-83.875,6.92898137940182e-10
43.45833,-83.08333,2.10441064552686e-10
43.45833,-82.79167,3.52098846705188e-10
43.45833,-82.625,3.00034307901786e-10
43.45833,-76.20833,8.09188041138246e-10
43.45833,-73.66667,1.80025262329776e-09
43.45833,-71.66667,1.27911733999503e-09
43.45833,-71.375,7.57610541432309e-10
43.41667,-123.7917,1.20803785697521e-10
43.41667,-121.9167,5.12424263321577e-11
43.41667,-119.25,4.17593488908955e-11
43.41667,-118.7917,2.9211459335814e-11
43.41667,-118.5833,1.92932616198467e-11
43.41667,-118.4583,1.91332189692394e-11
43.41667,-116.4583,4.17508767681344e-10
43.41667,-116.125,2.60288152242858e-10
43.41667,-115.6667,1.96957610994025e-10
43.41667,-115.125,5.3107484281922e-11
43.41667,-114.8333,4.81695463744232e-11
43.41667,-114.3333,6.87543636432654e-11
43.41667,-114,4.40688943229347e-11
43.41667,-108,2.14194142071578e-11
43.41667,-107.9167,2.12749463850816e-11
43.41667,-106.4583,1.78553195283865e-11
43.41667,-104.5,1.4709586667177e-11
43.41667,-104.0833,2.50129822569808e-11
43.41667,-102.0833,2.27468369913213e-11
43.41667,-102.0417,2.23477961828279e-11
43.41667,-100.0833,2.2959879537485e-11
43.41667,-99.875,2.93240699213693e-11
43.41667,-99.20833,5.36359720738623e-11
43.41667,-99.16667,5.40564460461403e-11
43.41667,-99.125,5.51299358177453e-11
43.41667,-98.125,1.10090655029682e-10
43.41667,-95.70833,2.73538833484387e-10
43.41667,-93.625,5.56809024137202e-10
43.41667,-92,1.90789305069922e-10
43.41667,-89.95833,9.14405477192791e-10
43.41667,-89.41667,1.10002570505046e-09
43.41667,-88.83333,2.6559483800858e-09
43.41667,-85.83333,3.98888601546821e-10
43.41667,-83.70833,5.08637338976854e-10
43.41667,-82.625,3.10769882230146e-10
43.41667,-76.20833,9.17581278229103e-10
43.41667,-75.125,5.22299690522239e-10
43.41667,-74.375,9.13052143949509e-11
43.41667,-72.91667,5.64931455130345e-10
43.41667,-71.58333,1.18101819400181e-09
43.41667,-71,1.7171215664855e-09
43.41667,-70.95833,1.41172341614999e-09
43.375,-123.0833,2.75350136560358e-10
43.375,-122.9167,3.91003536430298e-11
43.375,-122.375,2.890611276961e-11
43.375,-119.3333,3.97985244933514e-11
43.375,-117.6667,3.9153722908929e-11
43.375,-116.125,2.67027299936533e-10
43.375,-115.6667,2.06437687336177e-10
43.375,-115.5417,1.77403665983969e-10
43.375,-115,2.85708357462379e-11
43.375,-113.9167,4.19509759156037e-11
43.375,-113.875,4.12050687289805e-11
43.375,-113.7083,2.24484403858775e-11
43.375,-113.5,3.54748755798003e-11
43.375,-112.125,1.17097244907469e-09
43.375,-110.5,5.4652346469915e-11
43.375,-109.7083,2.37358731191181e-11
43.375,-109.5,2.22515148356878e-11
43.375,-109.4583,2.2170405803824e-11
43.375,-107.9167,2.15992847700321e-11
43.375,-107.7917,2.13732997006166e-11
43.375,-107.3333,1.34132339936685e-11
43.375,-107.1667,1.4367864408109e-11
43.375,-105.9583,1.84742307819598e-11
43.375,-105.5,3.10466569670534e-11
43.375,-104.9583,2.82831689424085e-11
43.375,-101.2083,2.6552225469365e-11
43.375,-100.7083,2.39314988007465e-11
43.375,-100.3333,2.60016751008985e-11
43.375,-98.70833,5.57080279239116e-11
43.375,-98.16667,9.52923356060779e-11
43.375,-96.79167,1.15058599503812e-09
43.375,-96.20833,2.90053545327126e-10
43.375,-95.54167,1.25997858309132e-10
43.375,-94.625,1.20097001730162e-10
43.375,-94.45833,1.21803291631412e-10
43.375,-90.79167,2.41455024253785e-10
43.375,-90.29167,3.01305766957337e-10
43.375,-89.91667,8.62551260457333e-10
43.375,-89.66667,1.37219161732407e-09
43.375,-88.58333,7.82726810020081e-10
43.375,-87.875,2.14305686061389e-09
43.375,-86.41667,1.58258362305431e-08
43.375,-85.875,4.76908302245835e-10
43.375,-85.70833,5.30533880167707e-10
43.375,-85.25,4.75446375323928e-10
43.375,-84.45833,3.82592553904635e-10
43.375,-82.625,3.22638789803602e-10
43.375,-77.79167,1.53136148899044e-09
43.375,-75.33333,9.53382121885377e-10
43.375,-74.08333,4.883282882369e-10
43.375,-70.79167,1.55655829520905e-09
43.375,-70.66667,1.65734965218985e-09
43.33333,-124.4167,7.99771004809559e-11
43.33333,-122.875,3.8995148492536e-11
43.33333,-122.75,3.49677123175712e-11
43.33333,-122.5,2.85406406502339e-11
43.33333,-120.625,3.88459718770836e-11
43.33333,-119.875,3.03537319628721e-11
43.33333,-119.75,3.00592164745676e-11
43.33333,-119.6667,2.99278879953095e-11
43.33333,-117.375,3.94021302101278e-11
43.33333,-115.6667,2.16820636297454e-10
43.33333,-114.7083,4.9415025532598e-11
43.33333,-113.5417,2.19175956197925e-11
43.33333,-113.0833,2.4247840656e-11
43.33333,-111.5417,3.1045012187041e-11
43.33333,-110.2083,3.89592545804622e-11
43.33333,-106,1.93038783430313e-11
43.33333,-105.2083,2.98061125488861e-11
43.33333,-105.0417,1.56920321635994e-11
43.33333,-101.5417,2.48694478313445e-11
43.33333,-101.2083,2.65946295162694e-11
43.33333,-100.2083,2.75540209678924e-11
43.33333,-98.70833,5.42911182158978e-11
43.33333,-97.16667,2.90954971453807e-10
43.33333,-97.04167,3.02241530352427e-10
43.33333,-96.75,1.00435939630163e-09
43.33333,-96.45833,3.23675983681484e-10
43.33333,-92.75,3.0674094298295e-10
43.33333,-91.58333,2.11586659947654e-10
43.33333,-88.79167,6.29863358215325e-10
43.33333,-84.83333,3.40260874904512e-10
43.33333,-84.41667,3.75760893733438e-10
43.33333,-83.25,3.26425848612871e-10
43.33333,-77.16667,4.25958489306639e-10
43.33333,-75.875,8.28087790818157e-10
43.33333,-75.5,7.63270785746711e-10
43.33333,-75.41667,8.23461139713315e-10
43.33333,-74.95833,1.4650331500121e-10
43.33333,-74.79167,8.13887212325022e-11
43.33333,-72.91667,3.74572116091947e-10
43.33333,-72.125,1.51303431678699e-09
43.33333,-71.70833,7.6210182546736e-10
43.33333,-71,1.77036837849562e-09
43.29167,-123.875,7.86254967604266e-11
43.29167,-123.8333,7.71139847914819e-11
43.29167,-122.5417,2.8262539782666e-11
43.29167,-122.1667,3.01804363069887e-11
43.29167,-122.0417,2.99582243906225e-11
43.29167,-121.1667,5.29520660261828e-11
43.29167,-120.7083,3.88468790639248e-11
43.29167,-119.4583,1.94928750616596e-11
43.29167,-119.2083,3.67411246280606e-11
43.29167,-119,2.84381330577603e-11
43.29167,-118.6667,2.6435540043074e-11
43.29167,-117.4583,3.67894930996158e-11
43.29167,-117.4167,3.77919884749195e-11
43.29167,-116.5,1.01779460882268e-10
43.29167,-116.3333,1.92067343767786e-10
43.29167,-116.125,2.826658334909e-10
43.29167,-115.5417,1.24249491934656e-10
43.29167,-113.3333,3.55960266932375e-11
43.29167,-113.2917,3.61785630684571e-11
43.29167,-112.5833,7.4165447705798e-11
43.29167,-112.0833,3.1855310266154e-10
43.29167,-112,2.1072682482172e-10
43.29167,-111.0417,5.36767908371057e-11
43.29167,-108.4167,2.49096431094156e-11
43.29167,-107.75,2.19132756689797e-11
43.29167,-107.2917,1.41197936187661e-11
43.29167,-106.5,3.86398907333312e-11
43.29167,-103.2083,3.31362902128039e-11
43.29167,-102.125,3.27523458918195e-11
43.29167,-101.8333,1.75999787922076e-11
43.29167,-100.7083,3.47548886347772e-11
43.29167,-100.3333,2.58109872283896e-11
43.29167,-99.5,3.67025568157579e-11
43.29167,-98.75,4.94273390859935e-11
43.29167,-98.70833,4.99221864523732e-11
43.29167,-98.33333,8.7194559545254e-11
43.29167,-94.75,2.11948117616673e-10
43.29167,-94.66667,1.41905931325728e-10
43.29167,-94.04167,1.23357203531599e-10
43.29167,-92.95833,3.01105403671033e-10
43.29167,-91.45833,4.29725123682976e-10
43.29167,-90.58333,2.75414468944358e-10
43.29167,-85.08333,6.16137400564323e-10
43.29167,-84.66667,4.69722236954591e-10
43.29167,-78.83333,1.48487169255081e-09
43.29167,-78.29167,4.74565222199081e-10
43.29167,-77.625,3.05115898620786e-09
43.29167,-77.45833,1.20186829737909e-09
43.29167,-76.625,4.02063253471195e-10
43.29167,-75.79167,1.04418011978615e-09
43.29167,-74.70833,2.38433720140642e-10
43.29167,-73.75,1.61120914282465e-09
43.29167,-73.29167,2.66811712102074e-10
43.29167,-71.625,2.53884908089189e-09
43.29167,-71.29167,1.15341621225768e-09
43.29167,-70.70833,3.32877880347548e-09
43.29167,-70.54167,7.78619283979583e-10
43.25,-123.2083,2.8408636045755e-10
43.25,-121.8333,4.02339749165032e-11
43.25,-121.2083,2.87407051459194e-11
43.25,-121.0833,3.62177606769063e-11
43.25,-120.6667,3.70175811444239e-11
43.25,-120.5,3.4357061507873e-11
43.25,-119.7083,1.92049985504214e-11
43.25,-119.2917,2.9160256278955e-11
43.25,-117.1667,4.51717263439843e-11
43.25,-115.3333,6.92916880871207e-11
43.25,-115.125,4.42692246316572e-11
43.25,-112.6667,7.42970131866569e-11
43.25,-112.25,7.31835235048127e-10
43.25,-106.7917,3.69254953146525e-11
43.25,-106.4583,4.10933535154692e-11
43.25,-105.8333,1.99196524634739e-11
43.25,-104.9167,2.90894663520768e-11
43.25,-103.4583,3.60578946032441e-11
43.25,-103.2083,3.35207298999477e-11
43.25,-102.9167,4.22608551209153e-11
43.25,-102.4167,2.75628174271035e-11
43.25,-102.0833,1.93590747672176e-11
43.25,-101.7083,2.49639676905678e-11
43.25,-100.375,2.5939270702501e-11
43.25,-100.25,2.78220947819613e-11
43.25,-99.875,3.04277987138652e-11
43.25,-99.83333,3.04053991723569e-11
43.25,-99.08333,2.75675268301634e-11
43.25,-96.66667,2.50013333415277e-10
43.25,-95.41667,1.69245770241345e-10
43.25,-93.875,2.74534539816879e-10
43.25,-92.16667,1.89533767784036e-10
43.25,-90.45833,3.15068457337261e-10
43.25,-90.375,3.52866592684891e-10
43.25,-90.33333,3.31432585840898e-10
43.25,-88.875,5.38116303223474e-10
43.25,-88.75,1.77830963787937e-09
43.25,-87.95833,9.9014439249306e-09
43.25,-85.75,6.47025478819926e-10
43.25,-84.79167,3.19264024664784e-10
43.25,-83.83333,1.33522891318276e-09
43.25,-83.70833,1.25956342540779e-09
43.25,-78.625,1.71799750880505e-09
43.25,-78.45833,6.33043942622205e-10
43.25,-78.16667,4.52809803082859e-10
43.25,-76.29167,1.54273971272895e-09
43.25,-74.95833,5.04899142149857e-10
43.25,-74.83333,3.01769377463988e-10
43.25,-74.66667,2.68058165927267e-10
43.25,-74.41667,2.26550897366245e-10
43.25,-72.66667,6.62319823550488e-10
43.25,-72.33333,1.23058135435782e-09
43.25,-70.58333,9.18322670439231e-10
43.20833,-122.4583,2.76579570193029e-11
43.20833,-121.7917,9.4439558508832e-11
43.20833,-119.5417,1.85057166552643e-11
43.20833,-119.25,2.80622590519457e-11
43.20833,-116.75,6.8969089988132e-11
43.20833,-116.1667,2.79321328307813e-10
43.20833,-115.875,1.86673348546824e-10
43.20833,-115.25,4.93248939303498e-11
43.20833,-114.7083,2.87019452578808e-11
43.20833,-114.375,4.52810561429198e-11
43.20833,-113.4583,2.12260765490461e-11
43.20833,-110.4167,2.16936030153116e-11
43.20833,-110.2917,2.04181226113074e-11
43.20833,-109.9583,7.95561044074843e-10
43.20833,-109.5,2.25356621055082e-11
43.20833,-108.7083,2.60558668992998e-11
43.20833,-107.2083,1.52025839647816e-11
43.20833,-107.0417,3.30293085223722e-11
43.20833,-106.625,4.20608101572563e-11
43.20833,-106.3333,4.43494497337472e-11
43.20833,-104.7917,1.56102562677897e-11
43.20833,-104.4583,1.57140797529652e-11
43.20833,-102.7917,4.02823346013656e-11
43.20833,-102.7083,3.8656122646683e-11
43.20833,-100.4167,2.80993173505598e-11
43.20833,-100.2917,2.80282350789861e-11
43.20833,-99.125,3.23117402249503e-11
43.20833,-98.91667,3.63399320023906e-11
43.20833,-97.91667,7.07469651885085e-11
43.20833,-95.95833,3.91263038875473e-10
43.20833,-94.79167,3.06381916489209e-10
43.20833,-93.16667,4.33179620755681e-10
43.20833,-92.375,1.73855116656611e-10
43.20833,-92.08333,2.82951423655471e-10
43.20833,-91.91667,3.7495646130104e-10
43.20833,-91.83333,4.63518402682193e-10
43.20833,-91.08333,1.68096085266715e-10
43.20833,-90.95833,1.49759975048666e-10
43.20833,-90.75,1.48965724343915e-10
43.20833,-89.25,7.3679104036096e-09
43.20833,-88.125,6.06479901438644e-09
43.20833,-84.54167,2.53429620031559e-10
43.20833,-83.33333,6.37582362413728e-10
43.20833,-82.54167,4.57046430849546e-10
43.20833,-76.79167,5.26392188296335e-10
43.20833,-76.125,3.71814858626027e-09
43.20833,-75.95833,7.31028764459715e-10
43.20833,-75.66667,1.80126571817167e-09
43.20833,-75.54167,2.07807452285447e-09
43.20833,-74.625,2.78328478432727e-10
43.20833,-73.79167,1.54227576777558e-09
43.20833,-73.66667,2.57405033672283e-09
43.20833,-72.125,5.19473304821286e-10
43.20833,-70.625,2.54085378767954e-09
43.16667,-123.8333,1.0709262828227e-10
43.16667,-121,4.48316856063769e-11
43.16667,-119.5833,1.80721371307071e-11
43.16667,-117.375,3.67229579150114e-11
43.16667,-114.4167,2.7926354175937e-11
43.16667,-113.75,2.24796790476032e-11
43.16667,-112.7917,8.35130260967115e-11
43.16667,-112.5,6.24567490215552e-10
43.16667,-111.875,1.06715124318521e-10
43.16667,-111.3333,2.61997437669627e-11
43.16667,-111.2083,2.25127038890874e-11
43.16667,-110.4583,2.162188095076e-11
43.16667,-110.1667,3.60933349604081e-11
43.16667,-109.5417,2.26226832968771e-11
43.16667,-106.7917,3.96343892226403e-11
43.16667,-106.5,4.55353168175264e-11
43.16667,-104.8333,2.96995962196971e-11
43.16667,-104.3333,2.38895990158898e-11
43.16667,-102.8333,4.13769055323309e-11
43.16667,-102.5,3.88913957915732e-11
43.16667,-102.2083,3.33307161178223e-11
43.16667,-102,2.71441341040815e-11
43.16667,-101.2917,5.2043075312389e-11
43.16667,-101.0417,3.97233784922306e-11
43.16667,-100.0417,2.80081702771385e-11
43.16667,-99.45833,3.05424272250012e-11
43.16667,-98.79167,4.53018423249996e-11
43.16667,-98.70833,4.61964645457136e-11
43.16667,-98.375,6.67702517540838e-11
43.16667,-98.125,9.06660704242821e-11
43.16667,-97.95833,9.64434119887152e-11
43.16667,-97.625,1.11669743938416e-10
43.16667,-97.25,1.20369101118838e-10
43.16667,-95.875,1.25940234609263e-09
43.16667,-95.75,2.81627302558351e-10
43.16667,-94.75,3.42072200652546e-10
43.16667,-93.75,2.35512124712097e-10
43.16667,-91.66667,3.1744094652296e-10
43.16667,-91.375,2.06858639939384e-10
43.16667,-91.33333,2.02045960458817e-10
43.16667,-90.91667,1.44168730150759e-10
43.16667,-90.41667,2.56038610976885e-10
43.16667,-89.875,4.50267591812146e-10
43.16667,-88,1.84179341939041e-08
43.16667,-84.91667,4.67597691090586e-10
43.16667,-84.58333,2.6456195951733e-10
43.16667,-83.58333,1.13974101439832e-09
43.16667,-78.79167,4.82591529431652e-09
43.16667,-78.33333,5.45015823958417e-10
43.16667,-77.16667,8.56120380201973e-10
43.16667,-76.33333,5.04087467058231e-09
43.16667,-76.04167,2.49086779109414e-09
43.16667,-75.5,2.35191223775531e-09
43.16667,-73.45833,1.19604126836956e-09
43.16667,-72.25,6.48251007019365e-10
43.16667,-71.58333,2.89019783948572e-09
43.16667,-71.45833,2.73749674235467e-09
43.125,-123.2917,3.49035666192954e-10
43.125,-121.9167,3.35724760520844e-11
43.125,-119.1667,1.66598181528647e-11
43.125,-118.5,2.46012165564284e-11
43.125,-118.3333,2.48863121333024e-11
43.125,-116.875,5.15570465384529e-11
43.125,-116.25,1.68882873295164e-10
43.125,-115.2917,5.37106526288456e-11
43.125,-114,2.54868461527914e-11
43.125,-112.5417,3.95745597538338e-10
43.125,-112.2917,6.74299701375506e-11
43.125,-111.1667,7.34372479328829e-11
43.125,-109.9583,7.80674673355662e-10
43.125,-109.8333,7.41221050678003e-10
43.125,-109.7083,7.05024788424586e-10
43.125,-106.7083,4.37690442810563e-11
43.125,-105.625,3.74409728389293e-11
43.125,-104.75,1.6083868591694e-11
43.125,-102.9167,6.09683838668756e-11
43.125,-102.6667,4.21134735739912e-11
43.125,-102.2083,4.14654486268626e-11
43.125,-99.08333,3.36528544952934e-11
43.125,-98.16667,8.2407220139391e-11
43.125,-98.04167,9.95847429571463e-11
43.125,-97.5,9.91842309867522e-11
43.125,-97.45833,1.02828501900889e-10
43.125,-97.04167,2.06340556343538e-10
43.125,-96.75,1.8919622457377e-10
43.125,-96.58333,1.97123395019168e-10
43.125,-96.25,4.62095506276883e-10
43.125,-96.08333,4.9360928464356e-10
43.125,-95.625,2.33497458273532e-10
43.125,-95.04167,1.36725060860096e-10
43.125,-93.83333,2.32397338304529e-10
43.125,-91.625,2.60096743662347e-10
43.125,-91.29167,1.69414179778741e-10
43.125,-91.20833,1.57639594415561e-10
43.125,-91.08333,1.51932341007228e-10
43.125,-90.875,1.40212876912781e-10
43.125,-88.04167,1.50903092392953e-08
43.125,-83.58333,1.11535332765532e-09
43.125,-78.16667,6.55621093524055e-10
43.125,-77.75,6.80781001743256e-09
43.125,-75.54167,1.93218313918214e-09
43.125,-75.33333,3.30402530675657e-09
43.125,-73.45833,1.16284197040227e-09
43.125,-73.33333,6.53909321528116e-10
43.125,-73.04167,1.13530968406194e-09
43.125,-72.91667,3.26251013757165e-10
43.125,-72.25,6.89746346663826e-10
43.125,-70.875,1.8439144394205e-08
43.08333,-124,9.70023401176676e-11
43.08333,-123.6667,1.57765250640305e-10
43.08333,-123.5,2.03592556191527e-10
43.08333,-122.3333,2.73263060274235e-11
43.08333,-121.1667,4.57454236587187e-11
43.08333,-121.125,4.49721936560058e-11
43.08333,-116.9167,4.785507184549e-11
43.08333,-113.4167,3.07736439904763e-11
43.08333,-110.7083,4.31672098614645e-11
43.08333,-108.9167,2.22576567669817e-11
43.08333,-108.5,1.07577903967003e-10
43.08333,-106.5833,5.11274688021622e-11
43.08333,-104.7917,1.6598448000825e-11
43.08333,-104.4167,1.65279983231883e-11
43.08333,-103.3333,4.40098809170338e-11
43.08333,-103.25,4.670571414525e-11
43.08333,-102.6667,4.19660437075609e-11
43.08333,-100.75,3.95524418046771e-11
43.08333,-100.5417,2.9343637585e-11
43.08333,-99.91667,2.77322605257533e-11
43.08333,-97.16667,1.26120341889149e-10
43.08333,-94,1.36201887715298e-10
43.08333,-93.875,1.42832798790225e-10
43.08333,-92.08333,2.1364944433437e-10
43.08333,-91.79167,3.28494905327851e-10
43.08333,-91.25,2.27228659882201e-10
43.08333,-90.75,2.53130418662209e-10
43.08333,-89.54167,5.66240190496266e-09
43.08333,-86.25,3.41724650871392e-09
43.08333,-86,3.48000175263467e-09
43.08333,-85,5.56041354340964e-10
43.08333,-84.95833,5.27833708045183e-10
43.08333,-84.75,4.13227934832911e-10
43.08333,-84.58333,5.56951844868459e-10
43.08333,-83.08333,6.23255775020201e-10
43.08333,-82.83333,4.67743114829176e-10
43.08333,-78,1.50279988837115e-09
43.08333,-76.16667,2.64934832151111e-08
43.08333,-74.91667,8.45675349370877e-10
43.08333,-74.58333,3.27226233499503e-10
43.08333,-74,2.11178956843863e-09
43.08333,-71.125,2.5355371665552e-09
43.04167,-122.2083,2.84288384692254e-11
43.04167,-122.0833,2.94611590220518e-11
43.04167,-119.4583,1.64739509096319e-11
43.04167,-119.3333,1.61988612755742e-11
43.04167,-119.1667,1.57358907038554e-11
43.04167,-118.9167,2.64632964656215e-11
43.04167,-118.5417,2.36521434259264e-11
43.04167,-118.2917,2.41916786334513e-11
43.04167,-117.0833,4.12423822734547e-11
43.04167,-116.2917,7.4720164126284e-11
43.04167,-115.6667,3.54591978200447e-10
43.04167,-113,6.73808061869456e-11
43.04167,-112.7917,8.52725772356671e-11
43.04167,-112.1667,6.53253389674411e-11
43.04167,-110.75,4.25597679560338e-11
43.04167,-110.4583,2.02957418833189e-11
43.04167,-109.875,7.4078878745702e-10
43.04167,-109.625,6.94636763194026e-10
43.04167,-107.8333,1.39278905193989e-11
43.04167,-105.9583,5.15684925821809e-11
43.04167,-105.5417,3.80968684957295e-11
43.04167,-102.6667,4.21376195540388e-11
43.04167,-102.2917,4.3003037084324e-11
43.04167,-100.4167,3.06267445778108e-11
43.04167,-100.0417,2.82174549366782e-11
43.04167,-96.70833,2.07786673641594e-10
43.04167,-95.875,3.00699983478003e-10
43.04167,-95.79167,2.81173514276454e-10
43.04167,-92.29167,2.43638619432992e-10
43.04167,-91.45833,2.84124453721125e-10
43.04167,-91.41667,2.53387996222559e-10
43.04167,-90.75,2.32568836262044e-10
43.04167,-90.29167,2.16212733563055e-10
43.04167,-90.25,2.25004225331511e-10
43.04167,-88.33333,3.34185199977793e-09
43.04167,-88.20833,6.65660491950046e-09
43.04167,-86.125,2.60449487559773e-09
43.04167,-86.08333,1.33792316842752e-09
43.04167,-85.91667,4.07062801834326e-09
43.04167,-85.45833,2.55375587649135e-09
43.04167,-85.125,6.96500746303013e-10
43.04167,-85.04167,5.83890068107573e-10
43.04167,-78.70833,8.39334501394354e-09
43.04167,-78.33333,7.23498473363327e-10
43.04167,-78.04167,1.20490991117647e-09
43.04167,-76.41667,1.49615887838454e-09
43.04167,-74.58333,3.47384044548485e-10
43.04167,-74.54167,4.01006348222661e-10
43.04167,-71.75,2.2528176756918e-09
43.04167,-71.66667,2.46381596716877e-09
43.04167,-71.375,2.53515077609891e-09
43,-124.25,8.5016887009316e-11
43,-123.5,1.62702605623175e-10
43,-122.875,3.49802968600735e-11
43,-122.5833,2.74132423330835e-11
43,-122.4583,2.77717787797701e-11
43,-121.0833,2.41889803836927e-11
43,-120.375,1.92598292157442e-11
43,-120.3333,1.90529657389834e-11
43,-119.8333,1.66840746119951e-11
43,-117.7083,2.81394666025976e-11
43,-116.0417,2.01750498101432e-10
43,-115.2083,5.15177147406815e-11
43,-114.6667,1.15842871501334e-10
43,-110.875,3.06108473657353e-11
43,-110.2083,1.75435051588128e-11
43,-110.125,1.70049007320025e-11
43,-109.7917,2.96766308222123e-11
43,-109.25,1.95619952091618e-11
43,-107.1667,1.67326746722443e-11
43,-106.625,5.53406698541505e-11
43,-105.9167,5.18086307420146e-11
43,-105.5833,3.94421958802817e-11
43,-105.2917,3.61545377474144e-11
43,-105.25,3.5776261888881e-11
43,-104.875,1.76987288847028e-11
43,-101.9167,2.63659249163132e-11
43,-101.7083,2.52042206136535e-11
43,-99.125,2.32806847355103e-11
43,-98.95833,3.16188702050011e-11
43,-98.58333,2.82759122866191e-11
43,-97.45833,9.84209726963243e-11
43,-96.58333,2.22966716770903e-10
43,-96.33333,2.91190133642255e-10
43,-93.29167,2.78492672038024e-10
43,-92.41667,1.86442513911138e-10
43,-90.125,2.36738774915011e-10
43,-90,2.60120513680798e-10
43,-88.41667,2.15831176455434e-09
43,-85.79167,2.89749944858608e-09
43,-85.45833,2.75255257663108e-09
43,-85.16667,6.82741742734731e-10
43,-83.70833,8.09612835722115e-09
43,-83.625,5.61264772211213e-09
43,-82.875,5.92416392386534e-10
43,-78.41667,7.44683915841749e-10
43,-75.83333,2.91616636486964e-09
43,-75.20833,6.83962869648835e-09
43,-71.45833,9.08370189474557e-09
42.95833,-123.9583,8.25657759819976e-11
42.95833,-123.9167,8.29170083363404e-11
42.95833,-123.5833,5.48100662757754e-11
42.95833,-122.1667,2.92295174336712e-11
42.95833,-121.8333,6.02759272762284e-11
42.95833,-119.6667,1.60229239488913e-11
42.95833,-118.6667,2.75722407603017e-11
42.95833,-116.4167,5.93452039685895e-11
42.95833,-115.5833,1.49037572947406e-10
42.95833,-115,1.37316472494722e-10
42.95833,-114.2083,2.9365975450748e-11
42.95833,-112.2083,1.8500735979459e-10
42.95833,-112.0417,4.82909502831871e-11
42.95833,-111.4583,3.5100401167938e-11
42.95833,-108.625,2.45574009625993e-11
42.95833,-107.2917,1.56309303224051e-11
42.95833,-106.9583,1.97269154633333e-11
42.95833,-106.5,1.92265432469168e-10
42.95833,-103.4583,3.31641544976438e-11
42.95833,-103.375,3.52867490144682e-11
42.95833,-103.125,6.86983406711403e-11
42.95833,-102.7083,3.79350330153763e-11
42.95833,-102.4167,1.69969531932336e-11
42.95833,-101.8333,2.28665812376721e-11
42.95833,-101.5417,1.77182426509004e-11
42.95833,-100.4167,3.32755574623803e-11
42.95833,-100.375,3.27401449235218e-11
42.95833,-100.2917,3.1499250353727e-11
42.95833,-98.5,4.04907361932972e-11
42.95833,-98.33333,6.85052327516595e-11
42.95833,-97.25,1.1990954055005e-10
42.95833,-94.41667,1.46019044094723e-10
42.95833,-94.375,1.4245545273024e-10
42.95833,-92.58333,2.35662903348508e-10
42.95833,-92.08333,2.19259595871768e-10
42.95833,-91.25,2.18121347948186e-10
42.95833,-90.16667,7.44093749343581e-10
42.95833,-90.125,7.67249034378085e-10
42.95833,-89.79167,7.50440439972733e-10
42.95833,-88.16667,8.43510586859008e-09
42.95833,-86.16667,1.52545492438518e-09
42.95833,-84.375,8.81660767114679e-10
42.95833,-84.08333,1.41021381644618e-09
42.95833,-78.83333,3.31334927910158e-08
42.95833,-76.125,2.20144303368684e-09
42.95833,-74.66667,6.13194551795685e-10
42.95833,-74.58333,6.44428247332942e-10
42.95833,-73.79167,2.15102915436026e-09
42.95833,-73.41667,6.30881239569331e-10
42.95833,-72.91667,3.03287104098095e-10
42.95833,-72.20833,2.75942952447928e-09
42.91667,-124.3333,1.18792551630081e-10
42.91667,-124,7.80554450674932e-11
42.91667,-123.75,7.51083933135468e-11
42.91667,-120.4583,2.81475283069243e-11
42.91667,-119.9583,1.71921735539512e-11
42.91667,-119.5417,1.54196593979543e-11
42.91667,-119,1.40614960584592e-11
42.91667,-118.3333,2.29526440947231e-11
42.91667,-117.625,2.83034120586154e-11
42.91667,-116.9167,4.0450647843476e-11
42.91667,-113.375,2.30475971158675e-11
42.91667,-111.9167,8.61994765677981e-11
42.91667,-109.7917,2.92227506467169e-11
42.91667,-108.8333,2.62243814421231e-11
42.91667,-108.0417,2.45636759170259e-11
42.91667,-107,1.92353206084667e-11
42.91667,-105.9583,5.60701009051262e-11
42.91667,-105.25,3.72164451998861e-11
42.91667,-103.0417,5.14336769752e-11
42.91667,-102.875,4.28362727920424e-11
42.91667,-101.8333,2.29334394067081e-11
42.91667,-98.33333,6.66843988174249e-11
42.91667,-97.95833,5.87390330650715e-11
42.91667,-97.08333,1.44652614717592e-10
42.91667,-96.25,4.59775220590873e-10
42.91667,-95.08333,1.10941683190692e-10
42.91667,-94.45833,1.47683219554821e-10
42.91667,-91.70833,2.60661777155686e-10
42.91667,-89.125,1.37581562915496e-09
42.91667,-89.04167,9.45739878588635e-10
42.91667,-88,2.14196249180064e-08
42.91667,-86.125,1.53689912660098e-09
42.91667,-85.79167,5.43666136863926e-09
42.91667,-85.33333,2.2867226354663e-09
42.91667,-83.29167,1.2850976640014e-09
42.91667,-78.375,7.51895430218972e-10
42.91667,-78.20833,8.55162460783667e-10
42.91667,-77.20833,1.20433850452951e-09
42.91667,-74.70833,5.62596298815325e-10
42.91667,-74.29167,2.29516792549693e-09
42.91667,-74.04167,2.01427855047199e-09
42.91667,-73.83333,4.7258151869423e-09
42.91667,-73.54167,1.2266574182955e-09
42.91667,-71.58333,1.33353617203519e-08
42.91667,-71.04167,5.80191082437172e-09
42.875,-122.9583,3.27882631404842e-11
42.875,-122.7083,4.57658108216725e-11
42.875,-121.4583,5.65159763536364e-11
42.875,-120.25,1.90829094565841e-11
42.875,-119.5,1.50207341777113e-11
42.875,-118.625,2.6724966620266e-11
42.875,-117.3333,3.1875971858065e-11
42.875,-116.625,4.77334489684851e-11
42.875,-116.5833,4.83979962974395e-11
42.875,-116,7.25443014723351e-11
42.875,-115.4583,7.32300380711362e-11
42.875,-115.2083,3.70825613084459e-11
42.875,-115.0833,3.53292605799208e-11
42.875,-114.375,6.01160332023672e-11
42.875,-113.1667,9.25373020322594e-11
42.875,-112.75,6.70458056036203e-11
42.875,-112.0417,1.02381159812758e-10
42.875,-111.4583,3.4009196546509e-11
42.875,-108.875,2.56918619891801e-11
42.875,-108.5833,2.51114087650656e-11
42.875,-107.5833,1.41033994234413e-11
42.875,-106.625,8.64327752067226e-11
42.875,-101.0833,2.82519733322157e-11
42.875,-100.5417,3.97091002439862e-11
42.875,-99.91667,2.7715607010408e-11
42.875,-98.75,2.67071617631748e-11
42.875,-98.58333,1.84100167082022e-11
42.875,-98.45833,2.72963176568251e-11
42.875,-98.20833,5.80766779222064e-11
42.875,-97.08333,1.71958128290935e-10
42.875,-96.91667,2.03091746126935e-10
42.875,-96.625,2.36561624814394e-10
42.875,-93.79167,2.09899633698943e-10
42.875,-92.41667,1.9125831053182e-10
42.875,-91.25,2.46066975334758e-10
42.875,-89.58333,1.25882168762047e-09
42.875,-85.54167,9.16971052716393e-09
42.875,-85.375,1.18766863330272e-09
42.875,-84.875,1.11346894340081e-09
42.875,-84.70833,1.34245624592066e-09
42.875,-84.04167,1.00830029069059e-09
42.875,-83.83333,1.55574008799131e-09
42.875,-82.95833,1.7585600837306e-09
42.875,-78.20833,1.41239074418334e-09
42.875,-78.04167,6.29685658185398e-10
42.875,-77.45833,5.54211375285162e-10
42.875,-75.25,4.02069594840321e-10
42.875,-75.125,5.50151327753866e-10
42.875,-74.70833,4.40386824574147e-10
42.875,-73.875,9.29846640720165e-09
42.875,-72.25,1.61011653091448e-09
42.875,-70.95833,1.4094136501984e-08
42.83333,-124.5,3.92115654145357e-11
42.83333,-124.2083,2.53812705640442e-11
42.83333,-120.9583,2.39868134860671e-11
42.83333,-120.4583,2.96385593825167e-11
42.83333,-118.3333,2.22079495775983e-11
42.83333,-116.5833,4.62031504910867e-11
42.83333,-114.7083,1.59913377401671e-10
42.83333,-110.7083,1.8571519685145e-11
42.83333,-109,2.51333941754958e-11
42.83333,-108.4167,1.46352456978033e-11
42.83333,-108.3333,2.51441308808117e-11
42.83333,-105.625,4.25888639012399e-11
42.83333,-105,1.99480961131625e-11
42.83333,-104.9167,1.9590087896204e-11
42.83333,-103.75,3.75563234367704e-11
42.83333,-103.625,3.8282357137673e-11
42.83333,-103.4167,3.39660498302834e-11
42.83333,-103.0833,2.28417150266924e-10
42.83333,-102.7083,3.85182619981194e-11
42.83333,-102.5833,3.07602053089099e-11
42.83333,-101.7083,1.77806357528302e-11
42.83333,-101.3333,2.50258548927341e-11
42.83333,-97.625,9.85215382922795e-11
42.83333,-96.33333,2.5739265664548e-10
42.83333,-96.20833,3.16976701519314e-10
42.83333,-95.79167,2.32167089812687e-10
42.83333,-94.45833,1.84379664934361e-10
42.83333,-94.04167,1.64275666335474e-10
42.83333,-93,1.70896079020626e-10
42.83333,-92.25,2.20452095694444e-10
42.83333,-92.08333,3.37027073919369e-10
42.83333,-91.79167,4.11461736077088e-10
42.83333,-91.75,3.29018976025666e-10
42.83333,-91.375,2.11942641084012e-10
42.83333,-91.20833,2.39808187004076e-10
42.83333,-91.125,2.2684535120627e-10
42.83333,-90.375,2.14324716697766e-10
42.83333,-90.04167,3.16429410455413e-10
42.83333,-88.875,9.742976436304e-10
42.83333,-86.25,8.98102144726072e-10
42.83333,-84.79167,1.08411693268369e-09
42.83333,-83.70833,3.50614475040208e-09
42.83333,-83,2.12664644739117e-09
42.83333,-78.125,5.73012345902883e-10
42.83333,-77.54167,6.88553712324721e-10
42.83333,-76.875,7.77714018697857e-10
42.83333,-74,7.24612234199952e-09
42.83333,-73.58333,1.82403048697545e-09
42.83333,-73.375,6.96375875456953e-10
42.83333,-71.16667,7.48596299513557e-09
42.79167,-124.0833,4.41600585298051e-11
42.79167,-121.4583,5.84154353493175e-11
42.79167,-117.8333,2.46279109720789e-11
42.79167,-117.75,2.54411090306402e-11
42.79167,-116.3333,4.93246232989806e-11
42.79167,-115.75,7.48790630151832e-11
42.79167,-115.5833,4.97621073409385e-11
42.79167,-113.9583,8.11661128839035e-11
42.79167,-111,1.90340051979353e-10
42.79167,-110.0417,3.19524140912746e-11
42.79167,-109.75,2.93225174845521e-11
42.79167,-105.7083,4.94838987287044e-11
42.79167,-104.9583,2.02571904714139e-11
42.79167,-103.4167,3.99438386476038e-11
42.79167,-102,2.46212586231741e-11
42.79167,-101.0417,2.8749979436723e-11
42.79167,-99.66667,2.61079555827825e-11
42.79167,-98.25,4.16918853774996e-11
42.79167,-97.45833,1.25435365915317e-10
42.79167,-97.41667,1.30529533366067e-10
42.79167,-96.79167,2.9887766263064e-10
42.79167,-96.375,3.31203375070162e-10
42.79167,-95.66667,1.88139308389576e-10
42.79167,-95.16667,1.80057542609274e-10
42.79167,-93.875,1.35588118832037e-10
42.79167,-93.79167,2.43690440038584e-10
42.79167,-92.91667,1.82588167041731e-10
42.79167,-91.83333,3.28159880685077e-10
42.79167,-89.58333,7.96586195559094e-10
42.79167,-89.375,1.13308864537478e-09
42.79167,-85.08333,5.91475858639768e-10
42.79167,-84.79167,3.51918482898437e-09
42.79167,-84.375,2.65893060487149e-09
42.79167,-83.08333,6.11390369483016e-09
42.79167,-78.875,2.98803079778062e-09
42.79167,-77.29167,2.218731053049e-10
42.79167,-77.08333,1.0003878800697e-09
42.79167,-76.375,5.41295849010515e-10
42.79167,-76,4.86167265918954e-10
42.79167,-74.41667,6.25272968982631e-10
42.79167,-71.95833,2.14357227503691e-09
42.79167,-70.79167,1.34456258069095e-09
42.75,-123.4583,6.1868744273969e-11
42.75,-122.7083,1.30977609380938e-10
42.75,-122.0417,4.1978975238715e-11
42.75,-116.75,3.66071728640047e-11
42.75,-115.5417,6.24256027276827e-11
42.75,-114.9583,7.21927341254475e-11
42.75,-114.7917,2.85282750410996e-10
42.75,-109.25,2.49868343540816e-11
42.75,-107.6667,1.39295825032221e-11
42.75,-107.5,1.42094980436827e-11
42.75,-107.375,1.51439581690769e-11
42.75,-105.2083,3.98005993420605e-11
42.75,-105.1667,3.95713199083057e-11
42.75,-104.1667,5.51143937704518e-11
42.75,-103.2917,3.46837950295018e-11
42.75,-103.25,3.49209325361901e-11
42.75,-102.5833,3.60617112612346e-11
42.75,-102.4167,2.85196878475262e-11
42.75,-101.9167,2.3877029009772e-11
42.75,-101.7917,1.78824282654832e-11
42.75,-99.79167,2.65345817833089e-11
42.75,-99.70833,2.61312192887561e-11
42.75,-99.25,2.26773609288123e-11
42.75,-97.45833,1.24854933905561e-10
42.75,-97.29167,1.4715006431489e-10
42.75,-97.25,1.54506802991174e-10
42.75,-97.125,1.65226146964087e-10
42.75,-96.95833,7.70229139018646e-10
42.75,-96.875,1.79987677867652e-10
42.75,-96.45833,3.13525911329736e-10
42.75,-96,2.5468396822898e-10
42.75,-94.125,2.04534016332483e-10
42.75,-90.16667,3.08417371644569e-10
42.75,-88.91667,2.20071803468723e-09
42.75,-88.70833,7.14249281850915e-10
42.75,-88.33333,1.02832626136105e-09
42.75,-88,2.82821556744781e-09
42.75,-86,1.20921411379791e-09
42.75,-83.95833,1.05140001076078e-09
42.75,-82.83333,2.78953724375252e-09
42.75,-82.58333,1.31115688399359e-09
42.75,-79,9.47574163110922e-10
42.75,-78.29167,5.73508683320421e-10
42.75,-76.75,3.6014730553182e-10
42.75,-75.91667,3.67573301419157e-10
42.75,-75.83333,3.51728159347219e-10
42.75,-74.58333,4.41433555062058e-10
42.75,-74.20833,1.04826467492864e-09
42.75,-72.875,3.62371724039945e-10
42.75,-71.25,8.87897192739758e-09
42.70833,-120.8333,2.54532726440325e-11
42.70833,-118.7917,2.27599297317712e-11
42.70833,-113,1.05751120070507e-10
42.70833,-112.1667,1.42025308748238e-10
42.70833,-110.625,1.81470865855266e-11
42.70833,-110.25,3.14406867481937e-11
42.70833,-109.8333,2.64517984387732e-11
42.70833,-109.6667,2.58475583429448e-11
42.70833,-108.5417,1.32676995112667e-11
42.70833,-108.4583,1.33968912152894e-11
42.70833,-107.4167,1.47985688898564e-11
42.70833,-105.5833,4.30319627795825e-11
42.70833,-105.1667,4.03669847856112e-11
42.70833,-104.9167,2.11878255010405e-11
42.70833,-102.0417,3.60510764621971e-11
42.70833,-98.29167,4.33562902760309e-11
42.70833,-95.54167,1.0265157460765e-09
42.70833,-95.5,2.48780868936788e-10
42.70833,-90.875,2.82972444067426e-10
42.70833,-90.54167,4.25914642169513e-10
42.70833,-85.79167,1.52314367604994e-09
42.70833,-84,1.05666107548812e-09
42.70833,-83.66667,1.68107206080097e-09
42.70833,-83,2.99200406917276e-09
42.70833,-82.54167,9.76207058181213e-10
42.70833,-78,7.13693417862577e-10
42.70833,-75.125,2.74100890140929e-10
42.70833,-72,2.18014668842628e-09
42.66667,-123.9583,2.63762650517849e-11
42.66667,-121.9167,6.87658563431488e-11
42.66667,-120.7917,2.5938243172478e-11
42.66667,-120.2083,3.7338398406715e-11
42.66667,-116.875,3.57162798236912e-11
42.66667,-112.3333,6.8035466360138e-11
42.66667,-112.25,1.49996895236888e-10
42.66667,-112,1.11924223326508e-10
42.66667,-110.2917,3.19087367758005e-11
42.66667,-109.7917,2.63242038464945e-11
42.66667,-109.5,2.53526602287929e-11
42.66667,-108.8333,2.42589428580462e-11
42.66667,-108.3333,1.31879975297019e-11
42.66667,-108.2917,1.32081141893164e-11
42.66667,-107.4583,1.44624737814625e-11
42.66667,-106.4167,5.75097809824548e-11
42.66667,-105.125,4.10729786770331e-11
42.66667,-104.8333,4.3430556702791e-11
42.66667,-104.5833,4.33883185405287e-11
42.66667,-101.875,2.37872295830025e-11
42.66667,-101.8333,1.82022886717654e-11
42.66667,-100.8333,2.73910398943425e-11
42.66667,-99.08333,2.54839048801706e-11
42.66667,-90.375,3.31211703262748e-10
42.66667,-89.83333,2.25105371223123e-10
42.66667,-84.58333,4.36752611781303e-09
42.66667,-82.875,1.18631505926819e-08
42.66667,-82.83333,1.089673541505e-08
42.66667,-79.08333,8.44879076154398e-09
42.66667,-78.875,1.3247761099584e-09
42.66667,-78.41667,7.00792985540331e-10
42.66667,-77.33333,3.74218467078499e-10
42.66667,-77.08333,9.38709783951172e-10
42.66667,-76.16667,1.00611398780322e-09
42.66667,-75.66667,3.01885382736615e-10
42.66667,-74,4.26676390625468e-09
42.66667,-72.70833,4.64780474576715e-10
42.66667,-72.45833,9.98019936999075e-10
42.625,-122.5,7.01926984525842e-11
42.625,-121.0833,2.89987311921502e-11
42.625,-120.375,2.36809136865853e-11
42.625,-119.7083,1.65935459942105e-11
42.625,-117.125,2.92820754640404e-11
42.625,-116.75,3.55970521825488e-11
42.625,-115.625,3.75956085915787e-11
42.625,-115.5,3.93885643311146e-11
42.625,-114.7917,3.25119480783368e-10
42.625,-113.9167,1.73064037483107e-10
42.625,-113.875,2.15094411382626e-10
42.625,-113.6667,2.78910489616415e-10
42.625,-111.3333,3.76400664655955e-11
42.625,-108.5,2.47417901036856e-11
42.625,-108.1667,1.30447041655243e-11
42.625,-107.9583,1.33100990852926e-11
42.625,-106.3333,5.54221736915875e-11
42.625,-106.25,2.79726336092e-11
42.625,-105.8333,5.12244167872389e-11
42.625,-105.7917,5.06272545402134e-11
42.625,-105.5,4.28110835965635e-11
42.625,-104.9167,2.25453837259191e-11
42.625,-104.4167,3.24128289794253e-11
42.625,-103.5,3.92052082696528e-11
42.625,-102.875,3.90936682794749e-11
42.625,-102.7083,3.76872033085215e-11
42.625,-102.4583,2.91276445836906e-11
42.625,-102.1667,2.68756177412639e-11
42.625,-100.3333,3.75568978061573e-11
42.625,-98.91667,3.00165322505743e-11
42.625,-98.125,4.52694130596983e-11
42.625,-97.91667,4.64517005865135e-11
42.625,-97.20833,1.51092936970742e-10
42.625,-96.58333,7.96885427349663e-10
42.625,-96.25,3.68478023996929e-10
42.625,-95.29167,1.17580250523006e-09
42.625,-94.45833,2.36173302868158e-10
42.625,-93.33333,1.34863794564418e-10
42.625,-92.79167,3.3804986053976e-10
42.625,-92.5,1.10243420009907e-09
42.625,-92.16667,3.72483364410612e-10
42.625,-92.125,3.43290129416883e-10
42.625,-90.41667,6.11918169436486e-10
42.625,-85.04167,4.82353033977094e-10
42.625,-84.08333,1.23097373177845e-09
42.625,-77.16667,7.11928396099896e-10
42.625,-76.83333,5.62055654060352e-10
42.625,-75.08333,3.60701880585366e-10
42.625,-74.625,3.58812983149923e-10
42.625,-74.375,5.21382798060929e-10
42.625,-73.45833,7.08444175781651e-10
42.625,-73.375,5.07392956035489e-10
42.625,-72.66667,9.83280353879432e-10
42.625,-72.54167,2.25726250465711e-09
42.58333,-123.5417,8.63023109945681e-11
42.58333,-122.5833,9.13348829058172e-11
42.58333,-119.5,1.50569924447077e-11
42.58333,-116.8333,3.36679184869515e-11
42.58333,-116.2917,2.27680253162959e-11
42.58333,-115.8333,2.89663696204699e-11
42.58333,-115.7917,3.01194795825803e-11
42.58333,-115,1.42679128580629e-10
42.58333,-113.0833,4.52289936231141e-11
42.58333,-112.875,5.11063842780433e-11
42.58333,-112,1.05948131848895e-10
42.58333,-111.5,5.68505408646514e-11
42.58333,-111.25,6.95965196806198e-11
42.58333,-110.6667,1.85896691829219e-11
42.58333,-109.8333,1.36508395117432e-11
42.58333,-109.5,2.52673868548283e-11
42.58333,-107.375,1.49813301345215e-11
42.58333,-105.625,4.36154099541378e-11
42.58333,-104.7917,4.17134407380952e-11
42.58333,-104.0417,4.06981194563497e-11
42.58333,-104,4.0635621143084e-11
42.58333,-103.9167,4.0536023707165e-11
42.58333,-101.125,2.49789068209819e-11
42.58333,-100.5833,2.92224165354124e-11
42.58333,-99.45833,2.7512455795669e-11
42.58333,-99.375,2.25946854554147e-11
42.58333,-98.70833,2.6587310802173e-11
42.58333,-98.04167,4.68511202732844e-11
42.58333,-97.625,8.79471158901782e-11
42.58333,-96.625,8.49421826735972e-10
42.58333,-96.5,2.81023964470292e-09
42.58333,-95.625,2.31561286720809e-10
42.58333,-95.16667,4.62991332713471e-10
42.58333,-95.04167,2.22640534570097e-10
42.58333,-94.625,2.79274322625195e-10
42.58333,-94.33333,3.70360317048296e-10
42.58333,-92.75,3.84871218627292e-10
42.58333,-91.41667,2.5415629768652e-10
42.58333,-89.41667,4.43912104692263e-10
42.58333,-89.16667,4.8634663643306e-10
42.58333,-88.875,8.14601896915787e-10
42.58333,-83.08333,1.43873610315034e-08
42.58333,-82.83333,1.4088360690733e-08
42.58333,-78.625,7.2249183537379e-10
42.58333,-77.625,7.45412953614008e-10
42.58333,-75.125,3.57838361415409e-10
42.58333,-72.41667,3.24295150769467e-10
42.54167,-124.4167,2.03010335282183e-11
42.54167,-123.7917,3.90451194587157e-11
42.54167,-122.8333,4.22104818931737e-10
42.54167,-121.8333,9.02216579639739e-11
42.54167,-121.625,8.87687573531664e-11
42.54167,-120.9583,2.96127858908459e-11
42.54167,-119.7917,3.78044630570425e-11
42.54167,-119.0417,2.1941063801495e-11
42.54167,-118.9167,2.11827216605742e-11
42.54167,-118.7917,2.13041271435762e-11
42.54167,-116.625,1.97801800635119e-11
42.54167,-116.5,2.05769241671901e-11
42.54167,-116.4167,2.10748960360659e-11
42.54167,-115.125,6.37535456388048e-11
42.54167,-114.6667,6.35035521137658e-10
42.54167,-113.0417,4.56192166885656e-11
42.54167,-112.7917,5.22670944079133e-11
42.54167,-110.4167,3.34245235484053e-11
42.54167,-109.7917,1.35953684918812e-11
42.54167,-109.2083,2.43814035602794e-11
42.54167,-108.625,1.21362690911966e-11
42.54167,-108.4583,2.39365669253595e-11
42.54167,-107.7917,1.33337284739858e-11
42.54167,-107.75,2.59652947200875e-11
42.54167,-106.7917,8.34968214296833e-11
42.54167,-106.2917,2.55320412809575e-11
42.54167,-105.9583,5.11586246055191e-11
42.54167,-104.2083,4.13163369043729e-11
42.54167,-103.8333,4.09915752047719e-11
42.54167,-100.625,2.82004354937304e-11
42.54167,-99.83333,2.54337107836567e-11
42.54167,-99.58333,2.78982225622008e-11
42.54167,-98.29167,4.39293767550296e-11
42.54167,-98.08333,5.86628631553878e-11
42.54167,-95.75,1.91790852702719e-10
42.54167,-95.33333,2.26951111154772e-10
42.54167,-94.25,1.22101314819603e-09
42.54167,-93.83333,2.14691560542858e-10
42.54167,-93.79167,2.01248859003342e-10
42.54167,-93.66667,1.59352318041049e-10
42.54167,-90.91667,8.34330153061996e-10
42.54167,-90.45833,8.48282301529756e-10
42.54167,-88.79167,8.01380896465251e-10
42.54167,-85.33333,1.00176983852305e-09
42.54167,-83.58333,6.49900999252316e-09
42.54167,-78.95833,6.04500751523395e-10
42.54167,-76.25,1.72893830281227e-09
42.54167,-76,5.77872067817605e-10
42.54167,-75.25,2.81482070305058e-10
42.54167,-74.75,3.33510177844556e-10
42.54167,-74.45833,2.46443205166736e-10
42.54167,-73.58333,1.99141323537264e-09
42.54167,-73.5,8.7549549847621e-10
42.54167,-71.95833,7.01216186656915e-09
42.5,-123.9583,2.58531755489927e-11
42.5,-122.6667,1.22116262896398e-10
42.5,-121.9167,9.53421261248502e-11
42.5,-121.6667,5.38479869304293e-11
42.5,-119.625,1.63180406373646e-11
42.5,-118.125,2.05999054186898e-11
42.5,-117.375,1.5686295287403e-11
42.5,-114.5,7.16771129794975e-09
42.5,-114.2083,2.89585354214343e-10
42.5,-113.9167,4.09562956917154e-10
42.5,-112.375,1.10770774232504e-10
42.5,-112.0417,8.92056256358148e-11
42.5,-110.2083,3.0730602483947e-11
42.5,-107.1667,3.22527453805243e-11
42.5,-107.0417,3.448839131575e-11
42.5,-106.6667,2.16175767349772e-11
42.5,-105.1667,4.27191732165852e-11
42.5,-105.125,4.30823962543956e-11
42.5,-100.5833,2.80368444530582e-11
42.5,-96.54167,1.22007866188703e-09
42.5,-96.5,3.36570234383299e-09
42.5,-96.16667,4.84811351653797e-10
42.5,-95,2.85665333857407e-10
42.5,-94.54167,2.87739124402674e-10
42.5,-92.625,6.64950130001203e-10
42.5,-92.16667,4.39157675919844e-10
42.5,-92,6.00649151281758e-10
42.5,-91.41667,2.56279186971755e-10
42.5,-90.875,9.60085178489279e-10
42.5,-89.66667,1.16005891373914e-09
42.5,-87.75,6.40557168757873e-09
42.5,-85.66667,7.87611216832218e-10
42.5,-85.45833,1.16365532445849e-09
42.5,-83.5,1.07078544921781e-08
42.5,-78.45833,6.83538374614537e-10
42.5,-77.08333,4.99111030683953e-10
42.5,-76.875,4.72722074961963e-10
42.5,-76.66667,6.7030331283506e-10
42.5,-75.20833,2.74382047961419e-10
42.5,-75.125,5.49386750041306e-10
42.5,-74.08333,6.17554813925789e-10
42.5,-73.16667,1.02867043369264e-09
42.5,-72.375,1.13496520796247e-09
42.5,-72.04167,3.60235709807974e-09
42.45833,-121.875,1.09597181780042e-10
42.45833,-119.9167,4.20913568769964e-11
42.45833,-118.5417,1.86779404652658e-11
42.45833,-117.625,1.42963018215887e-11
42.45833,-114.875,9.67480385402358e-11
42.45833,-114.125,2.4538725272437e-10
42.45833,-113.2917,4.3722445747478e-11
42.45833,-112.7917,4.81470280710454e-11
42.45833,-111.0833,6.19115268128363e-11
42.45833,-110.4583,3.42988810636563e-11
42.45833,-110.125,3.01274583426753e-11
42.45833,-108.875,2.34324615756794e-11
42.45833,-107.4167,1.44358502705746e-11
42.45833,-105.5,2.33899211546368e-11
42.45833,-104.0417,4.48094499896823e-11
42.45833,-101.2083,2.35879458307911e-11
42.45833,-101.1667,2.44193406383166e-11
42.45833,-100.7917,2.62904168577175e-11
42.45833,-99.83333,2.54120582765683e-11
42.45833,-99.29167,2.251047421911e-11
42.45833,-98.91667,6.16673407743748e-11
42.45833,-96.79167,2.27620094921171e-10
42.45833,-96.75,2.97729502843484e-10
42.45833,-96.41667,2.36294526825332e-09
42.45833,-96.20833,6.13466102420153e-10
42.45833,-96,4.62060646606107e-10
42.45833,-95.04167,3.64366129707651e-10
42.45833,-92.91667,2.24165900230052e-10
42.45833,-92.70833,3.25833551076607e-10
42.45833,-92.16667,6.35507598863608e-10
42.45833,-91.16667,5.15774783087413e-10
42.45833,-90.91667,1.01405178625345e-09
42.45833,-90.83333,2.2442023451074e-09
42.45833,-89.66667,4.61573141138136e-10
42.45833,-88.95833,1.26259861611534e-09
42.45833,-88.79167,8.78566718238752e-10
42.45833,-85.875,8.18491339740964e-10
42.45833,-85.20833,9.35607085668374e-10
42.45833,-84.91667,6.35108897396747e-10
42.45833,-84.66667,7.11325405463321e-10
42.45833,-84.33333,7.98693400615503e-10
42.45833,-84.29167,6.5166687739198e-10
42.45833,-79.45833,5.08992698277121e-10
42.45833,-78.375,4.34777078222954e-10
42.45833,-77.79167,3.20487733146957e-10
42.45833,-76.79167,4.14254004058882e-10
42.45833,-76.41667,2.36358094534199e-09
42.45833,-75.91667,4.65358459781304e-10
42.45833,-74.20833,4.21976565026861e-10
42.45833,-74.16667,3.62391081244701e-10
42.45833,-72.125,1.72317067954016e-09
42.45833,-71.125,5.08513273941538e-08
42.41667,-124.25,1.06965483719263e-10
42.41667,-123.375,4.18374102428382e-09
42.41667,-123.1667,3.9859255933493e-10
42.41667,-119.7917,2.83898326827752e-11
42.41667,-119.125,1.28711151438244e-11
42.41667,-118.7083,2.05392261345755e-11
42.41667,-117.1667,1.57648913233256e-11
42.41667,-116.2917,2.01366816645308e-11
42.41667,-116.0417,2.20102970454475e-11
42.41667,-115.25,3.29129154997466e-11
42.41667,-115.2083,3.37398403730647e-11
42.41667,-112.8333,4.57038479240852e-11
42.41667,-112.75,4.78771810287934e-11
42.41667,-111.8333,7.35185854667373e-11
42.41667,-111.4583,7.07449639409674e-11
42.41667,-111.125,6.86444609051545e-11
42.41667,-111.0833,6.55161032720282e-11
42.41667,-108.7083,2.30481185774534e-11
42.41667,-107.6667,1.32799550272017e-11
42.41667,-106,2.3438094622288e-11
42.41667,-104.4583,2.67936019509693e-11
42.41667,-102.1667,2.90172710635228e-11
42.41667,-102.0417,2.72195464395168e-11
42.41667,-100.4583,2.78414623835609e-11
42.41667,-100.3333,2.7930764347672e-11
42.41667,-99.58333,2.8130828194511e-11
42.41667,-99.08333,2.97736432245994e-11
42.41667,-97,1.64612590101087e-10
42.41667,-95.66667,1.95582825196677e-10
42.41667,-95.33333,1.61865021116512e-10
42.41667,-92.66667,3.71900822336881e-10
42.41667,-91.875,6.63287578641839e-10
42.41667,-90.91667,9.9230930552557e-10
42.41667,-90.58333,1.93699347175973e-09
42.41667,-90.5,1.42866990744922e-09
42.41667,-90.41667,1.20446115575241e-09
42.41667,-90.25,3.53556651951949e-10
42.41667,-89.625,4.65451615304933e-10
42.41667,-89.16667,1.07280944057062e-09
42.41667,-88.83333,8.68545531866111e-10
42.41667,-86.29167,2.78930764554456e-10
42.41667,-86.20833,5.37161882329884e-10
42.41667,-79.16667,5.54357045437108e-10
42.41667,-78.04167,2.7078288340086e-10
42.41667,-74.58333,3.05532363276232e-10
42.41667,-73.79167,9.81297098126244e-10
42.41667,-73.75,1.21704957163073e-09
42.41667,-72.875,9.58880573189276e-10
42.41667,-71.91667,2.56952003939527e-09
42.41667,-71.45833,1.29310173839161e-08
42.375,-124.375,1.41921458117797e-10
42.375,-123.5833,1.12738781960822e-10
42.375,-122.7083,1.91145679490967e-09
42.375,-121.0833,3.96238007824589e-11
42.375,-120.7083,4.40765487850174e-11
42.375,-120.5,4.56384382562942e-11
42.375,-119.6667,1.70041196823838e-11
42.375,-118,2.00584767214682e-11
42.375,-117.8333,2.08132792056319e-11
42.375,-115.75,4.86652479956536e-11
42.375,-112.7917,4.61377986511914e-11
42.375,-112.625,3.92836175953211e-11
42.375,-111.875,1.18391459379546e-10
42.375,-111.8333,6.4158647013173e-11
42.375,-110.4583,3.4925702054635e-11
42.375,-110.25,3.20487812210056e-11
42.375,-109.4583,1.32935996165399e-11
42.375,-108.875,2.33718306050254e-11
42.375,-108.8333,2.32878409166683e-11
42.375,-106.7917,3.98449715061676e-11
42.375,-106.2083,2.26713517491217e-11
42.375,-106.0417,2.29475110278065e-11
42.375,-105.1667,2.49123987377938e-11
42.375,-105,4.91287146556345e-11
42.375,-104.5833,6.61690072847282e-11
42.375,-104.4583,6.21308766840334e-11
42.375,-102.5833,4.34846426307829e-11
42.375,-102.2917,3.04689105218061e-11
42.375,-97.70833,8.44992723580646e-11
42.375,-97.54167,9.72322780365829e-11
42.375,-97.33333,1.11468368724726e-10
42.375,-97.08333,1.3904285991607e-10
42.375,-95.75,2.01829074749224e-10
42.375,-95.54167,2.81665160979082e-10
42.375,-94.5,1.45372272811961e-10
42.375,-94.08333,4.75434208764303e-10
42.375,-93.70833,1.85434843452858e-10
42.375,-91.58333,2.79419235492751e-10
42.375,-91.16667,3.32544953544817e-10
42.375,-90.29167,3.93578622411974e-10
42.375,-89.41667,7.5272701040828e-10
42.375,-79.33333,9.80947022479425e-10
42.375,-77.625,1.07006565565002e-09
42.375,-77.41667,6.25798086461135e-10
42.375,-76.29167,7.18957680234609e-10
42.375,-75.625,4.23309967144584e-10
42.375,-75.04167,2.27563336786117e-10
42.375,-74.20833,4.69854795501445e-10
42.375,-73.875,1.44790921559281e-09
42.375,-72.41667,2.10459157998698e-09
42.375,-72.04167,2.99128648987135e-09
42.375,-71.58333,1.30542924613234e-08
42.33333,-123.7917,7.0509643701153e-11
42.33333,-123.5,1.2078899787442e-10
42.33333,-123.2083,6.47950426772992e-10
42.33333,-122.9167,4.33301033704275e-09
42.33333,-122.25,4.4108832933982e-11
42.33333,-121.8333,1.78342217708722e-10
42.33333,-121.0417,3.91012891984838e-11
42.33333,-118.5833,1.77528384411375e-11
42.33333,-118.3333,1.81085174191746e-11
42.33333,-118.0417,1.69897624441378e-11
42.33333,-116.25,1.92092821346137e-11
42.33333,-116.1667,1.97029638731378e-11
42.33333,-115.4583,2.77696367217379e-11
42.33333,-113.2917,3.93940658099582e-11
42.33333,-112,5.87018582475523e-11
42.33333,-111.875,1.27824812428308e-10
42.33333,-111.4167,8.01608802571397e-11
42.33333,-108.0833,1.21692014634e-11
42.33333,-105,4.98897751347026e-11
42.33333,-104.7083,4.40648357373221e-11
42.33333,-103.5,3.98967220105416e-11
42.33333,-102.8333,5.18498583002819e-11
42.33333,-101.6667,2.65457889638271e-11
42.33333,-101.5,2.59951473600128e-11
42.33333,-101.2083,2.57938293312602e-11
42.33333,-101.1667,2.58274393467009e-11
42.33333,-99.33333,2.79029644094541e-11
42.33333,-99.25,2.79621001195042e-11
42.33333,-98.33333,3.10887835144662e-11
42.33333,-97.5,1.47092873329601e-10
42.33333,-97.375,1.12559131787668e-10
42.33333,-95.91667,2.78313476248743e-10
42.33333,-95.29167,2.34803199461147e-10
42.33333,-93.75,2.86924550229009e-10
42.33333,-91.625,3.38221428214625e-10
42.33333,-90.54167,6.12231558498293e-10
42.33333,-89.91667,3.69827663004043e-10
42.33333,-89.75,3.60542691299893e-10
42.33333,-88.20833,3.85528758215839e-09
42.33333,-85.66667,2.2757590401566e-09
42.33333,-85.5,2.57290085041934e-09
42.33333,-84.08333,1.19971789202493e-09
42.33333,-83.625,2.42889493153474e-09
42.33333,-75.66667,4.5217607521135e-10
42.33333,-75.125,2.76066805298662e-10
42.33333,-75,2.87214990056524e-10
42.33333,-74.33333,2.57761455964174e-10
42.33333,-72.58333,3.49258891634695e-09
42.29167,-122.2083,8.72082065184446e-11
42.29167,-120.1667,2.67794928177337e-11
42.29167,-119.7917,2.87186053704493e-11
42.29167,-118.4167,1.76436663966757e-11
42.29167,-118.25,1.81734590465567e-11
42.29167,-118.125,1.66359253035006e-11
42.29167,-117.7917,2.06868938894016e-11
42.29167,-115.4583,2.69943729091632e-11
42.29167,-115.25,3.04038199959441e-11
42.29167,-114.5417,9.90380703168238e-11
42.29167,-114.2083,4.30828876701669e-11
42.29167,-114,7.09542078165112e-11
42.29167,-112.5417,3.15161522878038e-11
42.29167,-112.1667,8.08062713561002e-11
42.29167,-110.2083,3.24191510673275e-11
42.29167,-109.875,1.49091145551322e-11
42.29167,-109.4583,1.3671209613525e-11
42.29167,-108.2083,1.17722661155445e-11
42.29167,-106.0833,2.19652509295502e-11
42.29167,-105.4583,2.3147430829783e-11
42.29167,-105.0417,4.82618475046405e-11
42.29167,-104.75,4.59666317406062e-11
42.29167,-102.7917,5.52837961377854e-11
42.29167,-101.9167,2.63949622808028e-11
42.29167,-101.875,2.58368140346052e-11
42.29167,-101.6667,2.66601446398107e-11
42.29167,-101.2917,2.55830644971049e-11
42.29167,-100.8333,2.77244674636046e-11
42.29167,-99.16667,3.08592306893891e-11
42.29167,-98.91667,2.61520729864901e-11
42.29167,-98.75,2.85118918113025e-11
42.29167,-98.375,3.01627292665649e-11
42.29167,-96.91667,1.26479162892918e-10
42.29167,-96.41667,3.47584526859577e-10
42.29167,-95.45833,1.35507929439526e-10
42.29167,-94.70833,2.02952757075567e-10
42.29167,-94.20833,2.92919850247832e-10
42.29167,-91,3.36845859905669e-10
42.29167,-90.66667,4.59660761343232e-10
42.29167,-89.54167,7.01109924685358e-10
42.29167,-88.66667,1.13500845549555e-09
42.29167,-86.125,9.1519326469862e-10
42.29167,-85.125,1.25432854267213e-09
42.29167,-85.04167,1.13590990710762e-09
42.29167,-84.66667,6.55159925175841e-10
42.29167,-84.625,6.95445136708979e-10
42.29167,-83.95833,1.06956639198374e-09
42.29167,-79.79167,3.22999154416886e-10
42.29167,-79.20833,8.53880182293143e-10
42.29167,-74.66667,4.40893530424882e-10
42.29167,-73.125,4.72545299330427e-10
42.29167,-72.91667,7.21008101073414e-10
42.29167,-72.875,9.28755917505186e-10
42.25,-123.875,7.05857246208105e-11
42.25,-121.5,1.97264929334739e-10
42.25,-121.2083,4.46429968974049e-11
42.25,-120.4167,9.56526293949501e-11
42.25,-118.0833,1.67105914425406e-11
42.25,-116.8333,1.52928813530675e-11
42.25,-116.125,1.91182343446057e-11
42.25,-114.0833,6.67331566338541e-11
42.25,-113.0417,4.03886884737199e-11
42.25,-112.625,2.99464343300311e-11
42.25,-112.25,9.96535435339315e-11
42.25,-111.6667,1.39690205143088e-10
42.25,-110.5833,1.95220425185937e-11
42.25,-106.3333,2.06635491378078e-11
42.25,-105.2917,3.95247011951233e-11
42.25,-102.4167,3.6188460380051e-11
42.25,-102.1667,2.6188168770542e-11
42.25,-101.4583,2.57568544957041e-11
42.25,-101.4167,2.57449534336239e-11
42.25,-99.33333,2.84775594509567e-11
42.25,-99.04167,2.62215635317481e-11
42.25,-97.95833,5.61138141872247e-11
42.25,-95.5,1.29515066286607e-10
42.25,-95.375,1.35427901372989e-10
42.25,-93.91667,2.84975428070789e-10
42.25,-92.45833,3.2902699992265e-10
42.25,-92.375,2.96198224568593e-10
42.25,-91.95833,3.13293166157776e-10
42.25,-90.125,3.1869582655725e-10
42.25,-89.83333,4.8831548381353e-10
42.25,-88.95833,1.98877685110557e-09
42.25,-88.25,5.36828167657672e-09
42.25,-86.25,1.19255091783708e-09
42.25,-86.16667,9.51125726251413e-10
42.25,-85.54167,9.01304233811947e-09
42.25,-78.54167,3.80381661478241e-10
42.25,-76.83333,7.72105615163456e-10
42.25,-76.375,4.94896620621742e-10
42.25,-75.5,4.42472741206295e-10
42.25,-72.45833,5.73044702030368e-09
42.25,-71.5,1.46264801442252e-08
42.25,-71.375,1.34606604798246e-08
42.25,-70.83333,1.32591915249212e-08
42.20833,-124.3333,1.15746866749108e-10
42.20833,-123.75,5.16381211814394e-11
42.20833,-119.0833,1.2634267089447e-11
42.20833,-118.1667,1.63779516281072e-11
42.20833,-116.0417,3.73520774627579e-11
42.20833,-114.7083,5.93780789747612e-11
42.20833,-114.2917,4.00335804234022e-11
42.20833,-112.7917,4.59239968118121e-11
42.20833,-111.6667,1.50827506713558e-10
42.20833,-111.5,4.82374215473839e-11
42.20833,-111,4.07435946094184e-11
42.20833,-110.9583,3.90917714528878e-11
42.20833,-109.4167,2.54200265941505e-11
42.20833,-107.75,1.25546854746589e-11
42.20833,-107.1667,1.52112920044626e-11
42.20833,-107.125,1.54666614991958e-11
42.20833,-107.0417,1.59891710087421e-11
42.20833,-106.4167,1.98340551587732e-11
42.20833,-104.75,6.29167842472076e-11
42.20833,-103.2917,5.01846124066133e-11
42.20833,-103.0417,6.01336863055137e-11
42.20833,-102.25,2.83027142313892e-11
42.20833,-101.2917,2.52586634973031e-11
42.20833,-101.125,2.59552130390864e-11
42.20833,-101,2.67708340235604e-11
42.20833,-99.45833,2.89831595537122e-11
42.20833,-97.75,9.00153828115881e-11
42.20833,-97.70833,1.14505430425507e-10
42.20833,-96.95833,1.3236738520634e-10
42.20833,-95.91667,1.88226883538494e-10
42.20833,-93.58333,2.95061016890756e-10
42.20833,-92.41667,3.03177172092191e-10
42.20833,-92.25,2.21652619812227e-10
42.20833,-91.95833,3.27515737547263e-10
42.20833,-90.25,3.72249361498313e-10
42.20833,-90.16667,3.38272970251146e-10
42.20833,-89.29167,1.22537134027708e-09
42.20833,-89.16667,2.46383957374242e-09
42.20833,-88.04167,9.17565235887108e-09
42.20833,-87.79167,6.05165173478975e-08
42.20833,-85.54167,8.36781160808359e-09
42.20833,-83.70833,8.65778999953216e-09
42.20833,-83.33333,2.09028266024115e-09
42.20833,-77.83333,5.03747294875192e-10
42.20833,-75.41667,4.71579647234492e-10
42.20833,-71.625,6.39768680006466e-09
42.20833,-71.45833,1.40765304004255e-08
42.20833,-71.29167,1.56549373206221e-08
42.16667,-123.75,1.2591232549555e-10
42.16667,-122.4583,1.11692809700324e-10
42.16667,-122.25,4.73177405005596e-11
42.16667,-121.4583,1.40848140103192e-10
42.16667,-120.6667,7.73280428041573e-11
42.16667,-118.3333,1.76970849838085e-11
42.16667,-117.7083,1.77156046313662e-11
42.16667,-117.3333,1.35987553213904e-11
42.16667,-116.25,1.72870388651992e-11
42.16667,-115.8333,3.98896535193766e-11
42.16667,-114.3333,3.81439317920578e-11
42.16667,-114.1667,3.44522857793798e-11
42.16667,-113.9583,5.74736442763141e-11
42.16667,-113.8333,5.40783301556126e-11
42.16667,-113.75,5.16047219502106e-11
42.16667,-112.7917,4.62468536711625e-11
42.16667,-110.875,3.63203216673845e-11
42.16667,-110.0833,1.61678343172146e-11
42.16667,-106.6667,3.79494551783963e-11
42.16667,-106.5833,3.89657889006412e-11
42.16667,-105.25,4.02635488210963e-11
42.16667,-104.7083,6.05573648052835e-11
42.16667,-104.1667,5.36327164716759e-11
42.16667,-101.5,2.55136118398708e-11
42.16667,-99.375,2.84518478544682e-11
42.16667,-96.5,2.35418532580657e-10
42.16667,-96.08333,1.51682971709445e-10
42.16667,-94.20833,2.30816986577078e-10
42.16667,-91.66667,6.96300872270126e-10
42.16667,-91.58333,6.72671251803413e-10
42.16667,-91.08333,3.24600191556698e-10
42.16667,-90.375,6.26939997682e-10
42.16667,-90.29167,3.80705214633276e-10
42.16667,-89.75,6.75015896686529e-10
42.16667,-88.75,7.26319030853547e-10
42.16667,-87.83333,4.13461570519653e-08
42.16667,-86.41667,1.60154662250611e-08
42.16667,-85.83333,1.17046936485126e-09
42.16667,-85.79167,1.12094099894942e-09
42.16667,-85.54167,3.10434741318748e-09
42.16667,-85.08333,7.44609371824235e-10
42.16667,-85.04167,6.94943091461135e-10
42.16667,-83.125,2.8675831410232e-09
42.16667,-80.16667,3.08973784376262e-09
42.16667,-78.75,6.72466277154873e-10
42.16667,-78.375,4.46147763087818e-10
42.16667,-77.29167,6.44507708243466e-10
42.16667,-76.95833,2.13431407465e-09
42.16667,-75.29167,2.15687825725958e-10
42.16667,-75.16667,3.98100356926575e-10
42.16667,-74.41667,2.13217170785502e-10
42.16667,-73.79167,4.68650303121291e-10
42.16667,-72.75,1.87720943793677e-08
42.16667,-72.375,3.80980408177543e-09
42.125,-123.9583,1.55871288050516e-10
42.125,-120.0833,3.52889975044266e-11
42.125,-118.4583,1.72017049564913e-11
42.125,-117.375,1.3427207487732e-11
42.125,-117.0417,1.39218851081414e-11
42.125,-116.75,1.46413639806714e-11
42.125,-115.9583,3.68681817283974e-11
42.125,-113.7917,5.12653424297163e-11
42.125,-113.5,4.13884574785754e-11
42.125,-113.25,3.78492783760768e-11
42.125,-110.75,2.23542698026413e-11
42.125,-110.5417,3.80638931994784e-11
42.125,-110.1667,1.67129962624149e-11
42.125,-108.8333,1.35164347855347e-11
42.125,-108.375,1.19315132137946e-11
42.125,-106.0833,2.04332887513341e-11
42.125,-105.8333,2.16353761409867e-11
42.125,-104.9583,7.97997225886118e-11
42.125,-103.375,5.57049133070079e-11
42.125,-102.7917,2.58765647656655e-10
42.125,-100.6667,1.61945952687174e-11
42.125,-99.29167,2.95351934738204e-11
42.125,-99.25,2.98818013646769e-11
42.125,-97.66667,1.24226312311608e-10
42.125,-95.25,1.54809729320544e-10
42.125,-94.33333,2.53454244833598e-10
42.125,-91.83333,5.67114648079996e-10
42.125,-91.08333,1.86843073073379e-10
42.125,-89,1.4436035995505e-09
42.125,-85.04167,6.86360382171795e-10
42.125,-84.91667,3.93625034759199e-10
42.125,-84.70833,5.48860870235525e-10
42.125,-84.58333,6.24067061529436e-10
42.125,-84.33333,1.32522477185192e-09
42.125,-80,2.32976998612342e-09
42.125,-79.125,8.51677155387466e-10
42.125,-78.625,5.68413735467822e-10
42.125,-78.25,4.80435491283175e-10
42.125,-77.41667,2.41734113310574e-10
42.125,-77.16667,1.43922184801226e-09
42.125,-76.91667,1.53566575375411e-09
42.125,-71.95833,3.32981765308002e-09
42.125,-71.79167,3.16148158694343e-09
42.08333,-124.3333,7.28639802319359e-11
42.08333,-120.9167,3.21947605222486e-11
42.08333,-120.5,7.16453094217485e-11
42.08333,-119.5833,1.59837066040145e-11
42.08333,-119.4167,1.47637935626123e-11
42.08333,-119.2917,1.39470984310542e-11
42.08333,-118.5833,1.68690943844568e-11
42.08333,-117.2917,1.34375135799227e-11
42.08333,-116.1667,3.10503389780243e-11
42.08333,-116.0833,1.78003748852712e-11
42.08333,-116.0417,1.81032532072324e-11
42.08333,-114.9583,2.99914765594688e-11
42.08333,-112.2917,9.12310404438909e-11
42.08333,-111.25,6.2777766283154e-11
42.08333,-110.7917,2.31576699167409e-11
42.08333,-110.6667,2.13184734390456e-11
42.08333,-110.5,3.76524660214444e-11
42.08333,-110.375,1.8009112937315e-11
42.08333,-109.25,1.50683296820691e-11
42.08333,-108.7083,1.33289499485311e-11
42.08333,-108,1.19107066907444e-11
42.08333,-107.0833,1.51372863258683e-11
42.08333,-106.5417,1.81150753457941e-11
42.08333,-105.5833,2.30419991844771e-11
42.08333,-105.5417,2.32515967091537e-11
42.08333,-105.5,2.34602157045664e-11
42.08333,-105.4583,2.36684293169135e-11
42.08333,-105.125,4.31111095987733e-11
42.08333,-103.4167,5.71487025896116e-11
42.08333,-103.2083,5.55567259142607e-11
42.08333,-103.0417,6.77394930813613e-11
42.08333,-102.4167,3.88293397171903e-11
42.08333,-102.2917,3.01857486156417e-11
42.08333,-102.0417,2.74501625266596e-11
42.08333,-100,2.74531828745465e-11
42.08333,-97.125,2.18596976129716e-10
42.08333,-96.20833,1.28558603426201e-10
42.08333,-95.45833,1.41125390411362e-10
42.08333,-95.29167,1.48203282425499e-10
42.08333,-94.625,1.85676916388364e-10
42.08333,-93.41667,8.88278669580775e-10
42.08333,-93,2.47680334328188e-09
42.08333,-92.25,1.98599784896725e-10
42.08333,-90.75,2.29050581717306e-10
42.08333,-90.5,3.74960132445713e-10
42.08333,-89.45833,6.6896272901504e-10
42.08333,-88.625,1.31427480219305e-09
42.08333,-88.29167,6.87668127246532e-09
42.08333,-88.20833,1.44935985804946e-08
42.08333,-86.20833,6.60132345675861e-10
42.08333,-84.79167,4.75180936559336e-10
42.08333,-84.54167,5.34397198624078e-10
42.08333,-84.375,1.08610974076602e-09
42.08333,-84.33333,9.64951318473884e-10
42.08333,-84.08333,1.02274920552382e-09
42.08333,-78.95833,4.54074600474496e-10
42.08333,-78.75,3.49294951500364e-10
42.08333,-77.625,1.64403402645801e-10
42.08333,-77.33333,2.8983950819302e-10
42.08333,-77.125,5.58515193630329e-10
42.08333,-76.54167,5.71066260496457e-10
42.08333,-75.66667,7.08450343991125e-10
42.08333,-75.125,3.4577780635709e-10
42.08333,-71.45833,7.60248787413056e-09
42.08333,-70.95833,1.23888886886365e-08
42.04167,-123.1667,2.68642845551406e-10
42.04167,-122.9583,2.81461753439768e-10
42.04167,-119.875,2.90867289065165e-11
42.04167,-117.0833,1.38054794136192e-11
42.04167,-116.4583,1.55115321247089e-11
42.04167,-115.4167,2.32104226107816e-11
42.04167,-115.25,3.61418335394405e-11
42.04167,-115.0417,3.97977660931939e-11
42.04167,-114.6667,4.57946829881128e-11
42.04167,-114.5417,4.64609266020978e-11
42.04167,-113.7917,4.84597552015168e-11
42.04167,-113,4.21563067394564e-11
42.04167,-112.2083,1.00331849407658e-10
42.04167,-111.6667,3.2044889019432e-10
42.04167,-108.3333,1.29210119597222e-11
42.04167,-107.875,2.31577804894228e-11
42.04167,-107.75,1.2273883175538e-11
42.04167,-107.2917,1.38893482190716e-11
42.04167,-107.0417,1.51693215128533e-11
42.04167,-106.875,3.44775163837193e-11
42.04167,-105.7083,2.25329352420764e-11
42.04167,-104.9583,2.8459977472014e-10
42.04167,-101.75,2.45340030599779e-11
42.04167,-100.75,1.60802519759384e-11
42.04167,-98.875,3.47197927137986e-11
42.04167,-96.83333,1.50585362215411e-10
42.04167,-94.70833,2.10758798098172e-10
42.04167,-94.125,4.04232685062408e-10
42.04167,-93.66667,2.79389023195956e-09
42.04167,-88.08333,1.70203769740774e-08
42.04167,-85.33333,6.22098480649064e-10
42.04167,-85.16667,9.15919673529628e-10
42.04167,-80.5,3.61610846516975e-10
42.04167,-80.08333,9.10718973506662e-09
42.04167,-78.29167,4.62322622610713e-10
42.04167,-78.125,3.6564537412083e-10
42.04167,-76.70833,8.63701559210053e-10
42.04167,-75.16667,2.45253856903361e-10
42.04167,-74.58333,8.43283887794364e-11
42.04167,-74.41667,2.01519406458683e-10
42.04167,-74.33333,2.66459641039562e-10
42.04167,-74.25,3.22994393374455e-10
42.04167,-74.04167,9.20997239752064e-10
42.04167,-73.29167,3.75405228739825e-10
42.04167,-72.70833,4.6666075807046e-09
42.04167,-71.625,3.5491033776747e-09
42.04167,-70.91667,1.18367762682598e-08
42,-123.6667,1.09861769476481e-10
42,-123.5,9.83920866122811e-11
42,-122.125,7.11778072401015e-11
42,-121.5417,4.05246537596088e-10
42,-120.2083,5.77623513820229e-11
42,-118.5417,1.68384651435355e-11
42,-118.375,1.73684041354935e-11
42,-118.2917,1.7660079241361e-11
42,-117.5833,1.29781591493387e-11
42,-116.9583,1.40336757801816e-11
42,-116.125,3.06754047949229e-11
42,-115.3333,3.37004733695085e-11
42,-114.4167,2.99349612943444e-11
42,-112.9583,4.39076609939029e-11
42,-112.375,6.81458139697974e-11
42,-111.2083,1.06054127047004e-10
42,-110.2917,1.80785250860304e-11
42,-110.0833,3.34416245195845e-11
42,-109.125,1.57501545861633e-11
42,-108.5833,1.3305747894143e-11
42,-105.8333,2.1971924805133e-11
42,-105.625,2.32040691454077e-11
42,-105.4167,4.0688535954457e-11
42,-103.625,7.73831232398076e-11
42,-102.8333,4.79763507826511e-10
42,-102.625,5.22566099053685e-11
42,-102.5,4.27812528604358e-11
42,-102.4583,4.05288329742223e-11
42,-102.1667,3.00779972436611e-11
42,-101.4583,2.5238743187878e-11
42,-100.9167,2.78426787382128e-11
42,-98.625,4.28413783558851e-11
42,-97.58333,1.81264073099282e-10
42,-95.29167,1.413082918398e-10
42,-94.41667,2.35001744169587e-10
42,-92.875,1.56538966204026e-09
42,-90.79167,2.06612444047552e-10
42,-89.66667,3.52727993566762e-10
42,-87.91667,4.82753133335079e-08
42,-85.875,6.39408138014479e-10
42,-83.83333,7.25722200647088e-10
42,-83.79167,9.2726484671484e-10
42,-83.375,1.82584906300603e-09
42,-79.20833,2.8648116944584e-09
42,-78.5,2.52555869229131e-09
42,-77.70833,1.47703479693118e-10
42,-77.29167,2.63758454387558e-10
42,-77.125,4.55936751044654e-10
42,-75.41667,2.76646232790259e-10
42,-75.33333,2.27563998878596e-10
42,-73.66667,7.1624728049432e-10
42,-73.54167,4.842040177931e-10
42,-73.16667,5.3561092001903e-10
42,-73.04167,7.27926908066405e-10
42,-72.75,6.1983132624738e-09
41.95833,-123.4167,3.5103735722715e-11
41.95833,-123.2917,5.34645520058781e-11
41.95833,-120.9583,3.28740383412178e-11
41.95833,-120.7083,2.74069131680007e-11
41.95833,-119.2083,1.35922948288361e-11
41.95833,-118.2917,1.14802977023257e-11
41.95833,-117.6667,1.28595074818459e-11
41.95833,-116.75,1.4449097355912e-11
41.95833,-116.5833,1.47933292841566e-11
41.95833,-115.625,2.00293534810871e-11
41.95833,-113.4583,3.88051441319366e-11
41.95833,-112.9583,3.96072860275828e-11
41.95833,-112.625,5.13688418828984e-11
41.95833,-110.875,2.7154553171325e-11
41.95833,-109.9583,1.68173662169722e-11
41.95833,-109.9167,1.67015631193376e-11
41.95833,-108.1667,1.20796425956924e-11
41.95833,-107.5833,2.39975225959873e-11
41.95833,-105.5,2.48215407135801e-11
41.95833,-104,1.83299898945958e-10
41.95833,-103.5417,1.99747373970657e-10
41.95833,-102.5,4.18663788647207e-11
41.95833,-99.875,2.80344589541538e-11
41.95833,-99.58333,2.94105882313337e-11
41.95833,-99.33333,3.22020828711768e-11
41.95833,-99.16667,3.39882814612729e-11
41.95833,-96.375,1.56497721113836e-10
41.95833,-95.625,1.31436143905255e-10
41.95833,-94.875,2.93443577668365e-10
41.95833,-93.125,3.78378494674635e-10
41.95833,-92.58333,8.65589926627177e-10
41.95833,-91.125,2.48320203312897e-10
41.95833,-89.41667,4.38851644847764e-10
41.95833,-89.08333,1.23305411179357e-09
41.95833,-86.20833,1.03662994085943e-09
41.95833,-85.33333,7.47371375905796e-10
41.95833,-84.54167,3.89881026490448e-10
41.95833,-83.45833,5.00899963133593e-09
41.95833,-83.29167,3.23621620759776e-09
41.95833,-78.70833,6.24209347022338e-10
41.95833,-77.95833,1.78257565770953e-10
41.95833,-77.83333,1.59329601056527e-10
41.95833,-77,4.50410513809233e-10
41.95833,-76.91667,5.13079625554455e-10
41.95833,-76.875,4.72151204321133e-10
41.95833,-76.29167,3.22014907026924e-10
41.95833,-75.625,6.0886104933155e-10
41.95833,-74.375,2.70029424322852e-10
41.95833,-72.91667,2.07169198300266e-09
41.95833,-72.25,1.52209680769806e-09
41.91667,-122.7083,7.79590725734627e-11
41.91667,-122.0417,6.85554642058165e-11
41.91667,-121.9583,7.5089928739882e-11
41.91667,-120,2.1056718746947e-11
41.91667,-119.9583,3.44305459536732e-11
41.91667,-119.6667,2.89397526012444e-11
41.91667,-119,1.26132955985169e-11
41.91667,-115.9167,1.78689994117648e-11
41.91667,-115.5,2.05608658538062e-11
41.91667,-114.5,2.70783206964868e-11
41.91667,-113.75,2.44993522515614e-11
41.91667,-112.2917,8.3511566266196e-11
41.91667,-112.2083,9.5201307281948e-11
41.91667,-112.125,1.29878973162928e-10
41.91667,-109.625,1.69411595141129e-11
41.91667,-109.5833,1.69728269721134e-11
41.91667,-108.5417,1.35994448290754e-11
41.91667,-107.5,2.42316769977004e-11
41.91667,-106.9167,3.26403103903787e-11
41.91667,-105.5833,2.46889856270318e-11
41.91667,-105,4.60214156742733e-11
41.91667,-104.2083,1.03647324365962e-10
41.91667,-102.6667,4.94375088057556e-11
41.91667,-100.375,3.38830190415155e-11
41.91667,-99.91667,3.07816494430807e-11
41.91667,-98.625,4.61435363317965e-11
41.91667,-98.5,4.69551545967568e-11
41.91667,-98,9.28366321147273e-11
41.91667,-97.875,8.28999620614118e-11
41.91667,-97.29167,2.70972207754633e-10
41.91667,-97.25,2.56938269323448e-10
41.91667,-97.08333,1.10114860994676e-10
41.91667,-96.66667,1.42549460406833e-10
41.91667,-95.04167,2.52190256308476e-10
41.91667,-94.33333,2.77101581513601e-10
41.91667,-94,3.59969324709239e-10
41.91667,-93.41667,5.29576323808855e-10
41.91667,-92.83333,5.09868135804524e-10
41.91667,-92.33333,2.01698116524374e-10
41.91667,-91.41667,1.31188975016868e-09
41.91667,-91.33333,5.78091523591722e-10
41.91667,-91,2.40729366723349e-10
41.91667,-90.91667,2.72415559657228e-10
41.91667,-90.66667,2.4402563919287e-10
41.91667,-89.875,4.14973504545078e-10
41.91667,-89.375,4.36336706587145e-10
41.91667,-87.875,2.85394405027989e-08
41.91667,-87.625,9.83599257958876e-08
41.91667,-85.875,6.0435964562168e-10
41.91667,-85.5,8.62010699109593e-10
41.91667,-83.83333,7.26671923640059e-10
41.91667,-79.625,3.31203352218803e-09
41.91667,-79.20833,6.59650925287945e-10
41.91667,-79.16667,6.52301358342195e-10
41.91667,-79,3.10773951112834e-10
41.91667,-78.29167,4.4561604554409e-10
41.91667,-76.54167,9.42333315435086e-10
41.91667,-75,4.19073629439869e-10
41.91667,-74.83333,4.39690639045706e-10
41.91667,-74.41667,1.00005104575641e-10
41.91667,-74.29167,1.41739290457047e-09
41.91667,-72.45833,6.86668618716204e-09
41.91667,-72,2.67009570940366e-09
41.91667,-71.83333,1.23920805873666e-09
41.91667,-71.79167,1.50887552460472e-09
41.91667,-70.83333,3.35638247929819e-09
41.875,-120.625,2.54834353198097e-11
41.875,-119.6667,2.91830301994001e-11
41.875,-118.5417,1.11908447079755e-11
41.875,-117.8333,1.73129103931258e-11
41.875,-116.6667,1.46067497463632e-11
41.875,-116.25,1.6455792173189e-11
41.875,-115.75,1.84867610385073e-11
41.875,-114.4583,2.56813856122235e-11
41.875,-114.4167,2.55593858363613e-11
41.875,-113.6667,2.91893985215348e-11
41.875,-113.4167,2.77303811937775e-11
41.875,-111.9167,7.08713823747753e-10
41.875,-111.7083,5.7104872582619e-11
41.875,-110.625,4.45805932416401e-11
41.875,-110.125,1.78762100150695e-11
41.875,-109.9167,1.71877319809404e-11
41.875,-109.3333,1.76823624433787e-11
41.875,-109,1.70683217806959e-11
41.875,-108.0417,1.21258600733016e-11
41.875,-107.25,7.05921966015251e-11
41.875,-106,2.1296701292002e-11
41.875,-105.9167,2.20156098683765e-11
41.875,-105.7083,2.41268343265428e-11
41.875,-105,4.68359813899173e-11
41.875,-102.5417,4.10220734551977e-11
41.875,-99.54167,3.09963279882069e-11
41.875,-97.375,1.26880284384005e-10
41.875,-96.75,2.57358207711259e-10
41.875,-96.29167,1.76257242576989e-10
41.875,-92.66667,2.36104021140577e-10
41.875,-92.20833,4.48000779834334e-10
41.875,-92.04167,4.49653359803816e-10
41.875,-91.33333,5.00561798253388e-10
41.875,-89.08333,3.29489831757709e-10
41.875,-87.875,4.42769065918959e-08
41.875,-86.45833,7.7334816736938e-10
41.875,-85.375,6.52153063419395e-10
41.875,-85.125,6.79481874167454e-10
41.875,-84.125,7.65914618331338e-10
41.875,-81.04167,3.7861491352478e-10
41.875,-80.79167,1.15502585032591e-09
41.875,-79.79167,7.58370240539e-10
41.875,-79.70833,5.99342743711951e-10
41.875,-79.58333,3.69431335947596e-10
41.875,-78.45833,4.80032705304904e-10
41.875,-76.58333,4.90402826059128e-10
41.875,-75.83333,6.60873913965276e-10
41.875,-75.66667,3.97160649577999e-10
41.875,-75.25,2.31709272683464e-10
41.875,-75.08333,4.12037273643788e-10
41.875,-71.66667,2.34434155124032e-09
41.875,-71.33333,1.95865028724029e-08
41.83333,-122.375,9.90485790448801e-11
41.83333,-120.125,3.17033049829617e-11
41.83333,-119.2917,1.43722095691823e-11
41.83333,-118.25,1.91105070637274e-11
41.83333,-115.4167,2.00805423985301e-11
41.83333,-115,2.80032156636184e-11
41.83333,-112.0833,2.40637486160207e-10
41.83333,-111.9583,8.01243506498667e-10
41.83333,-111.625,5.2215038921861e-11
41.83333,-110.9583,4.89208134514873e-11
41.83333,-110.125,1.81100143701863e-11
41.83333,-109.7083,1.76989176915757e-11
41.83333,-109.4167,1.81520587291554e-11
41.83333,-108.7083,1.54056600018657e-11
41.83333,-108.125,1.31728499256753e-11
41.83333,-107.5,2.4123636308063e-11
41.83333,-107,1.45090383952482e-11
41.83333,-106.875,1.52236317117039e-11
41.83333,-105.4583,2.70629334960025e-11
41.83333,-103.125,3.56196960044246e-11
41.83333,-103.0417,3.67876786475911e-11
41.83333,-102.7917,5.49284887080562e-11
41.83333,-102.6667,3.27610541874892e-11
41.83333,-102.0417,2.84386442034028e-11
41.83333,-100.6667,3.51211156118746e-11
41.83333,-99.25,3.58617187193402e-11
41.83333,-98.79167,3.58993476545431e-11
41.83333,-98.66667,4.97121937997328e-11
41.83333,-98,6.49855691620004e-11
41.83333,-96.45833,1.91426679125572e-10
41.83333,-92.08333,4.1365896160647e-10
41.83333,-89.95833,6.82305529690081e-10
41.83333,-89.25,2.33730288656075e-10
41.83333,-88.66667,7.17289521037484e-10
41.83333,-85.16667,7.52595120883232e-10
41.83333,-84.58333,3.6139583943157e-10
41.83333,-79.75,5.57073908795764e-10
41.83333,-76.70833,4.64182922933948e-10
41.83333,-76.41667,4.14175068821145e-10
41.83333,-75.75,4.31456090673502e-10
41.83333,-74.91667,6.0172848965932e-10
41.83333,-74.04167,2.66049935040714e-09
41.83333,-73.125,1.97978737484836e-09
41.83333,-72.375,4.64678226813401e-09
41.83333,-71.45833,2.26905318909518e-08
41.83333,-70.95833,2.85253269418179e-09
41.79167,-122.9583,8.80767834634868e-11
41.79167,-122.75,3.0082488997412e-10
41.79167,-121.875,7.57137849443754e-11
41.79167,-119.7917,3.24072790860297e-11
41.79167,-119.5,1.6009032289475e-11
41.79167,-118.4167,1.16678393745119e-11
41.79167,-117.5417,1.33025892515633e-11
41.79167,-117.3333,1.36478487162176e-11
41.79167,-116.5,1.53764500109307e-11
41.79167,-116.2083,1.68172399982405e-11
41.79167,-115.875,1.82179637136492e-11
41.79167,-115,2.69854451597363e-11
41.79167,-114.875,2.77548897548817e-11
41.79167,-114,4.46929202539719e-11
41.79167,-113.375,2.84874664616933e-11
41.79167,-113.25,2.90733594018995e-11
41.79167,-112.625,5.38100473855138e-11
41.79167,-112.0417,2.97912760872675e-09
41.79167,-110.25,2.83616599013561e-11
41.79167,-108.4583,1.37386919303061e-11
41.79167,-108.375,1.32917660963456e-11
41.79167,-107.5,2.42040780920977e-11
41.79167,-107.1667,1.35989216758369e-11
41.79167,-106.25,1.95705986913036e-11
41.79167,-105.2917,4.71682956769454e-11
41.79167,-104.2083,3.27047074728452e-11
41.79167,-104,8.68482286964762e-11
41.79167,-102.8333,3.55606543232344e-11
41.79167,-102.0833,2.88669207023863e-11
41.79167,-100.7917,2.88080206199485e-11
41.79167,-100.25,3.72915268643549e-11
41.79167,-100.125,3.71584845467452e-11
41.79167,-99.20833,3.74630246347032e-11
41.79167,-98.91667,4.22180088492026e-11
41.79167,-98.29167,6.56075793917929e-11
41.79167,-95.70833,2.64670711767125e-10
41.79167,-92.20833,2.9784717759871e-10
41.79167,-92.16667,3.09413525569399e-10
41.79167,-90.625,8.84552613762979e-10
41.79167,-89.54167,2.06548110195019e-10
41.79167,-89.08333,2.55337938518202e-10
41.79167,-88.625,6.49136262306311e-10
41.79167,-83.75,4.14974137009113e-09
41.79167,-80.54167,5.24745214755769e-10
41.79167,-80.33333,6.91507625862067e-10
41.79167,-77.91667,1.86863435909855e-10
41.79167,-76.33333,4.47326956028159e-10
41.79167,-76,4.000512278352e-10
41.79167,-73.625,1.19887184294247e-09
41.79167,-72.83333,1.44343571077917e-08
41.79167,-72.125,1.69200074638712e-09
41.75,-123.7083,6.38420965213535e-11
41.75,-121.125,3.51607185330633e-11
41.75,-120.375,2.92061678363667e-11
41.75,-119.8333,3.39283204839481e-11
41.75,-119.0417,1.30434065343456e-11
41.75,-118.2083,1.96924053491464e-11
41.75,-116.25,1.67135938473838e-11
41.75,-113.6667,2.9493912518588e-11
41.75,-112.9167,2.7966504347769e-11
41.75,-111.4583,4.42202952584918e-11
41.75,-111.2917,4.53122923040775e-11
41.75,-109.9167,1.82402241495274e-11
41.75,-109.4167,1.92829720516823e-11
41.75,-108.75,1.6627794444913e-11
41.75,-108.5833,1.49435285658515e-11
41.75,-108.25,1.37984884664941e-11
41.75,-108.0833,1.33506235691728e-11
41.75,-106.2083,3.23108561482867e-11
41.75,-106.1667,2.0700597217062e-11
41.75,-105.9167,3.6771465272225e-11
41.75,-105.7083,2.63658749707387e-11
41.75,-103.7917,1.2480614328085e-10
41.75,-103.2083,5.11023125954886e-11
41.75,-102.2083,3.30837328357852e-11
41.75,-98.91667,4.32503911895492e-11
41.75,-98.41667,4.50508900700838e-11
41.75,-98.25,6.86102496163515e-11
41.75,-97.16667,2.75691426210216e-10
41.75,-95.58333,2.39770400561644e-10
41.75,-94.25,1.84323538500376e-10
41.75,-94.04167,3.9711306501919e-10
41.75,-93.5,1.29811554898357e-09
41.75,-92.375,2.98267351696913e-10
41.75,-91.70833,1.61045016532493e-09
41.75,-91.33333,4.44122226190531e-10
41.75,-90.45833,9.40481076008018e-10
41.75,-89.58333,1.64447274193331e-10
41.75,-89.54167,1.70852641683345e-10
41.75,-89.375,5.76548634518303e-10
41.75,-88.66667,6.13408107033678e-10
41.75,-88.16667,1.79941213561617e-08
41.75,-85.16667,4.57451832037129e-10
41.75,-84.45833,3.50563808973215e-10
41.75,-81.16667,1.92999745184889e-09
41.75,-80.79167,7.94465761007719e-10
41.75,-80.70833,7.01292076313269e-10
41.75,-80.33333,7.7126083682223e-10
41.75,-79.66667,4.46511746539038e-10
41.75,-79.45833,2.40691097174457e-10
41.75,-74.5,1.23307209787534e-09
41.75,-73.125,2.29282079320146e-09
41.75,-72.33333,2.01898915381754e-09
41.75,-72.16667,1.57953053806545e-09
41.75,-69.95833,1.93779706440299e-08
41.70833,-121.0833,3.26670318855071e-11
41.70833,-120.875,2.83249002133124e-11
41.70833,-119.9583,3.9403151605576e-11
41.70833,-119.4583,2.6499859992769e-11
41.70833,-119.3333,1.48733457948932e-11
41.70833,-118.5833,2.45808298632152e-11
41.70833,-117.5833,2.15727593366751e-11
41.70833,-117.25,1.38935148225998e-11
41.70833,-117.0833,1.41166436438047e-11
41.70833,-113.9583,4.53233888647318e-11
41.70833,-113.3333,2.41423845628628e-11
41.70833,-113.1667,2.50865888586975e-11
41.70833,-112.75,6.04631994615863e-11
41.70833,-111.2917,4.42460167468879e-11
41.70833,-110.5833,2.26882553646732e-11
41.70833,-108.7917,3.16609169141261e-11
41.70833,-108.2083,1.38282944560497e-11
41.70833,-107.5417,1.28644734201292e-11
41.70833,-106.9167,1.50239946715042e-11
41.70833,-106.0833,2.23252833742371e-11
41.70833,-105.7917,2.64331650416939e-11
41.70833,-105.3333,5.11141227459714e-11
41.70833,-105.2083,5.22340807835533e-11
41.70833,-103.75,1.19391644276816e-10
41.70833,-103.625,1.19686768146021e-10
41.70833,-102.9583,4.25473127049008e-11
41.70833,-102.5417,2.65210564663313e-11
41.70833,-100.75,3.10028788052707e-11
41.70833,-99.79167,3.56138633130022e-11
41.70833,-96.79167,2.26264360656483e-10
41.70833,-95.875,3.29465048146451e-10
41.70833,-93.25,4.58104151317227e-10
41.70833,-92.5,3.3063732907121e-10
41.70833,-92.20833,2.5661012123244e-10
41.70833,-89.66667,4.17403926058475e-10
41.70833,-89.54167,1.66482396869659e-10
41.70833,-88.79167,5.35702700663268e-10
41.70833,-87.70833,2.46702333474495e-08
41.70833,-87.58333,2.64552619049809e-08
41.70833,-85.29167,5.86020804473056e-10
41.70833,-85.16667,4.28803694126137e-10
41.70833,-85.04167,6.60072802902539e-10
41.70833,-84.33333,4.42250132584487e-10
41.70833,-80.58333,5.10603091958995e-10
41.70833,-79.66667,4.19080905601193e-10
41.70833,-79.54167,2.537544003693e-10
41.70833,-79.16667,3.39202012616286e-10
41.70833,-79,4.05033519780282e-10
41.70833,-78.66667,4.03732114319299e-10
41.70833,-78,1.94065118143919e-10
41.70833,-77.58333,9.53263732998082e-11
41.70833,-77,2.17441027463141e-10
41.70833,-75.16667,7.09981185340142e-10
41.70833,-73.54167,1.60771055509748e-09
41.70833,-73.25,1.22208827059533e-09
41.70833,-71.29167,9.12407292341392e-09
41.70833,-69.95833,1.28628916532561e-08
41.66667,-123.5417,3.1787414008984e-11
41.66667,-123.4167,5.0398828040781e-11
41.66667,-122.2083,9.42470760029569e-11
41.66667,-121.6667,4.47574015097844e-11
41.66667,-121.5417,5.25026420098823e-11
41.66667,-120.7917,2.80778069878726e-11
41.66667,-119.5,2.72110931548084e-11
41.66667,-119.3333,1.49182686622266e-11
41.66667,-119.125,1.35739685841887e-11
41.66667,-114.9583,2.45067681143207e-11
41.66667,-114.0417,2.46767204693649e-11
41.66667,-112.5833,5.67463237541801e-11
41.66667,-111.0833,6.86062946314849e-11
41.66667,-110.7917,2.74109557772322e-11
41.66667,-110.0833,1.88109760224125e-11
41.66667,-109.9167,1.90098345563902e-11
41.66667,-109.5833,1.96655397815209e-11
41.66667,-108.9167,4.38510626083794e-11
41.66667,-107.9167,1.27625308475262e-11
41.66667,-106,3.74936919498147e-11
41.66667,-103.9167,6.9342529992469e-11
41.66667,-103.875,7.08328662346324e-11
41.66667,-103.4167,6.1190043283818e-11
41.66667,-102.5417,2.5720918568652e-11
41.66667,-101.5833,3.15133963055722e-11
41.66667,-101.0417,3.15121623390829e-11
41.66667,-99.625,3.69483769606545e-11
41.66667,-99.20833,4.13125152808781e-11
41.66667,-98.375,5.00386948265102e-11
41.66667,-97.91667,7.81181076022631e-11
41.66667,-97.625,1.17909034868767e-10
41.66667,-97.58333,1.42756898690199e-10
41.66667,-95.70833,3.92054908622004e-10
41.66667,-93.54167,4.86896398241583e-09
41.66667,-93.29167,7.02818320667725e-10
41.66667,-93,4.60045393616333e-10
41.66667,-90.29167,9.20374264038306e-10
41.66667,-89.91667,5.53636605015884e-10
41.66667,-89.875,3.42659691758861e-10
41.66667,-89.83333,3.25072506147973e-10
41.66667,-88.29167,7.4347657718676e-09
41.66667,-88.08333,6.12129508822784e-09
41.66667,-87.91667,9.09084724368331e-09
41.66667,-86.25,6.48087250487459e-09
41.66667,-85.625,1.21319671514053e-09
41.66667,-83.95833,9.7647294502553e-10
41.66667,-83.83333,1.73840634304504e-09
41.66667,-83.625,1.05339355806924e-08
41.66667,-80.66667,4.54985108128194e-10
41.66667,-80,6.0365412647217e-10
41.66667,-78.54167,3.02189380595256e-10
41.66667,-78.45833,2.85802435159657e-10
41.66667,-78.41667,3.0823126916467e-10
41.66667,-74.45833,1.63138716949356e-09
41.66667,-71.875,2.2385340803469e-09
41.66667,-71.66667,1.87199214305739e-09
41.66667,-70.5,8.70874121758208e-09
41.66667,-70.41667,8.98093144750266e-09
41.66667,-70.125,2.66542245212794e-09
41.66667,-70,1.16794846395531e-08
41.625,-123.375,4.64395178937173e-11
41.625,-122.7083,2.58702209173839e-10
41.625,-122.125,5.12036016905001e-11
41.625,-121.1667,3.32679947970501e-11
41.625,-121,2.83432824810559e-11
41.625,-120.6667,9.75585762409036e-11
41.625,-120.5417,1.9303845314986e-10
41.625,-120,3.48994364916908e-11
41.625,-119.0833,1.33611001679211e-11
41.625,-117.75,2.17979638029878e-11
41.625,-115.8333,3.90530797880435e-11
41.625,-115.75,1.91138561466411e-11
41.625,-115.3333,1.93787878679807e-11
41.625,-113.75,2.56008295964789e-11
41.625,-112.5417,7.44582459196541e-11
41.625,-112.4583,1.19521114314746e-10
41.625,-111.7083,1.17456440812941e-10
41.625,-110.5,2.15535244343716e-11
41.625,-109.9583,1.93388012106084e-11
41.625,-108.5833,3.31246884094967e-11
41.625,-108.3333,1.3705166277401e-11
41.625,-108.25,1.42369341426156e-11
41.625,-108.0833,1.37369510791783e-11
41.625,-107.1667,2.72503691481557e-11
41.625,-107.0417,1.48139168715809e-11
41.625,-106.7917,1.6192713553653e-11
41.625,-106.5833,1.75290857021558e-11
41.625,-106.5417,3.82986899480645e-11
41.625,-106.5,3.89608076929168e-11
41.625,-106.4167,4.09114975087132e-11
41.625,-106.3333,2.00348689446554e-11
41.625,-106.25,2.1128913962925e-11
41.625,-106.1667,3.4526122330679e-11
41.625,-105.3333,3.50306239944399e-11
41.625,-103.7083,7.24413672036236e-11
41.625,-103.125,4.31159889007167e-11
41.625,-102.7917,3.67529544405691e-11
41.625,-100.2083,4.17518840378355e-11
41.625,-98.29167,7.53675648122523e-11
41.625,-97.45833,1.54144095143876e-10
41.625,-95.95833,3.54155342609312e-10
41.625,-95.41667,4.21839266294242e-10
41.625,-95.375,5.03823315382871e-10
41.625,-93.41667,4.05904657988214e-09
41.625,-89.79167,2.22702720023929e-10
41.625,-88.66667,2.58475066416716e-09
41.625,-88,8.59854125012784e-09
41.625,-87.875,6.48972466078217e-09
41.625,-86.875,1.51885449952404e-09
41.625,-85.08333,6.70696841464108e-10
41.625,-83.25,2.0232601000924e-08
41.625,-81.125,1.66501377383855e-09
41.625,-81.04167,8.40802123300015e-10
41.625,-80.79167,9.10533081622861e-10
41.625,-78.875,6.53406509065548e-10
41.625,-78.66667,3.74696986802101e-10
41.625,-78.375,2.94401079092454e-10
41.625,-78.33333,2.80421547833254e-10
41.625,-77.66667,8.18121858735791e-11
41.625,-74.70833,2.0228306034662e-09
41.625,-73.875,8.63071030694227e-09
41.625,-73.70833,3.37547114077822e-09
41.625,-72.75,9.18300848138763e-09
41.625,-72.70833,9.4466267451014e-09
41.625,-72.5,2.41811938572368e-09
41.625,-71.45833,1.32422545921129e-08
41.625,-70.125,1.29219244376173e-09
41.625,-70.04167,1.09648570524405e-09
41.58333,-122.4583,1.94173453089278e-10
41.58333,-120.4583,4.45897857755907e-11
41.58333,-119.2917,1.46629862053811e-11
41.58333,-118.6667,2.55586338820102e-11
41.58333,-118.5833,2.58061382553914e-11
41.58333,-118.4583,2.6325387448803e-11
41.58333,-117.375,1.39959992530376e-11
41.58333,-116.5833,1.53534100674922e-11
41.58333,-116.4583,1.60531600450363e-11
41.58333,-116,3.81694699974033e-11
41.58333,-115.9167,3.88684183594159e-11
41.58333,-114.5833,2.1308410398192e-11
41.58333,-113.9167,4.8522705889402e-11
41.58333,-113.3333,2.65810978727675e-11
41.58333,-112.5833,7.05354671502714e-11
41.58333,-112,8.02021322259097e-10
41.58333,-108,1.38514366168382e-11
41.58333,-106.9167,3.34690666196418e-11
41.58333,-106.25,3.33521759445672e-11
41.58333,-105.3333,3.71257329958839e-11
41.58333,-105.0417,1.0181054892624e-10
41.58333,-104.9167,1.05129159495788e-10
41.58333,-103.2917,4.86030255192732e-11
41.58333,-102.125,3.06478531987352e-11
41.58333,-100.9167,3.52494929893098e-11
41.58333,-100.4583,3.51278184432738e-11
41.58333,-99.25,4.1204950008808e-11
41.58333,-98.25,7.80966264794266e-11
41.58333,-97.08333,1.10338151773138e-10
41.58333,-94.5,2.53422916801876e-10
41.58333,-94.04167,1.13331077915248e-09
41.58333,-92.29167,1.84316047962306e-10
41.58333,-91.83333,3.99341750332308e-10
41.58333,-91.66667,5.40838731090447e-10
41.58333,-89.45833,2.68040622415825e-10
41.58333,-85.375,1.28794706843352e-09
41.58333,-85.29167,8.2798192936998e-10
41.58333,-83.375,1.41203324443234e-09
41.58333,-78.625,2.61214090294412e-10
41.58333,-75.91667,1.16997852471026e-09
41.58333,-75.66667,1.87216233793525e-09
41.58333,-74.16667,2.86947774399621e-09
41.58333,-71.04167,4.35874773039892e-09
41.54167,-123.0417,5.15696503700928e-11
41.54167,-122.4583,1.93589885232313e-10
41.54167,-121.5,3.741763286118e-11
41.54167,-120.2083,4.578150057776e-11
41.54167,-119.8333,3.40824705763125e-11
41.54167,-118.9167,1.27505181557393e-11
41.54167,-118.7083,2.59303754334733e-11
41.54167,-117.5833,1.54335987507516e-11
41.54167,-115.0833,2.31422034073824e-11
41.54167,-114.7083,2.01580769347811e-11
41.54167,-113.4167,2.75951403959305e-11
41.54167,-113.3333,2.75183986397488e-11
41.54167,-112.4583,1.68666793481123e-10
41.54167,-112.4167,1.77093386627503e-10
41.54167,-111.375,4.06518794061013e-11
41.54167,-110.3333,2.03373477261304e-11
41.54167,-109.2917,4.429280384642e-10
41.54167,-108.75,1.79672321549657e-11
41.54167,-107.0417,1.52220982743173e-11
41.54167,-106.125,2.41608961884571e-11
41.54167,-104.2083,9.99829955285462e-11
41.54167,-101.5417,2.59149118113047e-11
41.54167,-101.5,2.61192599438383e-11
41.54167,-101.4167,3.48832538767634e-11
41.54167,-100.75,3.83684547685453e-11
41.54167,-100.1667,4.29090088419021e-11
41.54167,-99.25,4.26622169411866e-11
41.54167,-97.29167,1.22413909017465e-10
41.54167,-96.95833,1.05165847617616e-10
41.54167,-96.29167,5.26838374807798e-10
41.54167,-94.66667,1.32628307303735e-10
41.54167,-92.20833,1.89499087066673e-10
41.54167,-91.70833,4.109130452045e-10
41.54167,-89.875,2.01462167970311e-10
41.54167,-89.75,1.9647089375914e-10
41.54167,-89.58333,1.92148292814256e-10
41.54167,-88.45833,1.01432342154734e-09
41.54167,-88.125,1.22233077257225e-08
41.54167,-87.25,5.453810378929e-09
41.54167,-86.66667,6.75188130331365e-10
41.54167,-85.54167,1.34305403033749e-09
41.54167,-85.20833,6.49675675251806e-10
41.54167,-84.125,2.63083328972868e-09
41.54167,-84.08333,7.26230590005636e-10
41.54167,-81.125,1.85219889320079e-09
41.54167,-81.04167,1.13721474633767e-09
41.54167,-79.125,1.43011590858597e-10
41.54167,-78.375,1.19609595161275e-10
41.54167,-76.625,1.93815653718033e-10
41.54167,-76.33333,3.00424731874958e-10
41.54167,-76.29167,3.17820690449062e-10
41.54167,-76.16667,3.99229530743428e-10
41.54167,-75.83333,1.81071061492572e-09
41.54167,-75.375,1.14933843055416e-09
41.54167,-75.25,3.76336228180056e-09
41.54167,-75.125,1.17216280232671e-09
41.54167,-74.54167,1.01464359208733e-09
41.54167,-74.08333,7.84794186490157e-09
41.54167,-72.54167,6.80421703393172e-09
41.54167,-72.33333,3.20832020072072e-09
41.54167,-72.16667,2.04592859545468e-09
41.5,-123.4167,4.00217250101129e-11
41.5,-122.625,1.73842387346608e-10
41.5,-122,3.22246156415483e-11
41.5,-121.4583,3.40117985228327e-11
41.5,-120.3333,3.99098990880719e-11
41.5,-119.6667,1.81524303767158e-11
41.5,-119.0417,2.24648940853388e-11
41.5,-118.8333,1.26125505835155e-11
41.5,-117.0417,1.4489220481406e-11
41.5,-114.7083,2.02786718661136e-11
41.5,-113.9583,5.19399748714036e-11
41.5,-113.5,5.29137917611905e-11
41.5,-112.7917,3.23128446991329e-11
41.5,-110.9167,5.21097596688508e-11
41.5,-110.2917,2.01492339226097e-11
41.5,-107.625,1.348597309928e-11
41.5,-106.4167,1.98943106529734e-11
41.5,-105.1667,4.40319644376938e-11
41.5,-104.8333,1.81576499646929e-10
41.5,-104.3333,1.16148968324088e-10
41.5,-104,6.46452447198804e-11
41.5,-103.125,5.29642900044035e-11
41.5,-101.7083,2.5886699573939e-11
41.5,-99.58333,4.0991029611794e-11
41.5,-97.95833,8.29575607619836e-11
41.5,-95.83333,1.13121902808594e-09
41.5,-95.58333,2.63216847794359e-10
41.5,-95.08333,1.60432975924215e-10
41.5,-94.20833,5.19135818591555e-10
41.5,-93.41667,2.65998761457129e-09
41.5,-93.375,1.35189558121559e-09
41.5,-88.125,2.0078758653017e-08
41.5,-86.83333,8.37002063813959e-10
41.5,-85.58333,8.68291847103471e-10
41.5,-83.33333,1.1511182259522e-09
41.5,-83.04167,1.42463519233476e-09
41.5,-79.625,4.7412966307842e-10
41.5,-78.04167,9.57009428844208e-11
41.5,-76.125,4.59000703074699e-10
41.5,-75.66667,4.35498974797135e-09
41.5,-71.45833,7.06464442498722e-09
41.45833,-122.5833,1.84420413031245e-10
41.45833,-121.7917,3.02183313840924e-11
41.45833,-119.2917,1.49287275131498e-11
41.45833,-117.625,1.6034011368689e-11
41.45833,-116.4167,1.66714555730591e-11
41.45833,-116.25,1.77339818438542e-11
41.45833,-114.4583,2.32590662964073e-11
41.45833,-112.3333,5.15641635046714e-11
41.45833,-112,3.45726239163659e-10
41.45833,-111.9583,7.82307466390278e-10
41.45833,-110.75,4.54338199489336e-11
41.45833,-108.9167,4.37376547401488e-11
41.45833,-106.9167,3.489301529697e-11
41.45833,-106.5,1.94121680226181e-11
41.45833,-106,6.42038918277019e-11
41.45833,-104.25,8.19198867577636e-11
41.45833,-104.2083,7.8621436121278e-11
41.45833,-104,6.63114991210785e-11
41.45833,-102.2083,3.18257231704023e-11
41.45833,-100.4583,3.964692254413e-11
41.45833,-100.375,4.75238510160101e-11
41.45833,-100.2917,4.66512789663078e-11
41.45833,-99.29167,5.12173329121646e-11
41.45833,-97.375,2.570220032231e-09
41.45833,-96.45833,1.87642941007957e-09
41.45833,-95.16667,1.81566840103353e-10
41.45833,-94.125,3.93805777442001e-10
41.45833,-93.95833,7.95982770742842e-10
41.45833,-91.95833,1.86889172176973e-10
41.45833,-91.625,4.99901807870292e-10
41.45833,-91,8.45838550097554e-10
41.45833,-90.5,6.5213190119471e-09
41.45833,-90.33333,2.12211702307569e-09
41.45833,-90.04167,3.2798926122696e-10
41.45833,-86.58333,4.71372914723037e-10
41.45833,-85.95833,1.1299467640422e-09
41.45833,-83,9.56487888311235e-10
41.45833,-82.79167,8.85849667813096e-10
41.45833,-82.70833,9.1491319096506e-10
41.45833,-80.91667,1.02595102793691e-09
41.45833,-80.54167,8.11146322383624e-10
41.45833,-79.125,2.43573686597595e-10
41.45833,-78.70833,1.73486457268956e-09
41.45833,-76.45833,2.59659124005187e-10
41.45833,-75.125,7.8136989738221e-10
41.45833,-73.79167,4.26557957214817e-09
41.45833,-73.08333,4.1035895488602e-09
41.45833,-72.83333,1.18011384329345e-08
41.45833,-72.375,1.92095499905537e-09
41.45833,-70.70833,4.59130078923436e-10
41.41667,-123.1667,5.25466585049769e-11
41.41667,-122.2083,1.51395098633432e-10
41.41667,-120.0417,4.5120946023865e-11
41.41667,-119.9583,4.04186609435073e-11
41.41667,-119.875,3.72263389152403e-11
41.41667,-119.8333,3.5764047362032e-11
41.41667,-117.5,3.13967753350851e-11
41.41667,-116.9583,1.47248236449066e-11
41.41667,-116.625,1.55910155234326e-11
41.41667,-114.25,2.6637946482522e-11
41.41667,-114,5.60718099760868e-11
41.41667,-113.7083,5.79605592622646e-11
41.41667,-110.3333,2.0737637063494e-11
41.41667,-110.25,2.08319153949975e-11
41.41667,-109.0417,4.59882831267667e-11
41.41667,-108.9167,4.26558902931447e-11
41.41667,-107.875,1.36108734652031e-11
41.41667,-106.75,3.77341603862401e-11
41.41667,-106.4583,2.00934561394658e-11
41.41667,-105.25,4.87623770386403e-11
41.41667,-104.5,2.01897912317426e-10
41.41667,-104.0833,7.27902530405019e-11
41.41667,-103.875,6.25158911523621e-11
41.41667,-102.2083,3.20426911998264e-11
41.41667,-101.9583,2.05071167337712e-11
41.41667,-99.29167,5.30784086931173e-11
41.41667,-98.20833,7.69414732753262e-11
41.41667,-97.29167,1.5725149478868e-10
41.41667,-97.125,1.3332459900754e-10
41.41667,-96.54167,1.27658598418164e-09
41.41667,-96.45833,2.26634537492559e-09
41.41667,-96.08333,1.26347345043972e-09
41.41667,-95,2.25832110016653e-10
41.41667,-94.95833,2.45190769497472e-10
41.41667,-94.29167,2.01804532742439e-10
41.41667,-94.20833,2.6408510054549e-10
41.41667,-94.125,3.70115760115009e-10
41.41667,-94.04167,6.02976691106914e-10
41.41667,-93.875,8.91700283632302e-10
41.41667,-92.91667,1.76509047083506e-09
41.41667,-92.04167,1.48033574932165e-10
41.41667,-91.75,3.88642239305787e-10
41.41667,-89.75,2.30096376193588e-10
41.41667,-88.04167,1.4033334658284e-09
41.41667,-87.5,4.87039132563522e-09
41.41667,-87.33333,5.02961014444508e-09
41.41667,-83.04167,6.59178398951764e-10
41.41667,-81.41667,9.26898640941075e-09
41.41667,-80.25,5.28005060263581e-10
41.41667,-79.875,1.10191930069781e-09
41.41667,-78.58333,2.06646981777297e-09
41.41667,-78.04167,8.68652254666819e-11
41.41667,-78,9.34012843120861e-11
41.41667,-76.45833,3.03318575041201e-10
41.41667,-76.125,4.84438534874296e-10
41.41667,-75.91667,1.36182452077701e-09
41.41667,-75.75,4.41702990717294e-09
41.41667,-73.70833,2.78358802924668e-09
41.41667,-73.08333,3.78781414295686e-09
41.41667,-72.41667,1.95008862123369e-09
41.41667,-70.83333,1.33281166252557e-09
41.41667,-70.625,2.83513611584047e-09
41.375,-124.0417,7.89982054587814e-11
41.375,-123.5417,4.32958174688307e-11
41.375,-122.625,4.87115122472178e-11
41.375,-120.7917,2.62399241799952e-11
41.375,-119.125,1.44276956697825e-11
41.375,-117.7083,2.47805569598455e-11
41.375,-117.5,3.206037871816e-11
41.375,-116.875,1.49002180658065e-11
41.375,-115.4583,2.07298674927459e-11
41.375,-113,3.29339263350312e-11
41.375,-112.7917,3.517608305954e-11
41.375,-112.6667,3.65151436868558e-11
41.375,-112.125,4.35749563085125e-10
41.375,-111.75,1.84554799156481e-10
41.375,-110.375,6.21890345925366e-11
41.375,-109.9167,2.1800116289678e-11
41.375,-109.1667,4.62684092520186e-11
41.375,-106.1667,3.76871424084453e-11
41.375,-105.7083,1.52155761741988e-10
41.375,-104.8333,2.63180017966371e-10
41.375,-103.7917,6.20826038769852e-11
41.375,-101.875,2.08930936930933e-11
41.375,-101.0833,6.99870038925645e-11
41.375,-100.9167,6.679759911961e-11
41.375,-99.33333,4.68900252863525e-11
41.375,-99.125,8.66750447024258e-11
41.375,-98.91667,9.3747859906675e-11
41.375,-98.29167,1.51255785641235e-10
41.375,-98.16667,1.55668704925717e-10
41.375,-97.70833,1.25508595272182e-10
41.375,-97.45833,1.85742314541195e-10
41.375,-96.875,2.46070729251389e-10
41.375,-96.79167,2.3190572103387e-10
41.375,-96.66667,3.52672767408583e-10
41.375,-96.41667,6.53719945572516e-10
41.375,-96.375,1.07016211096819e-09
41.375,-96.33333,1.19049437892443e-09
41.375,-96.25,3.70958049443291e-09
41.375,-94.75,1.85430247168918e-10
41.375,-93.375,6.11598671249066e-10
41.375,-92.66667,3.41555937376326e-10
41.375,-91.54167,2.03290015755374e-10
41.375,-89.20833,5.25798772096051e-10
41.375,-87.625,1.83083376888861e-09
41.375,-87.33333,1.73491128802306e-09
41.375,-85.79167,1.33026934971503e-09
41.375,-85,5.21071245328913e-10
41.375,-84.79167,3.80761335738874e-10
41.375,-84.54167,4.47355556403511e-10
41.375,-83,6.45069977798929e-10
41.375,-80.58333,1.2305621447594e-09
41.375,-80,5.9208972963699e-10
41.375,-79.625,8.24195043431293e-10
41.375,-79.29167,1.30782142758169e-09
41.375,-77.29167,3.51808899823047e-10
41.375,-73.375,2.99332609167391e-09
41.375,-72.79167,5.49269229432149e-09
41.375,-72.25,7.32742888010212e-09
41.375,-71.58333,2.31096682346427e-09
41.375,-71.54167,2.3054530186612e-09
41.375,-70.95833,9.18434013610476e-09
41.375,-70.83333,1.21000723227729e-09
41.33333,-123.0417,5.22559222269905e-11
41.33333,-122.5833,5.86423745788947e-11
41.33333,-120.1667,4.23690947202036e-11
41.33333,-119.7083,3.27649431328273e-11
41.33333,-119.25,2.56162827539399e-11
41.33333,-116,2.02093929085004e-11
41.33333,-114.5417,2.30760622864123e-11
41.33333,-113.5833,6.29490636035864e-11
41.33333,-112.375,5.74910828625764e-11
41.33333,-109.7917,2.24509480943099e-11
41.33333,-109.2083,4.58913722377585e-11
41.33333,-105.5833,1.0064720872366e-09
41.33333,-104.7083,2.77801848347668e-10
41.33333,-103.25,5.2541901780464e-11
41.33333,-101.5417,2.45064249212537e-11
41.33333,-99.58333,4.8442716396575e-11
41.33333,-98.41667,1.53585315515367e-10
41.33333,-97.79167,1.2061918824039e-10
41.33333,-97.66667,1.23920925100217e-10
41.33333,-96.91667,2.41901314414268e-10
41.33333,-96.79167,2.43859631715994e-10
41.33333,-95.33333,2.24570909269945e-10
41.33333,-95.04167,6.60655541892179e-10
41.33333,-92.45833,1.76163955147658e-10
41.33333,-92.25,2.74172585766496e-10
41.33333,-92.125,1.73398226873453e-10
41.33333,-90.95833,5.12215345612803e-10
41.33333,-90.20833,5.11604288587775e-10
41.33333,-89.75,2.65025324637549e-10
41.33333,-88.875,4.32833706559179e-09
41.33333,-87.66667,1.39188086239428e-09
41.33333,-86.125,7.93637734302467e-10
41.33333,-83.95833,5.29617042989411e-10
41.33333,-83.66667,3.78348766768756e-09
41.33333,-83.5,7.36058040009783e-10
41.33333,-81.66667,1.44548921093336e-08
41.33333,-80.54167,1.56598958153672e-09
41.33333,-80.45833,1.40643669746495e-09
41.33333,-78.20833,1.00317538422813e-10
41.33333,-77.79167,1.03537438733561e-10
41.33333,-77.25,3.98314223827733e-10
41.33333,-76.625,2.80582291690484e-10
41.33333,-74.91667,1.03366999896951e-09
41.33333,-74.08333,1.53977379153119e-09
41.33333,-73.79167,8.97582170785276e-09
41.33333,-71.83333,5.96190879201876e-09
41.33333,-71.625,7.4185094563363e-10
41.29167,-121.875,2.9438287998317e-11
41.29167,-119.0833,1.46108789418893e-11
41.29167,-118.9167,1.37990456300132e-11
41.29167,-117.9167,1.62179372675247e-11
41.29167,-117.1667,1.52055978247208e-11
41.29167,-116.4583,1.69364655121888e-11
41.29167,-114.375,2.60893280747369e-11
41.29167,-112.7917,3.79097596433529e-11
41.29167,-111.7917,4.74208838025613e-10
41.29167,-110.8333,4.71895194765237e-11
41.29167,-110.2083,2.195514712813e-11
41.29167,-108.9167,4.02721264202496e-11
41.29167,-108.4583,1.47461755024247e-11
41.29167,-108.2917,1.40791791566915e-11
41.29167,-108.125,1.38021079726399e-11
41.29167,-106.125,3.99205047538569e-11
41.29167,-105.25,5.78725148147312e-11
41.29167,-105.2083,6.11635926344529e-11
41.29167,-104.3333,1.28988624352609e-10
41.29167,-101.7083,2.25920279077595e-11
41.29167,-101.625,2.48975531037732e-11
41.29167,-100.75,8.47995228392612e-11
41.29167,-100.6667,5.89385700437129e-11
41.29167,-98.16667,1.80402041167956e-10
41.29167,-97.83333,1.39376334710403e-10
41.29167,-97.54167,1.69784838198408e-10
41.29167,-96.25,3.81662571781118e-09
41.29167,-95.875,7.69040616924796e-09
41.29167,-95.58333,5.79312362186236e-10
41.29167,-93.625,4.34090771463508e-10
41.29167,-93.20833,3.51229779437391e-10
41.29167,-93,4.2659104465478e-10
41.29167,-90.375,4.79512313763116e-10
41.29167,-87.75,7.69051157933342e-10
41.29167,-86.83333,3.94621626798895e-10
41.29167,-84.70833,5.50309433470605e-10
41.29167,-84.54167,5.18061012855105e-10
41.29167,-83.16667,5.4672101876012e-10
41.29167,-81.41667,6.6337591878279e-09
41.29167,-80.54167,4.7025745929767e-09
41.29167,-78.875,5.6719303876521e-10
41.29167,-77.91667,1.42503198794055e-10
41.29167,-76.20833,4.78177074302536e-10
41.29167,-76,8.18218104931691e-09
41.29167,-73.04167,1.46731601148625e-08
41.29167,-72.83333,9.67251771588638e-09
41.25,-123.25,5.59995746469117e-11
41.25,-123.1667,5.47986950708828e-11
41.25,-123.0417,4.88271014096808e-11
41.25,-122,3.38332482721095e-11
41.25,-121.2083,5.04466789041569e-11
41.25,-120.25,2.35710697496455e-11
41.25,-119.625,1.86706994905639e-11
41.25,-119.3333,1.62758289961324e-11
41.25,-118.8333,1.37617865601351e-11
41.25,-118.75,1.391670224316e-11
41.25,-118.625,1.41588531207232e-11
41.25,-118.4583,3.05034598128251e-11
41.25,-118.2083,3.25649703251342e-11
41.25,-118.125,3.33711987733505e-11
41.25,-117.9167,3.53042625386971e-11
41.25,-117.8333,3.58284096325174e-11
41.25,-117.375,1.59913153901846e-11
41.25,-115.9583,3.79632767732284e-11
41.25,-115.1667,2.48100812161208e-11
41.25,-114.4583,2.48985576873697e-11
41.25,-112.5417,4.59068641597402e-11
41.25,-112.25,1.31508290328835e-09
41.25,-111.7083,4.03566348901063e-10
41.25,-111.5833,2.81499808369645e-10
41.25,-110.9167,4.98258649483792e-11
41.25,-109.625,2.33893731332828e-11
41.25,-109.5833,2.43747999926651e-11
41.25,-108.8333,1.78270734529886e-11
41.25,-108.5417,1.52572413996227e-11
41.25,-108.3333,1.42131269170719e-11
41.25,-106.2917,2.2989319317613e-11
41.25,-105.875,8.19231269992697e-11
41.25,-105.7917,1.35676993416708e-10
41.25,-105.0417,2.47775849934892e-10
41.25,-102.4583,3.57536628534418e-11
41.25,-101.7917,2.32360831447303e-11
41.25,-101.375,3.92907969104569e-11
41.25,-100.2917,5.20460054844245e-11
41.25,-100,4.97940773282537e-11
41.25,-98.83333,1.06704598235586e-10
41.25,-98.375,1.79232780687004e-10
41.25,-97.25,2.30933983207659e-10
41.25,-97,3.22248029060461e-10
41.25,-96.54167,1.10173150583225e-09
41.25,-95.70833,8.77275176036715e-10
41.25,-94.79167,1.46199154004893e-10
41.25,-94.75,1.44574669376113e-10
41.25,-94.54167,1.82995049346206e-10
41.25,-92.5,2.07570289202374e-10
41.25,-91.83333,1.94830412191401e-10
41.25,-90,2.2475814471376e-09
41.25,-88.75,6.09119783911276e-10
41.25,-86.79167,3.58031238408676e-10
41.25,-84.04167,6.25318174766551e-10
41.25,-83,6.08822495642198e-10
41.25,-81.83333,5.7274713645452e-09
41.25,-80.95833,1.85221931648212e-09
41.25,-78.45833,4.79071604175324e-10
41.25,-78.08333,1.08348428241957e-10
41.25,-77.45833,3.44458093732395e-10
41.25,-76.79167,1.7821135333668e-09
41.25,-76.5,5.37576560957353e-10
41.25,-74.66667,1.77682216224856e-09
41.25,-74.08333,3.40081748228039e-09
41.25,-74,1.20505107676766e-08
41.25,-73.91667,1.6758193322001e-08
41.25,-73.08333,1.63881610481925e-08
41.25,-72.70833,3.22101255302277e-08
41.25,-72.625,1.08565563097915e-09
41.25,-72.5,1.05066667197456e-09
41.25,-72.33333,6.29128360316207e-10
41.25,-72.125,2.17334470927077e-09
41.20833,-122.4583,1.68728188870278e-10
41.20833,-122.2083,1.88653512880323e-10
41.20833,-122.1667,7.11001339210082e-11
41.20833,-120.75,2.2603238899831e-11
41.20833,-120.3333,2.350475133706e-11
41.20833,-118.7083,1.42483856658759e-11
41.20833,-116.75,1.59629517853012e-11
41.20833,-116,3.83823913344626e-11
41.20833,-113.375,3.79467091293604e-11
41.20833,-112.375,6.40303793567778e-11
41.20833,-111.6667,3.81279754436012e-10
41.20833,-110.0417,2.31958383071371e-11
41.20833,-109.7917,2.41208958519586e-11
41.20833,-109.2083,4.46956674174012e-11
41.20833,-108.75,1.68413177120106e-11
41.20833,-106.875,3.73719954858965e-11
41.20833,-104.4167,1.50587045700333e-10
41.20833,-103.2083,5.44082623514044e-11
41.20833,-102.9583,6.58867045898232e-11
41.20833,-101.625,3.40352371979223e-11
41.20833,-96.95833,2.8733720497114e-10
41.20833,-93.66667,3.82061768099083e-10
41.20833,-92.58333,2.73683791650593e-10
41.20833,-92.54167,2.59234862066051e-10
41.20833,-92.375,1.7850849069161e-10
41.20833,-92.125,2.29022672229304e-10
41.20833,-91.66667,1.93056165582277e-10
41.20833,-89.625,2.39867663291659e-10
41.20833,-88.04167,8.40200976013424e-10
41.20833,-86.83333,4.454083930167e-10
41.20833,-86.16667,7.18925070842827e-10
41.20833,-85.75,9.70870944438183e-10
41.20833,-84.83333,8.15219376514326e-10
41.20833,-84.41667,1.05939685708693e-09
41.20833,-82.875,5.15826349345446e-10
41.20833,-82.29167,7.18873047867227e-10
41.20833,-80.45833,3.30453179910893e-09
41.20833,-79.45833,6.63598625216625e-10
41.20833,-78.66667,7.3062880789933e-10
41.20833,-78.375,2.01049667386428e-10
41.20833,-76.5,5.15674802554012e-10
41.20833,-75.45833,1.8625675665084e-09
41.20833,-75.125,8.53946865643582e-10
41.20833,-72.16667,1.81380617191601e-09
41.20833,-70.08333,9.81304979665483e-09
41.20833,-70,8.19695985985623e-09
41.16667,-121.25,2.98968910598972e-11
41.16667,-120.3333,2.4584267206211e-11
41.16667,-117.9583,3.75430832501348e-11
41.16667,-117.8333,3.91617271888139e-11
41.16667,-113.8333,9.03294168577127e-11
41.16667,-113.2917,4.04802666610193e-11
41.16667,-112.625,4.47731040988651e-11
41.16667,-112.1667,5.04803304364011e-09
41.16667,-112,1.77880387306574e-08
41.16667,-110.9583,5.33389073430186e-11
41.16667,-110.75,8.25214184041954e-11
41.16667,-110.25,2.31173321930167e-11
41.16667,-108.2917,1.40805786843402e-11
41.16667,-108.0417,1.41268566616789e-11
41.16667,-106.875,3.83430745234025e-11
41.16667,-106.4167,4.40763230547453e-11
41.16667,-106.2917,5.29124496404918e-11
41.16667,-105.625,1.03468036646037e-10
41.16667,-105.3333,1.28291241387697e-10
41.16667,-105.2917,5.96911539880018e-11
41.16667,-105.125,2.33418938756192e-10
41.16667,-104.7083,7.12240482914758e-09
41.16667,-104.4583,2.09627285175306e-10
41.16667,-102.8333,5.47661133682242e-11
41.16667,-102.375,3.15129249397906e-11
41.16667,-101.8333,5.10938324900402e-11
41.16667,-101.5833,5.86244129568336e-11
41.16667,-99.79167,4.9859360604207e-11
41.16667,-99.16667,9.58271689406551e-11
41.16667,-95.5,4.28444244488026e-10
41.16667,-94.41667,1.53798344010615e-10
41.16667,-91.04167,2.95517166528801e-10
41.16667,-90.79167,2.71140452935443e-10
41.16667,-89.5,2.32328803830676e-10
41.16667,-88.20833,5.99359595379654e-10
41.16667,-88.04167,4.85973992204574e-10
41.16667,-87.70833,7.77892916940788e-10
41.16667,-86.125,6.63391193069813e-10
41.16667,-85.16667,4.8277083122069e-09
41.16667,-84.5,4.20195782547967e-10
41.16667,-83.16667,1.89199375967563e-09
41.16667,-81.95833,2.75250864230115e-09
41.16667,-80,6.81139858720386e-10
41.16667,-79.16667,4.82021116384162e-10
41.16667,-79.125,4.81618578046158e-10
41.16667,-78.66667,7.82639453642274e-10
41.16667,-77.33333,2.55931969726233e-09
41.16667,-75.75,8.1448763900107e-10
41.16667,-74.58333,6.27740793117032e-09
41.16667,-73.75,1.31381468212709e-08
41.16667,-73.33333,1.47183205687438e-08
41.16667,-72.16667,1.55986698112479e-09
41.125,-123.2917,3.26383256911328e-11
41.125,-122.75,5.80961382152389e-11
41.125,-122.5,3.81462625075871e-11
41.125,-121.875,6.58316298209864e-11
41.125,-119.7917,3.45443472692044e-11
41.125,-119.75,3.38691986799247e-11
41.125,-119.5833,1.87422464412789e-11
41.125,-118.7083,1.47585831693656e-11
41.125,-116.5417,1.70009305441719e-11
41.125,-114.125,7.97141279311205e-11
41.125,-113.5,7.48775734717747e-11
41.125,-113.0833,4.38353644262856e-11
41.125,-112.125,5.14165788953852e-09
41.125,-110.25,3.46264336955563e-11
41.125,-109.5833,2.62672677456151e-11
41.125,-109.125,1.99387754658818e-11
41.125,-108.9583,3.90875967986328e-11
41.125,-108.2917,1.40832051972386e-11
41.125,-105.25,1.78412031739966e-10
41.125,-104.25,9.92231891355743e-11
41.125,-104.2083,9.94420486525607e-11
41.125,-101.5417,5.97680290461251e-11
41.125,-99.20833,7.0109939288083e-11
41.125,-98.79167,2.10674181827061e-10
41.125,-97.54167,2.00189364669869e-10
41.125,-96.83333,3.28940718412281e-10
41.125,-96.375,7.55484020908395e-10
41.125,-94.75,9.76034694656569e-11
41.125,-94.70833,9.78224268853239e-11
41.125,-93.83333,2.04205155047382e-10
41.125,-92.16667,1.92177163091017e-10
41.125,-90.25,3.47527221759985e-10
41.125,-89.875,3.73231487663783e-10
41.125,-89.66667,2.52990097522233e-10
41.125,-88.625,4.86947732554898e-10
41.125,-88.20833,5.45836537180206e-10
41.125,-87.25,4.14888056612334e-10
41.125,-84.5,4.17438728610855e-10
41.125,-83.625,8.60669037301413e-10
41.125,-82.70833,9.37062835592932e-10
41.125,-82.33333,7.02161428446607e-10
41.125,-80.83333,1.69360527990462e-09
41.125,-80.125,9.14088565739016e-10
41.125,-79.25,4.63071052446561e-10
41.125,-78.75,1.86627121579645e-09
41.125,-78,2.0712785509466e-10
41.125,-77.79167,3.40229874724996e-10
41.125,-76.125,1.24022867032799e-09
41.125,-74.45833,3.37267119066562e-09
41.125,-74.375,3.30914349460247e-09
41.125,-73.20833,7.60636055456992e-09
41.125,-72.29167,2.34947294466822e-08
41.08333,-123.5,4.4407604507054e-11
41.08333,-122.4167,4.85605080029885e-11
41.08333,-122.3333,5.02312331571965e-11
41.08333,-121.125,6.1214474212737e-11
41.08333,-118.875,1.46439148884365e-11
41.08333,-116.875,2.55484783100513e-11
41.08333,-115,2.51277196054129e-11
41.08333,-114.4167,3.2454396098473e-11
41.08333,-114.25,3.716038776959e-11
41.08333,-113.7917,7.97555388661692e-11
41.08333,-109.5,2.45725277559015e-11
41.08333,-108.8333,1.71215693741742e-11
41.08333,-108.1667,1.40776557155042e-11
41.08333,-107.5,1.76804148922251e-11
41.08333,-106.8333,2.03301495070481e-11
41.08333,-104.9583,3.156860670068e-10
41.08333,-103.6667,5.53493904564258e-11
41.08333,-103.1667,5.3281167174804e-11
41.08333,-102.0417,3.58388257010123e-11
41.08333,-101.8333,5.82834673382706e-11
41.08333,-99.125,1.1917560610911e-10
41.08333,-98.5,2.29859794937093e-10
41.08333,-97.875,1.69250103250011e-10
41.08333,-96.875,3.87027992609689e-10
41.08333,-96.79167,4.0853816124261e-10
41.08333,-96.58333,4.71543554302518e-10
41.08333,-95.375,1.85016345810648e-10
41.08333,-95.04167,1.64611305346443e-10
41.08333,-94.5,1.02428262324641e-10
41.08333,-94.20833,2.1222756833847e-10
41.08333,-93.95833,1.63861999304334e-10
41.08333,-93.75,1.80441646663985e-10
41.08333,-92.75,3.23567792706736e-10
41.08333,-91.875,1.76265122213915e-10
41.08333,-91.625,2.65635930556371e-10
41.08333,-91.375,3.08330202743382e-10
41.08333,-91,2.95806038557805e-10
41.08333,-90.45833,3.14974793834669e-10
41.08333,-90.25,4.65587021309345e-10
41.08333,-89.75,2.93450469643657e-10
41.08333,-89.25,3.09426077020064e-10
41.08333,-89.125,3.42722253740652e-10
41.08333,-87.625,5.20152086011447e-10
41.08333,-87.08333,3.49486384510796e-10
41.08333,-85.66667,6.82291718405334e-10
41.08333,-85.5,5.55056352093435e-10
41.08333,-85.29167,8.04306120273838e-09
41.08333,-83.45833,6.29640299198458e-10
41.08333,-83.125,1.62691025963314e-09
41.08333,-81.45833,9.03681833501244e-09
41.08333,-81.375,2.58726810076188e-09
41.08333,-80.83333,1.3900580850734e-09
41.08333,-79,5.87124337197172e-10
41.08333,-78.5,4.21771967787193e-10
41.08333,-76.375,8.50029366755259e-10
41.08333,-75.5,1.33907645767558e-09
41.08333,-74.70833,7.38959952379989e-09
41.08333,-74.33333,4.97532446415467e-09
41.08333,-74.125,1.54080409557892e-08
41.08333,-72.45833,3.62035431629119e-09
41.08333,-72.04167,1.77589511975933e-09
41.08333,-71.875,2.86103866062504e-09
41.04167,-123.0417,3.61106779718979e-11
41.04167,-122.4583,4.11991975536335e-11
41.04167,-121.9167,6.40041021264934e-11
41.04167,-121.7083,7.39813884204828e-11
41.04167,-121.1667,5.14552235703446e-11
41.04167,-120.625,2.6052820476729e-11
41.04167,-118.0417,3.94635972339328e-11
41.04167,-118,4.0593173594434e-11
41.04167,-116.7083,1.73056911251741e-11
41.04167,-115,2.53457930632391e-11
41.04167,-112.875,4.78152314988832e-11
41.04167,-112.7917,4.87727378907917e-11
41.04167,-111.0833,5.30714128315518e-11
41.04167,-110.5417,2.41787420477358e-11
41.04167,-107,2.04970756977445e-11
41.04167,-106.8333,2.09025729887677e-11
41.04167,-105.625,4.07898260445883e-11
41.04167,-103.75,5.42106875823191e-11
41.04167,-102.4167,3.13409503507522e-11
41.04167,-102.0833,3.54025647112893e-11
41.04167,-102.0417,3.65354117911644e-11
41.04167,-101.1667,5.01444896160795e-11
41.04167,-99.91667,5.86883761370123e-11
41.04167,-99.70833,6.93632126407986e-11
41.04167,-98.58333,2.28230826090617e-10
41.04167,-96.58333,5.60195917017145e-10
41.04167,-96.5,7.93565365298264e-10
41.04167,-95.875,8.30274545880535e-10
41.04167,-94.91667,1.36933099001292e-10
41.04167,-94.41667,9.90915346874223e-11
41.04167,-94,1.47998335480823e-10
41.04167,-93.54167,1.55740384131454e-10
41.04167,-93.5,1.31641886998697e-10
41.04167,-93,1.24143600609388e-10
41.04167,-92.16667,1.47462457661256e-10
41.04167,-91.5,3.13480983730382e-10
41.04167,-91.20833,6.19797762666361e-10
41.04167,-88.54167,5.13692442829817e-10
41.04167,-86.33333,3.18206031714892e-10
41.04167,-84.875,5.63871140199573e-10
41.04167,-84.625,4.38137751136679e-10
41.04167,-82.29167,7.81876734502494e-10
41.04167,-82.04167,1.00753512850298e-09
41.04167,-81.70833,3.91370148860178e-09
41.04167,-81.16667,1.6045174383775e-09
41.04167,-79.25,5.67903377016227e-10
41.04167,-79.20833,5.16638710893883e-10
41.04167,-76.54167,8.04728359286418e-10
41.04167,-72.91667,1.7319903888989e-09
41,-123.375,4.33216618622582e-11
41,-120,2.14089167778873e-11
41,-119.375,2.96884859582697e-11
41,-119.3333,2.92234585284997e-11
41,-118.375,3.48195161491896e-11
41,-117.9167,4.50078765757112e-11
41,-117.4583,2.94252768598652e-11
41,-116.4167,1.81355421842004e-11
41,-114.4583,3.31948299796793e-11
41,-113.7917,7.63063724483153e-11
41,-113.375,4.56760107494863e-11
41,-111.625,4.46912278662862e-10
41,-110.75,4.93506981589301e-11
41,-110.4583,2.45469876453316e-11
41,-110,2.8248916765323e-11
41,-109.625,3.30606537395664e-11
41,-109.5833,3.09857956926898e-11
41,-106.7083,4.07849380450549e-11
41,-106.3333,2.35175082986349e-11
41,-103.375,4.85352408382034e-11
41,-103.2917,4.84186266593129e-11
41,-102.7083,3.75820549866584e-11
41,-102.3333,3.08025609062588e-11
41,-101.7917,7.83596461877582e-11
41,-98.91667,1.48754286272039e-10
41,-98.33333,4.36424886847364e-10
41,-97.58333,2.23382161209609e-10
41,-96.25,9.47915818661718e-10
41,-96.20833,9.90229579441558e-10
41,-95.70833,3.25127324781669e-09
41,-95.54167,4.30126340739047e-10
41,-95.16667,1.76739838538145e-10
41,-94,1.44063270111814e-10
41,-92.20833,1.42668786965053e-10
41,-91.95833,1.58042864495303e-10
41,-91.75,1.53272801130948e-10
41,-89.83333,2.84408807922172e-10
41,-88.75,5.34688663484861e-10
41,-87.375,3.55947822344024e-10
41,-84.79167,4.59456988478539e-10
41,-84.375,5.0668794570021e-10
41,-81.91667,1.17065220191528e-09
41,-80.25,1.02455854267223e-09
41,-79.91667,9.46273139161034e-10
41,-78.41667,4.51466173525805e-10
41,-77.875,3.31715937898482e-10
41,-77.5,5.33350745195807e-10
41,-77.375,5.02171322167181e-10
41,-77.08333,8.12216696760863e-10
41,-76.75,9.22633818096024e-10
41,-75.95833,1.25602921913427e-09
41,-74.125,2.85307229126813e-08
41,-72.95833,1.78344678666477e-09
40.95833,-123.375,4.22044999221171e-11
40.95833,-117.2917,1.76607660889212e-11
40.95833,-115.2917,3.71980894878421e-11
40.95833,-114.4167,2.91330564872695e-11
40.95833,-114.3333,3.81145951501122e-11
40.95833,-114,6.06326168787252e-11
40.95833,-112.0417,1.25671037953333e-10
40.95833,-111.5417,2.23790228617252e-10
40.95833,-111.125,1.30855671180964e-10
40.95833,-109.375,2.38271599099281e-11
40.95833,-108.5833,3.49138827742567e-11
40.95833,-107.875,3.7255247207147e-11
40.95833,-107.4583,3.73691729950775e-11
40.95833,-107.3333,2.05745166594047e-11
40.95833,-106.9583,5.47883559119653e-11
40.95833,-105.9167,7.00273010064793e-11
40.95833,-102.7917,3.83914658712619e-11
40.95833,-101.5833,3.23159626614597e-11
40.95833,-100.75,6.18181506279715e-11
40.95833,-99.83333,1.04035626895414e-10
40.95833,-98.125,3.36462819440451e-10
40.95833,-96.58333,7.4719385430807e-10
40.95833,-96.375,5.50834598133521e-10
40.95833,-96.16667,6.95876752441308e-10
40.95833,-96,1.10163643306019e-09
40.95833,-92.58333,2.55160317017999e-10
40.95833,-87.95833,4.29730940747047e-10
40.95833,-85.08333,1.35403065705526e-09
40.95833,-82.70833,6.4263649488142e-10
40.95833,-78.75,2.41015888269242e-10
40.95833,-77.58333,5.24055144260266e-10
40.95833,-76.25,5.29332779991129e-10
40.95833,-76.20833,4.42554913588868e-10
40.95833,-74.5,8.75297881362817e-09
40.95833,-74.33333,5.58818262524459e-09
40.91667,-123.875,2.23861003751564e-10
40.91667,-122,1.09205238687052e-10
40.91667,-121,2.4608222153825e-11
40.91667,-118.3333,3.63535516129211e-11
40.91667,-118.125,1.86625316215296e-11
40.91667,-118,4.24565849570971e-11
40.91667,-117.875,4.7967447289495e-11
40.91667,-115.5833,1.86231728051801e-10
40.91667,-113.7917,6.29938290213866e-11
40.91667,-111.7917,4.94594393667611e-10
40.91667,-111.5833,2.63714675424983e-10
40.91667,-105.5833,1.05152546926206e-10
40.91667,-102.9167,3.94136886047107e-11
40.91667,-102.875,3.86733137902702e-11
40.91667,-101.4583,4.59589025388978e-11
40.91667,-99.91667,9.19905569354906e-11
40.91667,-98.70833,3.31591841830587e-10
40.91667,-97.95833,2.94740399282578e-10
40.91667,-96.5,6.11279624996101e-10
40.91667,-95.08333,2.73229740757477e-10
40.91667,-93.75,1.61408849661583e-10
40.91667,-93.625,1.5067875507261e-10
40.91667,-92.58333,2.512774741426e-10
40.91667,-91.25,5.39242393001125e-10
40.91667,-89.29167,3.46330436161847e-10
40.91667,-88.79167,4.71728674388985e-10
40.91667,-87.5,3.24966437295841e-10
40.91667,-84.875,9.94456588587332e-10
40.91667,-82.375,1.15394994906605e-09
40.91667,-80.95833,1.01618838400586e-09
40.91667,-80.45833,1.64062109707968e-09
40.91667,-79.70833,8.90350486605436e-10
40.91667,-79.125,3.47070582963714e-10
40.91667,-79.08333,3.391586453105e-10
40.91667,-77.70833,1.45159573870744e-09
40.91667,-77.08333,1.96098634425145e-09
40.91667,-74.08333,2.39511819693673e-08
40.91667,-73.66667,5.62303206866839e-09
40.91667,-72.5,1.4626927631122e-08
40.91667,-72.16667,1.27661503285347e-09
40.875,-123.875,3.02362907288315e-10
40.875,-123.0833,4.69602715967059e-11
40.875,-122.875,7.00857136779285e-11
40.875,-121.375,6.45917900999984e-11
40.875,-119.2917,1.7851690830245e-11
40.875,-117.1667,1.84112469647228e-11
40.875,-116.8333,4.54535491861359e-11
40.875,-115.625,2.33152717718421e-10
40.875,-115.25,6.5095132455089e-11
40.875,-113.625,6.21501315422713e-11
40.875,-113.5,4.03720232411762e-11
40.875,-111.7917,1.2298227403042e-09
40.875,-111.0833,1.37444897473829e-10
40.875,-110.9167,1.10164976547281e-10
40.875,-109.375,2.4532733519699e-11
40.875,-108.625,3.56749127789276e-11
40.875,-103.0833,4.2972426720396e-11
40.875,-100.4167,5.30052952940457e-11
40.875,-99.70833,1.280793231481e-10
40.875,-98.625,4.16636305320264e-10
40.875,-98.58333,4.30186643258774e-10
40.875,-97.33333,2.27663316423063e-10
40.875,-96.79167,1.97272198679044e-08
40.875,-96.33333,4.90179742158227e-10
40.875,-94.79167,1.09298560507654e-10
40.875,-94.125,1.14978295974501e-10
40.875,-93.875,1.94519392341171e-10
40.875,-93.70833,1.3400285328828e-10
40.875,-92.5,2.07371325172854e-10
40.875,-92.25,1.51830194840396e-10
40.875,-91.5,3.78240648912948e-10
40.875,-90.33333,2.36428746849419e-10
40.875,-89.66667,1.9992241488371e-09
40.875,-89.125,4.84638843512487e-10
40.875,-88.75,6.11927417144925e-10
40.875,-88.08333,2.72682244448553e-10
40.875,-88,2.93334085684617e-10
40.875,-86.91667,4.5648301667684e-10
40.875,-86.16667,4.88071985312353e-10
40.875,-85.33333,8.48053508650584e-10
40.875,-85.125,1.83473359885668e-09
40.875,-84.33333,1.4192360289821e-09
40.875,-82.54167,2.1382261176548e-09
40.875,-82.33333,4.15335023811407e-09
40.875,-81.79167,1.40510078312458e-09
40.875,-81.125,1.31447616189561e-09
40.875,-78.16667,4.67706539429278e-10
40.875,-77.70833,1.65228688781773e-09
40.875,-76.33333,5.03784428455012e-10
40.875,-75.95833,1.0495021689896e-09
40.875,-74.875,6.56730890845839e-09
40.875,-73.54167,5.69167863020283e-09
40.875,-73.45833,2.44526261485813e-08
40.83333,-123.75,1.01994441845197e-10
40.83333,-123.6667,9.64051346926874e-11
40.83333,-123.1667,2.70146879712419e-11
40.83333,-122.25,6.82417237840901e-11
40.83333,-121.7083,7.36030413354448e-11
40.83333,-120.8333,2.26967657827883e-11
40.83333,-119.8333,3.73691971293372e-11
40.83333,-119.5,3.25618297132186e-11
40.83333,-118.625,1.70828309135753e-11
40.83333,-118.3333,1.77805391373385e-11
40.83333,-117.9583,4.30472764081702e-11
40.83333,-116.625,4.55404512457431e-11
40.83333,-116.5417,1.89270817153788e-11
40.83333,-113.8333,7.05356404482781e-11
40.83333,-112.0417,2.23604127106674e-09
40.83333,-111.9583,1.19655136397416e-08
40.83333,-111.9167,1.65831039215492e-08
40.83333,-110.5833,4.83672059185457e-11
40.83333,-108.5833,3.57024508852325e-11
40.83333,-102.875,3.60185861896933e-11
40.83333,-102.5417,3.15930942560128e-11
40.83333,-100.3333,5.01413802956027e-11
40.83333,-100,1.3035773066834e-10
40.83333,-99.91667,1.42414901082206e-10
40.83333,-99.79167,1.07568495240163e-10
40.83333,-98.16667,2.86821497539975e-10
40.83333,-97.41667,1.82494382319008e-10
40.83333,-97.33333,2.18835693936197e-10
40.83333,-92.79167,2.39856343165415e-10
40.83333,-91.20833,1.05518359805833e-09
40.83333,-90.75,2.88517737333665e-10
40.83333,-90.45833,2.35400874239541e-10
40.83333,-88.25,1.76694295942119e-10
40.83333,-88.16667,1.56061246183425e-10
40.83333,-87.91667,2.84859766095341e-10
40.83333,-87.625,3.65262403315763e-10
40.83333,-83.29167,9.2076139956122e-10
40.83333,-82.79167,1.43735657113452e-09
40.83333,-82.08333,7.89046618685798e-10
40.83333,-81.58333,2.2239778279578e-09
40.83333,-81.5,5.47358488714316e-09
40.83333,-81.375,7.82623199128625e-09
40.83333,-81.16667,1.44430429255986e-09
40.83333,-80.08333,2.28735607643303e-09
40.83333,-79.70833,8.40761374750426e-10
40.83333,-78.70833,2.35612936139385e-10
40.83333,-78,1.85070719437981e-09
40.83333,-74.875,6.47744602880535e-09
40.83333,-73.625,3.25669603553521e-08
40.83333,-72.625,2.73710986290338e-09
40.79167,-123.9167,3.00945803398904e-10
40.79167,-123.75,9.85033891330553e-11
40.79167,-123.5417,7.26411369031994e-11
40.79167,-122.0833,8.51593571600164e-11
40.79167,-121.5417,4.23722018645288e-11
40.79167,-120.5417,2.83717500951347e-11
40.79167,-120.0833,2.65433089861719e-11
40.79167,-119.6667,3.55732765966316e-11
40.79167,-118.0417,1.94931048930645e-11
40.79167,-117.125,6.02889146069169e-11
40.79167,-116,4.03505067331256e-11
40.79167,-112.75,1.51307667452609e-10
40.79167,-112.4583,7.08058658764914e-11
40.79167,-111.7917,1.80997907774612e-09
40.79167,-111.375,1.98655704502408e-10
40.79167,-109.5833,1.20026624546551e-10
40.79167,-108.5833,3.63831478641521e-11
40.79167,-108,3.14087533262824e-11
40.79167,-107.375,4.53507706523657e-11
40.79167,-106.8333,6.30965833915223e-11
40.79167,-105.6667,6.29030986155127e-11
40.79167,-105.2917,1.46290251102137e-10
40.79167,-105.125,5.20789297901271e-10
40.79167,-104.875,1.23202305827055e-10
40.79167,-103.8333,5.57881028321879e-11
40.79167,-103.6667,6.3162808865027e-11
40.79167,-102.75,3.53899781609025e-11
40.79167,-101.4167,4.35206181654287e-11
40.79167,-99.95833,8.20048836209162e-11
40.79167,-99.58333,1.139711712186e-10
40.79167,-96.625,8.23560430027587e-09
40.79167,-96.5,8.29557558434392e-10
40.79167,-95.25,1.94994666599573e-10
40.79167,-95.125,1.98253338689078e-10
40.79167,-95.04167,1.00118092106956e-09
40.79167,-94.45833,8.41237592201586e-11
40.79167,-94.125,1.30465677234575e-10
40.79167,-93.25,1.68518744328306e-10
40.79167,-91.66667,2.61648756119938e-10
40.79167,-90.75,2.98423245038574e-10
40.79167,-90.41667,2.97343284529252e-10
40.79167,-89.29167,1.58595213495507e-09
40.79167,-87.95833,4.26725653584363e-10
40.79167,-87.375,3.53442263562218e-10
40.79167,-87.16667,3.40442550507479e-10
40.79167,-86.66667,5.43227283883067e-10
40.79167,-85.875,9.07407389210443e-10
40.79167,-85.375,6.62406472419165e-10
40.79167,-84.83333,9.87811989191353e-10
40.79167,-83.95833,4.94814252033589e-10
40.79167,-83.66667,2.99008912252515e-10
40.79167,-83.41667,3.75152868693767e-10
40.79167,-82.66667,2.01454389401136e-09
40.79167,-82.20833,8.69725052430838e-10
40.79167,-81.66667,1.42462269849734e-09
40.79167,-81.04167,9.51144657248046e-10
40.79167,-80.29167,2.14891815704476e-09
40.79167,-80.16667,3.6368758823734e-09
40.79167,-79.70833,1.31934092247336e-09
40.79167,-78.70833,4.28127606802335e-10
40.79167,-77.08333,6.97072141166126e-10
40.79167,-76.875,1.24041112634111e-09
40.79167,-75.375,3.56833286235427e-09
40.79167,-75.04167,1.6236682991743e-09
40.79167,-74.25,5.36568522529234e-08
40.79167,-73.875,7.37101392449063e-08
40.79167,-73.16667,1.681667077032e-08
40.75,-123.9583,3.71692480027262e-10
40.75,-122.875,8.2625869651441e-11
40.75,-121.9583,7.24488699927683e-11
40.75,-121.0417,2.35879548098299e-11
40.75,-120.75,4.39837321176837e-11
40.75,-115.25,4.44847977289393e-11
40.75,-114.2917,4.39747263930389e-11
40.75,-113.4167,6.07256185540847e-11
40.75,-112.2083,8.35454631404217e-10
40.75,-111.4583,4.42052776172129e-10
40.75,-110.9583,9.91234479952257e-11
40.75,-110.8333,6.14689663293125e-11
40.75,-110.7917,5.84745783344005e-11
40.75,-108.5417,3.63663069131161e-11
40.75,-106.9583,6.8144732487978e-11
40.75,-106.6667,6.08551205303679e-11
40.75,-105.6667,6.26737421145407e-11
40.75,-105.4167,1.30685963150523e-10
40.75,-105,3.86385791129422e-10
40.75,-103.6667,6.3261077168732e-11
40.75,-103.125,1.27298466753377e-10
40.75,-100.9583,3.74463549638534e-11
40.75,-100.4583,4.09193191113262e-11
40.75,-99.95833,7.92422893130048e-11
40.75,-99.29167,5.35826517273805e-10
40.75,-99.25,6.27502819787969e-10
40.75,-99.08333,3.76556935863634e-09
40.75,-98.91667,4.22838424252506e-10
40.75,-98.83333,3.8343360120345e-10
40.75,-96.20833,3.48449570261902e-10
40.75,-95.83333,3.27027617019826e-10
40.75,-95.79167,3.32075050401507e-10
40.75,-95.625,4.56421912096637e-10
40.75,-94.29167,1.34923668342291e-10
40.75,-93.5,1.07127470816713e-10
40.75,-91.29167,6.7222955571039e-10
40.75,-91.08333,5.21600369423786e-10
40.75,-90.83333,2.35633696652216e-10
40.75,-89.91667,8.61850672929255e-10
40.75,-89.875,1.32820177390343e-09
40.75,-89.79167,4.96968116838032e-09
40.75,-87,2.32357482740923e-10
40.75,-86.625,5.01464387333567e-10
40.75,-86.45833,5.95213711110315e-10
40.75,-85.66667,6.18214111690131e-10
40.75,-85.625,6.09404563186427e-10
40.75,-77.25,5.99927180811448e-10
40.75,-77.08333,7.00283542482289e-10
40.75,-75.91667,6.24540024252331e-10
40.75,-75.83333,6.56033001308069e-10
40.70833,-123.5,5.66101846186784e-11
40.70833,-121.0417,2.3730612604725e-11
40.70833,-120.7917,4.36169895067758e-11
40.70833,-118.0833,2.06716682171952e-11
40.70833,-117.2083,4.77672640519628e-11
40.70833,-117.125,5.07787173028307e-11
40.70833,-116.6667,4.81459579889658e-11
40.70833,-115.2917,4.49158838555902e-11
40.70833,-115.125,2.17479699685384e-11
40.70833,-113.4167,8.4353235846874e-11
40.70833,-112.5417,3.34285301173499e-10
40.70833,-111.5833,2.61735015815751e-09
40.70833,-110.3333,4.91235849297827e-11
40.70833,-109.0417,4.85650508625542e-11
40.70833,-108.75,4.09730157582307e-11
40.70833,-107.7917,3.67008899853031e-11
40.70833,-107.5833,4.25454423785476e-11
40.70833,-107.5417,4.39276482618753e-11
40.70833,-106.6667,4.85693919716791e-11
40.70833,-106.5,4.64779821902638e-11
40.70833,-106.375,4.55363122640789e-11
40.70833,-105.625,9.22141237939077e-11
40.70833,-102.875,3.53487175999404e-11
40.70833,-102.6667,3.53669933998298e-11
40.70833,-101.4167,4.16929632868384e-11
40.70833,-99.83333,8.63997995529565e-11
40.70833,-99.625,1.07516909876225e-10
40.70833,-97.41667,2.04048911497083e-10
40.70833,-97.16667,4.31495967038103e-10
40.70833,-96.83333,5.3546846377497e-10
40.70833,-96.66667,6.18057317924268e-09
40.70833,-95,1.54785730759326e-10
40.70833,-94.58333,1.48661828997725e-10
40.70833,-94.41667,8.33719819565126e-11
40.70833,-93.25,1.62388912442492e-10
40.70833,-92,1.36947255725467e-10
40.70833,-89.5,5.16186691218525e-09
40.70833,-89.08333,5.5850346982698e-10
40.70833,-88.79167,5.33307949877861e-10
40.70833,-88.5,3.51209224915754e-10
40.70833,-88.41667,3.24030272606253e-10
40.70833,-87.58333,4.45591178904615e-10
40.70833,-87.5,2.6974377236606e-10
40.70833,-86.125,1.75389341109105e-09
40.70833,-84.79167,5.9792583726115e-10
40.70833,-84.75,5.58958265646816e-10
40.70833,-84,5.28902279885468e-10
40.70833,-83.54167,3.65647897056573e-10
40.70833,-81.41667,2.56448330603129e-09
40.70833,-81.125,1.23783584787142e-09
40.70833,-79,1.13462454001324e-09
40.70833,-78.83333,5.49293711269581e-10
40.70833,-78.41667,7.55287284989527e-10
40.70833,-76.83333,8.70078042870503e-10
40.70833,-75.83333,6.85364112247918e-10
40.70833,-73.95833,1.18453128009738e-07
40.70833,-73.83333,1.15162395257649e-07
40.70833,-73.66667,3.05475953725315e-08
40.66667,-123.8333,2.61319315181814e-10
40.66667,-123.7917,2.47834095433264e-10
40.66667,-122.8333,7.93436898324071e-11
40.66667,-121.25,2.52571646850731e-11
40.66667,-120.0417,2.7763700123501e-11
40.66667,-119.2083,1.95077397361696e-11
40.66667,-118.5833,1.96928516864608e-11
40.66667,-117.5417,1.89226550627755e-11
40.66667,-117.5,1.86854847989015e-11
40.66667,-116.75,5.093828306771e-11
40.66667,-115.5417,1.54540390267388e-10
40.66667,-114.9583,2.03048418164978e-11
40.66667,-114.75,2.33822441514827e-11
40.66667,-114.2917,4.46604642275579e-11
40.66667,-111.3333,3.22022208093403e-10
40.66667,-110.625,5.36937586400116e-11
40.66667,-109.375,1.77866675252149e-10
40.66667,-109.1667,6.20374806579424e-11
40.66667,-108.4167,3.57458311961931e-11
40.66667,-106.6667,4.96505493076779e-11
40.66667,-106.375,4.59295206935209e-11
40.66667,-105.2917,1.62043575209326e-10
40.66667,-102.5,4.65822894379506e-11
40.66667,-101.625,3.54209016728489e-11
40.66667,-99.875,6.26899747308373e-11
40.66667,-97.375,2.36998855396352e-10
40.66667,-96.29167,3.04598029297404e-10
40.66667,-94.91667,1.33104292672298e-10
40.66667,-94.70833,1.18789312502019e-10
40.66667,-93.70833,1.20996548432227e-10
40.66667,-93.625,1.18097218890276e-10
40.66667,-93,1.64106651983277e-10
40.66667,-92.625,1.69696712137317e-10
40.66667,-92.33333,1.86546950761185e-10
40.66667,-90.70833,2.04881764530667e-10
40.66667,-90.41667,2.15821131209136e-10
40.66667,-90,7.84006574478363e-10
40.66667,-87.58333,2.31968887686326e-10
40.66667,-85.375,3.65147626679423e-10
40.66667,-84.54167,4.39894985953248e-10
40.66667,-83.54167,5.96372959252967e-10
40.66667,-82.125,7.45016116484794e-10
40.66667,-82.08333,6.96267307468438e-10
40.66667,-81.58333,1.26294991309994e-09
40.66667,-77.375,8.39511878676262e-10
40.66667,-77.25,1.23392234727754e-09
40.66667,-77.125,6.58282309333729e-10
40.66667,-76.70833,7.5713395163222e-10
40.66667,-74.79167,3.40421537901526e-09
40.66667,-73.04167,3.68921021467939e-09
40.625,-124.1667,5.58623816586216e-10
40.625,-123,4.34476105092542e-11
40.625,-122.2083,7.43804214281944e-10
40.625,-121.2917,2.62793872094877e-11
40.625,-120.9167,2.52104251225762e-11
40.625,-120.4583,5.4070212920558e-11
40.625,-118.875,2.03431883903313e-11
40.625,-116.75,5.16385556870747e-11
40.625,-116.5417,6.69526277189303e-11
40.625,-116.25,4.04247250595587e-11
40.625,-115.9583,3.51867893841134e-11
40.625,-115,2.02988393955392e-11
40.625,-114.875,2.09544163365269e-11
40.625,-113.6667,5.01864157591282e-11
40.625,-110.625,5.47353967295302e-11
40.625,-109.0833,4.17252368852317e-11
40.625,-106.7083,6.62802183595798e-11
40.625,-105.7917,7.71572859342067e-11
40.625,-104.75,4.5095804832854e-10
40.625,-102.9167,3.41350591693857e-11
40.625,-101.9583,2.81609595999117e-11
40.625,-101.4167,2.96081050199957e-11
40.625,-101.0417,3.53332483741852e-11
40.625,-100.4583,3.86161088921665e-11
40.625,-100.2917,4.76315683507832e-11
40.625,-99.75,5.88355825089234e-11
40.625,-99.375,1.65216507418781e-10
40.625,-98.41667,6.51817578878052e-10
40.625,-98.125,3.04633346330094e-10
40.625,-98.08333,2.88647214232485e-10
40.625,-97,1.09920508774131e-09
40.625,-94.79167,1.24557867420379e-10
40.625,-91.16667,4.01342988075837e-10
40.625,-90.29167,3.17331974170478e-10
40.625,-90.25,3.57021139077641e-10
40.625,-89.83333,1.45086104211228e-09
40.625,-89.04167,8.1388373871741e-10
40.625,-86.95833,4.40151723199971e-10
40.625,-86.625,5.90256239572305e-10
40.625,-83.66667,1.18726060925284e-09
40.625,-82.41667,1.04336484427138e-09
40.625,-80.45833,2.52938815120492e-09
40.625,-80.33333,1.76072304384368e-09
40.625,-80.29167,6.24179659475845e-09
40.625,-79.20833,1.46646763498653e-09
40.625,-78.625,8.21811701360917e-10
40.625,-76.70833,7.70246868083337e-10
40.625,-74.70833,5.4305233400285e-09
40.625,-74.58333,1.10815237651609e-08
40.625,-73.45833,4.77264001209853e-08
40.58333,-124.0417,1.03622451613704e-10
40.58333,-123.125,3.93857148984394e-11
40.58333,-122.5833,9.90808775561724e-11
40.58333,-122.4583,1.76785526938553e-09
40.58333,-122.375,4.42463187530142e-09
40.58333,-122.25,1.02850697850718e-09
40.58333,-121.7083,7.09174766654954e-11
40.58333,-120.6667,1.24442441962872e-10
40.58333,-120.3333,3.08265550360676e-11
40.58333,-117.1667,2.26814845265111e-11
40.58333,-115.7083,6.24928960244229e-11
40.58333,-113.625,5.29517724069453e-11
40.58333,-113.2083,4.08926358031428e-11
40.58333,-111.7917,1.31645755143946e-09
40.58333,-111.5833,6.86935907101692e-10
40.58333,-111.4167,5.7046028217079e-10
40.58333,-111.125,3.10164958869557e-10
40.58333,-110.0833,3.91535181835188e-11
40.58333,-108.1667,3.75857734629617e-11
40.58333,-107.375,1.21243390280909e-10
40.58333,-106.7917,7.26559404011179e-11
40.58333,-106.2917,4.58426807274055e-11
40.58333,-105.8333,7.39947604363629e-11
40.58333,-104.3333,8.58559478043626e-11
40.58333,-103.9167,6.30671115757374e-11
40.58333,-103.625,6.67755922032227e-11
40.58333,-103.2083,1.88111859439126e-10
40.58333,-101.0417,3.51541051953227e-11
40.58333,-100.8333,3.84690735332586e-11
40.58333,-99.875,5.85740412523541e-11
40.58333,-99.66667,9.0579701103963e-11
40.58333,-99.45833,1.39470387258249e-10
40.58333,-99.16667,2.77320612161337e-10
40.58333,-98.83333,1.4903131926164e-10
40.58333,-97.20833,1.36443225655732e-10
40.58333,-96.08333,1.71473655677466e-10
40.58333,-96,1.86762407469746e-10
40.58333,-95.79167,2.47330593071341e-10
40.58333,-95.375,1.24824577969797e-10
40.58333,-95,1.54125128466167e-10
40.58333,-94.79167,1.31276599141006e-10
40.58333,-93.20833,9.74484471784666e-11
40.58333,-92.70833,6.59825281287397e-11
40.58333,-90.625,2.10087120194085e-10
40.58333,-88.33333,1.40407875541487e-10
40.58333,-88.125,1.93782754926142e-10
40.58333,-85.375,4.22427208144461e-10
40.58333,-84.5,1.36044796661067e-09
40.58333,-84.20833,1.74570793527888e-09
40.58333,-83.83333,3.8746579898191e-10
40.58333,-82.58333,8.98600069695389e-10
40.58333,-81.79167,1.47609193376484e-09
40.58333,-80.66667,9.17775175609476e-10
40.58333,-80.16667,4.64149487403782e-09
40.58333,-80.04167,9.54172983062377e-09
40.58333,-79.41667,7.43851070077121e-10
40.58333,-78.875,8.43989548247285e-10
40.58333,-77.79167,9.97396325778432e-10
40.58333,-76.54167,9.657443657768e-10
40.58333,-76.20833,1.37766159891573e-09
40.58333,-75.20833,1.95331359381426e-09
40.54167,-120.875,2.71689782983254e-11
40.54167,-120.6667,1.31601058033931e-10
40.54167,-119.2083,2.12925444760571e-11
40.54167,-117.125,2.33855025097457e-11
40.54167,-116.75,5.12076477520049e-11
40.54167,-116.5417,6.60109390864837e-11
40.54167,-115.75,2.39000239812991e-11
40.54167,-114.0833,4.84290287077375e-11
40.54167,-112.75,1.32273960637474e-10
40.54167,-111.9167,1.65236173571826e-08
40.54167,-108.7083,4.2925495251624e-11
40.54167,-108.0417,4.02531450593375e-11
40.54167,-107.9583,4.19958750814522e-11
40.54167,-101,3.57129456700615e-11
40.54167,-100.4167,3.91847321034263e-11
40.54167,-100.125,5.3961259824176e-11
40.54167,-100,5.65387483214953e-11
40.54167,-99.91667,5.62335195124153e-11
40.54167,-97.58333,1.80617517840238e-10
40.54167,-95.875,2.17608825961438e-10
40.54167,-94.45833,1.16644028125811e-10
40.54167,-92.33333,1.23956862458016e-10
40.54167,-92.04167,9.42073278453118e-11
40.54167,-90.54167,4.38281512341551e-10
40.54167,-89.75,1.24526806037928e-09
40.54167,-89.33333,1.0739439489562e-09
40.54167,-86.25,7.2607177807967e-10
40.54167,-85.66667,9.545221949001e-09
40.54167,-85.58333,7.16061824764241e-10
40.54167,-85.08333,4.70014157223327e-10
40.54167,-85,5.11711214961172e-10
40.54167,-84.54167,1.73920327726776e-09
40.54167,-84.29167,1.90895998471596e-09
40.54167,-84,4.86075176937604e-10
40.54167,-83.79167,3.73686514799915e-10
40.54167,-81.66667,1.13828033415305e-09
40.54167,-81.29167,8.42849398226023e-10
40.54167,-80.33333,2.48918734768497e-09
40.54167,-79.79167,5.94108051327028e-09
40.54167,-78.75,1.2515847163748e-09
40.54167,-78.08333,1.0384576978118e-09
40.54167,-77.41667,5.69486169668376e-10
40.54167,-77,1.96838319910291e-09
40.54167,-75.875,1.20624533638175e-09
40.54167,-74.75,5.26264026019402e-09
40.5,-124.2917,1.06348239717363e-10
40.5,-123.0833,4.03717492566689e-11
40.5,-119.2083,2.19142825001127e-11
40.5,-118.625,2.3657877384975e-11
40.5,-116.625,4.67828195246367e-11
40.5,-116.5833,6.60900204146029e-11
40.5,-115.125,1.99343974469926e-11
40.5,-115.0417,1.96291560326385e-11
40.5,-114.9583,1.94898209098899e-11
40.5,-113.0417,8.96094511795087e-11
40.5,-112.6667,1.59311694608988e-10
40.5,-112.375,1.1999056963151e-09
40.5,-112.2917,7.75031002110161e-10
40.5,-111.5,6.30490981856253e-10
40.5,-110.25,3.0284995567164e-11
40.5,-109.2083,4.26915144934982e-11
40.5,-107.9167,3.6286134604781e-11
40.5,-107.875,3.71686468102729e-11
40.5,-105.625,8.24926427172732e-11
40.5,-105.5417,9.35328070841908e-11
40.5,-104.4583,1.11787824250946e-10
40.5,-103.7917,5.930022239951e-11
40.5,-102.2083,5.46080698370635e-11
40.5,-101.9583,2.6415285938625e-11
40.5,-101.5,2.64402991725409e-11
40.5,-100.625,4.14292884185973e-11
40.5,-96.5,2.78144814779526e-10
40.5,-95.04167,1.74352232504777e-10
40.5,-94.66667,1.44203897006392e-10
40.5,-94.54167,1.26880616613932e-10
40.5,-94.33333,1.15689207564295e-10
40.5,-92.58333,1.71869002838337e-10
40.5,-91.70833,7.6115719144673e-11
40.5,-90.5,4.03245579246073e-10
40.5,-89.79167,9.27336420890318e-10
40.5,-89.54167,2.08333065635448e-09
40.5,-89.16667,7.06746239913456e-10
40.5,-84.91667,5.16455512520307e-10
40.5,-81.125,5.21851624175552e-10
40.5,-80.5,1.32314452623207e-09
40.5,-79.54167,1.37715251819271e-09
40.5,-75.83333,1.24915715512198e-09
40.5,-75.41667,7.14780868419405e-09
40.5,-75.20833,1.85001267124505e-09
40.5,-75.08333,1.65190571926788e-09
40.5,-74.375,3.14453486288572e-08
40.5,-74.08333,6.20927379555189e-09
40.45833,-124.1667,1.76071160541291e-10
40.45833,-123.75,1.14480176342674e-10
40.45833,-121.9167,5.8832196405367e-11
40.45833,-120.875,2.99654549866996e-11
40.45833,-119.1667,2.24535000555214e-11
40.45833,-116.9167,5.34611375854439e-11
40.45833,-116.375,6.19469823477643e-11
40.45833,-114.75,2.2421102833726e-11
40.45833,-114.6667,2.40489590259521e-11
40.45833,-112.2917,6.38285369259233e-10
40.45833,-112.2083,2.40612585627471e-10
40.45833,-112.125,4.30602963703113e-10
40.45833,-110.7083,5.40650449552053e-11
40.45833,-107.125,1.20842258428935e-10
40.45833,-106.0417,4.73778538253551e-11
40.45833,-105.875,1.00978033253691e-10
40.45833,-105.2083,1.31889384591295e-09
40.45833,-105.1667,2.56696777087074e-09
40.45833,-102.2083,4.37583165899997e-11
40.45833,-102,2.59392222693854e-11
40.45833,-99.33333,1.25176487796849e-09
40.45833,-98.75,1.58202109514881e-10
40.45833,-98.45833,1.81152235050462e-10
40.45833,-97.875,1.98872248598304e-10
40.45833,-97.20833,1.25224855138085e-10
40.45833,-95.70833,2.09614826256754e-10
40.45833,-94.54167,1.15649214557965e-10
40.45833,-93.91667,8.06729634847958e-11
40.45833,-93.83333,9.23934208888519e-11
40.45833,-93.20833,1.12603926695963e-10
40.45833,-92.91667,1.39431594645361e-10
40.45833,-92.5,1.55594795409857e-10
40.45833,-91.58333,1.36641459729709e-10
40.45833,-91.20833,3.40799190491107e-10
40.45833,-89.70833,8.07175268146954e-10
40.45833,-89.54167,9.51004966542733e-10
40.45833,-89.20833,4.62259200256777e-10
40.45833,-88.54167,2.32189420026893e-10
40.45833,-88.25,2.48149883830486e-10
40.45833,-87.75,2.34415938761537e-10
40.45833,-87.45833,2.12862674990894e-10
40.45833,-86.5,6.09316839119816e-10
40.45833,-85.83333,6.35681608064273e-10
40.45833,-85.33333,1.66235352304792e-09
40.45833,-85,1.09919746724737e-09
40.45833,-84.125,6.05851619167194e-10
40.45833,-82.91667,4.76437265824023e-10
40.45833,-82.375,6.53361306678243e-10
40.45833,-81.20833,4.60278651415678e-10
40.45833,-80.91667,6.84951991592943e-10
40.45833,-80.625,1.48265520740941e-09
40.45833,-79.66667,5.16141547285921e-09
40.45833,-78.29167,1.33471131596294e-09
40.45833,-77.70833,5.57240528627953e-10
40.45833,-75.91667,4.16110051701202e-09
40.45833,-75.83333,2.82786565518988e-09
40.45833,-74.95833,2.07026138956236e-09
40.45833,-74.66667,1.34511387354135e-08
40.45833,-74.20833,6.93818922411486e-09
40.41667,-122.7917,7.97255440704561e-11
40.41667,-121.625,4.18279821236496e-11
40.41667,-120.7917,1.348592056836e-10
40.41667,-119.625,2.79769463355746e-11
40.41667,-117.1667,4.94332876490091e-11
40.41667,-117.0417,5.120280768923e-11
40.41667,-116.4583,6.18538532125459e-11
40.41667,-116.0833,1.84382712638655e-11
40.41667,-115.5833,1.15677366661583e-10
40.41667,-114.875,2.01119957266791e-11
40.41667,-113.8333,4.30610137901943e-11
40.41667,-113.5833,4.98768001503221e-11
40.41667,-112.875,5.50517213755807e-11
40.41667,-111.8333,2.42356121962999e-09
40.41667,-111.3333,5.00861201294468e-10
40.41667,-108.4167,1.67797975814098e-11
40.41667,-105.8333,1.05788967679401e-10
40.41667,-104.1667,6.62726605460301e-11
40.41667,-102.7083,3.91580668476749e-11
40.41667,-100.5833,4.56344913385411e-11
40.41667,-97.66667,1.97165701743161e-10
40.41667,-97.08333,1.50232104092168e-10
40.41667,-96.91667,3.74818753812037e-10
40.41667,-96.20833,1.46931023653987e-10
40.41667,-95.875,3.50652313747606e-10
40.41667,-95.66667,2.61480131612846e-10
40.41667,-95.625,2.02317159223162e-10
40.41667,-95.375,2.0439407836809e-10
40.41667,-95.20833,1.60878107556917e-10
40.41667,-95.125,1.4483169365057e-10
40.41667,-93.58333,1.48549685655731e-10
40.41667,-92.83333,1.20405467941101e-10
40.41667,-92.70833,9.49988207134736e-11
40.41667,-91.54167,1.58721482842526e-10
40.41667,-90.75,5.64860622862277e-10
40.41667,-89.70833,6.78095746142728e-10
40.41667,-86.83333,5.51510760018537e-09
40.41667,-86.54167,6.13235904343299e-10
40.41667,-86.45833,4.9919405444148e-10
40.41667,-85.375,1.74624005505323e-09
40.41667,-85.20833,5.31435272148742e-10
40.41667,-84.79167,6.48354771010053e-10
40.41667,-83.16667,7.52050348866834e-10
40.41667,-81.375,1.55827471488e-09
40.41667,-81,5.27061719895434e-10
40.41667,-79.16667,9.51413180540908e-10
40.41667,-79,1.2827257758509e-09
40.41667,-78.375,3.25550075284359e-09
40.41667,-77.95833,5.85385044742936e-10
40.41667,-77.54167,4.16057847400196e-10
40.41667,-76.91667,1.11353711685829e-09
40.41667,-75.91667,6.86758912941236e-09
40.41667,-75,2.26207551490181e-09
40.375,-122.875,7.22546918653996e-11
40.375,-122.4167,3.75361376538829e-10
40.375,-120,5.65587272212057e-11
40.375,-119.5833,2.82349829947569e-11
40.375,-118.6667,2.80301063326174e-11
40.375,-118.0833,2.37584861269117e-11
40.375,-117.0417,4.92221715206037e-11
40.375,-112.4583,4.52372374844097e-10
40.375,-110.8333,6.23720586871258e-11
40.375,-109.75,7.81583352675598e-11
40.375,-108.8333,3.47708703720729e-11
40.375,-108.6667,4.3673888149922e-11
40.375,-106.9583,1.59844389541372e-10
40.375,-106.8333,1.4044178289001e-10
40.375,-105.625,3.13814569176269e-10
40.375,-103.5833,3.3402912010897e-11
40.375,-103.1667,3.66135038185438e-11
40.375,-103,3.32742512789819e-11
40.375,-102.4167,2.97125902085129e-11
40.375,-102.25,2.98486693155554e-11
40.375,-101.6667,3.1039726730335e-11
40.375,-101.2083,3.23605816362554e-11
40.375,-100.875,3.50519197117798e-11
40.375,-99.79167,1.0746550053963e-10
40.375,-98.20833,1.55024523060796e-10
40.375,-97.91667,1.41636029961347e-10
40.375,-96.79167,2.74133567854508e-10
40.375,-95.375,1.83821481917652e-10
40.375,-94.625,2.24636865558062e-10
40.375,-94.45833,1.88242802679474e-10
40.375,-92.875,1.35559827642731e-10
40.375,-92.16667,8.70699916422208e-11
40.375,-91.04167,2.00942021585544e-10
40.375,-89.54167,6.05627550835947e-10
40.375,-88.66667,4.29869019998028e-10
40.375,-87.5,2.23986265948105e-10
40.375,-86.95833,1.87610925703252e-09
40.375,-86.33333,4.08640141522904e-10
40.375,-84.95833,4.752879279715e-10
40.375,-83.70833,2.17821016884189e-09
40.375,-83.16667,7.45836933449223e-10
40.375,-81.5,5.88768018110825e-10
40.375,-77.54167,3.28610766888979e-10
40.375,-77.08333,1.85014543077081e-09
40.375,-76.625,2.63308976454105e-09
40.33333,-123.5417,6.14730910388993e-11
40.33333,-122.9167,6.20657284583661e-11
40.33333,-122.4167,3.54625613941842e-10
40.33333,-121.875,6.94396367328561e-11
40.33333,-120.3333,1.77581141401284e-10
40.33333,-119.0417,2.52598442590854e-11
40.33333,-118.9583,2.60964702630685e-11
40.33333,-118.125,2.33528063970973e-11
40.33333,-114.875,1.95497381349963e-11
40.33333,-114.375,2.82467704354251e-11
40.33333,-114.3333,2.91485895971113e-11
40.33333,-112.7083,2.53244476736011e-10
40.33333,-112.5,3.77004520134237e-10
40.33333,-111.9583,1.26034751936698e-09
40.33333,-109.375,5.30334349331429e-11
40.33333,-109.25,4.45936677883225e-11
40.33333,-107.3333,7.6563656956303e-11
40.33333,-106.3333,4.57234251852813e-11
40.33333,-105.7083,2.70541544159474e-10
40.33333,-105.4167,2.88766140376195e-10
40.33333,-104.75,4.14608278281207e-09
40.33333,-104.4167,4.61424736555467e-10
40.33333,-104,6.48475562980798e-11
40.33333,-103.25,3.94829713236122e-11
40.33333,-102.8333,3.01245654394831e-11
40.33333,-102.0417,2.75266816611942e-11
40.33333,-99.5,1.11293610238855e-10
40.33333,-99.375,1.36577987840125e-10
40.33333,-96.66667,2.36620882920409e-10
40.33333,-95.41667,1.58774670671827e-10
40.33333,-95.08333,1.48762575984662e-10
40.33333,-92.75,1.36218277077123e-10
40.33333,-91.70833,1.11208401964184e-10
40.33333,-90.16667,5.91140372721826e-10
40.33333,-89.75,4.85754883836734e-10
40.33333,-88.375,4.68013690274027e-10
40.33333,-87.83333,2.39227704819139e-10
40.33333,-87.66667,2.40569310091316e-10
40.33333,-87.125,4.06111863037724e-10
40.33333,-84.58333,7.72930571613654e-10
40.33333,-83.04167,7.02141571777236e-10
40.33333,-82.83333,7.58373017643198e-10
40.33333,-82.375,6.20646930545718e-10
40.33333,-82.25,4.42745051091841e-10
40.33333,-81.04167,4.3719535214052e-10
40.33333,-80.33333,2.27976173451646e-09
40.33333,-79.875,9.28235308178667e-09
40.33333,-79.70833,5.44725491842129e-09
40.33333,-79.5,3.43927204041844e-09
40.33333,-79.33333,1.12151211582402e-09
40.33333,-76.83333,5.75622935951285e-09
40.33333,-75.375,4.2907546899154e-09
40.33333,-74.875,4.46912399192773e-09
40.29167,-123.7083,4.98131572592982e-11
40.29167,-123.625,4.83718000805122e-11
40.29167,-123.5833,4.59592746452161e-11
40.29167,-120.625,4.10394625203091e-11
40.29167,-119.0833,2.56624188395703e-11
40.29167,-117.625,3.88935148862587e-11
40.29167,-115.875,1.7643261899962e-11
40.29167,-115.6667,1.02784177158687e-10
40.29167,-115.375,1.82836686338171e-11
40.29167,-114.5833,2.34295679527604e-11
40.29167,-113.875,5.16935697882776e-11
40.29167,-113,4.75692530327197e-11
40.29167,-112.9583,4.87585144040695e-11
40.29167,-112.3333,3.17300029005563e-10
40.29167,-111.75,4.31721711985716e-09
40.29167,-111.25,9.90167950974085e-11
40.29167,-110.25,1.3218974349469e-10
40.29167,-109.875,4.51155077383343e-11
40.29167,-109.4583,3.6493559122963e-11
40.29167,-107.4583,4.88330129189554e-11
40.29167,-105.9583,1.06719725081212e-10
40.29167,-105.4167,2.19874526869784e-10
40.29167,-105.125,1.42870864603203e-09
40.29167,-105,1.67268429370907e-09
40.29167,-101.9583,2.8099538718979e-11
40.29167,-101.9167,2.83255349896162e-11
40.29167,-101.375,2.94354349270932e-11
40.29167,-99.125,1.06621808914998e-10
40.29167,-97.83333,1.06930032970228e-10
40.29167,-96.91667,1.64735688825545e-10
40.29167,-96.54167,2.27763725744201e-10
40.29167,-96.125,1.07539152909292e-10
40.29167,-95.95833,1.56175886963772e-10
40.29167,-95.75,1.7077103027198e-10
40.29167,-95.16667,1.16962731059724e-10
40.29167,-93.83333,8.83553521144096e-11
40.29167,-90.75,1.00266043562442e-10
40.29167,-87.375,3.65317225365048e-10
40.29167,-86,7.10381839166146e-10
40.29167,-85.70833,1.16105052036946e-09
40.29167,-83.5,6.87830306796787e-10
40.29167,-83.41667,6.96902989519762e-10
40.29167,-83.125,1.94671944347823e-09
40.29167,-82.70833,5.44728740846464e-10
40.29167,-82.45833,5.28674199403973e-10
40.29167,-81.66667,7.41323936508628e-10
40.29167,-81.625,6.78270030298235e-10
40.29167,-80.75,7.31511209834439e-10
40.29167,-79.16667,8.13328843724552e-10
40.29167,-76.83333,1.48551814082688e-08
40.29167,-76.375,4.18606522769901e-09
40.29167,-75.58333,9.56346820495766e-09
40.29167,-74.29167,4.73505743587044e-09
40.25,-124.3333,4.54144463795649e-09
40.25,-123.8333,6.03616867378777e-11
40.25,-123.7083,4.84997000104448e-11
40.25,-122.9167,4.26572135984696e-11
40.25,-121.7917,3.25942011283096e-11
40.25,-121.4583,3.10804783037554e-11
40.25,-120.2917,7.26986397176718e-11
40.25,-119.6667,5.35020757484555e-11
40.25,-119.4583,4.49868445954087e-11
40.25,-119,2.73580606574057e-11
40.25,-117.75,1.89922527748662e-11
40.25,-117.5,3.8959979024406e-11
40.25,-117.2083,4.48321893441119e-11
40.25,-116.5833,5.97381052476762e-11
40.25,-113.0417,4.67969935479085e-11
40.25,-111.9583,3.66779890985199e-10
40.25,-111.8333,4.16814087718586e-10
40.25,-110.4167,7.77680492396343e-11
40.25,-109.0417,5.76990614165491e-11
40.25,-108.5833,3.04730551609341e-11
40.25,-108.3333,3.4130951121377e-11
40.25,-108.1667,3.58637864522091e-11
40.25,-107.7917,4.1759872899342e-11
40.25,-105.7083,1.2440417323754e-10
40.25,-105.25,1.13349981848916e-09
40.25,-103.8333,3.65989667781869e-10
40.25,-103.5417,5.05967542373267e-11
40.25,-101.9167,2.87730310682503e-11
40.25,-98.75,8.68861664796582e-11
40.25,-95.625,1.6407893378636e-10
40.25,-93.5,1.32348814171809e-10
40.25,-92.58333,2.09087919088756e-09
40.25,-91.16667,2.67928054834502e-10
40.25,-90.75,9.82393012574481e-11
40.25,-89.20833,4.35537151756569e-10
40.25,-88.29167,8.69048041083801e-10
40.25,-86.95833,4.61053666070804e-10
40.25,-84.375,1.05050770100199e-09
40.25,-83,1.83266594651146e-09
40.25,-81.75,9.48238538779808e-10
40.25,-81.125,2.41656303511851e-10
40.25,-75.45833,8.19864106748203e-09
40.25,-75.20833,1.07201349433748e-08
40.20833,-124.2917,4.26970598891278e-11
40.20833,-123.4583,2.08482644703731e-11
40.20833,-123.125,2.33556535522749e-11
40.20833,-117.5833,3.87910600599539e-11
40.20833,-116.4167,1.6402963811462e-11
40.20833,-115.9167,1.63581150423913e-11
40.20833,-113.8333,3.2146770827405e-11
40.20833,-113.6667,3.31555608996885e-11
40.20833,-113,4.59737461010658e-11
40.20833,-111.5,2.13447094021138e-10
40.20833,-111.4167,1.58311149304812e-10
40.20833,-107.5,5.07776129029194e-11
40.20833,-107.3333,5.70291581978368e-11
40.20833,-106.7917,1.19554824691246e-10
40.20833,-105.9167,1.16230678021895e-10
40.20833,-105.75,1.23330879442148e-10
40.20833,-104.875,6.58516589913168e-10
40.20833,-103.7083,1.55956231446503e-10
40.20833,-103,3.36149921533921e-11
40.20833,-102.3333,2.82262252300852e-11
40.20833,-101.7083,2.87381885763872e-11
40.20833,-100.9583,3.64406247828293e-11
40.20833,-100.7917,4.16477408172014e-11
40.20833,-100.4583,5.58823071057651e-11
40.20833,-98.95833,7.88837452093078e-11
40.20833,-98.54167,8.22921920163286e-11
40.20833,-97.875,7.60776252010386e-11
40.20833,-97.16667,1.00929200936095e-10
40.20833,-94.70833,2.60133610524795e-10
40.20833,-93.5,1.44891605858293e-10
40.20833,-93.08333,4.02094072564027e-10
40.20833,-91.58333,5.51088258653118e-10
40.20833,-91.45833,3.1801980528596e-10
40.20833,-90.41667,1.80950936983084e-10
40.20833,-89.375,4.55772688875782e-10
40.20833,-89.125,4.3032426154973e-10
40.20833,-89.08333,3.94795362336137e-10
40.20833,-88.16667,7.70810126464087e-10
40.20833,-87.45833,2.43517857330269e-10
40.20833,-87.20833,3.39928364638434e-10
40.20833,-85.375,4.684462174102e-09
40.20833,-85.20833,9.76272044183039e-10
40.20833,-80.875,6.35015198410095e-10
40.20833,-80.33333,1.34520571137587e-09
40.20833,-78.5,8.38618621008819e-10
40.20833,-76.875,1.86204456509908e-08
40.20833,-76.75,2.58471126884646e-08
40.20833,-76.66667,4.57988961871597e-09
40.20833,-76.125,9.28500913884838e-09
40.20833,-75.95833,3.84227343538814e-09
40.20833,-75.70833,4.46264328581359e-09
40.16667,-123.75,6.55879233344084e-11
40.16667,-122.9167,2.66767865859574e-11
40.16667,-121.8333,3.50069166210564e-11
40.16667,-120.7083,3.30461853707967e-11
40.16667,-119.9583,9.79452086858815e-11
40.16667,-116.375,1.59742631409387e-11
40.16667,-112.9583,4.46939060327183e-11
40.16667,-109.875,4.72959957849333e-11
40.16667,-108.9583,4.50642599125542e-11
40.16667,-108.25,3.61587975272438e-11
40.16667,-108,3.90794431817329e-11
40.16667,-107.0417,5.9448038191948e-11
40.16667,-104.2917,1.03143287546726e-10
40.16667,-101.25,3.05406631190401e-11
40.16667,-100.2083,5.49649165620622e-11
40.16667,-99.83333,4.67671408855523e-11
40.16667,-98.45833,9.28770882517823e-11
40.16667,-97.875,8.63436125534704e-11
40.16667,-96.08333,1.0051897662451e-10
40.16667,-95.375,1.23584409788788e-10
40.16667,-93.45833,1.76682826723097e-10
40.16667,-92.54167,1.23631612705112e-09
40.16667,-91.75,1.93549432768107e-10
40.16667,-89.66667,4.09090794522074e-10
40.16667,-87.95833,6.92726482121676e-10
40.16667,-86.58333,4.12488881920731e-10
40.16667,-85.29167,1.20502691293563e-09
40.16667,-84.91667,1.06584764930637e-09
40.16667,-83.41667,7.19507466558624e-10
40.16667,-83.29167,1.2919315335566e-09
40.16667,-81.20833,4.58155729971967e-10
40.16667,-80.125,2.67696573192747e-09
40.16667,-78.16667,5.99763432874955e-10
40.16667,-77.5,1.61229006519948e-09
40.16667,-75.16667,1.50639955749365e-08
40.125,-123.75,7.32651344368763e-11
40.125,-123.5,4.17974628327738e-11
40.125,-122.8333,2.79569566349957e-11
40.125,-122,8.12939329707276e-11
40.125,-118.25,3.13289326457079e-11
40.125,-116.1667,1.58017388910982e-11
40.125,-115.625,3.39777305804708e-11
40.125,-115.4167,1.65927669118954e-11
40.125,-113.5833,3.32837508824647e-11
40.125,-112.375,2.92514204846461e-10
40.125,-112.0833,2.83159054473808e-10
40.125,-111.8333,4.32717580875282e-10
40.125,-109.5,5.08318171872649e-11
40.125,-108.5833,3.70736565752482e-11
40.125,-105.9583,1.39363255230167e-10
40.125,-105.5833,2.87101502201411e-10
40.125,-105.0833,6.91595778983097e-09
40.125,-102.1667,2.93700110676728e-11
40.125,-101.1667,3.26242826282346e-11
40.125,-100.8333,4.04223099688199e-11
40.125,-99.91667,4.47030441142285e-11
40.125,-99.375,1.14392899329291e-10
40.125,-99.25,1.04970817217567e-10
40.125,-97.91667,8.17519817213575e-11
40.125,-96.95833,1.54965236799015e-10
40.125,-96.79167,2.74297758474484e-10
40.125,-95.79167,1.2303866689394e-10
40.125,-93.41667,2.10231185809518e-10
40.125,-93,1.63670114889048e-10
40.125,-92.25,2.12121874674027e-10
40.125,-92,1.26712492458876e-10
40.125,-89.58333,4.19122883964243e-10
40.125,-88.83333,2.74967376282592e-10
40.125,-88.45833,1.29616754159793e-09
40.125,-88.08333,1.26994736448118e-09
40.125,-87.875,5.1400522691758e-10
40.125,-87.16667,4.07010451707172e-10
40.125,-87,3.40857723925311e-10
40.125,-85.95833,7.81907752648636e-10
40.125,-85.29167,1.14575384413494e-09
40.125,-84.66667,1.18024809889728e-09
40.125,-84.54167,6.75485293259445e-10
40.125,-84.41667,8.65585895857377e-10
40.125,-84,8.9705797267678e-10
40.125,-83.66667,6.32769490262206e-10
40.125,-83.45833,6.01169987732043e-10
40.125,-83.375,9.65054838335938e-10
40.125,-82.75,2.33994499215495e-09
40.125,-82.70833,2.14801799100807e-09
40.125,-80.91667,4.14184173296936e-10
40.125,-79,9.9289419753083e-10
40.125,-78.625,7.90526729649109e-10
40.125,-78.08333,7.28425508085638e-10
40.125,-76.45833,2.82657481369218e-09
40.125,-74.16667,6.12360302818937e-09
40.08333,-124.1667,3.72891604188217e-11
40.08333,-123.7917,7.2104373211119e-11
40.08333,-123.5833,7.07983379433766e-11
40.08333,-122.9583,2.54075213569333e-11
40.08333,-122,1.00968143247813e-10
40.08333,-121.9583,4.13097074953243e-11
40.08333,-121.9167,3.91590139532584e-11
40.08333,-119.7917,7.75623347246866e-11
40.08333,-119.6667,3.71339233229012e-11
40.08333,-119.3333,2.83964704684099e-11
40.08333,-119.2083,2.79148766992524e-11
40.08333,-117.5417,1.81321537324589e-11
40.08333,-117.1667,4.18185325314083e-11
40.08333,-115.6667,1.64508054623128e-11
40.08333,-115.125,1.65631828904285e-11
40.08333,-113.5833,3.23463181606669e-11
40.08333,-113.5,3.54182863087642e-11
40.08333,-113.4167,3.95833284064343e-11
40.08333,-112.9167,4.1177688433904e-11
40.08333,-110.125,3.10477811853859e-11
40.08333,-109.875,4.63732623227634e-11
40.08333,-109.8333,4.89021029426954e-11
40.08333,-109.4583,4.83737711055605e-11
40.08333,-109,4.52194277479702e-11
40.08333,-108.625,3.78661092860588e-11
40.08333,-107.8333,4.23967573417637e-11
40.08333,-107.7083,4.36972322155283e-11
40.08333,-107.4583,4.92072142793066e-11
40.08333,-104.375,1.18352738692059e-10
40.08333,-104.0833,1.34094037377298e-10
40.08333,-103.9167,1.13983962858581e-10
40.08333,-102.625,3.84400230291951e-11
40.08333,-102.125,2.99151835659476e-11
40.08333,-101.9167,3.08136482680282e-11
40.08333,-100.7083,5.1827583691892e-11
40.08333,-99.45833,1.36505924488036e-10
40.08333,-98.95833,7.21360869276705e-11
40.08333,-98.91667,6.16600157900672e-11
40.08333,-98.20833,7.20737326393396e-11
40.08333,-98.16667,7.44872271074383e-11
40.08333,-96.29167,7.798527456704e-11
40.08333,-95.875,1.17876426585502e-10
40.08333,-95.08333,1.79623151153459e-10
40.08333,-93.08333,1.37088422118178e-10
40.08333,-92.29167,1.10968141762031e-10
40.08333,-92.125,1.0110571044878e-10
40.08333,-91.5,4.69269061575815e-10
40.08333,-91.29167,4.99027718986504e-10
40.08333,-91,3.03145789549561e-10
40.08333,-90.95833,2.82312387819935e-10
40.08333,-88.79167,3.4501219290647e-10
40.08333,-87.95833,4.55264317759005e-10
40.08333,-87,8.28665861232605e-10
40.08333,-85.875,1.18239555906114e-09
40.08333,-84.83333,3.96294678715947e-10
40.08333,-84.08333,8.84429015622203e-10
40.08333,-83.91667,1.16004900652506e-09
40.08333,-83,1.14499985500713e-08
40.08333,-82.91667,1.60314336895313e-08
40.08333,-82,4.48045814754967e-10
40.08333,-80.83333,9.94765286933721e-10
40.08333,-80.66667,2.29839805895313e-09
40.08333,-80.33333,6.98283983864631e-10
40.08333,-79.66667,1.6491995596887e-09
40.08333,-78.875,8.0673512943066e-10
40.08333,-76.91667,1.64251697812893e-09
40.04167,-123.9583,7.25581589116846e-11
40.04167,-123.7917,7.16469657496912e-11
40.04167,-121.25,4.73131099505197e-11
40.04167,-121.2083,4.8632737527246e-11
40.04167,-121,3.74540503980199e-11
40.04167,-120.8333,3.37434599327453e-11
40.04167,-118.6667,3.72206914771733e-11
40.04167,-118.2917,3.50727674008958e-11
40.04167,-117.5417,1.8312818729179e-11
40.04167,-114.6667,3.69489258711975e-11
40.04167,-113.0417,3.91332557863875e-11
40.04167,-106.9583,2.89050746911558e-11
40.04167,-105.2083,6.91340642641185e-09
40.04167,-104.875,2.21204778675317e-09
40.04167,-104.5,2.64622943364127e-10
40.04167,-103.8333,2.98721957138057e-10
40.04167,-103.375,4.2233552791463e-11
40.04167,-103.3333,4.08748320074742e-11
40.04167,-101.7083,3.48573593951586e-11
40.04167,-101.5417,3.55343786858359e-11
40.04167,-101.0833,3.77894443540712e-11
40.04167,-98.875,6.20597307265011e-11
40.04167,-97.41667,8.37138166745985e-11
40.04167,-97.125,1.02885909366472e-10
40.04167,-97.08333,1.07139929599316e-10
40.04167,-96.91667,1.36624770780014e-10
40.04167,-93.04167,1.51865633793133e-10
40.04167,-92.5,3.10234524106402e-10
40.04167,-92.20833,8.82771950107695e-11
40.04167,-91.625,3.34754373884598e-10
40.04167,-90.70833,1.33707509348036e-10
40.04167,-90.5,2.40843828361505e-10
40.04167,-90.41667,2.25141808523264e-10
40.04167,-89.95833,3.66575324195133e-10
40.04167,-89.875,1.23667239957514e-09
40.04167,-89.54167,6.7388985144494e-10
40.04167,-89.33333,5.36463674795036e-10
40.04167,-88.70833,3.30144841222893e-10
40.04167,-86.20833,2.94229557587846e-09
40.04167,-85.91667,8.32636652094798e-10
40.04167,-84.58333,7.96317892951315e-10
40.04167,-84.41667,7.24002696206208e-10
40.04167,-83.16667,9.56909582130228e-09
40.04167,-82.16667,7.99455060316523e-10
40.04167,-81.66667,5.41165398666812e-10
40.04167,-79.66667,1.719639567827e-09
40.04167,-79.29167,5.47524767184472e-10
40.04167,-77.75,9.29276474536657e-10
40.04167,-77.375,1.0683658069883e-09
40.04167,-77.33333,9.40155533138703e-10
40.04167,-74.5,3.62226360475217e-09
40,-122.625,5.86447659990197e-11
40,-122.0833,2.26564034990716e-10
40,-121.375,5.70468458420311e-11
40,-120.7917,3.41077040998828e-11
40,-120.4167,6.25729046440467e-11
40,-118.125,2.91407490063073e-11
40,-113.625,2.90921506056071e-11
40,-113.5,3.22369437692801e-11
40,-112,1.64251893479556e-10
40,-111.5417,8.55300372547906e-10
40,-110.7083,5.54222054799991e-11
40,-110.625,5.49637071554174e-11
40,-110.5417,5.51287976235551e-11
40,-107.375,5.12771015752847e-11
40,-107.2083,9.50952388750957e-11
40,-105.9583,1.51201684480576e-10
40,-102.625,3.86537000830032e-11
40,-102.0417,3.0389116120343e-11
40,-100.2917,6.09509414032947e-11
40,-98.33333,8.42467618821619e-11
40,-97.45833,9.34834857877243e-11
40,-97.04167,1.14561029194246e-10
40,-96.20833,9.93294127984855e-11
40,-95.875,1.34039057622987e-10
40,-95.83333,1.33345889181574e-10
40,-94.08333,1.45505633463631e-10
40,-93.08333,1.46345617474348e-10
40,-91.58333,5.65275750198471e-10
40,-91.5,6.88146424143373e-10
40,-91.45833,7.65207911603332e-10
40,-91.41667,7.56568792509316e-10
40,-91.16667,5.73374469173919e-10
40,-90.41667,2.45631745573407e-10
40,-88.58333,5.61564887380288e-10
40,-88.54167,5.94386622227503e-10
40,-87.70833,6.15159548485021e-10
40,-86.04167,6.16754433639442e-09
40,-85.5,9.20824709570626e-10
40,-85.29167,8.49746898496649e-10
40,-82.58333,1.92861917485104e-09
40,-81.79167,4.97736314177601e-10
40,-80.45833,4.86463840425963e-10
40,-79.70833,1.47285977722291e-09
40,-79.25,5.9750308186455e-10
40,-78.20833,4.63517573234357e-10
40,-77.41667,1.31693116825604e-09
40,-75.33333,2.29243709260163e-08
40,-74.16667,1.08398763450951e-08
39.95833,-123.4583,3.28872878508785e-11
39.95833,-122.75,2.88954680823906e-11
39.95833,-120.0833,1.1211791016221e-10
39.95833,-119.7083,7.4707737205669e-11
39.95833,-118.1667,3.1374491482106e-11
39.95833,-117.375,4.3996943364541e-11
39.95833,-116.6667,2.55567442973666e-11
39.95833,-114.25,2.16137590439987e-11
39.95833,-113.9583,3.52642751141507e-11
39.95833,-113.375,3.33381754598427e-11
39.95833,-113.2083,3.5213134030064e-11
39.95833,-112.2917,1.15188889421874e-10
39.95833,-111.375,9.75211207307959e-11
39.95833,-110.4167,3.13071473655023e-11
39.95833,-107.3333,5.45253583901011e-11
39.95833,-107.125,1.03535178114021e-10
39.95833,-106.75,6.54062533893266e-11
39.95833,-105.3333,1.35159221525856e-09
39.95833,-104.625,1.60633189673509e-09
39.95833,-103.8333,8.42067982341473e-11
39.95833,-102.625,3.88150889390838e-11
39.95833,-101.3333,3.72321285129337e-11
39.95833,-100.125,5.50843915766423e-11
39.95833,-98.70833,5.09156664705965e-11
39.95833,-98.125,4.71967148806056e-11
39.95833,-96.54167,1.52544886358934e-10
39.95833,-95.83333,3.11323540016674e-10
39.95833,-95,3.74733176603729e-10
39.95833,-93.16667,1.77304648493364e-10
39.95833,-93.125,1.80308312149867e-10
39.95833,-91.79167,2.41551492656526e-10
39.95833,-89.58333,1.7679604963334e-09
39.95833,-88.16667,7.47184971234262e-10
39.95833,-86.91667,3.24202134676769e-10
39.95833,-85.25,8.12639484327539e-10
39.95833,-85.04167,5.82528149531541e-10
39.95833,-82.54167,1.11393947883002e-09
39.95833,-82.375,1.01410408867458e-09
39.95833,-80.29167,5.20499892979878e-10
39.95833,-80.20833,4.98836717237291e-10
39.95833,-80.16667,5.49689720816763e-10
39.95833,-79.58333,9.99211156578248e-10
39.95833,-79.29167,4.25721595626842e-10
39.95833,-79.125,8.26640353761773e-10
39.95833,-78.79167,4.782217504451e-10
39.95833,-78.5,2.72230208781564e-10
39.95833,-75.25,4.18196655481053e-08
39.95833,-74.70833,3.08905611764074e-09
39.95833,-74.66667,2.65901635984705e-09
39.95833,-74.54167,3.80248583246119e-09
39.91667,-123.0417,2.42775174727606e-11
39.91667,-122.8333,2.68656303841385e-11
39.91667,-122.75,2.84115801113191e-11
39.91667,-121.8333,8.52395329709609e-11
39.91667,-121.4167,1.99747140267559e-10
39.91667,-121,8.84405676361587e-11
39.91667,-120.625,5.5664850674487e-11
39.91667,-119.9583,1.03276753037049e-10
39.91667,-119.625,6.46351918325073e-11
39.91667,-117.9583,2.41978163476732e-11
39.91667,-117.75,2.00590493991134e-11
39.91667,-116.0833,3.17213866453295e-11
39.91667,-115.9583,3.172423869458e-11
39.91667,-115.6667,1.66270171689862e-11
39.91667,-113.75,3.69147921570812e-11
39.91667,-113.3333,3.18742655953916e-11
39.91667,-112.125,1.12463335785944e-10
39.91667,-112,1.85867960296769e-10
39.91667,-111.1667,7.49153343027125e-11
39.91667,-109.625,2.52000446066413e-11
39.91667,-109.3333,2.40877688718483e-11
39.91667,-107.4583,5.42996558696343e-11
39.91667,-105.9583,1.9130282972375e-10
39.91667,-105.8333,2.10590449738086e-10
39.91667,-104.4583,3.16842916209429e-10
39.91667,-103.75,7.84359076189127e-11
39.91667,-101.4583,3.71731220107946e-11
39.91667,-101.4167,3.68364849990036e-11
39.91667,-98.75,6.09606594533847e-11
39.91667,-97.375,8.26744872270134e-11
39.91667,-97.25,1.07976291016915e-10
39.91667,-97.16667,9.12575149941783e-11
39.91667,-97.08333,9.64934202217592e-11
39.91667,-95.58333,1.2161590103223e-10
39.91667,-95.16667,2.16112063403461e-10
39.91667,-93.04167,1.90704968453452e-10
39.91667,-92.83333,2.21850494937861e-10
39.91667,-92.5,3.96766991084894e-10
39.91667,-91.54167,7.81182331279452e-10
39.91667,-89.875,5.4322599173198e-10
39.91667,-89.625,3.37294851436771e-09
39.91667,-89.20833,4.31102448894268e-10
39.91667,-86.25,4.47025335367911e-09
39.91667,-81.54167,1.00685021247567e-09
39.91667,-80.83333,3.05046039147464e-10
39.91667,-79.5,6.90638295074387e-10
39.91667,-78.95833,1.19904245374056e-09
39.91667,-78.91667,1.08778456877671e-09
39.91667,-78.79167,4.5346935939144e-10
39.91667,-77.54167,2.31269949043931e-09
39.91667,-77.04167,1.30827451826883e-09
39.91667,-76.95833,1.60662714490857e-09
39.91667,-76.54167,4.32912198388112e-09
39.91667,-75.75,3.18457391112043e-09
39.91667,-74.125,6.47345884893591e-09
39.875,-122.8333,2.69002586220697e-11
39.875,-120.75,3.42334859539203e-11
39.875,-120.4167,1.53037294812868e-10
39.875,-120.1667,3.22321814246184e-10
39.875,-117.9167,2.31114619385857e-11
39.875,-115.5,1.65250332591673e-11
39.875,-114.375,2.01048544648652e-11
39.875,-112.7083,3.25157751664019e-11
39.875,-112.6667,3.31374368256199e-11
39.875,-110.875,3.71925547235148e-11
39.875,-110.5417,3.28168819873186e-11
39.875,-107.5417,5.42632467462068e-11
39.875,-105.4167,1.10810134228586e-09
39.875,-103.3333,3.91900855607031e-11
39.875,-102.5417,4.15225790745199e-11
39.875,-102.0417,3.15701488843957e-11
39.875,-101.9167,3.37044460671198e-11
39.875,-100.2917,6.29943311326467e-11
39.875,-97.83333,5.1162527625638e-11
39.875,-97.41667,4.66443923246999e-11
39.875,-95.125,3.41436367669596e-10
39.875,-95.04167,4.27176162496341e-10
39.875,-94.08333,3.43264944579006e-10
39.875,-93.95833,2.65408842962945e-10
39.875,-93.83333,2.53960656928818e-10
39.875,-93.75,1.4828936082292e-10
39.875,-93.125,2.50661291917951e-10
39.875,-92,1.3188560840401e-10
39.875,-91.79167,2.39716962353705e-10
39.875,-91.08333,3.93834773808797e-10
39.875,-90.91667,2.66812817278251e-10
39.875,-89.79167,2.6108383168903e-09
39.875,-89.04167,5.8657181477762e-10
39.875,-83.66667,9.05704579641195e-10
39.875,-83.25,1.36640153838525e-09
39.875,-80.41667,2.51281351426434e-10
39.875,-80.25,3.69550180402107e-10
39.875,-78.95833,7.13677194608096e-10
39.875,-78.58333,2.79928826137577e-10
39.875,-78.04167,6.89796925967471e-10
39.875,-77.375,1.08396335273621e-09
39.875,-77.16667,1.55199530610759e-09
39.875,-76.58333,3.18966768186866e-09
39.875,-76.41667,1.19469916373873e-09
39.875,-75.375,3.43816930063302e-08
39.875,-74.29167,1.61911375838965e-09
39.83333,-123.75,5.08292661937934e-11
39.83333,-123.0833,3.82353591256808e-11
39.83333,-122.9167,2.56581459978979e-11
39.83333,-121.8333,3.28265332306941e-10
39.83333,-121.6667,5.81390550937101e-10
39.83333,-121.125,8.60514349943228e-11
39.83333,-120.6667,3.79170231419481e-11
39.83333,-120.4583,2.09066531526627e-10
39.83333,-119.875,1.09497123101e-10
39.83333,-119.5417,8.64216960657919e-11
39.83333,-119.125,5.93412988364023e-11
39.83333,-118.9583,5.75734422856927e-11
39.83333,-118.625,3.50954090167803e-11
39.83333,-117.8333,3.91296495173589e-11
39.83333,-113.9583,3.2010103580045e-11
39.83333,-113.75,2.35502779883313e-11
39.83333,-112.8333,3.06149658015376e-11
39.83333,-109,4.30222113155404e-11
39.83333,-107.6667,5.21770743479815e-11
39.83333,-106,2.19166765060846e-10
39.83333,-105.5417,5.44447880643924e-10
39.83333,-105.375,1.59430831352379e-09
39.83333,-105.0417,2.93183018120258e-08
39.83333,-104.3333,2.1858534613719e-10
39.83333,-103.9583,9.72394545454116e-11
39.83333,-103.8333,8.06490173776635e-11
39.83333,-103.375,3.60284005974198e-11
39.83333,-102.6667,3.93790463482621e-11
39.83333,-101.6667,4.42922283030466e-11
39.83333,-101.5,4.61285311495311e-11
39.83333,-100.5417,1.89076896511548e-10
39.83333,-99.41667,6.14545793022476e-11
39.83333,-98.66667,6.23241447098732e-11
39.83333,-96.16667,3.09784241738572e-10
39.83333,-94.75,1.98696827480593e-09
39.83333,-93.41667,2.22857474994421e-10
39.83333,-93.25,2.10487855320891e-10
39.83333,-91.58333,3.93291700088243e-10
39.83333,-87.58333,3.17331345789253e-10
39.83333,-87.04167,2.80835576754656e-10
39.83333,-85.875,1.70245349209247e-09
39.83333,-84.04167,7.51152692651745e-09
39.83333,-83.66667,8.51960461665634e-10
39.83333,-79.625,1.29521211841764e-09
39.83333,-79.04167,7.10933306082709e-10
39.83333,-78.16667,3.43198211285411e-10
39.83333,-78.04167,7.06202721793285e-10
39.83333,-76.83333,2.21961711741795e-09
39.83333,-76.66667,2.7690806270967e-09
39.83333,-76.5,1.19822140173184e-09
39.83333,-76.45833,1.20797385164341e-09
39.83333,-76,1.58417388996549e-09
39.79167,-123.375,3.70215190133547e-11
39.79167,-123.2917,3.77871609450499e-11
39.79167,-122,2.47682452891328e-10
39.79167,-121.5417,5.05436436152882e-10
39.79167,-119.5833,9.84572271304383e-11
39.79167,-119.5417,9.52831119339136e-11
39.79167,-119.4583,7.45367915543232e-11
39.79167,-119.0833,1.24720104721883e-10
39.79167,-118.7083,3.30205802664035e-11
39.79167,-117.4167,1.96487034364135e-11
39.79167,-117.1667,1.94116492415249e-11
39.79167,-115.5417,1.66498619719889e-11
39.79167,-113.8333,2.21497263051509e-11
39.79167,-112.2083,4.49101868965308e-11
39.79167,-111.2083,1.08292436201825e-10
39.79167,-110.7917,7.60304394066738e-11
39.79167,-110.4167,3.47654974452098e-11
39.79167,-110.2083,3.17802748851763e-11
39.79167,-107.875,1.46337377633705e-10
39.79167,-107.8333,1.48068783163452e-10
39.79167,-107.4167,2.22315466754076e-10
39.79167,-106.3333,4.58574193679086e-10
39.79167,-105.9167,8.7500860927028e-11
39.79167,-105.875,1.76443238708583e-10
39.79167,-105.5417,3.80629196539399e-10
39.79167,-104.0417,1.56766625092244e-10
39.79167,-103.25,4.40304046077559e-11
39.79167,-103.0417,3.88191555134077e-11
39.79167,-102.7917,4.01835356251322e-11
39.79167,-101.625,5.86991549113182e-11
39.79167,-98.58333,5.09383799254138e-11
39.79167,-96.70833,1.39933617714236e-10
39.79167,-94.29167,1.92982930640764e-09
39.79167,-93.79167,1.6273079397926e-10
39.79167,-93.66667,1.82753427446806e-10
39.79167,-92.79167,2.26273505398982e-10
39.79167,-92.125,2.00172718961101e-10
39.79167,-91.625,2.89102798612166e-10
39.79167,-91.375,2.37705375399567e-09
39.79167,-91.33333,2.8120779868883e-09
39.79167,-90.375,3.68430430525827e-10
39.79167,-90.04167,4.82539021485378e-10
39.79167,-89.91667,6.08988346686485e-10
39.79167,-89.54167,3.1853314068813e-09
39.79167,-89.41667,1.31065262666643e-09
39.79167,-88.29167,3.94097764740127e-10
39.79167,-86.75,7.55764320214452e-10
39.79167,-86.125,1.44033812101083e-08
39.79167,-82.625,3.99473769997897e-09
39.79167,-82.125,7.56261958429034e-10
39.79167,-81.58333,3.65639409325326e-10
39.79167,-80.95833,2.67565249138038e-10
39.79167,-80.91667,3.14010795377335e-10
39.79167,-80.5,3.03704488977544e-10
39.79167,-79.91667,9.26014311805051e-10
39.79167,-79.875,1.31223425580649e-09
39.79167,-78.66667,4.81942444843162e-10
39.79167,-77.58333,2.73352948284858e-09
39.79167,-76.70833,2.80810859198194e-09
39.79167,-75.125,2.46955044340288e-08
39.79167,-75.04167,1.83965152964447e-08
39.75,-123.125,3.95945214743963e-11
39.75,-122.7083,2.95127223017684e-11
39.75,-121.75,4.02238637688874e-10
39.75,-121.5,5.03014481305803e-10
39.75,-121.4167,7.81114135464888e-11
39.75,-121.375,7.44180921084372e-11
39.75,-120.5,1.09047972069276e-10
39.75,-120.375,7.44695752556909e-11
39.75,-120.3333,7.31719373415577e-11
39.75,-120.0833,4.12786635500217e-10
39.75,-120,1.94907209659779e-10
39.75,-118.5833,3.32660725229623e-11
39.75,-118.0833,2.61320527001655e-11
39.75,-118.0417,2.50657309737064e-11
39.75,-117.9583,2.31801735229347e-11
39.75,-117.75,3.82445940347955e-11
39.75,-117.7083,3.77935300777347e-11
39.75,-116.25,1.70108258332464e-11
39.75,-115.5833,1.6817494323539e-11
39.75,-114.8333,3.51582049060563e-11
39.75,-114.7917,3.55302164156504e-11
39.75,-112.3333,3.8503781421456e-11
39.75,-112,1.00818231049751e-10
39.75,-111.375,1.69041199383724e-10
39.75,-111.2917,6.10477417074498e-11
39.75,-110.7917,8.44690432841748e-11
39.75,-110.7083,8.13571378184298e-11
39.75,-109.9167,2.77785815903198e-11
39.75,-109.8333,2.65992792595352e-11
39.75,-109.4583,2.30193358103346e-11
39.75,-108.9583,4.33290422110056e-11
39.75,-107.7083,1.58321811321203e-10
39.75,-103.125,3.32564812899946e-11
39.75,-102.8333,2.72770655564513e-11
39.75,-99.16667,4.65829839232118e-11
39.75,-98.91667,4.70833015310616e-11
39.75,-96.75,1.39966727865022e-10
39.75,-95.625,1.15732297128634e-10
39.75,-95.375,2.80933297021668e-10
39.75,-95.20833,4.74982511920034e-10
39.75,-94.91667,4.78685607399847e-09
39.75,-93.58333,1.83331499966943e-10
39.75,-93.04167,6.47304057048208e-10
39.75,-92.375,2.98533051918339e-10
39.75,-90.08333,4.4947138351963e-10
39.75,-89.58333,3.26959435701405e-09
39.75,-88.5,6.28270753298306e-10
39.75,-87.79167,1.9661623627365e-10
39.75,-84.75,5.24755206878721e-10
39.75,-82.29167,1.27337406269864e-09
39.75,-81.70833,3.81055677095235e-10
39.75,-81,3.08705702335728e-10
39.75,-80.75,2.71009745525481e-10
39.75,-79.45833,5.45700337610278e-10
39.75,-79.125,7.77673668517248e-10
39.75,-78.625,4.25609530966414e-10
39.75,-77.5,9.31091506854265e-10
39.75,-75.70833,1.18926337082688e-08
39.70833,-123.6667,7.00874837945584e-11
39.70833,-121.0833,3.43804302058269e-11
39.70833,-120.75,3.47305953156248e-11
39.70833,-120.5,1.00604622590292e-10
39.70833,-118.5,3.22125445955518e-11
39.70833,-116.2917,3.28913884547329e-11
39.70833,-111.5833,1.76137588814615e-10
39.70833,-110.0417,3.02769755596369e-11
39.70833,-104.2083,2.00941346746052e-10
39.70833,-101.7917,3.89627831311624e-11
39.70833,-100.7917,4.08725294725576e-11
39.70833,-98.625,4.68674185059488e-11
39.70833,-97.29167,9.16782743497829e-11
39.70833,-95.375,2.81419521969499e-10
39.70833,-92.79167,2.27805942278654e-10
39.70833,-91.95833,2.41036586768695e-10
39.70833,-90.29167,4.73653694401533e-09
39.70833,-88.54167,5.4777467568035e-10
39.70833,-88.16667,2.83893004568362e-10
39.70833,-87.375,8.74797788362708e-10
39.70833,-87.125,4.43963946449359e-10
39.70833,-86.70833,6.91309388494562e-10
39.70833,-86.5,3.89687136577248e-09
39.70833,-85.5,6.0417949019021e-10
39.70833,-85.41667,5.25932265294886e-10
39.70833,-84.66667,2.58084098495395e-09
39.70833,-84.5,1.43769542716757e-09
39.70833,-81.08333,4.50817482658792e-10
39.70833,-79.91667,1.31992600561938e-09
39.70833,-78.25,5.39253084506825e-10
39.70833,-75.83333,3.29888319740293e-09
39.70833,-75.79167,9.8120150082659e-09
39.70833,-75.58333,3.8449619448997e-08
39.70833,-75.125,1.01869067338127e-08
39.70833,-74.16667,1.58377516492202e-08
39.66667,-120.9583,3.4548775964465e-11
39.66667,-120.7917,3.38263314091007e-11
39.66667,-117.9167,4.03495706295417e-11
39.66667,-116,3.73692458254355e-11
39.66667,-115.8333,3.59678018252225e-11
39.66667,-114.875,3.52985795950457e-11
39.66667,-113.8333,2.07989155687254e-11
39.66667,-113.625,2.16673723230342e-11
39.66667,-111.5833,9.06185898596581e-11
39.66667,-111.5417,8.72311275054748e-11
39.66667,-110.4583,4.24448273657353e-11
39.66667,-110.125,3.2675257446871e-11
39.66667,-108.0417,5.20081670975563e-11
39.66667,-107.5,1.69239834335258e-10
39.66667,-106.7917,3.45360427022989e-10
39.66667,-106.2917,2.82471828959399e-10
39.66667,-103.8333,1.20936191941271e-10
39.66667,-102.75,2.80711323823916e-11
39.66667,-101.7083,3.97320006954387e-11
39.66667,-101.4167,4.17537410930367e-11
39.66667,-99.58333,4.38620331792377e-11
39.66667,-98.33333,6.94111181872774e-11
39.66667,-97.625,6.62569075244859e-11
39.66667,-97.125,1.09653748702592e-10
39.66667,-94.95833,8.42194093532754e-10
39.66667,-94.625,6.13863499627906e-10
39.66667,-94.375,4.39803945562598e-10
39.66667,-92.45833,4.31068245203699e-10
39.66667,-91.5,9.75978952265643e-10
39.66667,-90.41667,3.55927430430185e-10
39.66667,-89.54167,1.14740492953568e-09
39.66667,-89.04167,3.75666948089519e-10
39.66667,-85.25,5.75177484455684e-10
39.66667,-80.375,3.77412491110912e-10
39.66667,-80.29167,3.56175360948491e-10
39.66667,-79.54167,4.92117109083559e-10
39.66667,-77.45833,8.29781286494616e-10
39.66667,-77,3.41868741082711e-09
39.66667,-75.79167,1.36333114152588e-08
39.66667,-74.5,2.31400537772265e-10
39.66667,-74.29167,1.65590638281807e-08
39.625,-123.7083,3.67650554167883e-11
39.625,-119.75,2.70249190903452e-10
39.625,-119.4167,9.7104436307344e-11
39.625,-118.7083,1.38977531847528e-10
39.625,-118.375,2.94626454776936e-11
39.625,-117.2917,2.16355476201351e-11
39.625,-117.0417,3.46615312921979e-11
39.625,-116.4583,1.63625063033985e-11
39.625,-116.1667,1.8523404144667e-11
39.625,-115.5417,1.66676248325732e-11
39.625,-115.375,1.59642177478918e-11
39.625,-115.3333,1.58340785311571e-11
39.625,-114.9167,3.52779463613272e-11
39.625,-114.7083,3.69112975300961e-11
39.625,-112.0833,7.79537664779967e-11
39.625,-110.5,4.7109688066663e-11
39.625,-109,4.69805334478176e-11
39.625,-107.3333,1.51784274564717e-10
39.625,-106.0417,4.902699668794e-10
39.625,-105.7917,2.52159393507507e-10
39.625,-104.1667,1.74834402363321e-10
39.625,-103.625,4.60129252384132e-11
39.625,-101.75,3.63370429245684e-11
39.625,-101.375,3.87073224539231e-11
39.625,-100.7083,3.70302562702684e-11
39.625,-100.25,4.30342287778312e-11
39.625,-99.875,4.22701012891355e-11
39.625,-97.33333,8.78383694651469e-11
39.625,-96.83333,8.08731320127499e-11
39.625,-96.75,1.3881898703314e-10
39.625,-95.375,2.30852153201038e-10
39.625,-94.79167,1.00986399528062e-09
39.625,-94.33333,4.16058223200608e-10
39.625,-94.25,4.69148195706874e-10
39.625,-91.45833,6.2893378762483e-10
39.625,-90.54167,2.49359767999784e-10
39.625,-90.08333,4.31207153739998e-10
39.625,-90,3.67408330385975e-10
39.625,-89.625,2.30207918801502e-09
39.625,-87.41667,1.0802392425355e-09
39.625,-86.95833,5.13220307812215e-10
39.625,-86.25,4.1617024111495e-09
39.625,-85.33333,3.43125911713478e-10
39.625,-84.79167,3.58892148347429e-10
39.625,-83.45833,2.89232451808088e-10
39.625,-83.08333,4.64677213622237e-10
39.625,-82.04167,5.99269644054517e-10
39.625,-81.95833,5.07388733660542e-10
39.625,-80.70833,2.53071766389652e-10
39.625,-79.95833,7.20218125704923e-09
39.625,-79.41667,5.63197121667641e-10
39.625,-75.45833,1.21008549837795e-09
39.625,-75.20833,1.56152569036465e-09
39.625,-74.25,1.63077413805778e-08
39.625,-74.16667,6.25104704798014e-09
39.58333,-123.625,3.89883517041204e-11
39.58333,-123.0417,2.78025971437519e-11
39.58333,-121.5,4.26485500021426e-10
39.58333,-121.4167,4.49930559154275e-10
39.58333,-120.0833,1.37559444617891e-10
39.58333,-117.7917,3.89222053086066e-11
39.58333,-117.375,3.41517322336437e-11
39.58333,-116.9167,3.27286015185124e-11
39.58333,-113.75,2.01081058396751e-11
39.58333,-113.625,2.06270612031274e-11
39.58333,-112,7.80390590746514e-11
39.58333,-105.5,5.47585703228157e-10
39.58333,-104.0417,1.02521947795247e-10
39.58333,-101,4.11511001454704e-11
39.58333,-100.7917,4.433647331916e-11
39.58333,-100.5833,3.75363904567413e-11
39.58333,-99.83333,4.29980707851609e-11
39.58333,-99.29167,4.06959349720353e-11
39.58333,-98.25,5.74667840019967e-11
39.58333,-96.75,1.92877420009146e-10
39.58333,-95.625,1.98345557526073e-10
39.58333,-95.58333,1.67887083432382e-10
39.58333,-94.41667,4.31621237718433e-10
39.58333,-94.33333,4.53155717894665e-10
39.58333,-93.29167,1.64463408732204e-10
39.58333,-93.08333,1.48708918846958e-10
39.58333,-92.04167,1.45806355984488e-10
39.58333,-90.83333,2.07654203300128e-10
39.58333,-89.20833,3.45450709901316e-10
39.58333,-88.29167,4.28871570515153e-10
39.58333,-87.58333,4.58541722434705e-10
39.58333,-86.875,5.99568095947779e-10
39.58333,-86.83333,5.29340443691396e-10
39.58333,-84.125,3.71230693062592e-09
39.58333,-84.08333,2.29143842746651e-09
39.58333,-82.91667,1.46828064143424e-09
39.58333,-82.375,8.53747960890045e-10
39.58333,-82.04167,6.78384165321358e-10
39.58333,-81.04167,3.81273242660885e-10
39.58333,-80.95833,8.33812383442932e-10
39.58333,-80.66667,3.14742280201608e-10
39.58333,-80.54167,2.82234475254731e-10
39.58333,-80.45833,2.57307450414149e-10
39.58333,-79.41667,1.10829711382188e-09
39.58333,-79.25,8.10926514503245e-10
39.58333,-77.125,2.23917213864926e-09
39.58333,-74.54167,2.26304826214586e-09
39.54167,-123.0417,2.90433990722467e-11
39.54167,-121.6667,7.00973467423809e-10
39.54167,-121.4583,4.82220613775503e-10
39.54167,-121.0417,1.25425439678813e-10
39.54167,-118.5417,6.77199292840473e-11
39.54167,-116.7917,2.98306938953277e-11
39.54167,-114.6667,3.78365903093151e-11
39.54167,-114.4583,1.94328570344223e-11
39.54167,-114.125,1.93950721464656e-11
39.54167,-113.375,2.19280060772463e-11
39.54167,-111.75,1.17430492900442e-10
39.54167,-111.2917,4.74305053707442e-11
39.54167,-109.9583,3.09791318195872e-11
39.54167,-109.8333,2.83973155757533e-11
39.54167,-107.3333,1.2154688667269e-09
39.54167,-107.2083,4.5257697786549e-10
39.54167,-106.9583,2.87678637521721e-10
39.54167,-106.2083,2.21235689132098e-10
39.54167,-105.6667,1.28326742165802e-10
39.54167,-105.4167,4.38608702079381e-10
39.54167,-105.375,2.06934662627185e-09
39.54167,-103.5417,6.10215960558265e-11
39.54167,-102.5,2.70542748988202e-11
39.54167,-101.5,4.54532426581378e-11
39.54167,-101.2917,3.82567541636604e-11
39.54167,-100,4.22168845395964e-11
39.54167,-99.25,4.34166890791944e-11
39.54167,-96.66667,1.98817320235365e-10
39.54167,-95.25,7.31354972568602e-10
39.54167,-93,1.50894443313082e-10
39.54167,-92.125,1.7818425053515e-10
39.54167,-91.66667,1.94067744183296e-10
39.54167,-91.08333,2.0290078348873e-10
39.54167,-89.45833,5.7817455800623e-10
39.54167,-88.66667,4.06272420237589e-10
39.54167,-88.16667,4.99007088536571e-10
39.54167,-87.875,3.29682598452047e-10
39.54167,-87.66667,8.2996812575641e-10
39.54167,-87.45833,1.07370930581351e-09
39.54167,-87.41667,1.12588349475545e-09
39.54167,-87.29167,1.85631405675116e-09
39.54167,-86.16667,4.66393338904453e-09
39.54167,-85.45833,3.49774540146162e-10
39.54167,-85.25,5.14125673816694e-10
39.54167,-84.83333,4.74858206646906e-10
39.54167,-84.33333,4.09671178574145e-09
39.54167,-83.33333,3.21514210003731e-10
39.54167,-83,1.28025039441255e-09
39.54167,-81.95833,4.5889492518024e-10
39.54167,-81.54167,8.167883200689e-10
39.54167,-79.79167,9.3843602562456e-10
39.54167,-79.33333,1.06116151543799e-09
39.54167,-76.79167,2.62823704997288e-09
39.54167,-75.45833,2.05049611971086e-09
39.54167,-74.33333,2.46464834944944e-09
39.5,-123.375,2.04093189091224e-10
39.5,-123,5.74540451033134e-11
39.5,-121.625,6.75908215962365e-10
39.5,-117.2917,3.71735501149686e-11
39.5,-117.0833,5.09185353823178e-11
39.5,-114.4167,1.93402175282324e-11
39.5,-113.875,1.92146352823237e-11
39.5,-112.9167,2.60915290237457e-11
39.5,-112.75,2.87203604640044e-11
39.5,-108.2917,6.09891746710898e-11
39.5,-107.1667,5.72312943711177e-10
39.5,-106.625,2.47586726136216e-10
39.5,-105.875,5.84648861401455e-10
39.5,-104.8333,6.32315897488214e-09
39.5,-104.2917,1.28842962695586e-10
39.5,-99.875,4.60167000962184e-11
39.5,-99.58333,4.12974236900365e-11
39.5,-97.16667,1.22370414202743e-10
39.5,-94.45833,4.36175841921417e-10
39.5,-94.16667,3.5579847742314e-10
39.5,-92.95833,1.2894596820826e-10
39.5,-91.08333,1.22175886626978e-10
39.5,-91,1.78589388488243e-10
39.5,-90.41667,2.43552714097322e-10
39.5,-90.20833,2.3661319944339e-10
39.5,-89.58333,7.0807292559804e-10
39.5,-89,2.99736939929128e-10
39.5,-88.70833,3.36338307821643e-10
39.5,-87.79167,4.21344077108977e-10
39.5,-87.66667,7.45925821401262e-10
39.5,-84.54167,1.12019101184134e-09
39.5,-82.25,5.41262675258764e-10
39.5,-80,1.05797610722507e-09
39.5,-79.83333,1.42237243976693e-09
39.5,-79.25,6.68933299766353e-10
39.5,-78.66667,5.97968277637332e-10
39.5,-78.58333,1.89446740875948e-10
39.5,-76.875,6.07332925005853e-09
39.5,-76.83333,7.34122399733433e-09
39.5,-75.875,2.85927026960652e-09
39.45833,-120.7917,3.83372608916758e-11
39.45833,-120.5833,7.45455420191831e-11
39.45833,-120.3333,5.3605299321035e-11
39.45833,-120.2083,6.88411673119355e-11
39.45833,-118.7083,6.69860514547675e-10
39.45833,-118.3333,3.05217712798818e-11
39.45833,-117.5,3.41439720092066e-11
39.45833,-115.875,4.0473119374613e-11
39.45833,-115.4583,1.57839794355637e-11
39.45833,-113.7083,1.8879412885505e-11
39.45833,-113.4167,2.06004464171961e-11
39.45833,-112.875,2.63724980875491e-11
39.45833,-110.9583,1.49530305794121e-10
39.45833,-109.9583,3.23542446792777e-11
39.45833,-109.9167,3.14196519924568e-11
39.45833,-109.4167,2.44369416346317e-11
39.45833,-109.25,2.55783286740066e-11
39.45833,-109.0417,5.38860998881148e-11
39.45833,-108.2917,6.30859095297565e-11
39.45833,-106.7917,4.68268813698406e-10
39.45833,-106.625,2.50027053854159e-10
39.45833,-106.0417,2.90796717552382e-10
39.45833,-104.75,3.41410765633609e-09
39.45833,-103.6667,8.56620420266469e-11
39.45833,-103.5833,8.09043661473783e-11
39.45833,-100.25,4.15683495990794e-11
39.45833,-99.95833,2.42472348430716e-11
39.45833,-99.875,4.87666218206215e-11
39.45833,-99.58333,4.04497521632083e-11
39.45833,-97.70833,8.00366070749553e-11
39.45833,-97.58333,9.35824972425761e-11
39.45833,-96.5,1.51778601759007e-10
39.45833,-96.04167,9.72787798339543e-11
39.45833,-95.33333,2.21035849270589e-10
39.45833,-93.04167,1.95260262781465e-10
39.45833,-90.41667,2.49813515605389e-10
39.45833,-88.66667,2.71985583660695e-10
39.45833,-87.70833,3.19562295435507e-10
39.45833,-87,9.34471652832049e-10
39.45833,-86.875,5.25074955941403e-10
39.45833,-85.625,6.23557020308512e-10
39.45833,-83.875,2.51241336147182e-09
39.45833,-83.83333,2.5154270562267e-09
39.45833,-82.875,8.2272376075366e-10
39.45833,-82.04167,4.74299590516912e-10
39.45833,-79.625,5.85822934956684e-10
39.45833,-77.33333,5.65999338956814e-09
39.45833,-76.83333,6.65410648727357e-09
39.45833,-76.33333,9.5737633644729e-09
39.45833,-76.08333,4.42399838226568e-09
39.45833,-75.91667,1.31280227947605e-09
39.45833,-75.16667,1.81432170638054e-09
39.41667,-123.75,2.02889692708046e-10
39.41667,-123.5417,1.96793209200707e-10
39.41667,-122.5833,6.37197949999635e-11
39.41667,-121.0833,3.4053560710649e-10
39.41667,-120.8333,1.69984768447489e-10
39.41667,-120.7917,7.97085213228551e-11
39.41667,-117.8333,4.17185833065794e-11
39.41667,-116.5833,1.62731588488532e-11
39.41667,-116.5,1.5896883716522e-11
39.41667,-116.4583,1.60611278229444e-11
39.41667,-116.125,3.5822059197344e-11
39.41667,-114.0417,2.69157867787852e-11
39.41667,-113.7083,1.84802676847467e-11
39.41667,-112.2083,1.4825569009976e-10
39.41667,-110.75,1.36468680646953e-10
39.41667,-110.6667,4.33723253394653e-11
39.41667,-110.2917,4.2465608177742e-11
39.41667,-109.1667,2.72863765471328e-11
39.41667,-108.6667,6.65629399456799e-11
39.41667,-108.2917,6.51527096839859e-11
39.41667,-107.7917,1.92250812747075e-10
39.41667,-107.0833,5.27141593354516e-10
39.41667,-104,5.0502606539601e-11
39.41667,-100.5417,3.91904642416305e-11
39.41667,-100.2917,4.04721703663506e-11
39.41667,-98.08333,2.10461101842725e-10
39.41667,-97.91667,1.75306482040728e-10
39.41667,-97.45833,1.06714026125871e-10
39.41667,-96.79167,3.01429629415881e-10
39.41667,-96.20833,1.66538548495668e-10
39.41667,-96.16667,1.68010798972524e-10
39.41667,-95.54167,2.38501893914649e-10
39.41667,-95.125,2.87053791870578e-10
39.41667,-94.04167,4.17363374638726e-10
39.41667,-92.875,2.45360062284646e-10
39.41667,-92.20833,1.88936282790139e-10
39.41667,-91.375,2.28982120361475e-10
39.41667,-91.125,2.46989442788525e-10
39.41667,-90.79167,1.61761298376045e-10
39.41667,-90,1.99851355954371e-10
39.41667,-88.20833,5.81372754718221e-10
39.41667,-87.125,1.23193734919595e-09
39.41667,-86,9.8537702598248e-10
39.41667,-85.25,5.70897949884729e-10
39.41667,-85.04167,5.15649485442264e-10
39.41667,-84.75,8.62224356762137e-10
39.41667,-82.83333,8.11064856171825e-10
39.41667,-80.125,1.7158179722961e-09
39.41667,-79.54167,4.98246941003591e-10
39.41667,-79.375,9.0297818437609e-10
39.41667,-77.91667,2.83860589099974e-09
39.41667,-77.625,2.10900503488237e-09
39.41667,-77.29167,5.67790447285039e-09
39.41667,-77,7.15138233402262e-09
39.41667,-76.95833,7.31074052107109e-09
39.41667,-76.54167,8.063032782366e-09
39.41667,-76.16667,6.12255177881326e-10
39.41667,-74.54167,8.59601257672214e-09
39.41667,-74.375,3.7518786424606e-09
39.375,-123.6667,2.51545990573945e-10
39.375,-123.4167,2.56509095655508e-10
39.375,-122.625,6.79247589765138e-11
39.375,-121.25,4.77984307015988e-10
39.375,-120.0417,2.30110554674589e-09
39.375,-119.0417,1.41300779298111e-10
39.375,-116.0833,3.50644613630956e-11
39.375,-115.8333,3.48506344786452e-11
39.375,-115.5,1.5598446095161e-11
39.375,-114.5,3.76582877174616e-11
39.375,-113.4167,1.96401499402121e-11
39.375,-112.9583,2.42684337366382e-11
39.375,-111.4167,1.1737572184504e-10
39.375,-110,3.45860562594649e-11
39.375,-109.125,2.87142516375139e-11
39.375,-107.4583,1.79121253122944e-10
39.375,-107.3333,3.37551683672248e-10
39.375,-105.625,9.81710694384103e-11
39.375,-105.375,4.31872344161124e-10
39.375,-100.9167,4.79921078285368e-11
39.375,-100.8333,4.23525681330088e-11
39.375,-100.5417,3.93515860622079e-11
39.375,-100.2083,4.17262990368841e-11
39.375,-98.125,7.41134257040111e-11
39.375,-96.375,1.59570255565354e-10
39.375,-96,2.27038674638652e-10
39.375,-93.70833,1.36569542564549e-10
39.375,-93,9.63501263135288e-11
39.375,-92.79167,2.52992168228082e-10
39.375,-92.70833,2.59094781213107e-10
39.375,-91.16667,5.80340922658626e-10
39.375,-91,2.02370268050326e-10
39.375,-90.70833,1.65114107357701e-10
39.375,-89.29167,3.84492234422446e-10
39.375,-89.125,2.97480664309475e-10
39.375,-89,2.16777084126719e-10
39.375,-87.79167,2.98730702985722e-10
39.375,-85.70833,6.69435436361362e-10
39.375,-83,1.78963912351179e-09
39.375,-80.83333,2.03476230511944e-10
39.375,-79.625,5.15434816339004e-10
39.375,-79.04167,6.8930302553815e-10
39.375,-77.83333,1.97780227251515e-09
39.375,-76.375,1.41898166792112e-08
39.33333,-122.875,4.91584732265988e-11
39.33333,-122.7083,5.44527641832976e-11
39.33333,-121.9583,3.48018954084834e-10
39.33333,-121.25,4.75442930527992e-10
39.33333,-118.875,5.81613525621802e-10
39.33333,-118.8333,4.13592954962791e-10
39.33333,-118.6667,1.1499523947154e-10
39.33333,-118.5,7.33000914562111e-11
39.33333,-116.1667,3.2788625132785e-11
39.33333,-115.7083,1.63751448229707e-11
39.33333,-114.2917,3.27764834729161e-11
39.33333,-113.4583,1.89356407752262e-11
39.33333,-113.1667,2.12443719211475e-11
39.33333,-112.6667,4.82963581149005e-11
39.33333,-110.5833,5.89922401376713e-11
39.33333,-109.8333,3.16068087267631e-11
39.33333,-109.0833,4.35274366008353e-11
39.33333,-108.7083,2.93796697976038e-10
39.33333,-108.2917,6.93416413606594e-11
39.33333,-107.2917,3.29023633230592e-10
39.33333,-106.7917,4.0287868817947e-10
39.33333,-106.3333,1.21564926057687e-10
39.33333,-105.9583,3.89338107872317e-11
39.33333,-105.3333,4.34835963356192e-10
39.33333,-105.1667,1.65672034443319e-10
39.33333,-103.5833,8.69473228299452e-11
39.33333,-103,2.94738037200436e-11
39.33333,-102.7917,3.36632990577986e-11
39.33333,-102.2083,4.43360087546608e-11
39.33333,-101.4583,3.58713279785589e-11
39.33333,-101.1667,8.15477347640783e-11
39.33333,-101.0417,2.89974530369651e-10
39.33333,-100.2917,4.13837583639809e-11
39.33333,-98.95833,6.8067149535204e-11
39.33333,-96.875,4.04395576595273e-10
39.33333,-91.83333,1.95504211573385e-10
39.33333,-91.75,1.5844762957314e-10
39.33333,-90.625,1.7417729282517e-10
39.33333,-90.54167,1.24750938079077e-10
39.33333,-89.66667,3.39958492111809e-10
39.33333,-89.5,3.57237995154011e-10
39.33333,-88.91667,2.32321548316849e-10
39.33333,-88.83333,1.89580743533098e-10
39.33333,-87.875,4.90494321095212e-10
39.33333,-87.79167,2.51131793020965e-10
39.33333,-86.25,9.73813801744633e-10
39.33333,-85.25,1.14636380850143e-09
39.33333,-84.45833,1.48934239694884e-08
39.33333,-82.54167,3.11521265062241e-10
39.33333,-81,3.33058140715e-10
39.33333,-80.625,2.220480130549e-10
39.33333,-79.16667,3.16610006571378e-10
39.33333,-78.41667,2.75090657333821e-10
39.33333,-78.375,3.51732501764069e-10
39.33333,-75.95833,6.44972733089684e-10
39.29167,-121.375,5.44178444488137e-10
39.29167,-120.9583,8.15616105993895e-10
39.29167,-120.5417,1.01934977888117e-10
39.29167,-117.125,3.33251633479936e-11
39.29167,-115.9583,3.27749125395517e-11
39.29167,-115.5417,1.52457119288662e-11
39.29167,-115.2917,1.64491836424066e-11
39.29167,-114.4583,3.71796388631168e-11
39.29167,-113.9167,2.54642806033622e-11
39.29167,-112.125,2.82765157632415e-11
39.29167,-110.9167,1.78215791082115e-10
39.29167,-109.625,2.87182055235606e-11
39.29167,-108.625,3.74462319908007e-10
39.29167,-107.7917,6.06225909173742e-11
39.29167,-106.125,6.53338955423075e-11
39.29167,-105.5417,9.98094859512253e-11
39.29167,-104,4.90560168738776e-11
39.29167,-101.625,3.68482894624824e-11
39.29167,-101.25,4.11049316258804e-11
39.29167,-100.75,4.19081573146622e-11
39.29167,-100.5417,4.02411680123493e-11
39.29167,-99.79167,5.87443954212138e-11
39.29167,-98.20833,6.77900537504993e-11
39.29167,-97.58333,9.50147213609731e-11
39.29167,-96.58333,1.805197569721e-09
39.29167,-94.75,7.24022448115694e-09
39.29167,-93.79167,1.66337177293168e-10
39.29167,-93.125,1.18592933427909e-10
39.29167,-91.83333,2.70293954751214e-10
39.29167,-90.25,3.66376710638618e-10
39.29167,-89.125,2.79877659537585e-10
39.29167,-89,2.40916931686909e-10
39.29167,-88.75,2.89747518690305e-10
39.29167,-88.125,3.28400073746428e-10
39.29167,-84.875,1.3180998059651e-09
39.29167,-84.45833,9.62703876515963e-09
39.29167,-84.29167,6.26131262797457e-09
39.29167,-84.125,2.29612811466782e-09
39.29167,-79.16667,1.60488636952123e-10
39.29167,-78.41667,3.32436977197639e-10
39.29167,-77.83333,1.46255752366774e-09
39.29167,-77.25,6.52754688397134e-09
39.29167,-76.33333,2.01715953709478e-08
39.29167,-75.70833,1.28779427239596e-09
39.29167,-75.25,5.68309480110127e-10
39.25,-123,3.57879955980766e-10
39.25,-121.75,6.41666402932217e-10
39.25,-120.3333,2.98565065411595e-10
39.25,-120.1667,1.26806979434409e-09
39.25,-119.75,3.02121264220057e-09
39.25,-118.7917,1.55639436119638e-10
39.25,-118.0417,5.38666767008071e-11
39.25,-116.5,1.51584797398731e-11
39.25,-113.3333,1.88630631004646e-11
39.25,-109.7083,3.04099830278677e-11
39.25,-109.2917,2.81808556766024e-11
39.25,-109.0833,5.67458090969275e-11
39.25,-108.7917,3.48032413103932e-10
39.25,-107.4583,6.95095255324453e-11
39.25,-105.875,3.7043405142597e-11
39.25,-105.6667,9.16866074582958e-11
39.25,-105.2917,1.65974180773802e-10
39.25,-99.95833,2.53968689770286e-11
39.25,-99.66667,4.82049510301337e-11
39.25,-98.20833,6.72782281497416e-11
39.25,-97.375,1.15243787440807e-10
39.25,-96.45833,4.66657219702174e-10
39.25,-95.16667,4.69984622078297e-10
39.25,-94.70833,6.89045061051967e-09
39.25,-92.66667,2.09346520419891e-10
39.25,-90.54167,1.59876109493256e-10
39.25,-89.79167,3.43992450011983e-10
39.25,-89.29167,3.4567156440178e-10
39.25,-87.375,9.02292433466505e-10
39.25,-86.70833,6.94326856268117e-10
39.25,-86.625,2.31036214065514e-09
39.25,-85.91667,5.3119784790126e-09
39.25,-83.79167,4.86587244204798e-10
39.25,-83.25,5.76451904895927e-10
39.25,-82.75,3.85199432921757e-10
39.25,-82.41667,4.49084207349116e-10
39.25,-82.125,4.21523541539224e-10
39.25,-81.625,2.21899680449021e-09
39.25,-81.54167,5.71508225762724e-09
39.25,-77.29167,8.0563293595235e-09
39.25,-76.70833,2.02474580639886e-08
39.25,-75.25,5.8822858035508e-10
39.25,-74.91667,5.19312613775397e-10
39.20833,-121.7083,6.89982400824657e-10
39.20833,-120.7917,3.19743398744705e-10
39.20833,-120.5833,9.8782662625225e-11
39.20833,-116.7917,1.68944627536833e-11
39.20833,-114.6667,4.04636479901658e-11
39.20833,-113.7917,1.7105140293872e-11
39.20833,-111.7917,9.79067808093382e-11
39.20833,-110.7083,5.45702872008188e-11
39.20833,-110.2083,5.74693977547194e-11
39.20833,-108.875,3.31141367939193e-10
39.20833,-108.5,1.29935885179534e-10
39.20833,-106.2083,6.40919740627239e-11
39.20833,-104.6667,6.25237584169141e-10
39.20833,-103.5833,9.26837998213009e-11
39.20833,-102.3333,4.38950873656656e-11
39.20833,-102,4.32436715707528e-11
39.20833,-101.6667,4.23450195155375e-11
39.20833,-101.625,3.962016905294e-11
39.20833,-100.25,4.22066049003507e-11
39.20833,-100.125,5.11835393170662e-11
39.20833,-99.08333,1.05146541848825e-10
39.20833,-98.70833,6.55726203893629e-11
39.20833,-98.16667,1.10700719507606e-10
39.20833,-98,1.33912683794112e-10
39.20833,-97.20833,1.32106148145582e-10
39.20833,-96.875,3.83857697737044e-10
39.20833,-96.5,4.30142776615595e-10
39.20833,-94.16667,8.4407880548192e-10
39.20833,-91.375,2.39093960581189e-10
39.20833,-91.20833,2.06281053889697e-10
39.20833,-90,2.63377566054377e-10
39.20833,-89.54167,3.67680231776988e-10
39.20833,-89.04167,1.83559790563378e-10
39.20833,-88.625,3.98366136219545e-10
39.20833,-88.58333,4.41805707660964e-10
39.20833,-87.25,5.19276470026403e-10
39.20833,-85.91667,7.04715911312129e-09
39.20833,-85.75,8.8146764330611e-10
39.20833,-85.08333,1.24700353477566e-09
39.20833,-84.41667,1.34356439624386e-08
39.20833,-84.125,1.74884662217807e-09
39.20833,-83.41667,6.3416355077051e-10
39.20833,-83.33333,6.24174663628995e-10
39.20833,-81.625,1.5220423478701e-09
39.20833,-81.16667,2.33127867509139e-10
39.20833,-79.45833,5.79413249979909e-10
39.20833,-77.79167,1.57415599211126e-09
39.20833,-77.125,6.42412369197355e-09
39.20833,-76.79167,2.41981683682476e-08
39.20833,-75.54167,6.13313028309955e-09
39.20833,-74.95833,9.43793576544761e-10
39.16667,-123.5,9.62966310750873e-11
39.16667,-123.4583,1.87401529035917e-10
39.16667,-121.7917,4.66291166661313e-10
39.16667,-120.9167,5.97601455662259e-10
39.16667,-120.4167,8.23691401918415e-11
39.16667,-119.1667,2.35674928128335e-10
39.16667,-117,1.79392990082453e-11
39.16667,-116.7917,1.65188863748e-11
39.16667,-116.4583,1.47688371018437e-11
39.16667,-114.3333,1.81859446580438e-11
39.16667,-114.25,3.17134423304142e-11
39.16667,-113.9167,1.71917968687207e-11
39.16667,-112.4167,2.80967988812733e-11
39.16667,-111.0417,5.78608660015731e-11
39.16667,-110.125,5.82663467438676e-11
39.16667,-109.7083,3.20876531714646e-11
39.16667,-109.6667,3.14767228467381e-11
39.16667,-108,6.10471412449505e-11
39.16667,-106.7917,3.22728313735739e-10
39.16667,-106.5833,1.930669536963e-10
39.16667,-105,1.03116714985285e-09
39.16667,-104.7917,1.56896021978194e-09
39.16667,-104.7083,1.49309145915696e-09
39.16667,-103.2917,2.68252785857796e-11
39.16667,-103,3.073742601913e-11
39.16667,-101.5417,3.6002645832202e-11
39.16667,-100.0833,2.11507432166847e-11
39.16667,-98.45833,1.19426148280469e-10
39.16667,-96.625,1.92133582268063e-09
39.16667,-93.79167,6.84374876374472e-10
39.16667,-92.08333,3.49281239204472e-10
39.16667,-91.08333,3.29152299686615e-10
39.16667,-90.95833,3.91740269593067e-10
39.16667,-88.875,2.63574670326592e-10
39.16667,-86.20833,4.58918871814887e-10
39.16667,-85.83333,1.53403990866208e-09
39.16667,-85.79167,1.04084708776885e-09
39.16667,-85,1.28374097444145e-09
39.16667,-82.95833,1.74453996439116e-09
39.16667,-82.70833,5.23641484486382e-10
39.16667,-78.45833,3.70105229014383e-10
39.16667,-78.20833,2.16621468084174e-09
39.16667,-77.79167,2.54610590627869e-09
39.16667,-77.625,3.9178992479282e-09
39.16667,-77.58333,2.9066619130669e-08
39.125,-122.9583,1.8152439045328e-10
39.125,-121,2.44253783288183e-09
39.125,-120.4167,7.89618539174058e-11
39.125,-119.75,3.57699794748218e-09
39.125,-118.875,9.91076421777939e-11
39.125,-118.8333,1.0455742720924e-10
39.125,-118.6667,1.28487839399223e-10
39.125,-117.5833,2.03141346664639e-11
39.125,-115.5,1.44442801589521e-11
39.125,-114.3333,3.18568314619492e-11
39.125,-112.8333,2.22073309433073e-11
39.125,-112.7083,2.37194845303024e-11
39.125,-112.0417,2.63094999372576e-11
39.125,-111.8333,1.30791630238955e-10
39.125,-111.5417,5.33036889095301e-11
39.125,-110.6667,3.62880863441512e-11
39.125,-109.2083,3.07069255220534e-11
39.125,-109,6.71780455989188e-11
39.125,-108,6.41712513574594e-11
39.125,-107.6667,7.57095079638383e-11
39.125,-107.125,2.02039687292004e-10
39.125,-107,3.36102804170175e-10
39.125,-106.625,1.95852484256035e-10
39.125,-104.4583,4.75848078563363e-10
39.125,-102.5417,2.94616971472111e-11
39.125,-101.6667,4.84853918192357e-11
39.125,-100.9167,6.81560267708705e-11
39.125,-100.5,3.8541712276999e-11
39.125,-99,4.52287213167313e-11
39.125,-98.5,8.40337159116837e-11
39.125,-97.875,1.82926735412487e-10
39.125,-97.58333,1.40031503764382e-10
39.125,-97.5,1.35187608319098e-10
39.125,-95.41667,7.12902183848436e-10
39.125,-95.16667,1.33649653615973e-09
39.125,-95,1.35091966012933e-09
39.125,-94.83333,1.8518761713067e-09
39.125,-94.70833,9.30035452174565e-09
39.125,-94.5,5.20555237567867e-09
39.125,-93.625,2.6175529174874e-10
39.125,-93.58333,2.52735018988408e-10
39.125,-92.79167,3.84707160635235e-10
39.125,-91.83333,1.15114476643331e-09
39.125,-90.66667,4.05399605003381e-10
39.125,-90.41667,7.24121604855531e-10
39.125,-88,2.30383395203216e-10
39.125,-87.875,2.78734957588471e-10
39.125,-87.75,2.75834810085135e-10
39.125,-87.58333,2.82036052722001e-10
39.125,-86.91667,6.12824655027392e-10
39.125,-86.66667,1.44228980090759e-09
39.125,-85.75,8.28562859279018e-10
39.125,-85.45833,6.00193064617345e-10
39.125,-85,1.09527229243637e-09
39.125,-84.66667,1.41515056298432e-08
39.125,-84.41667,4.25397352921153e-08
39.125,-84.20833,3.64489661162208e-09
39.125,-83.95833,6.89983769980613e-10
39.125,-83.91667,6.43497485903482e-10
39.125,-80.20833,4.60897031937465e-10
39.125,-79.25,1.96303327872869e-10
39.125,-77.875,1.87671409901961e-09
39.125,-77.16667,2.73556361394937e-08
39.08333,-123.0833,2.06840917092415e-10
39.08333,-121.8333,2.67350168733812e-10
39.08333,-121.625,1.80186242651631e-09
39.08333,-119.9583,3.9713379205072e-10
39.08333,-119.3333,1.92354940403381e-10
39.08333,-116.625,1.51179900281922e-11
39.08333,-116.2083,2.2515573170032e-11
39.08333,-112.0417,2.55438734203345e-11
39.08333,-110.1667,6.29014907308243e-11
39.08333,-108.375,1.73524210811213e-10
39.08333,-108.125,6.77172403002137e-11
39.08333,-106.3333,1.341223894623e-10
39.08333,-104.5833,6.6053605980828e-10
39.08333,-104.2083,2.83339561114868e-10
39.08333,-103.4167,4.1618438121943e-11
39.08333,-103.2917,3.85038573469839e-11
39.08333,-100.5,3.94192672926239e-11
39.08333,-99.95833,4.75165450755199e-11
39.08333,-99.83333,1.02742390515871e-10
39.08333,-99.54167,9.71723610905392e-11
39.08333,-99.33333,1.16407278233212e-10
39.08333,-99.25,8.55963451290579e-11
39.08333,-98,9.86754086809374e-11
39.08333,-97.625,1.93747212212862e-10
39.08333,-97.54167,1.41688220383418e-10
39.08333,-97.16667,2.11410706408222e-10
39.08333,-96.875,2.57599617543088e-09
39.08333,-96.625,3.52458719232481e-10
39.08333,-95.875,1.24446133280393e-09
39.08333,-94.08333,9.23672924531513e-10
39.08333,-93.16667,1.62760526630173e-10
39.08333,-92.70833,2.75563085765938e-10
39.08333,-91.66667,2.14851344584869e-10
39.08333,-90.20833,7.72635016086478e-10
39.08333,-89.20833,2.25939064101984e-10
39.08333,-87.04167,6.06623472685371e-10
39.08333,-85.83333,9.68163158125984e-10
39.08333,-81.95833,4.81209923849851e-10
39.08333,-80.91667,1.09408239483232e-10
39.08333,-80.75,1.95791877659231e-10
39.08333,-80.04167,5.15829759056172e-10
39.08333,-78.29167,2.07720162685025e-09
39.08333,-78.20833,2.56488976748303e-09
39.08333,-76.875,1.7486279599028e-08
39.08333,-76.41667,4.53485817982644e-08
39.08333,-75.83333,1.15342969552432e-09
39.04167,-123.2917,3.20896964443248e-10
39.04167,-120.7083,2.08971732382561e-10
39.04167,-119.2917,9.54487439219953e-11
39.04167,-118.9167,9.53229594798031e-11
39.04167,-117.875,2.26196332045536e-11
39.04167,-115.5417,1.41714767080747e-11
39.04167,-115.3333,1.52053069021783e-11
39.04167,-114.4167,3.44170922307248e-11
39.04167,-113.8333,1.71699500723962e-11
39.04167,-113.1667,1.94297152107195e-11
39.04167,-111.7083,9.96899307313147e-11
39.04167,-111.6667,5.47603021176038e-11
39.04167,-107.375,5.56923595237972e-11
39.04167,-104.75,2.17613511500355e-09
39.04167,-102.9167,3.26541035785557e-11
39.04167,-100.125,3.47207191290939e-11
39.04167,-98.75,5.54018717021103e-11
39.04167,-96.79167,2.20574875112169e-10
39.04167,-96.125,2.169987840836e-10
39.04167,-96.04167,2.54477064467435e-10
39.04167,-95.66667,1.45625548357903e-08
39.04167,-94.95833,1.05717415569052e-09
39.04167,-94.41667,1.69029890291705e-08
39.04167,-94.16667,2.36423181887688e-09
39.04167,-94,6.73088992145584e-10
39.04167,-93.33333,2.72442394388846e-10
39.04167,-93,2.01583540965412e-10
39.04167,-91.5,4.53170143938907e-10
39.04167,-91.04167,3.9604455990047e-10
39.04167,-90.75,6.11785285878226e-10
39.04167,-89,2.29673976073499e-10
39.04167,-88.125,1.73536220964833e-10
39.04167,-87.95833,2.53917850158766e-10
39.04167,-87.25,5.26180699429637e-10
39.04167,-86.75,6.80279847803947e-10
39.04167,-86.29167,3.55496324169031e-10
39.04167,-85.66667,1.75700648746859e-09
39.04167,-84.91667,1.37429798948631e-09
39.04167,-84.66667,5.96339474529811e-09
39.04167,-83.5,2.76007583237919e-10
39.04167,-83.08333,7.49808006020582e-10
39.04167,-82.41667,3.97259242714527e-10
39.04167,-81.58333,4.5128368376271e-10
39.04167,-81.33333,3.56592373886239e-10
39.04167,-81.08333,1.15273529600814e-10
39.04167,-80.95833,1.05298642880295e-10
39.04167,-80.58333,2.65640987176388e-10
39.04167,-79.5,2.13229938330816e-10
39.04167,-79.16667,3.02066333009865e-10
39.04167,-79,5.36803282949082e-10
39.04167,-77.79167,1.48535615776554e-09
39.04167,-77.29167,1.64951803404337e-08
39.04167,-77,2.19243492024825e-08
39.04167,-76.08333,1.01307816555897e-09
39,-120.875,2.56648845761386e-10
39,-118.0833,2.64596417766385e-11
39,-117.7083,2.12120531399651e-11
39,-117.25,3.80410474359274e-11
39,-116,1.40646187423614e-11
39,-115.8333,1.4189802737517e-11
39,-115.7917,1.41897591601861e-11
39,-115.0833,1.6583705243392e-11
39,-114.2917,3.10065097363782e-11
39,-114.2083,3.08683545162532e-11
39,-114.1667,3.08102504641293e-11
39,-114.0417,2.5118344619569e-11
39,-113.4167,1.82970717043417e-11
39,-107.4167,5.1586865556502e-11
39,-106.25,6.89406455056825e-11
39,-105.8333,6.3926970755345e-11
39,-105.625,7.26636391039176e-11
39,-105.5833,7.58197516579095e-11
39,-105.4167,7.44121671370313e-11
39,-105.2083,3.70832155554658e-10
39,-104.9167,2.24991261326954e-09
39,-104.75,2.70280264459521e-09
39,-104.5833,8.44309893932387e-10
39,-103.7917,5.21135235343859e-11
39,-101.7917,3.85076424102492e-11
39,-101.5417,4.00703526475531e-11
39,-99.66667,5.79897507461076e-11
39,-99.625,5.76032622669683e-11
39,-99.08333,1.02761923255519e-10
39,-98.5,8.8385789636321e-11
39,-97.375,2.47062576422425e-10
39,-97.25,2.02104038451718e-10
39,-97.04167,2.13002344068299e-10
39,-96.20833,2.04470080055521e-10
39,-96.125,2.04830983416366e-10
39,-95.25,1.39814427864752e-09
39,-95.16667,1.01169523337563e-09
39,-94.375,1.43916926553208e-08
39,-92.91667,2.06142321512441e-10
39,-92.83333,2.18296220054894e-10
39,-92.41667,9.93549684264401e-10
39,-90.29167,8.05190939371409e-10
39,-90.04167,7.52402932052642e-10
39,-89.75,9.55078396674637e-10
39,-89.41667,4.57396029791806e-10
39,-89.33333,3.33759616659475e-10
39,-88,2.54110593791794e-10
39,-84.83333,1.84806490665097e-09
39,-84.70833,3.6516346527075e-09
39,-81.16667,1.17597450773914e-10
39,-81.08333,1.08361077872548e-10
39,-80.83333,1.44298103184816e-10
39,-79.95833,9.54883077255918e-10
39,-79.70833,4.70636746750827e-10
39,-79.66667,4.19365544731202e-10
39,-78.33333,1.23193943750047e-09
39,-76.95833,2.36104892868144e-08
39,-76.45833,1.48953238216986e-07
39,-75.875,1.14030929797848e-09
39,-75.25,1.00051098851857e-08
38.95833,-123.5417,2.77966797855982e-10
38.95833,-123.0833,1.99631021993805e-10
38.95833,-120.9583,5.53150091724545e-10
38.95833,-119.4583,1.95443651275532e-10
38.95833,-118.3333,2.94058905008043e-11
38.95833,-117.9583,4.75104382364018e-11
38.95833,-114.9167,1.70988139980546e-11
38.95833,-114.5417,1.76208186237499e-11
38.95833,-114.25,3.08445190685276e-11
38.95833,-114.0833,3.07165417181431e-11
38.95833,-113.9167,1.72996748834941e-11
38.95833,-113.2083,1.92821331378417e-11
38.95833,-112.875,2.05422599979956e-11
38.95833,-111.5,8.45117457788174e-11
38.95833,-111.4583,4.52650098078573e-11
38.95833,-111.2917,2.55587913327702e-11
38.95833,-111.0417,2.95292146951583e-11
38.95833,-105.7083,6.7698083701492e-11
38.95833,-104.4167,3.42156757428123e-10
38.95833,-103.0833,3.21136663944612e-11
38.95833,-102.3333,3.83582151318709e-11
38.95833,-102.2917,3.86942203610641e-11
38.95833,-101.4583,3.9917332119776e-11
38.95833,-100.9583,3.08142042199515e-11
38.95833,-99.29167,2.68473920050295e-10
38.95833,-99.20833,2.83331515047584e-10
38.95833,-98.54167,6.35855080018182e-11
38.95833,-97.25,9.91809612604707e-10
38.95833,-97.04167,1.80505735909713e-10
38.95833,-95.70833,3.66326882802439e-09
38.95833,-93.41667,3.33763242566585e-10
38.95833,-93,2.53949249051497e-10
38.95833,-92.875,2.08321878533287e-10
38.95833,-92.83333,2.01772054287987e-10
38.95833,-91.54167,5.63175689826892e-10
38.95833,-90.875,9.0626454614443e-10
38.95833,-90.20833,3.18788815812169e-09
38.95833,-89.375,4.92859349458674e-10
38.95833,-86,7.80947218371102e-10
38.95833,-84.58333,4.71766624500275e-09
38.95833,-84.29167,8.60496692556626e-10
38.95833,-84,6.68232280559645e-10
38.95833,-83.33333,2.86926563253801e-10
38.95833,-81.54167,4.16941577695713e-10
38.95833,-81.5,3.75901219806156e-10
38.95833,-81.25,2.3800670446935e-10
38.95833,-80.41667,3.04171964348704e-10
38.95833,-78,4.09383659528443e-10
38.95833,-77.54167,6.35347772305612e-09
38.95833,-77.5,1.19302863820053e-08
38.95833,-77.45833,1.57809932751889e-08
38.95833,-76.875,1.4945339337577e-08
38.95833,-76.54167,2.67535339544528e-08
38.95833,-75.95833,1.74417731750062e-09
38.95833,-75.79167,1.08257382279884e-09
38.91667,-123.5,3.46097253721886e-10
38.91667,-123.4167,1.81032291392398e-10
38.91667,-123.1667,2.03973446762973e-10
38.91667,-122.75,7.9752901663037e-10
38.91667,-122.7083,7.72915579893608e-10
38.91667,-122.25,3.91853506603468e-10
38.91667,-120.4583,5.03498247096939e-11
38.91667,-120.2917,1.23524301446248e-10
38.91667,-119.75,5.81059970129122e-10
38.91667,-118.3333,2.79523195899641e-11
38.91667,-118.1667,2.57184364844841e-11
38.91667,-117.875,2.19460861885142e-11
38.91667,-117.4583,3.98757890826394e-11
38.91667,-117.125,4.04026997944046e-11
38.91667,-115.875,1.3839456030028e-11
38.91667,-114.6667,1.73483269936881e-11
38.91667,-114.625,1.73801557977918e-11
38.91667,-110.8333,3.05067668165333e-11
38.91667,-110.375,3.65393003057081e-11
38.91667,-110.1667,6.98012745627917e-11
38.91667,-110,4.79241370454994e-11
38.91667,-109.75,3.90388558815793e-11
38.91667,-108.6667,1.3007827327324e-10
38.91667,-107.9167,1.6711018342033e-10
38.91667,-106.7083,1.02534550669258e-10
38.91667,-106.5833,9.74833462632705e-11
38.91667,-106.5417,9.56645773441657e-11
38.91667,-106.4583,1.15735533358037e-10
38.91667,-106.0417,7.92870133992368e-11
38.91667,-105.1667,4.06953380419906e-10
38.91667,-104.625,4.38792133239412e-09
38.91667,-104.2083,2.52626407981949e-10
38.91667,-104.125,1.45708882107423e-10
38.91667,-101.7083,4.5883710505149e-11
38.91667,-99.75,6.73425662443238e-11
38.91667,-99.08333,1.08992432458602e-10
38.91667,-97.75,3.66065265152445e-10
38.91667,-95.58333,1.2124791998281e-09
38.91667,-95,1.01915155154698e-09
38.91667,-93.625,4.77401422998683e-10
38.91667,-93.04167,2.39495217787233e-10
38.91667,-92.91667,2.07811883506076e-10
38.91667,-90.91667,1.02678797103542e-09
38.91667,-90.70833,1.01644273954295e-09
38.91667,-90.41667,6.04451745501619e-10
38.91667,-89.83333,7.17688085234473e-10
38.91667,-89.70833,5.99866324571966e-10
38.91667,-86.95833,4.7271142522356e-10
38.91667,-80.54167,2.28272120412849e-10
38.91667,-80,2.16779270688778e-09
38.91667,-79.33333,1.37177826003282e-10
38.91667,-78.70833,3.31218919111426e-10
38.91667,-78.625,4.53573486829718e-10
38.91667,-78.125,1.32510640114218e-09
38.91667,-77.91667,1.01575571391548e-09
38.91667,-77.25,2.99372203840139e-08
38.91667,-76.5,6.46865868331297e-08
38.875,-122.6667,3.08314726684785e-10
38.875,-120.9583,6.63326959859361e-10
38.875,-120.6667,1.20000555183615e-10
38.875,-119.75,9.34030450798692e-10
38.875,-117.7917,2.14428025150095e-11
38.875,-117.2083,4.26647524039846e-11
38.875,-116.6667,1.59666625122641e-11
38.875,-115.875,1.36983652220806e-11
38.875,-114.6667,1.70752062792839e-11
38.875,-113.9583,1.73739166888075e-11
38.875,-112.4583,2.02610714045405e-11
38.875,-111.125,2.62643201583193e-11
38.875,-111.0833,2.67888574831378e-11
38.875,-109.75,4.06512170352794e-11
38.875,-109.7083,3.94315297658911e-11
38.875,-108.6667,1.12601737273985e-10
38.875,-105.5417,6.85609122181044e-11
38.875,-100,4.84456787630924e-11
38.875,-98.08333,9.22818627879888e-11
38.875,-97.16667,1.77824114219065e-10
38.875,-96.875,1.05928051448349e-10
38.875,-96.375,1.0749671646924e-10
38.875,-94.95833,1.61044691612508e-09
38.875,-94.41667,6.20436582443137e-09
38.875,-93.58333,5.04126349916407e-10
38.875,-92.91667,2.13844961261356e-10
38.875,-90.08333,3.70603806578094e-09
38.875,-89.5,5.99228210841796e-10
38.875,-88.5,1.81359538800593e-10
38.875,-86.29167,4.61003636601246e-10
38.875,-84.125,6.58598000208113e-10
38.875,-83.66667,3.4875345314198e-10
38.875,-81.45833,2.89476507016994e-10
38.875,-81,1.31957781995901e-10
38.875,-80.58333,1.79901362892354e-10
38.875,-79.08333,2.14118453556453e-10
38.875,-78.79167,4.6793569375902e-10
38.875,-78.20833,5.59634750641198e-10
38.83333,-122.3333,2.3778326389182e-10
38.83333,-122.25,1.18063444621216e-10
38.83333,-120.125,2.70249024922737e-10
38.83333,-119.5,3.05689894813126e-10
38.83333,-119.1667,1.66228473194702e-10
38.83333,-117.375,4.14863207580616e-11
38.83333,-117.25,4.39068304049774e-11
38.83333,-115.9167,1.35416575740035e-11
38.83333,-113.7083,1.76053398638211e-11
38.83333,-113.5833,1.82433007163023e-11
38.83333,-113.0417,2.0348288253675e-11
38.83333,-112.5833,2.03024955588368e-11
38.83333,-111.2083,4.60982575749667e-11
38.83333,-111.0833,2.58565654937898e-11
38.83333,-110.875,2.80493849824827e-11
38.83333,-109.3333,3.15484794490779e-11
38.83333,-107.625,1.58517357969956e-10
38.83333,-107.3333,4.9627960971479e-11
38.83333,-105.9167,1.03349624199028e-10
38.83333,-105.8333,6.11643789174126e-11
38.83333,-105.5,7.22541341900912e-11
38.83333,-105.25,3.41524717320953e-10
38.83333,-105.2083,2.88131471952808e-10
38.83333,-103.25,4.05521855728742e-11
38.83333,-103.125,3.35309691969439e-11
38.83333,-102.8333,3.36655467701225e-11
38.83333,-102.5,3.84388733393346e-11
38.83333,-102.4583,3.85985950142565e-11
38.83333,-102.25,3.27062644065005e-11
38.83333,-100.7917,2.89223801231206e-11
38.83333,-99.5,1.10150692189038e-10
38.83333,-98.91667,2.14761086002094e-10
38.83333,-93.08333,2.82739647700941e-10
38.83333,-92.29167,1.40290463025341e-09
38.83333,-87.875,1.84120516787376e-10
38.83333,-85.79167,6.95196017712666e-10
38.83333,-84.91667,5.12064332594495e-10
38.83333,-84.41667,1.20905385171158e-09
38.83333,-83.91667,6.74015852183808e-10
38.83333,-83.54167,2.96547043561177e-10
38.83333,-82.95833,7.83391986286544e-10
38.83333,-82.58333,3.29054514844065e-10
38.83333,-81.83333,6.01119638919956e-10
38.83333,-79.91667,3.21869069468126e-10
38.83333,-79.70833,1.81965224941761e-10
38.79167,-122.625,4.81301193734917e-10
38.79167,-122.2917,2.09244575513783e-10
38.79167,-121.25,1.04421679630875e-08
38.79167,-118.9167,3.38486134314629e-11
38.79167,-118.5833,3.32854065866207e-11
38.79167,-117.0833,5.16632965646146e-11
38.79167,-116.625,1.57486757049224e-11
38.79167,-114.625,1.67018384620331e-11
38.79167,-112.5833,2.0560424917499e-11
38.79167,-109.9167,4.11693103105147e-11
38.79167,-109.5833,6.57192534851636e-11
38.79167,-105.5833,6.57405407492876e-11
38.79167,-105.25,1.86938562239738e-10
38.79167,-101.2917,3.83242300363707e-11
38.79167,-101.0417,3.70446293935554e-11
38.79167,-100.875,3.4750636184468e-11
38.79167,-100.625,3.36108689829778e-11
38.79167,-100.5,3.50273405351629e-11
38.79167,-99.91667,3.94838207135844e-11
38.79167,-99.70833,5.53787199061565e-11
38.79167,-99.625,5.65027579094684e-11
38.79167,-99.54167,1.03394909449078e-10
38.79167,-98.625,6.03386094734287e-11
38.79167,-98.125,8.51904006990877e-11
38.79167,-94.66667,1.65550718700343e-09
38.79167,-93.83333,6.82367536391421e-10
38.79167,-93,2.58691674626366e-10
38.79167,-92.54167,3.78385830039274e-10
38.79167,-91.16667,4.40864414744532e-10
38.79167,-90.95833,1.83138980960669e-09
38.79167,-90.83333,1.99869223729779e-09
38.79167,-90.625,8.62696717331011e-09
38.79167,-88.5,2.11756876737903e-10
38.79167,-88.125,2.45330121630254e-10
38.79167,-86.95833,1.11133871916074e-09
38.79167,-86.375,6.74170223604054e-10
38.79167,-86.08333,5.01307386296705e-10
38.79167,-85.83333,1.08934855849049e-09
38.79167,-83.70833,2.35720320322373e-10
38.79167,-81.5,2.18884374361776e-10
38.79167,-81.125,1.77697427333071e-10
38.79167,-81.04167,1.18053368470361e-10
38.79167,-80.875,1.69803840231229e-10
38.79167,-80.83333,1.99230985888429e-10
38.79167,-79.375,2.31233453809621e-10
38.79167,-77,5.45480128805777e-09
38.79167,-76.91667,6.21308028991669e-09
38.79167,-76.58333,2.7285408320616e-09
38.79167,-75.125,7.60716522560007e-10
38.75,-123.3333,4.11326054283522e-10
38.75,-123.0833,9.97481026971334e-10
38.75,-122.9583,5.87248045199945e-10
38.75,-122.2083,2.38465476243307e-10
38.75,-122,2.53048635030109e-10
38.75,-121.6667,1.61377066573681e-09
38.75,-121.5,8.69160042441754e-10
38.75,-121.2083,1.51204256875792e-08
38.75,-119.875,7.52622279684676e-11
38.75,-119.5,1.87865087951625e-10
38.75,-119.0833,5.28658405182669e-11
38.75,-118.75,3.69750372615748e-11
38.75,-118.625,3.64047983078816e-11
38.75,-118.4167,3.11148400695617e-11
38.75,-118.375,2.99000959720342e-11
38.75,-117.5833,2.09378373987367e-11
38.75,-116.875,3.74022691308018e-11
38.75,-113.7917,1.7636605516787e-11
38.75,-113.125,2.11415912581634e-11
38.75,-112.5417,2.09779673324e-11
38.75,-112.2917,3.12226640470664e-11
38.75,-110.9583,2.55006806979987e-11
38.75,-110.875,2.62605294071785e-11
38.75,-110.2083,3.47258053029554e-11
38.75,-109.2083,5.40952435877512e-11
38.75,-108,3.98602246697039e-10
38.75,-107.2083,5.15876834239467e-11
38.75,-106.5417,8.75847287452201e-11
38.75,-105.25,2.34254998750795e-10
38.75,-105.1667,2.07423031013799e-10
38.75,-104.625,4.99327567012766e-09
38.75,-102.4583,3.89994225013587e-11
38.75,-101.7917,4.24651628840584e-11
38.75,-101.5417,4.29418032809117e-11
38.75,-99.70833,4.9957751669176e-11
38.75,-96.95833,1.17568885726926e-10
38.75,-96.75,9.25940200353658e-11
38.75,-95.16667,5.92524807295083e-10
38.75,-94.70833,9.69706515175194e-10
38.75,-93.125,4.36650135670002e-10
38.75,-92.70833,1.64063257436915e-10
38.75,-92.08333,8.31890860716015e-10
38.75,-91.04167,7.53747366238466e-10
38.75,-90.70833,8.48168019623664e-09
38.75,-88.58333,2.2036806642903e-10
38.75,-87.625,5.1353826597432e-10
38.75,-86.41667,6.27273403421929e-10
38.75,-84.08333,4.23102069371698e-10
38.75,-83.16667,3.26716464985711e-10
38.75,-83.04167,5.19068836037874e-10
38.75,-81.33333,2.03134349430663e-10
38.75,-80.45833,1.85156357738997e-10
38.75,-79.70833,1.59124247488788e-10
38.75,-78.04167,3.96275512557811e-10
38.75,-77.04167,5.75732236786505e-09
38.75,-76.91667,5.87523214040642e-09
38.75,-75.70833,1.08859770584362e-09
38.70833,-122.9583,6.93180676077742e-10
38.70833,-122.0833,4.02935747022659e-10
38.70833,-119.375,1.23154606516614e-10
38.70833,-119.3333,1.12121386455685e-10
38.70833,-118.6667,4.04063738679893e-11
38.70833,-118.625,3.98848355440869e-11
38.70833,-117.6667,2.0699409000061e-11
38.70833,-114.25,1.71063978478867e-11
38.70833,-113.4167,2.01686836176551e-11
38.70833,-112.3333,2.14993955794146e-11
38.70833,-111.6667,2.37246164638516e-11
38.70833,-110.5833,2.81149378872552e-11
38.70833,-109.25,5.33361485501005e-11
38.70833,-107.5417,1.19832907019097e-10
38.70833,-107.3333,6.02876607875468e-11
38.70833,-106.6667,9.17363213033802e-11
38.70833,-106.0833,7.34205409904864e-11
38.70833,-105,7.39973607386507e-10
38.70833,-101.875,4.08790349935499e-11
38.70833,-100.8333,3.38152149596209e-11
38.70833,-100.2083,3.11711261796774e-11
38.70833,-90.16667,9.32321021949603e-09
38.70833,-88.20833,2.18194300164391e-10
38.70833,-86.75,4.33613408211197e-10
38.70833,-84.83333,6.30923711583535e-10
38.70833,-84.70833,9.16774999979841e-10
38.70833,-82.625,1.95031460721274e-10
38.70833,-82.5,2.43007234908471e-10
38.70833,-81.625,3.68749194924078e-10
38.70833,-80.95833,2.09093057659441e-10
38.70833,-80.79167,1.8744481928876e-10
38.70833,-79.70833,1.47283495037379e-10
38.70833,-79.08333,2.04143784633191e-10
38.70833,-78.91667,2.60424097032276e-10
38.70833,-76.54167,4.271927874536e-09
38.70833,-76.16667,1.07607796955611e-09
38.70833,-76.04167,1.88900403128501e-09
38.66667,-121.3333,1.77025306758586e-08
38.66667,-120.9167,2.6305217543636e-09
38.66667,-120.1667,1.82378079345907e-10
38.66667,-119.6667,7.81231906410155e-11
38.66667,-119.625,8.06372619206859e-11
38.66667,-116.7083,1.66900743303384e-11
38.66667,-116.5417,1.50316419563197e-11
38.66667,-112.8333,2.33028685451957e-11
38.66667,-112.125,8.29674005627562e-11
38.66667,-112.0417,9.19752010153437e-11
38.66667,-111.6667,2.3046150500804e-11
38.66667,-111.3333,2.21806164577539e-11
38.66667,-111.0417,2.33192100728743e-11
38.66667,-109.5833,6.04139025359213e-11
38.66667,-107.25,6.171134967716e-11
38.66667,-106.3333,6.04674101533393e-11
38.66667,-105.4583,6.90997654787173e-11
38.66667,-101.6667,3.98091271634767e-11
38.66667,-101.625,3.9111832545316e-11
38.66667,-100.5417,2.9138472164323e-11
38.66667,-99.875,4.17298628797628e-11
38.66667,-98.08333,1.17807855170807e-10
38.66667,-97.25,1.89910953746308e-10
38.66667,-96.95833,4.50401552078822e-10
38.66667,-96.91667,4.46677059129363e-10
38.66667,-94.54167,5.59690364599462e-10
38.66667,-93.95833,2.26529970719686e-10
38.66667,-91.41667,4.76099272196189e-10
38.66667,-91.20833,6.28008295601815e-10
38.66667,-91.04167,7.31663623061126e-10
38.66667,-90.91667,7.6215244577611e-10
38.66667,-88.625,2.07415170775854e-10
38.66667,-83.58333,2.45279458459516e-10
38.66667,-83.08333,3.61567296858915e-10
38.66667,-79.16667,2.03104596113925e-10
38.66667,-78.70833,1.4418608540777e-09
38.66667,-78.41667,1.83661905039993e-09
38.66667,-78.08333,5.13100145491371e-10
38.66667,-77.08333,3.5439488377106e-09
38.66667,-76.16667,1.91638003693029e-08
38.66667,-75.58333,1.4995782295105e-09
38.625,-123.2917,4.21687290975481e-10
38.625,-123.1667,4.10116042821701e-10
38.625,-119.5833,4.9476934457816e-11
38.625,-119.0417,5.40452505807939e-11
38.625,-117.5417,2.04564988706842e-11
38.625,-117.1667,2.28840868692771e-11
38.625,-116.8333,3.47660011784813e-11
38.625,-115.5,1.38654593451072e-11
38.625,-115.4167,1.41490741787852e-11
38.625,-115.3333,1.44298966386211e-11
38.625,-111.25,2.18339720402816e-11
38.625,-109.625,5.87221034262914e-11
38.625,-108.2083,1.20728489142546e-10
38.625,-108,1.41375308466625e-10
38.625,-107.6667,1.19105333413842e-10
38.625,-106.9583,7.24617052098022e-11
38.625,-106.5417,3.40266738432555e-11
38.625,-106.375,6.04274658635732e-11
38.625,-103.9167,4.59059457943875e-11
38.625,-103.375,3.86908909940576e-11
38.625,-102.2917,3.29746719996416e-11
38.625,-102.2083,3.35902233940578e-11
38.625,-101.3333,4.08094967402277e-11
38.625,-97.54167,3.54209140502975e-10
38.625,-96.66667,7.30934867065089e-11
38.625,-96.29167,6.82994178240408e-11
38.625,-91.04167,9.815526260596e-10
38.625,-90.83333,8.37490594511653e-10
38.625,-90.45833,2.12636617752503e-08
38.625,-90.08333,5.15819643523826e-09
38.625,-89.625,2.12352709439275e-09
38.625,-87.5,2.40368669086674e-10
38.625,-87.29167,5.22230107113294e-10
38.625,-86.08333,1.73976390809483e-09
38.625,-86,5.62314720593187e-10
38.625,-85.625,7.36150414960559e-10
38.625,-85.125,8.72229404056363e-10
38.625,-84.625,7.37891923596657e-10
38.625,-84.375,4.971785324184e-10
38.625,-84,3.61212437796843e-10
38.625,-81.5,1.85627474184618e-10
38.625,-81.08333,1.33743953222531e-10
38.625,-80.33333,1.18035167601223e-10
38.625,-79.625,1.27620726800777e-10
38.625,-76.58333,4.53262939458274e-09
38.625,-76.33333,1.0327661185719e-09
38.625,-75.58333,1.55584945926871e-09
38.58333,-122.5,2.50096553521601e-09
38.58333,-121.7917,8.76242719907899e-09
38.58333,-117.0417,3.9685954515382e-11
38.58333,-116.4583,2.30235618632485e-11
38.58333,-114.875,1.57003943836694e-11
38.58333,-113.9167,1.82634557495333e-11
38.58333,-112.6667,3.60571567708131e-11
38.58333,-111.375,2.13812717468613e-11
38.58333,-110.7083,2.44938440971929e-11
38.58333,-110.1667,2.85911833307282e-11
38.58333,-109.1667,4.87701386521305e-11
38.58333,-107.25,6.18452252258819e-11
38.58333,-105.4167,7.31863932688234e-11
38.58333,-105.2917,3.09231524936078e-10
38.58333,-104.2083,2.35242937286431e-10
38.58333,-103.5,4.24436395837166e-11
38.58333,-101.375,4.36926088122124e-11
38.58333,-99.91667,4.9980886905358e-11
38.58333,-98.70833,1.49514037266057e-10
38.58333,-98.25,6.66661650149059e-11
38.58333,-97.66667,1.46680978859775e-09
38.58333,-97.29167,1.28455234817276e-10
38.58333,-94.5,4.32493201136385e-10
38.58333,-91.33333,4.49870381489278e-10
38.58333,-89.70833,2.23381774695878e-09
38.58333,-89.58333,1.76846494214328e-09
38.58333,-87,6.38140979040843e-10
38.58333,-86.25,4.57340092809621e-10
38.58333,-85.29167,7.0728241253834e-10
38.58333,-83.08333,3.09451750981203e-10
38.58333,-82.41667,3.23346442334043e-10
38.58333,-81,2.0028204039922e-10
38.58333,-78.66667,8.55175960836994e-10
38.58333,-78.5,1.41135934807756e-09
38.58333,-77.70833,1.24662868431742e-09
38.58333,-77.29167,5.10955845690604e-09
38.58333,-76.95833,3.58892271958076e-09
38.54167,-122.6667,2.0316500037964e-09
38.54167,-121.9167,1.17446852624524e-09
38.54167,-120.8333,8.75087321360999e-10
38.54167,-118.25,2.95751891022226e-11
38.54167,-118.1667,2.68269719730858e-11
38.54167,-117.7083,1.99363391709816e-11
38.54167,-117.5833,1.98007024105755e-11
38.54167,-116.0417,1.33867648854399e-11
38.54167,-115.9583,1.31925083487622e-11
38.54167,-115.5,1.39130315891242e-11
38.54167,-115.3333,1.44359429848566e-11
38.54167,-114.875,1.56772602278451e-11
38.54167,-114.4167,3.04934134946981e-11
38.54167,-113.9583,1.86763412741078e-11
38.54167,-110.9583,2.20412849414845e-11
38.54167,-110.3333,2.62805898945103e-11
38.54167,-109.7917,2.9411914020375e-11
38.54167,-108.7917,3.86901031531519e-11
38.54167,-106.6667,3.47286134032644e-11
38.54167,-106.4167,2.72917646781214e-11
38.54167,-105.4583,6.86219774848682e-11
38.54167,-104.3333,2.70555055620623e-10
38.54167,-102.7083,3.10074936061941e-11
38.54167,-101.625,4.57212743700979e-11
38.54167,-100.8333,4.86070551436687e-11
38.54167,-99.95833,5.06025346431276e-11
38.54167,-99.91667,6.95450191543164e-11
38.54167,-98.875,1.2847561018886e-10
38.54167,-98.625,1.59521636972101e-10
38.54167,-98.125,9.67775678692529e-11
38.54167,-96.91667,8.3739515356629e-11
38.54167,-96.20833,1.62857634304018e-10
38.54167,-94.625,4.92135002570679e-10
38.54167,-93.91667,2.41035256738649e-10
38.54167,-91.79167,5.066407830289e-10
38.54167,-90.33333,2.12063295609065e-08
38.54167,-90.16667,1.07800080360723e-08
38.54167,-90.125,9.33142225244007e-09
38.54167,-89.625,1.62829208779015e-09
38.54167,-88.79167,3.41654342891826e-10
38.54167,-86.625,1.56571248172522e-09
38.54167,-85.33333,7.93095220645915e-10
38.54167,-85.04167,4.00941354231676e-10
38.54167,-83.75,4.26455936456757e-10
38.54167,-82.08333,4.43452321819608e-10
38.54167,-81.83333,5.70916154136245e-10
38.54167,-81.625,6.26244996856801e-10
38.54167,-80.79167,1.98575056949225e-10
38.54167,-80.625,1.47288233642815e-10
38.54167,-80.54167,1.13992584650255e-10
38.54167,-77.91667,1.38191541253984e-09
38.54167,-77.45833,2.10942735623621e-09
38.54167,-77.41667,1.69449802837771e-09
38.54167,-76.70833,1.29399248130306e-09
38.54167,-75.83333,6.53359362059218e-10
38.54167,-75.16667,1.63686868830644e-09
38.5,-122.75,4.35776955660407e-09
38.5,-121.5833,6.0834553853443e-09
38.5,-121.0417,1.61137850557467e-09
38.5,-120.0833,1.17611299406233e-10
38.5,-119.9583,6.09342378512307e-11
38.5,-117.1667,1.97312470358045e-11
38.5,-115.9167,2.06611019339137e-11
38.5,-112.0833,8.90043881886287e-11
38.5,-109.8333,2.76727361887629e-11
38.5,-108.5417,6.82710985341734e-11
38.5,-108.25,1.1417163994901e-10
38.5,-108.0833,1.47953782300546e-10
38.5,-107.25,6.04761165751926e-11
38.5,-105.5,6.41154183569608e-11
38.5,-104.9167,4.53833341447867e-10
38.5,-103.8333,5.29856884460756e-11
38.5,-100.4583,3.05393856419794e-11
38.5,-99.125,1.23054168713825e-10
38.5,-99.04167,9.89723358040871e-11
38.5,-99,7.24736524217233e-11
38.5,-98.79167,1.56833969865711e-10
38.5,-97.83333,2.08402111052766e-10
38.5,-96.25,1.57682034606052e-10
38.5,-95.75,1.83379101240927e-10
38.5,-95.5,2.80126080072056e-10
38.5,-94.875,4.22503381176544e-10
38.5,-93.79167,3.68286315343699e-10
38.5,-91.91667,5.35977334939554e-10
38.5,-91.83333,5.0077006388908e-10
38.5,-90.20833,1.06555832993077e-08
38.5,-89.66667,1.73319191599596e-09
38.5,-87.5,3.01207154201237e-10
38.5,-86,7.12904441348031e-10
38.5,-83.5,2.63226754387449e-10
38.5,-83.41667,2.75314931974983e-10
38.5,-83.33333,3.59120101168026e-10
38.5,-81.95833,8.53706610695341e-10
38.5,-80.83333,1.57349388466376e-10
38.5,-80.04167,1.59483142798848e-10
38.5,-79.79167,1.37836398518108e-10
38.5,-79.25,1.67901668164022e-10
38.5,-77.33333,3.25669901438748e-09
38.5,-76.83333,1.73289955735976e-09
38.5,-76.29167,6.91948083840575e-10
38.5,-76.04167,3.67822824428939e-09
38.5,-75.75,4.89695140455425e-10
38.5,-75.625,1.6688511367783e-09
38.5,-75.20833,1.06066381957297e-09
38.45833,-122.2917,8.85524602058905e-10
38.45833,-121.0833,1.19190612193285e-09
38.45833,-120.875,4.28757832212626e-10
38.45833,-120.3333,1.44029150740387e-10
38.45833,-118.1667,2.82563309159726e-11
38.45833,-116.9167,1.75184590707099e-11
38.45833,-116.4167,2.33479897602705e-11
38.45833,-115.7083,2.08615137405754e-11
38.45833,-113.4583,2.35096898965475e-11
38.45833,-113.0417,2.76484292160662e-11
38.45833,-112.9167,2.90533673166362e-11
38.45833,-112.4583,2.67401836786952e-11
38.45833,-109.9583,4.71088723466515e-11
38.45833,-108.6667,4.78656856331286e-11
38.45833,-108.125,2.13487171340193e-10
38.45833,-106.8333,6.5246999285893e-11
38.45833,-106.625,5.47972383795047e-11
38.45833,-106.1667,4.24925869141549e-11
38.45833,-105.7083,4.1663748755778e-11
38.45833,-105.4167,7.0831351291128e-11
38.45833,-104.7917,1.58724257506215e-10
38.45833,-104.5,1.44688330933333e-10
38.45833,-103.4583,3.89103374874688e-11
38.45833,-102.875,3.26802302092086e-11
38.45833,-102.625,3.07901161246609e-11
38.45833,-102.125,4.32949065487181e-11
38.45833,-101.7917,5.66579198137352e-11
38.45833,-101.5833,4.48034275648823e-11
38.45833,-101.0833,5.75612299177631e-11
38.45833,-99.75,4.03536288208831e-11
38.45833,-99.29167,1.22174006796395e-10
38.45833,-98.95833,7.44316083160357e-11
38.45833,-98.125,1.5751344928495e-10
38.45833,-96.625,5.78237362622792e-11
38.45833,-95.875,1.55113025794673e-10
38.45833,-94.79167,2.87887136558672e-10
38.45833,-93.29167,2.63682114423484e-10
38.45833,-93.20833,2.59165015568801e-10
38.45833,-92.25,9.4697532221145e-10
38.45833,-90.79167,1.76820073011008e-09
38.45833,-90.25,4.35762769805465e-09
38.45833,-89.70833,9.44643642443989e-10
38.45833,-89.125,3.52552120898643e-10
38.45833,-87.375,3.01117279817081e-10
38.45833,-86.79167,8.70632809239374e-10
38.45833,-85.95833,1.73531450516749e-09
38.45833,-84.95833,4.56980599505826e-10
38.45833,-84.45833,3.9918478966096e-10
38.45833,-81.25,2.54230518445513e-10
38.45833,-80.79167,1.63309644753212e-10
38.45833,-80.375,2.58695618460715e-10
38.45833,-80.16667,9.2272629052522e-11
38.45833,-79.70833,1.26108563094793e-10
38.45833,-76.70833,1.6149824804179e-09
38.45833,-75.45833,1.64360533245318e-09
38.41667,-123.0417,4.77656602547514e-10
38.41667,-122.625,5.33301855955548e-09
38.41667,-122.5,2.11048428701741e-09
38.41667,-122.3333,9.40820025777453e-10
38.41667,-121,5.40515537974248e-10
38.41667,-120.2917,1.42654362918917e-10
38.41667,-120,1.24650231362663e-10
38.41667,-119.625,9.57831754717633e-11
38.41667,-118.4583,3.92646184232735e-11
38.41667,-117.5417,1.92493606070012e-11
38.41667,-116.625,1.58138342989131e-11
38.41667,-115.2083,1.48198582954974e-11
38.41667,-113.4167,5.13512846432642e-11
38.41667,-112.2917,4.78653723965004e-11
38.41667,-109.4167,4.62813551818488e-11
38.41667,-108.7083,4.73782235816006e-11
38.41667,-108.5,7.77567263008157e-11
38.41667,-105.25,2.22443815525173e-09
38.41667,-104.0417,7.79536330787885e-11
38.41667,-103.7083,7.41121655797214e-11
38.41667,-103.4167,3.87695081750075e-11
38.41667,-102,4.19081548063035e-11
38.41667,-100.7083,4.91187976961663e-11
38.41667,-100.6667,3.04284606960397e-11
38.41667,-100.2083,2.15174540166589e-11
38.41667,-99.16667,1.22685432778197e-10
38.41667,-98.08333,1.32404697935456e-10
38.41667,-97.75,3.52901721855485e-10
38.41667,-97.70833,3.73596833858974e-10
38.41667,-97.58333,3.01662171696241e-10
38.41667,-97.16667,2.53309602709112e-10
38.41667,-96.95833,1.23169812053607e-10
38.41667,-94.29167,1.974586361178e-10
38.41667,-93.45833,2.17895770763727e-10
38.41667,-93.29167,2.38579446412306e-10
38.41667,-92.5,3.95127609338102e-10
38.41667,-91.125,7.2798457302189e-10
38.41667,-90.625,2.94381369339977e-09
38.41667,-89.75,9.11999923032291e-10
38.41667,-89.45833,3.69455793979631e-10
38.41667,-87.875,2.05810254641464e-10
38.41667,-87.125,4.60948687993899e-10
38.41667,-85,4.79950304427711e-10
38.41667,-81.625,1.67407658933388e-09
38.41667,-79.79167,1.31694659969077e-10
38.41667,-79,3.0137895205519e-09
38.41667,-77.95833,1.24441668141333e-09
38.41667,-77.20833,9.07280220144962e-10
38.41667,-76.75,1.55868422282027e-09
38.375,-122.7083,4.55416883197888e-09
38.375,-122.2083,1.03296044562631e-09
38.375,-121.125,8.180544052803e-10
38.375,-121.0417,9.69380488385302e-10
38.375,-120.9583,7.37014204712822e-10
38.375,-120,7.55076157662496e-11
38.375,-119.3333,7.86376565159006e-11
38.375,-118.5833,8.38008154877116e-11
38.375,-117.6667,1.98539204104355e-11
38.375,-115.2917,1.4609559768333e-11
38.375,-114.4583,3.24327907341236e-11
38.375,-114.2083,3.56184170928929e-11
38.375,-113.375,2.61566380645698e-11
38.375,-111.6667,4.46228016010106e-11
38.375,-109.9583,4.4107956426875e-11
38.375,-109,5.5001377162525e-11
38.375,-107.0417,5.40171443674547e-11
38.375,-106.2917,2.46441245830429e-11
38.375,-104.6667,1.40257721929439e-09
38.375,-103.4167,3.97794961923782e-11
38.375,-101.3333,5.16599248439878e-11
38.375,-100.0417,4.58774989288053e-11
38.375,-98.5,1.10036542621196e-10
38.375,-96.70833,5.55892641316926e-11
38.375,-96.54167,5.54725194398787e-11
38.375,-96.45833,5.48272969177824e-11
38.375,-96.25,1.51666920168913e-10
38.375,-93.875,1.85670199923872e-10
38.375,-93.25,2.18571903469114e-10
38.375,-89.75,8.49824387795786e-10
38.375,-89.58333,5.05436438398217e-10
38.375,-89.375,9.57914700441197e-10
38.375,-87.83333,2.12128817368253e-10
38.375,-86.95833,2.60286221075982e-09
38.375,-85,5.27848607162035e-10
38.375,-84.875,5.64782137264549e-10
38.375,-83.58333,2.13157241757307e-10
38.375,-82,9.51301768453225e-10
38.375,-80.54167,1.56771233296817e-10
38.375,-80.29167,1.55067648695214e-10
38.375,-80.125,1.42480277554583e-10
38.375,-78.20833,1.19993769129882e-09
38.375,-78.125,6.48196297303709e-10
38.375,-77.875,8.53158286245161e-10
38.375,-76,1.50921761906173e-10
38.375,-75.625,6.6793214708585e-09
38.375,-75.29167,1.13513496055211e-09
38.33333,-123,3.79788618450131e-10
38.33333,-122.125,1.12815328604195e-09
38.33333,-120.7083,6.34126344032455e-10
38.33333,-120.4167,1.20324383978338e-10
38.33333,-119.375,4.55865576491668e-11
38.33333,-119.0417,3.32149284909085e-11
38.33333,-118.7083,4.15878299286833e-11
38.33333,-116.875,1.7622920756242e-11
38.33333,-115.2083,1.48452370042416e-11
38.33333,-114.75,1.64029916248178e-11
38.33333,-114.5,3.26967774707684e-11
38.33333,-114,2.178062753169e-11
38.33333,-113.0833,3.09627437175136e-11
38.33333,-111.9167,2.05548628866269e-11
38.33333,-111,3.77328235134489e-11
38.33333,-110.8333,3.966056537631e-11
38.33333,-110.6667,3.14159948568959e-11
38.33333,-110.3333,3.32926682596518e-11
38.33333,-109.9167,4.28806125309162e-11
38.33333,-107.9583,2.51090167769565e-10
38.33333,-107.6667,1.84642009847403e-10
38.33333,-107.3333,4.05490312724428e-11
38.33333,-105.25,4.49894793564917e-10
38.33333,-105.125,5.85349896754373e-10
38.33333,-104.875,1.17564280966085e-09
38.33333,-103.5,4.35925196844958e-11
38.33333,-103.4167,4.08398994654456e-11
38.33333,-102.9583,3.43732350911756e-11
38.33333,-101.4583,4.53680136420106e-11
38.33333,-100.875,5.31072139713077e-11
38.33333,-99.66667,3.49819127360496e-11
38.33333,-99.5,3.0838397962215e-11
38.33333,-98.33333,9.09274526134915e-11
38.33333,-98.08333,1.30645872036783e-10
38.33333,-97.91667,1.45953478227383e-10
38.33333,-97.83333,1.80636903651079e-10
38.33333,-97.41667,2.27801910268299e-10
38.33333,-97.125,3.4507113320232e-10
38.33333,-96.25,1.51918017843084e-10
38.33333,-95.08333,2.52356054680294e-10
38.33333,-91.83333,3.04254082913156e-10
38.33333,-91.25,5.49265787109083e-10
38.33333,-91.20833,5.52938646152202e-10
38.33333,-91,1.22352565426892e-09
38.33333,-88.04167,3.74452297851467e-10
38.33333,-84.45833,1.23681460773217e-09
38.33333,-83.20833,4.22121501649539e-10
38.33333,-82.625,9.65664987632976e-10
38.33333,-78.70833,1.22792810380764e-09
38.33333,-78.45833,1.20896489272912e-09
38.33333,-77.08333,1.7988438921768e-09
38.33333,-76.83333,8.7426052977978e-10
38.33333,-75.54167,7.0645228078107e-09
38.29167,-122.875,4.98463261345055e-10
38.29167,-122.75,2.58500145110612e-09
38.29167,-122.0833,7.69503146489973e-09
38.29167,-121.875,1.26808284630714e-09
38.29167,-121,6.54134046859501e-10
38.29167,-120.9583,8.92365070748033e-10
38.29167,-120.0417,7.64893222251955e-11
38.29167,-119.4167,4.4884528829066e-11
38.29167,-118.375,3.1255882103955e-11
38.29167,-115.875,2.26787558232312e-11
38.29167,-115.1667,1.49662670903331e-11
38.29167,-113.875,2.34264374792e-11
38.29167,-113.8333,2.36952470932998e-11
38.29167,-112.4583,9.74099582178847e-11
38.29167,-112.0833,2.18759490753884e-11
38.29167,-110.2917,2.28722625327528e-11
38.29167,-108.5833,5.69822392681429e-11
38.29167,-108.5417,5.80890620228183e-11
38.29167,-106.9583,5.33906686007494e-11
38.29167,-106.4167,2.37608836026752e-11
38.29167,-104.5,1.46831737139427e-09
38.29167,-100.8333,3.85071429842582e-11
38.29167,-96.75,5.30177871164018e-11
38.29167,-95.625,2.27472667441222e-10
38.29167,-95.54167,1.91048494345065e-10
38.29167,-94.95833,1.76340235027031e-10
38.29167,-94.66667,1.93870231950162e-10
38.29167,-92.625,6.19196188974816e-10
38.29167,-92.45833,3.75933112016691e-10
38.29167,-92.25,4.11486682546534e-10
38.29167,-92.125,3.26689135554408e-10
38.29167,-90.41667,3.2012591624448e-09
38.29167,-90.125,6.94595258050203e-10
38.29167,-89.54167,3.9291958829888e-10
38.29167,-88.75,3.29538134788723e-10
38.29167,-87.75,3.20959312807616e-10
38.29167,-87.5,5.04018261039556e-10
38.29167,-87.29167,3.9629117972542e-10
38.29167,-86.66667,2.64806944228878e-10
38.29167,-84,4.11211655716487e-10
38.29167,-79.29167,5.64186878683012e-10
38.29167,-79.125,7.88187031882351e-10
38.29167,-77.66667,1.61433345434412e-09
38.29167,-77.29167,1.81593302443278e-09
38.29167,-76.54167,3.30898255098342e-09
38.25,-122.3333,1.25157384588234e-09
38.25,-121.1667,7.25452349820794e-10
38.25,-120.8333,6.74939785160589e-10
38.25,-119.7083,8.86963092912677e-11
38.25,-118.5833,3.50042202241024e-11
38.25,-117.8333,2.07898529117426e-11
38.25,-117.3333,3.28320058206035e-11
38.25,-117.25,3.30367328187759e-11
38.25,-116.25,2.53194950808769e-11
38.25,-114.75,1.70360530947465e-11
38.25,-114.375,3.64229171064519e-11
38.25,-113.5833,2.7221087468642e-11
38.25,-113.2917,3.05435728405848e-11
38.25,-112.4583,9.88424516903627e-11
38.25,-112.2083,3.67681193206415e-11
38.25,-112,2.17086123387034e-11
38.25,-111.6667,1.94527665287382e-11
38.25,-110.7083,2.13800608189429e-11
38.25,-110.4167,2.23159846724928e-11
38.25,-109.0833,2.3760356141987e-11
38.25,-108.9167,5.37488883985506e-11
38.25,-108.2083,5.70633419131188e-11
38.25,-107.9583,8.13570017774085e-11
38.25,-107.7083,7.68049700845555e-11
38.25,-106.7083,4.8136064876568e-11
38.25,-103.8333,8.99752524613976e-11
38.25,-102.875,4.25148886523901e-11
38.25,-102.2917,4.97441455055537e-11
38.25,-102.0417,7.98536765927829e-11
38.25,-100.9167,3.95177048588541e-11
38.25,-100.5417,3.59455432067108e-11
38.25,-100.3333,4.14441443131845e-11
38.25,-99.83333,4.7980419594542e-11
38.25,-99.58333,4.32138702008201e-11
38.25,-99.41667,4.45371305427169e-11
38.25,-96.75,5.37275678870491e-11
38.25,-96.70833,5.12417985444768e-11
38.25,-93.91667,1.62939660536979e-10
38.25,-93.625,1.35519082045793e-10
38.25,-93.29167,1.20692629174676e-10
38.25,-92.83333,3.65582134943756e-10
38.25,-92.54167,3.80278143235334e-10
38.25,-91.25,1.15966811363538e-09
38.25,-88.83333,3.37537984038625e-10
38.25,-88.20833,1.56596913405596e-10
38.25,-88.16667,1.60843971562427e-10
38.25,-87.125,4.24749500531672e-10
38.25,-84.25,1.85259654728496e-09
38.25,-84.08333,4.50839061778986e-10
38.25,-82.79167,4.02085953870084e-10
38.25,-80.125,1.22718176597922e-10
38.25,-79.41667,1.9265791364339e-10
38.25,-78.66667,1.16907623528801e-09
38.25,-78.54167,1.06081696994014e-09
38.25,-77.25,1.0668509651622e-09
38.25,-75.875,7.20020231236506e-10
38.25,-75.25,2.2042973869248e-08
38.20833,-121.5833,7.57901160526071e-10
38.20833,-118.4583,3.1012122683176e-11
38.20833,-117.7083,2.0702878728355e-11
38.20833,-117.25,3.46234785398029e-11
38.20833,-116.625,2.7740682163102e-11
38.20833,-116.2083,2.57933538035496e-11
38.20833,-115.9167,2.39676660084896e-11
38.20833,-115.4583,1.45064262067885e-11
38.20833,-113.9167,2.49678296211335e-11
38.20833,-113.4583,3.02698118361211e-11
38.20833,-113.4167,3.07647297208106e-11
38.20833,-110.0833,2.20023435255011e-11
38.20833,-109.375,2.25418064656611e-11
38.20833,-108.7083,4.96185812793907e-11
38.20833,-108.625,5.56376598846795e-11
38.20833,-108.125,5.10284383416554e-11
38.20833,-108,7.82784688189425e-11
38.20833,-107.9167,7.89560979990423e-11
38.20833,-105.5833,5.56826414164811e-11
38.20833,-105.0417,1.21645879184817e-10
38.20833,-104.5833,2.12246676087848e-09
38.20833,-103.5,1.2264193089046e-10
38.20833,-102.3333,5.01734901518672e-11
38.20833,-101.1667,4.90962078206614e-11
38.20833,-100.2917,4.28519556283483e-11
38.20833,-99.875,5.6157255685256e-11
38.20833,-99.25,4.43520251014282e-11
38.20833,-95.45833,1.38481588132504e-10
38.20833,-95.25,2.84406259128761e-10
38.20833,-92.20833,3.27472723327634e-10
38.20833,-90.125,5.19853083224946e-10
38.20833,-89.79167,9.42628317671981e-10
38.20833,-89.54167,3.65717225699815e-10
38.20833,-89.04167,2.90971872891263e-10
38.20833,-88.875,3.20801661014543e-10
38.20833,-87.16667,4.25689179653664e-10
38.20833,-86.25,7.01384992360351e-10
38.20833,-83.95833,4.34085268402522e-10
38.20833,-83.29167,4.39074703789155e-10
38.20833,-80.66667,3.21808759614492e-10
38.20833,-78.45833,5.60626271158238e-09
38.20833,-77.58333,2.70665242447514e-09
38.20833,-76.79167,7.10962347469346e-09
38.20833,-75.5,4.97518938869834e-10
38.16667,-121.7917,6.81140491130024e-10
38.16667,-119.25,6.34414752568356e-11
38.16667,-118.875,3.36340570420117e-11
38.16667,-118.6667,3.25232665132084e-11
38.16667,-118.0417,2.32666785869522e-11
38.16667,-117.9167,2.14807633360461e-11
38.16667,-117.0833,2.33033712844946e-11
38.16667,-115.75,1.51272070657526e-11
38.16667,-115.3333,1.4938472662224e-11
38.16667,-114.2917,4.02403892265914e-11
38.16667,-112.1667,3.95279195565592e-11
38.16667,-111.9167,3.55833957075584e-11
38.16667,-111.7083,2.04836173346859e-11
38.16667,-109.5417,2.15961942513314e-11
38.16667,-108.7083,4.96511771657512e-11
38.16667,-108.4583,7.60358146188843e-11
38.16667,-106.25,3.14332844520166e-11
38.16667,-105.625,5.34319709990405e-11
38.16667,-105.1667,8.85141035245367e-11
38.16667,-102.1667,7.55212291336124e-11
38.16667,-101.4583,3.50934207861926e-11
38.16667,-101.375,5.13488122504493e-11
38.16667,-101.0417,4.45802282752192e-11
38.16667,-100.9583,4.58817765847995e-11
38.16667,-100.625,4.09153961063078e-11
38.16667,-99.83333,6.19791097894341e-11
38.16667,-98.83333,1.00483810827682e-10
38.16667,-98.41667,7.5101204618764e-11
38.16667,-97.5,3.6610854626768e-10
38.16667,-96.70833,5.20203713743128e-11
38.16667,-96.125,7.13744203026168e-11
38.16667,-95.75,8.44353008716267e-10
38.16667,-94.20833,1.61169152905647e-10
38.16667,-93.625,1.6779160024582e-10
38.16667,-93.29167,1.29143031583927e-10
38.16667,-92.79167,7.65164060464444e-10
38.16667,-92.54167,3.2006571902986e-10
38.16667,-92.375,3.18513265330452e-10
38.16667,-92.33333,3.1507392339839e-10
38.16667,-91.91667,3.06137406143278e-10
38.16667,-91.375,5.64574344592132e-10
38.16667,-90.20833,4.44165799678007e-10
38.16667,-88.33333,1.71834484014497e-10
38.16667,-87.875,4.31089904396575e-10
38.16667,-87.625,8.19102945804656e-10
38.16667,-87,7.93404028021513e-10
38.16667,-86.41667,2.58258736794528e-10
38.16667,-86.375,2.70654984484831e-10
38.16667,-85.33333,1.74228068838626e-09
38.16667,-82.70833,2.04201420061387e-10
38.16667,-82.5,2.83767204861805e-10
38.16667,-82.45833,2.5082929857013e-10
38.16667,-81.75,3.56069550626387e-10
38.16667,-81.5,4.64441036467243e-10
38.16667,-80.91667,3.07294622531627e-10
38.16667,-80.04167,1.44790817189645e-10
38.16667,-77.16667,6.01515508872963e-10
38.16667,-76.33333,1.51802805295508e-09
38.125,-122.25,1.21819087725661e-08
38.125,-122.0833,5.12802580545591e-10
38.125,-121.0417,8.28161495849766e-10
38.125,-120.9583,9.76704522049169e-10
38.125,-120.7917,6.95329399992703e-10
38.125,-120.625,4.12178434606383e-10
38.125,-119,3.50077268342677e-11
38.125,-117.875,2.10883463353955e-11
38.125,-117.7917,2.0919416315997e-11
38.125,-117.375,2.25491161105416e-11
38.125,-116.125,1.70520812889441e-11
38.125,-115.875,1.5863561469161e-11
38.125,-111.9583,2.34285162273904e-11
38.125,-110.625,2.13487287880545e-11
38.125,-110.4167,2.15680957952786e-11
38.125,-109.6667,3.73105588053666e-11
38.125,-109.0833,4.01345002226496e-11
38.125,-107.4167,4.14213996381705e-11
38.125,-103.9167,1.3903223980651e-10
38.125,-103.4583,1.28343922263628e-10
38.125,-101.9583,3.84218512734581e-11
38.125,-99.54167,4.52053442721968e-11
38.125,-99.16667,1.06274226276714e-10
38.125,-97.83333,5.19723029198537e-10
38.125,-97.20833,3.58223233529723e-10
38.125,-95.91667,2.46904418714576e-10
38.125,-95.41667,1.10439203445001e-10
38.125,-94.79167,2.39066692971432e-10
38.125,-94.5,1.38943606794603e-10
38.125,-92.375,3.33389051965509e-10
38.125,-91.625,4.24212539649404e-10
38.125,-89.08333,3.93682544081142e-10
38.125,-86.625,2.58848187611146e-10
38.125,-82.75,1.85293012092628e-10
38.125,-82.33333,2.00762539916254e-10
38.125,-79.54167,1.28686929133883e-10
38.125,-79,2.58444720161074e-09
38.125,-78,8.75071909865932e-10
38.125,-76.29167,8.00886390455216e-09
38.125,-75.20833,7.9352085092985e-09
38.08333,-121.125,1.58919472618781e-09
38.08333,-120.75,6.25571699164591e-10
38.08333,-120.1667,1.3637776691338e-10
38.08333,-119.0833,1.09073165498147e-10
38.08333,-119.0417,1.07763726657533e-10
38.08333,-117.875,2.12385561667573e-11
38.08333,-116.4167,2.98383239068175e-11
38.08333,-115.9583,1.66453206378047e-11
38.08333,-112.7083,5.85514394474695e-11
38.08333,-111.125,3.61269116246988e-11
38.08333,-110.5,2.14122975189408e-11
38.08333,-110.0417,2.080979381154e-11
38.08333,-109.75,3.63770752273432e-11
38.08333,-107.1667,3.86350472123149e-11
38.08333,-106.7083,4.2521271012873e-11
38.08333,-106.5833,3.00399165450069e-11
38.08333,-106.0417,3.35294843742201e-11
38.08333,-105.625,5.18673082283721e-11
38.08333,-104,7.29032272968536e-11
38.08333,-102.75,1.89516879864702e-10
38.08333,-101.625,4.60443187444583e-11
38.08333,-100.4583,4.60629055949535e-11
38.08333,-100,6.06119175797006e-11
38.08333,-99.375,4.24627476992971e-11
38.08333,-96.45833,4.87690256692701e-11
38.08333,-95.875,2.97427373623138e-10
38.08333,-93.66667,1.47293653886754e-10
38.08333,-92.29167,3.54059557418475e-10
38.08333,-91,2.43039408381412e-10
38.08333,-90.875,3.0184034168433e-10
38.08333,-87.83333,5.69479378174773e-10
38.08333,-85.875,3.55816683690845e-09
38.08333,-84.29167,1.50352496490622e-09
38.08333,-83.41667,4.64128877300315e-10
38.08333,-83.16667,2.67507054690346e-10
38.08333,-82.41667,2.3783417654298e-10
38.08333,-80.33333,1.44995648231069e-10
38.08333,-78.95833,6.84288039790119e-09
38.08333,-77.95833,7.98792756088885e-10
38.08333,-76.16667,7.37871873329195e-11
38.04167,-121.375,5.62298471709914e-09
38.04167,-120.5833,4.79442946860457e-10
38.04167,-120.5,5.3481505693097e-10
38.04167,-118.5,3.2774413184138e-11
38.04167,-118.0833,2.46803680787498e-11
38.04167,-117.8333,2.09493981844536e-11
38.04167,-117.5,2.1551452195133e-11
38.04167,-117,3.7272349810387e-11
38.04167,-116.3333,1.92430545496724e-11
38.04167,-115.375,1.55202985741076e-11
38.04167,-114.8333,1.80428749185223e-11
38.04167,-113.3333,8.67035110815006e-11
38.04167,-113.2917,1.17611954123909e-10
38.04167,-112.4583,5.60855436047862e-11
38.04167,-111.875,2.38865491361841e-11
38.04167,-109.5417,1.99139150969793e-11
38.04167,-109.4583,2.01336308145202e-11
38.04167,-108.25,5.30616122118935e-11
38.04167,-105.9167,3.17022855996698e-11
38.04167,-105.8333,3.29870603245287e-11
38.04167,-105.625,4.25915742724102e-11
38.04167,-105.25,6.07506198514004e-11
38.04167,-103,3.73710301820813e-11
38.04167,-102.4583,2.98259156280764e-11
38.04167,-102.4167,2.99506902989725e-11
38.04167,-101.5417,2.61288725003758e-11
38.04167,-101.0833,4.28895788046365e-11
38.04167,-97.41667,1.84733522737113e-09
38.04167,-95.625,1.49525045067289e-10
38.04167,-95.45833,1.07665911138063e-10
38.04167,-95.41667,1.08581692488558e-10
38.04167,-94.95833,2.32184015490304e-10
38.04167,-92.16667,2.89149076722501e-10
38.04167,-90.83333,2.86720827733368e-10
38.04167,-89.5,6.05446371108387e-10
38.04167,-89,5.66930799687725e-10
38.04167,-88.58333,2.22649914943812e-10
38.04167,-85.70833,3.39751204496814e-09
38.04167,-84.45833,6.22042399604456e-09
38.04167,-82.375,1.50623176922588e-10
38.04167,-82.04167,2.13293964395776e-10
38.04167,-81.875,5.93458075715143e-10
38.04167,-81.83333,6.18076806237373e-10
38.04167,-80.79167,2.62745898563757e-10
38.04167,-80.25,1.1892446305447e-10
38.04167,-78.66667,4.66468287671364e-09
38.04167,-78.45833,7.73832245198145e-09
38.04167,-78.20833,7.47454547213506e-10
38.04167,-77.04167,5.98485729792984e-10
38,-121.875,2.74928022961313e-09
38,-118.125,2.5753994303219e-11
38,-117.375,2.26947638193065e-11
38,-114.25,4.73709264029858e-11
38,-113.4167,7.88480577986781e-11
38,-112.5417,3.45292940986594e-11
38,-111.2917,1.91617231946319e-11
38,-110.5833,2.13247590135649e-11
38,-109.7083,3.46329837618433e-11
38,-108.9167,3.46550621345899e-11
38,-108.1667,7.46571873531811e-11
38,-107.625,7.34264207757789e-11
38,-106.4583,2.87956129779934e-11
38,-104.7917,1.70787464676922e-10
38,-104.4167,9.89142963856927e-11
38,-103.5833,1.95751225756773e-10
38,-103.3333,1.13287242446001e-10
38,-101.125,6.48889709447318e-11
38,-100.5833,5.8582236154558e-11
38,-100.0833,5.8866176524718e-11
38,-99.5,4.30004638485841e-11
38,-98.70833,7.29927679334835e-11
38,-98.41667,7.23943081010765e-11
38,-98.125,2.00601404437001e-10
38,-97.95833,3.46529817425732e-09
38,-97.875,8.13217567364218e-10
38,-97.58333,4.76689656674609e-10
38,-97.54167,6.61473658423226e-10
38,-97.16667,3.00785647056962e-10
38,-97.125,2.75647615517182e-10
38,-95.91667,1.75208565878409e-10
38,-95.41667,1.05700458960953e-10
38,-94.16667,2.26983509403421e-10
38,-93.125,1.05847659536064e-10
38,-92.91667,2.24007154406853e-10
38,-92.83333,3.93372972049905e-10
38,-92.66667,6.81221151490929e-10
38,-89.125,5.62888889660536e-10
38,-88.125,7.12803773585804e-10
38,-85.5,1.14731580229937e-09
38,-85.125,5.73708354279159e-10
38,-84.375,1.74857511158377e-09
38,-82.66667,2.52903585749903e-10
38,-82.375,1.44918115295615e-10
38,-81.95833,3.43464171781847e-10
38,-81.75,2.24730778934251e-10
38,-81.625,3.10023567443217e-10
38,-81.41667,2.38732659624373e-10
38,-80.58333,1.43122490787034e-10
38,-80.54167,1.50888080255789e-10
38,-79.875,1.47711790042309e-10
38,-78.91667,3.37219902107802e-09
38,-78.54167,3.53376629737608e-09
38,-78.45833,6.23951167745146e-09
38,-78.29167,8.79550615586889e-10
38,-78.125,7.05019178320008e-10
37.95833,-118.125,2.62645606493933e-11
37.95833,-116.25,1.98500687586952e-11
37.95833,-113.3333,1.3837346422203e-10
37.95833,-113.2917,1.42845064425248e-10
37.95833,-111.375,3.29195486821529e-11
37.95833,-111.2083,1.96775126452865e-11
37.95833,-110.5,2.12434243585151e-11
37.95833,-110.3333,2.07070538947015e-11
37.95833,-110,1.97116723694283e-11
37.95833,-108.0833,2.22169613544258e-10
37.95833,-108.0417,2.29944076831332e-10
37.95833,-107.75,1.01465720413243e-10
37.95833,-107.2917,3.68350308502096e-11
37.95833,-107.0833,3.31817967563477e-11
37.95833,-105.875,3.20630793465033e-11
37.95833,-104.0833,6.79253720040326e-11
37.95833,-102.2083,3.75174416559627e-11
37.95833,-101.5833,4.55900531797841e-11
37.95833,-99.95833,6.55308571461814e-11
37.95833,-99.625,4.67383382599283e-11
37.95833,-99.41667,2.92827309474447e-10
37.95833,-96.41667,5.42710618551723e-11
37.95833,-96.25,4.99262312276096e-11
37.95833,-95.20833,1.6407895452577e-10
37.95833,-94.20833,2.4786827987524e-10
37.95833,-92.75,3.13298848443199e-10
37.95833,-92.625,2.77848109068087e-10
37.95833,-92.08333,7.00698132715659e-10
37.95833,-91.20833,1.80518727723879e-10
37.95833,-89.54167,3.88259962040125e-10
37.95833,-87.5,2.76498920938679e-09
37.95833,-87,5.17240923296519e-10
37.95833,-84.83333,9.0876639629881e-10
37.95833,-84.79167,7.99968271264984e-10
37.95833,-82.29167,1.3623315710984e-10
37.95833,-82,3.24683510672164e-10
37.95833,-81.91667,3.40149215407e-10
37.95833,-79.875,1.53886335988801e-10
37.95833,-79.25,5.01527598925513e-10
37.95833,-79.04167,1.0322945186492e-09
37.95833,-76.75,4.75515864461435e-10
37.91667,-121.1667,2.19947892841587e-09
37.91667,-120.7917,7.38356108148158e-10
37.91667,-119.9583,2.55997046956733e-10
37.91667,-117.0833,2.36854017514472e-11
37.91667,-116.4583,3.5005932326762e-11
37.91667,-115.75,1.73693013828137e-11
37.91667,-115.125,1.72961292836312e-11
37.91667,-114.375,5.7314374177678e-11
37.91667,-111.9167,2.80145913172395e-11
37.91667,-111.5417,3.56478013148909e-11
37.91667,-110.1667,1.99009812386959e-11
37.91667,-108.7083,3.6430256458333e-11
37.91667,-108.5417,4.68255100942803e-11
37.91667,-108.4583,4.76942480750332e-11
37.91667,-107.9167,2.26545817896765e-10
37.91667,-107.8333,1.94253427324631e-10
37.91667,-107.4583,3.88339076858242e-11
37.91667,-106.2083,3.39304103337495e-11
37.91667,-105.9583,3.38090435175664e-11
37.91667,-105.625,4.0983660107453e-11
37.91667,-105,1.72487554695303e-10
37.91667,-100.6667,1.27679298290053e-10
37.91667,-99.33333,4.34966993042595e-11
37.91667,-99.29167,4.34552563622493e-11
37.91667,-98.83333,8.97629535160272e-11
37.91667,-98.66667,4.35657198272653e-11
37.91667,-95.83333,6.37272764447367e-11
37.91667,-94.75,2.00302603003149e-10
37.91667,-91.91667,4.98593721398588e-10
37.91667,-91.54167,4.99169407760867e-10
37.91667,-89.29167,7.99783452405924e-10
37.91667,-88.95833,7.40131334533309e-10
37.91667,-88.91667,7.00709987941272e-10
37.91667,-88.20833,1.9415626911716e-10
37.91667,-86.29167,5.22208398641815e-10
37.91667,-86.125,8.87705923519525e-10
37.91667,-84.875,8.18035510326318e-10
37.91667,-84.79167,7.52497834103058e-10
37.91667,-84.16667,1.08375460344171e-09
37.91667,-84.04167,6.82448106094848e-10
37.91667,-81.08333,5.40329660362287e-10
37.91667,-80.91667,2.69745379373769e-10
37.91667,-80.08333,2.64895907920822e-10
37.91667,-79.95833,3.39804289572089e-10
37.91667,-78.66667,9.36357159634588e-10
37.91667,-76.29167,8.90650957104437e-09
37.875,-121.5417,9.09563648603615e-10
37.875,-121.4167,4.00384184228225e-10
37.875,-120.6667,4.81156287468873e-10
37.875,-120,2.55632542608709e-10
37.875,-119.8333,6.09582300965155e-11
37.875,-119.75,3.14916343162228e-11
37.875,-119.5833,4.56071657559472e-11
37.875,-118.9583,4.4908856255192e-11
37.875,-117.0833,2.28827974692114e-11
37.875,-116.125,1.99827401571427e-11
37.875,-114.5,2.4007479543438e-11
37.875,-113.4167,5.52781318495879e-11
37.875,-113.0417,3.41601212447091e-10
37.875,-111.5833,3.74955841251179e-11
37.875,-111.2917,1.99780119994694e-11
37.875,-110.375,3.6044124293232e-11
37.875,-110.2083,1.98188338195386e-11
37.875,-109.0833,3.49155896635487e-11
37.875,-107.0417,3.26988535103518e-11
37.875,-106.125,4.48267375378611e-11
37.875,-105.4167,4.65395300839135e-11
37.875,-105.0833,5.2317862604331e-11
37.875,-104.5833,1.07565210181802e-10
37.875,-104.5,7.35277162591352e-11
37.875,-104.125,6.40078469676391e-11
37.875,-103.5,6.44445277231022e-11
37.875,-103.0417,3.81402215815564e-11
37.875,-103,3.73183862063862e-11
37.875,-102.875,3.52497415596281e-11
37.875,-102.0833,3.8703998583474e-11
37.875,-100.1667,5.38820724367617e-11
37.875,-99.25,4.46235224622578e-11
37.875,-99.08333,3.7918260464466e-11
37.875,-98.91667,7.65705316220001e-11
37.875,-97.83333,2.64105189798537e-10
37.875,-96.25,5.19495982754919e-11
37.875,-95.70833,3.02424146003414e-10
37.875,-95,1.55918356692188e-10
37.875,-94.125,2.68189385384117e-10
37.875,-92.33333,9.41553043315942e-10
37.875,-91.79167,5.77000964968064e-10
37.875,-89.625,3.35729030705556e-10
37.875,-88.54167,2.68928906672075e-10
37.875,-85.25,4.24074723723796e-10
37.875,-82.41667,3.51047222349853e-10
37.875,-80.83333,1.5379174780289e-10
37.875,-80.54167,3.90719671208473e-10
37.875,-80.04167,2.66860486119244e-10
37.875,-79.16667,4.71786345737771e-10
37.875,-78.75,4.75833936664633e-10
37.875,-77.5,8.2907426203022e-10
37.875,-75.5,9.4693959430562e-10
37.83333,-122.5417,2.10909833851221e-09
37.83333,-121.7917,2.93298067288353e-09
37.83333,-121,1.45012283336323e-09
37.83333,-120.9583,1.26361551715664e-09
37.83333,-120.7917,6.95120540581559e-10
37.83333,-120.4167,2.17902444780581e-10
37.83333,-119.5417,4.62537810598526e-11
37.83333,-118.9583,4.40453737214968e-11
37.83333,-117.9167,2.30955639744994e-11
37.83333,-117.375,2.53004782652257e-11
37.83333,-116.875,2.78010325381078e-11
37.83333,-116.2917,2.1941983825685e-11
37.83333,-115.875,1.89141818994915e-11
37.83333,-115.6667,1.77692931865915e-11
37.83333,-113.375,6.52490372127872e-11
37.83333,-112.8333,9.08407757890157e-11
37.83333,-112.5833,3.77380543718422e-11
37.83333,-110.2083,1.96132024952075e-11
37.83333,-108.9167,4.62184445228691e-11
37.83333,-108.5,3.59924327199493e-11
37.83333,-108.2083,4.52428785161284e-11
37.83333,-107.875,1.7026072591943e-10
37.83333,-105,1.08761608111861e-10
37.83333,-103.6667,6.70222740457609e-11
37.83333,-103.1667,3.89771679596676e-11
37.83333,-103.0417,3.78681170051593e-11
37.83333,-102.625,3.50566878775897e-11
37.83333,-102.5833,3.50033996358205e-11
37.83333,-101.2917,5.89673355555403e-11
37.83333,-100.1667,5.46382905054006e-11
37.83333,-100,7.67983337328391e-11
37.83333,-99.125,4.41927402223135e-11
37.83333,-97.95833,1.83380472596124e-10
37.83333,-97.41667,1.50152141371262e-09
37.83333,-93.95833,2.2661770273767e-10
37.83333,-93.91667,2.07224301144847e-10
37.83333,-93.45833,2.07564010080859e-10
37.83333,-90.70833,4.9343027924852e-10
37.83333,-90.625,5.31200452691991e-10
37.83333,-89.83333,2.52255780508622e-10
37.83333,-89.375,8.96399695038207e-10
37.83333,-89.29167,1.11204705870743e-09
37.83333,-89,1.93980000905601e-09
37.83333,-88.25,1.85612536888333e-10
37.83333,-86.625,3.49825547646398e-10
37.83333,-86.29167,3.33342368357649e-10
37.83333,-85.125,3.78207394707056e-10
37.83333,-84.625,1.95891938909596e-09
37.83333,-83.58333,2.61366939714765e-10
37.83333,-82.58333,1.62604484980323e-10
37.83333,-82.45833,5.15497531121381e-10
37.83333,-82.08333,4.39319495331469e-10
37.83333,-81.54167,1.76062082181612e-10
37.83333,-79.83333,4.92097154996679e-10
37.83333,-79.70833,3.58052550531767e-10
37.83333,-79.5,3.90595821480704e-10
37.83333,-77.625,8.91350360716362e-10
37.83333,-76.08333,4.74761424497616e-09
37.79167,-122.4583,6.902437309062e-08
37.79167,-121.2083,3.57870484931813e-09
37.79167,-120.125,1.49936032596804e-10
37.79167,-118.875,9.4782018153356e-11
37.79167,-118.25,5.51100452928061e-11
37.79167,-117.7917,2.22993853039384e-11
37.79167,-117.5833,2.29563593121299e-11
37.79167,-116.7083,3.40178703423403e-11
37.79167,-116.6667,3.04167510731688e-11
37.79167,-116.2083,2.17530827182579e-11
37.79167,-116.125,2.10387757078962e-11
37.79167,-115.1667,1.78055596522571e-11
37.79167,-112.6667,7.20329661846062e-11
37.79167,-110.2917,1.98337219607248e-11
37.79167,-108.4583,3.479597167601e-11
37.79167,-108.1667,4.19144815654278e-11
37.79167,-107.8333,6.08288574907077e-11
37.79167,-106.7917,3.05157663439048e-11
37.79167,-103.2917,4.31064933473852e-11
37.79167,-101.875,4.30836727340255e-11
37.79167,-101.4167,4.94653595477834e-11
37.79167,-101.2083,3.8209108399269e-11
37.79167,-99,4.33396432858077e-11
37.79167,-98.58333,5.4708837647977e-11
37.79167,-96.66667,1.38912469013273e-10
37.79167,-96.375,5.4101265933474e-11
37.79167,-93.70833,1.56005426114466e-10
37.79167,-90.58333,4.21078047765032e-10
37.79167,-89.25,5.64046218688619e-09
37.79167,-88.91667,3.41238093091845e-09
37.79167,-88.25,2.22501335309483e-10
37.79167,-88.20833,2.30830430437544e-10
37.79167,-88.08333,3.32709483606508e-10
37.79167,-85.875,5.39033464999738e-09
37.79167,-85.58333,8.98874446693181e-10
37.79167,-84.95833,6.82413380765526e-10
37.79167,-84.91667,7.09423656003076e-10
37.79167,-84.66667,8.66931596824158e-10
37.79167,-84.125,8.60733158570262e-10
37.79167,-84,8.48861534098241e-10
37.79167,-81.33333,1.0364233914504e-09
37.79167,-80.20833,3.29728275367976e-10
37.79167,-79.20833,3.42760824135405e-10
37.79167,-78.45833,4.55352039992103e-10
37.79167,-78.41667,4.67667230047363e-10
37.79167,-78.29167,7.78411501162533e-10
37.79167,-77.375,1.85284966386566e-09
37.79167,-76.45833,6.0964720412758e-10
37.75,-119.8333,1.52104002740859e-10
37.75,-119.5417,9.08105474029271e-11
37.75,-118.2083,5.271679601364e-11
37.75,-116.6667,2.97649085296775e-11
37.75,-115,3.06087348927882e-11
37.75,-114.4583,6.0426802521298e-11
37.75,-114.375,6.61589584167341e-11
37.75,-113.75,6.3580049202766e-11
37.75,-111.9583,5.88563185338847e-11
37.75,-111.8333,4.72372808852426e-11
37.75,-111.5,2.13153379144437e-11
37.75,-111.375,3.50763024858052e-11
37.75,-109.375,3.05532762590862e-11
37.75,-108.7083,3.20120172421508e-11
37.75,-108.4583,3.34053896237238e-11
37.75,-106.75,3.04909206639495e-11
37.75,-106.375,3.37865606874295e-11
37.75,-106.2917,4.97262462383932e-11
37.75,-104.7917,8.09977689498378e-11
37.75,-104.5,5.26013268336507e-11
37.75,-103.5417,5.90160856601365e-11
37.75,-102.2083,3.67696579882149e-11
37.75,-101.9167,4.40410514578445e-11
37.75,-101.25,4.86810059542695e-11
37.75,-100.4167,6.66925509930468e-11
37.75,-99.29167,5.28541641673893e-11
37.75,-98.75,4.89238607062075e-11
37.75,-98.70833,4.90998572095165e-11
37.75,-97.04167,9.59827179412507e-10
37.75,-95.54167,1.33241531234267e-10
37.75,-95.29167,1.98673098861928e-10
37.75,-94.83333,1.90990955842647e-10
37.75,-93.625,1.47286913259717e-10
37.75,-89.91667,3.11563685744289e-10
37.75,-89.08333,1.84229641037853e-09
37.75,-87,1.36365530576232e-09
37.75,-86.625,2.89370756733557e-10
37.75,-85.125,3.96094674676644e-10
37.75,-84.375,2.63025224273116e-09
37.75,-84.29167,1.71828983610288e-09
37.75,-84.20833,1.44867043203255e-09
37.75,-84.16667,1.24253991449793e-09
37.75,-83.66667,2.66683478063571e-10
37.75,-81.08333,1.01236981465673e-09
37.75,-78.54167,3.98317211366316e-10
37.75,-78.04167,4.21364287587998e-10
37.75,-76.375,5.61754177640456e-10
37.75,-75.79167,5.58126124823874e-10
37.70833,-122.2083,5.03760755997396e-08
37.70833,-121.75,4.50373036517899e-09
37.70833,-121.2917,1.38292771671533e-09
37.70833,-119.7917,1.15568866231707e-10
37.70833,-118.9167,5.07289559980372e-11
37.70833,-117.4167,2.69376878708945e-11
37.70833,-115.75,1.95747749526986e-11
37.70833,-115.0833,3.00994658719616e-11
37.70833,-114.0833,4.64225416943471e-11
37.70833,-111.4167,2.05971409599234e-11
37.70833,-109.5833,1.6339878400728e-11
37.70833,-109.375,2.97927842898215e-11
37.70833,-109.3333,2.99197133997904e-11
37.70833,-109,4.15079351381624e-11
37.70833,-108.9583,4.20202539433008e-11
37.70833,-108.125,3.83668280208755e-11
37.70833,-107.7917,4.8765497223321e-11
37.70833,-107.7083,4.72126042711513e-11
37.70833,-107.375,3.39686984997841e-11
37.70833,-105.4167,4.37350150589658e-11
37.70833,-105.2083,4.4220149124308e-11
37.70833,-103.5833,5.9108359987713e-11
37.70833,-102.5,2.963841562576e-11
37.70833,-99.33333,5.58203753076793e-11
37.70833,-98.83333,5.53914455138596e-11
37.70833,-98.25,8.2276378821923e-11
37.70833,-98.08333,1.06780750150028e-10
37.70833,-97.95833,1.38272863963012e-10
37.70833,-96.95833,7.1942560241825e-10
37.70833,-96.75,1.75336046654393e-10
37.70833,-95.95833,7.6211011221921e-11
37.70833,-95.91667,7.7643543881465e-11
37.70833,-95.04167,1.28224099611572e-10
37.70833,-94.41667,3.41538191286068e-10
37.70833,-93.41667,3.65194068895719e-10
37.70833,-93.16667,3.74814190435024e-10
37.70833,-92.95833,1.74739086166996e-10
37.70833,-92.5,3.10021666958433e-10
37.70833,-92,5.33717914611426e-10
37.70833,-91.66667,2.90461553988578e-10
37.70833,-90.29167,1.99880391416729e-10
37.70833,-87.5,5.68379047906008e-10
37.70833,-86.79167,4.20383168750765e-10
37.70833,-86.375,3.89451409647541e-10
37.70833,-85.70833,1.75226601900493e-09
37.70833,-85.66667,8.71443264016629e-10
37.70833,-84.70833,9.47579168616864e-10
37.70833,-82.91667,2.74658253116122e-10
37.70833,-81.625,4.3578944462043e-10
37.70833,-80.04167,5.73465208063661e-10
37.70833,-78.75,3.04356914468862e-10
37.70833,-76.70833,4.63544345116546e-10
37.70833,-75.54167,2.96304678817489e-10
37.66667,-122.25,8.76728400747937e-09
37.66667,-119.7083,1.53569959005468e-10
37.66667,-119.1667,5.34173090189213e-11
37.66667,-115.1667,2.98020375553109e-11
37.66667,-115.0417,3.08023227577248e-11
37.66667,-114.5417,4.67100196950754e-11
37.66667,-114.5,4.87295110797811e-11
37.66667,-112.375,5.520249034929e-11
37.66667,-112.25,3.46604567660096e-11
37.66667,-111.2917,2.11153615170648e-11
37.66667,-109.8333,1.69383090627162e-11
37.66667,-107,3.27986388113813e-11
37.66667,-104.375,5.24281544872708e-11
37.66667,-102.7917,3.59297466707952e-11
37.66667,-100.2917,7.13557135652168e-11
37.66667,-99.91667,6.19851803989301e-11
37.66667,-99.45833,5.57668818946561e-11
37.66667,-99.16667,5.69904150374941e-11
37.66667,-98.66667,6.37254548193959e-11
37.66667,-96.125,5.19038134593151e-11
37.66667,-95.58333,1.59585463377076e-10
37.66667,-95.08333,1.55224709169462e-10
37.66667,-94.41667,2.95993813723666e-10
37.66667,-93.29167,3.30163858879685e-10
37.66667,-93.25,3.23800801157895e-10
37.66667,-90.95833,9.96917211419012e-11
37.66667,-88.75,3.68927550682681e-10
37.66667,-88.45833,4.57444075642121e-10
37.66667,-86.41667,2.50282794095574e-10
37.66667,-86,6.18073047454595e-10
37.66667,-83.58333,2.12756855737593e-10
37.66667,-83,2.02004771013612e-10
37.66667,-82.375,3.22222729731635e-10
37.66667,-82.125,4.83444220769822e-10
37.66667,-81.875,3.33386959909349e-10
37.66667,-81.45833,2.74963170361949e-10
37.66667,-78.29167,3.53867595232034e-10
37.66667,-77.25,2.26188387264313e-09
37.66667,-76.79167,1.02353522878598e-09
37.625,-121.9167,4.2014053905088e-09
37.625,-121.6667,1.23561022699628e-09
37.625,-121.125,2.01333522511e-09
37.625,-117.2083,4.14175323052541e-11
37.625,-115.2917,2.96925145603259e-11
37.625,-114.75,2.20400087133327e-11
37.625,-113.125,7.1922770343297e-10
37.625,-112.1667,5.92164999539163e-11
37.625,-112.0417,5.53776906820936e-11
37.625,-110.2917,3.33375987326378e-11
37.625,-109.6667,1.60337776725489e-11
37.625,-109.4167,2.82413647260211e-11
37.625,-107.8333,6.77704703868755e-11
37.625,-107.375,3.46148229839376e-11
37.625,-107.25,3.35630677919536e-11
37.625,-106.5,3.3842375512947e-11
37.625,-102.0417,4.10495192897221e-11
37.625,-94.58333,3.44904864511241e-10
37.625,-94.41667,3.3280908687034e-10
37.625,-92.625,1.53334661826879e-09
37.625,-91.625,2.9360246560217e-10
37.625,-90.875,9.90430042378725e-11
37.625,-90.54167,3.92889753246496e-10
37.625,-85.33333,5.48263596156575e-10
37.625,-85,5.52163869415323e-10
37.625,-83.875,3.60992455129229e-10
37.625,-83.75,3.59185049095248e-10
37.625,-83.625,3.03608442784041e-10
37.625,-80.70833,3.34557733029444e-10
37.625,-80.16667,4.24945818624152e-10
37.625,-79.83333,2.44646323182496e-10
37.625,-76.79167,7.79570750954934e-10
37.625,-76.45833,1.35011466459134e-08
37.58333,-122.4583,2.53368587190808e-09
37.58333,-120.875,1.48484802448154e-09
37.58333,-120.8333,1.32942735788983e-09
37.58333,-120.125,1.68990219219511e-10
37.58333,-119.75,1.03192625176999e-10
37.58333,-118.0417,6.2442685323421e-11
37.58333,-117.7917,2.52629303791742e-11
37.58333,-117.4583,2.47313718825904e-11
37.58333,-117.375,2.57556111600871e-11
37.58333,-115.9583,2.29738144874155e-11
37.58333,-115.9167,2.25636123115513e-11
37.58333,-115.8333,2.17582301166566e-11
37.58333,-115.2917,3.01796870714797e-11
37.58333,-115.0833,1.92617096699777e-11
37.58333,-114.9583,1.99841986413722e-11
37.58333,-114.5417,4.78618517588536e-11
37.58333,-114.0417,4.52052136035986e-11
37.58333,-113.9167,9.26086968591395e-11
37.58333,-112.4167,3.53235605347872e-11
37.58333,-111.7083,2.44476581090527e-11
37.58333,-111.625,2.32193234748324e-11
37.58333,-109.4167,2.75697671219329e-11
37.58333,-109.2917,2.81922275128162e-11
37.58333,-107.875,1.28367827054109e-10
37.58333,-107.4167,3.49208697079696e-11
37.58333,-106.2917,1.5926455169323e-10
37.58333,-104.875,5.41085232253112e-11
37.58333,-102.9167,3.23728233891441e-11
37.58333,-101.3333,3.96024942748235e-10
37.58333,-98.45833,5.60555889430076e-11
37.58333,-96.66667,1.39505218283428e-10
37.58333,-96.33333,7.00369760481975e-11
37.58333,-94.91667,1.99850461166424e-10
37.58333,-94.29167,5.30355820079774e-10
37.58333,-93.79167,2.52551468131278e-10
37.58333,-91.45833,2.09165107008337e-10
37.58333,-91.125,9.00083072015881e-11
37.58333,-90.91667,7.4132684025113e-11
37.58333,-87.08333,9.26255753854681e-10
37.58333,-87.04167,8.940095974263e-10
37.58333,-86.45833,2.7912080332995e-10
37.58333,-85.125,3.39994130273568e-10
37.58333,-84.33333,8.76616795745838e-10
37.58333,-84.125,7.0171184951554e-10
37.58333,-84.08333,4.02392903813818e-10
37.58333,-83.95833,4.15786240647028e-10
37.58333,-83.20833,8.51682241229775e-11
37.58333,-82.45833,6.04209184428276e-10
37.58333,-77.58333,1.03841328432761e-08
37.58333,-77.29167,3.37534077523118e-09
37.58333,-75.66667,1.70169107586576e-10
37.54167,-120.3333,1.24615122667783e-10
37.54167,-119.9167,1.97421417384896e-10
37.54167,-119.5833,8.27359337895918e-11
37.54167,-114.625,4.45506626396572e-11
37.54167,-114.25,3.78161773610991e-11
37.54167,-113.4583,2.00501770876822e-10
37.54167,-111.5417,3.8217612261545e-11
37.54167,-110.9167,2.47669286606064e-11
37.54167,-109.9167,2.85086311311931e-11
37.54167,-109.0833,3.68480842980732e-11
37.54167,-108.5833,6.47621742016227e-11
37.54167,-107.9583,1.27703698231873e-10
37.54167,-107.2083,3.61135916931249e-11
37.54167,-104.25,6.72179077313377e-11
37.54167,-103.8333,8.64331479300658e-11
37.54167,-103.3333,4.02235548225184e-11
37.54167,-102.2083,3.78508634442037e-11
37.54167,-101.3333,3.97315461040619e-10
37.54167,-100.875,9.11880745230609e-11
37.54167,-100.0417,5.3293542592051e-11
37.54167,-97.625,5.28883965249433e-10
37.54167,-96.95833,5.17843055590809e-10
37.54167,-96.79167,3.51602304886602e-10
37.54167,-96,7.98615407972157e-11
37.54167,-94.79167,4.78146016885945e-10
37.54167,-92,3.71857670244539e-10
37.54167,-91.16667,9.0789147747537e-11
37.54167,-90.29167,1.64479559468541e-10
37.54167,-89.54167,4.49854274843897e-10
37.54167,-89.41667,3.94252351814302e-10
37.54167,-88.41667,1.69508439834266e-10
37.54167,-85.20833,5.36280590315235e-10
37.54167,-85,6.19184876216938e-10
37.54167,-84.41667,5.56603866864632e-10
37.54167,-84.08333,3.40548426106234e-10
37.54167,-83.91667,3.57774126350864e-10
37.54167,-83.29167,8.78328233621361e-11
37.54167,-81.70833,4.49455844689583e-10
37.54167,-80.79167,4.07346466216065e-10
37.54167,-79.875,6.11469537873788e-10
37.54167,-79.58333,3.94949699019281e-10
37.54167,-78.70833,3.3972666668195e-10
37.54167,-75.70833,2.24264376068317e-10
37.5,-121.8333,6.23592014965828e-10
37.5,-120.375,1.36818481236746e-10
37.5,-119.25,4.67462525884216e-11
37.5,-119.1667,4.91382960446037e-11
37.5,-118.4167,1.06171644069558e-10
37.5,-117.6667,2.41750581528838e-11
37.5,-117.4583,2.37380837383947e-11
37.5,-116.9583,2.31902019228146e-11
37.5,-115.9167,2.38877061892356e-11
37.5,-115.8333,2.28556493608558e-11
37.5,-115.7083,2.15788276014252e-11
37.5,-115.4583,3.22187468776442e-11
37.5,-113.7083,9.71411927203688e-11
37.5,-113.625,7.33188161437472e-11
37.5,-112.9167,3.09142793767331e-10
37.5,-110.4167,3.48751155112602e-11
37.5,-109.4583,2.59349214419631e-11
37.5,-107.7917,1.33528911868481e-10
37.5,-107.375,3.68751356630104e-11
37.5,-107.2917,3.71945336803577e-11
37.5,-106.25,1.66273405184498e-10
37.5,-106.1667,1.72652110345505e-10
37.5,-103.5833,7.5944544025157e-11
37.5,-103.1667,3.4444965004129e-11
37.5,-99.75,4.26900593661659e-11
37.5,-99.45833,5.22698942944101e-11
37.5,-98.20833,6.23240254062045e-11
37.5,-97.45833,1.22391296804409e-09
37.5,-97.375,5.62484481465966e-09
37.5,-94.125,3.70431117024824e-10
37.5,-93.70833,3.47818295722242e-10
37.5,-92.79167,2.72228332570634e-10
37.5,-91.375,1.51125197510605e-10
37.5,-91.29167,9.83871845378405e-11
37.5,-90.33333,2.22592025045781e-10
37.5,-89.29167,3.74946528501658e-10
37.5,-88.04167,2.92904756951487e-10
37.5,-87.75,2.69316156657814e-10
37.5,-86.58333,2.32015078308507e-10
37.5,-85.29167,5.61796044202684e-10
37.5,-82.41667,4.99071144574003e-10
37.5,-80.54167,3.78085851501644e-10
37.5,-79.29167,7.36244055479928e-10
37.5,-78.79167,4.67875758244188e-10
37.5,-78.125,3.45874186450955e-10
37.5,-77.75,1.58957485878025e-09
37.45833,-122.125,3.7629729041906e-08
37.45833,-120.0833,1.84763440893421e-10
37.45833,-118.9167,5.86325618306311e-11
37.45833,-117.7917,2.77786795572888e-11
37.45833,-116.5833,2.58532530000623e-11
37.45833,-116.2917,2.82320008153409e-11
37.45833,-114.8333,2.1582299798448e-11
37.45833,-114,1.1018669855748e-10
37.45833,-113.875,6.49525464100869e-11
37.45833,-111.3333,2.14878472553812e-11
37.45833,-110,2.81391491297668e-11
37.45833,-109.6667,1.48847145571241e-11
37.45833,-108.875,7.06821858724034e-11
37.45833,-107.6667,1.36346367334403e-10
37.45833,-104.625,3.63427313531197e-11
37.45833,-103.9583,9.09092338148597e-11
37.45833,-103.125,3.4468811621987e-11
37.45833,-101.9583,3.71633125683856e-11
37.45833,-101.0417,6.9168294093597e-11
37.45833,-98.45833,4.92412751764926e-11
37.45833,-97.54167,3.7788817877443e-10
37.45833,-94.79167,1.00119552639456e-09
37.45833,-94.08333,2.90817827675007e-10
37.45833,-89.33333,3.26846441128656e-10
37.45833,-87.20833,5.72799711360118e-10
37.45833,-86.41667,3.30900667452006e-10
37.45833,-85.58333,2.90480498072716e-10
37.45833,-84.08333,3.320669518283e-10
37.45833,-83.625,1.96321409616025e-10
37.45833,-83.375,2.15329372296646e-10
37.45833,-80.29167,4.3151891148151e-10
37.45833,-79.16667,5.83111921761691e-09
37.45833,-77.66667,9.89432675122067e-09
37.45833,-77.04167,1.59852859279607e-09
37.45833,-76.08333,2.09111769973458e-09
37.41667,-122.3333,5.57815574419847e-09
37.41667,-122,2.67938951445017e-08
37.41667,-121.3333,2.9505339482442e-10
37.41667,-120.9167,1.07803606628375e-09
37.41667,-116.2083,3.07971247567646e-11
37.41667,-115.4583,4.92760719463019e-11
37.41667,-114.7917,2.21761560410249e-11
37.41667,-113.125,2.91959094429245e-10
37.41667,-111.1667,2.20398506397657e-11
37.41667,-111,3.94849428885396e-11
37.41667,-110.2083,3.02201494442838e-11
37.41667,-108.4583,1.03047843403639e-10
37.41667,-108.4167,1.05067316247649e-10
37.41667,-106.5833,3.52272624196303e-11
37.41667,-104.5417,3.67514831861959e-11
37.41667,-104,7.53114309659631e-11
37.41667,-103.1667,3.43141719942808e-11
37.41667,-102.125,3.76589631600771e-11
37.41667,-99.29167,5.18457567183657e-11
37.41667,-95.91667,9.246857634952e-11
37.41667,-95.66667,8.03253242242391e-10
37.41667,-94.95833,2.33893522340436e-10
37.41667,-94.625,1.36090220667137e-09
37.41667,-94.33333,3.7067501223682e-10
37.41667,-93.54167,8.99238467463225e-10
37.41667,-91.79167,1.87698509910302e-10
37.41667,-91.58333,9.9842792906569e-11
37.41667,-91.54167,1.57476715615396e-10
37.41667,-90.83333,8.69879593415978e-11
37.41667,-89.375,3.75632483889333e-10
37.41667,-89.29167,8.37537417622683e-10
37.41667,-89.25,7.71315810844757e-10
37.41667,-89.08333,2.84207464025529e-10
37.41667,-88.625,1.16092001571944e-10
37.41667,-88,2.11608891778086e-10
37.41667,-83.41667,1.77704439397562e-10
37.41667,-83.125,1.25960936381937e-10
37.41667,-82.91667,1.94403925591327e-10
37.41667,-81.95833,2.47896339439467e-10
37.41667,-80.79167,1.00549100567416e-09
37.41667,-80.25,4.9462732854267e-10
37.41667,-80.16667,5.92865888031503e-10
37.41667,-79.20833,6.47039316228873e-09
37.41667,-79,6.37030639465363e-10
37.41667,-78.58333,3.85344944125407e-10
37.41667,-75.91667,5.92559410082404e-10
37.375,-122.0833,8.07145407640837e-08
37.375,-121.2917,1.08247890026158e-10
37.375,-120.7083,9.6121347153719e-10
37.375,-119.5417,2.08931148272205e-10
37.375,-119.3333,4.58907666658345e-11
37.375,-118.875,5.27216607021645e-11
37.375,-118.25,1.65150163059967e-10
37.375,-117.5833,3.55760523268311e-11
37.375,-117.2917,3.39654807377352e-11
37.375,-116.2083,3.4246526836833e-11
37.375,-116.0417,2.89246384746438e-11
37.375,-115.0417,2.06188494484324e-11
37.375,-114.0833,7.34358684163939e-11
37.375,-113.75,1.46241748403025e-10
37.375,-112.5,8.11626326558929e-11
37.375,-112.4583,4.15166818626582e-11
37.375,-111.1667,2.19620508777189e-11
37.375,-110.7917,3.89200235753387e-11
37.375,-109.5833,1.43873092744741e-11
37.375,-107.625,1.38621177295099e-10
37.375,-107.5833,1.35783692516722e-10
37.375,-106.5417,3.28949041335619e-11
37.375,-103.6667,7.27446655856752e-11
37.375,-103.5833,6.81891833269625e-11
37.375,-102.3333,3.54073110597344e-11
37.375,-101.2083,4.10960863339175e-11
37.375,-98.04167,1.46230841349181e-10
37.375,-97.29167,5.76557021398798e-10
37.375,-96.79167,7.44439965361897e-11
37.375,-96.58333,5.1511904986147e-11
37.375,-95.79167,1.5583073686823e-10
37.375,-95.625,1.88353620811656e-10
37.375,-95.375,4.47799095021182e-10
37.375,-94.5,4.54391116727696e-10
37.375,-94.16667,3.74355040425969e-10
37.375,-93.20833,1.35144647983012e-09
37.375,-90.45833,1.52454722784244e-10
37.375,-90.375,1.76662461726731e-10
37.375,-90.16667,2.02916586800288e-10
37.375,-89.16667,2.76167584279193e-10
37.375,-88.29167,1.6523011837884e-10
37.375,-87.29167,7.37524862047231e-10
37.375,-86.41667,3.06635021814127e-10
37.375,-84.45833,4.3999400823439e-10
37.375,-83.625,1.10366432970293e-10
37.375,-82.75,4.33023229821412e-10
37.375,-81.91667,2.4717505080536e-10
37.375,-81.54167,6.07917269939566e-10
37.375,-80.16667,1.12636971348045e-09
37.375,-80.04167,1.49135495862196e-09
37.375,-79.41667,1.1880951059209e-09
37.375,-78.45833,5.58706679002078e-10
37.375,-77.75,2.66370353418629e-09
37.375,-76.83333,2.69837263001683e-09
37.33333,-122.3333,6.62168862461802e-10
37.33333,-117.125,2.20476833876758e-11
37.33333,-116.8333,2.29564581025039e-11
37.33333,-116.0417,3.03649281539346e-11
37.33333,-114.3333,5.82750207083842e-11
37.33333,-113.5,2.11942625185749e-10
37.33333,-113.3333,6.63672103826004e-11
37.33333,-108.9583,5.57653096811317e-11
37.33333,-105.25,3.26832103978648e-11
37.33333,-104.875,3.10254549269517e-11
37.33333,-103.0833,3.67403260520313e-11
37.33333,-102.4583,3.02560462027457e-11
37.33333,-100.75,4.81148443082975e-11
37.33333,-100.375,3.6676664207361e-11
37.33333,-99,5.58514913282133e-11
37.33333,-98.41667,7.90783716352064e-11
37.33333,-96.75,6.85321178929959e-11
37.33333,-94.66667,1.5961039884868e-09
37.33333,-93.20833,1.40681169252528e-09
37.33333,-93.125,1.33104322378244e-09
37.33333,-92.66667,2.24221747561433e-10
37.33333,-91.83333,1.76104432350846e-10
37.33333,-90.04167,3.15037526288401e-10
37.33333,-89.16667,2.73452882187341e-10
37.33333,-88.70833,1.57421191436782e-10
37.33333,-88.58333,1.76275243220297e-10
37.33333,-87.66667,4.06699604384298e-10
37.33333,-85.16667,2.91907330630627e-10
37.33333,-84.70833,5.70367947361232e-10
37.33333,-84.54167,5.05158813913718e-10
37.33333,-84.29167,3.40139519027306e-10
37.33333,-83.75,2.51347749456531e-10
37.33333,-82.875,1.85606139604095e-10
37.33333,-81.625,3.34499608509936e-10
37.33333,-80.66667,4.88542586592227e-10
37.33333,-80.54167,6.52131189322059e-10
37.33333,-78.08333,7.3703250948469e-10
37.33333,-77.91667,7.87896199933576e-10
37.33333,-75.79167,6.5956994106903e-09
37.29167,-122.1667,2.73061905484121e-09
37.29167,-121.9583,2.58722282672543e-08
37.29167,-119.375,4.9318688590665e-11
37.29167,-118.4167,1.24653120180343e-10
37.29167,-118.0417,7.04581695336277e-11
37.29167,-116.4583,2.70148486947389e-11
37.29167,-115.7083,2.514163849976e-11
37.29167,-115.2083,4.99710122919367e-11
37.29167,-114.625,4.4686977712785e-11
37.29167,-113.7917,2.4839911810748e-10
37.29167,-112.9583,2.59334991176625e-10
37.29167,-111.8333,2.49191573327901e-11
37.29167,-111.75,2.44234968619421e-11
37.29167,-109.25,2.31130787838303e-11
37.29167,-108.75,2.90958609402761e-11
37.29167,-108.625,4.36287354991922e-11
37.29167,-108.4583,5.70363913602356e-11
37.29167,-108.125,1.14428030305364e-10
37.29167,-108.0417,1.24167434209142e-10
37.29167,-106.9583,6.67780833811024e-11
37.29167,-105.625,3.72824612481526e-11
37.29167,-103.5833,6.27506964810136e-11
37.29167,-102.7083,2.97171704319603e-11
37.29167,-101.9583,3.48824543024547e-11
37.29167,-101.4167,4.20351332657336e-11
37.29167,-100.9167,4.87358588175721e-11
37.29167,-100.0833,4.46848231654276e-11
37.29167,-97.5,8.46186003202684e-10
37.29167,-97.375,5.25452269843636e-10
37.29167,-96.66667,5.11200900135531e-11
37.29167,-94.95833,2.45885159395801e-10
37.29167,-94.5,6.20771821281997e-10
37.29167,-94,3.16795373014587e-10
37.29167,-93.66667,4.85007313549741e-10
37.29167,-92.70833,5.25925757904505e-10
37.29167,-90.54167,1.59727626832847e-10
37.29167,-90.25,1.97816494470211e-10
37.29167,-89.08333,2.30043151117155e-10
37.29167,-88.83333,3.13281451117413e-10
37.29167,-88.625,2.90731147915433e-10
37.29167,-87.83333,2.84647659131107e-10
37.29167,-86.25,2.74093063458933e-10
37.29167,-85.83333,5.59391706331263e-10
37.29167,-84.75,5.25300143862559e-10
37.29167,-82.83333,3.23329626766344e-10
37.29167,-81.45833,4.84012313556576e-10
37.29167,-79.70833,1.15348445090027e-09
37.29167,-79.41667,1.11750159916186e-09
37.29167,-78.58333,5.73043916385921e-10
37.29167,-78.375,5.86550254924281e-10
37.29167,-76.04167,2.85957854687027e-09
37.25,-122.0833,4.3280900502507e-09
37.25,-122,5.32505239844994e-09
37.25,-120.5417,2.78032574767329e-10
37.25,-119.3333,5.02038622077331e-11
37.25,-117.5,3.38044973097477e-11
37.25,-116.9167,2.17892517506824e-11
37.25,-116.375,2.86939630674723e-11
37.25,-114.6667,4.33192222596709e-11
37.25,-113.875,1.48512840828791e-10
37.25,-113.0833,2.73686051461636e-10
37.25,-112.5,4.37687713621686e-11
37.25,-112.2083,5.36607800750849e-11
37.25,-111.875,2.51295609746937e-11
37.25,-110.75,3.53935463106098e-11
37.25,-110.5833,3.33711062364577e-11
37.25,-109.7917,1.41697448944249e-11
37.25,-109.0833,2.40180453752277e-11
37.25,-108.25,1.06389508956026e-10
37.25,-106.4167,3.40494607149305e-11
37.25,-105.25,2.99821278058734e-11
37.25,-105.0417,4.05820873388967e-11
37.25,-104.8333,4.20175050945789e-11
37.25,-104.5,9.52662976616147e-11
37.25,-104.25,8.54775648756231e-11
37.25,-102.7917,2.95030674839179e-11
37.25,-102.7083,2.95407805912543e-11
37.25,-100.8333,4.94376566018738e-11
37.25,-97.20833,1.58040404838019e-10
37.25,-97.16667,1.74013991034914e-10
37.25,-97.08333,1.7476003477012e-10
37.25,-92.875,6.76461501073192e-10
37.25,-90.375,1.55816608461785e-10
37.25,-89.54167,2.30571703516932e-09
37.25,-87.66667,4.33017086273976e-10
37.25,-87.29167,6.22295141639668e-10
37.25,-83.5,1.32688862076932e-10
37.25,-81.91667,3.68382832420372e-10
37.25,-80.83333,6.86795018924835e-10
37.25,-80.125,2.42642177639859e-09
37.25,-78.41667,6.4621050051099e-10
37.25,-76.20833,4.12460337628582e-09
37.20833,-122.125,1.81398975124636e-09
37.20833,-121.4167,1.09986626107371e-10
37.20833,-119.2917,3.53218670499883e-11
37.20833,-118.6667,7.40105676797139e-11
37.20833,-118.625,7.64507900704661e-11
37.20833,-117.1667,3.14795046561624e-11
37.20833,-116.125,3.32378065327519e-11
37.20833,-115.625,2.56272802364714e-11
37.20833,-115.375,2.40030474969987e-11
37.20833,-114.7083,4.28155604344015e-11
37.20833,-113.9167,1.46976320453324e-10
37.20833,-113.5,6.98319929736772e-10
37.20833,-112.4167,6.52513264100616e-11
37.20833,-109.25,2.29594095445911e-11
37.20833,-107.7917,2.03316280974071e-10
37.20833,-106.7917,6.23920019806161e-11
37.20833,-106.25,3.70663079093e-11
37.20833,-105.9167,1.41719281778933e-10
37.20833,-105.5833,3.54407501169028e-11
37.20833,-105.25,2.9635929209026e-11
37.20833,-104.75,2.45366545856317e-11
37.20833,-102.7917,2.92584122086806e-11
37.20833,-101.625,4.14857697553589e-11
37.20833,-96.41667,6.48838991914909e-11
37.20833,-95.70833,2.27220820592029e-09
37.20833,-95.5,2.80914385651222e-10
37.20833,-94.79167,7.21259339119687e-10
37.20833,-93.75,4.00938884166422e-10
37.20833,-92.16667,3.66589758659498e-10
37.20833,-89.41667,4.18729863028952e-10
37.20833,-88.75,3.3510915268629e-10
37.20833,-88.33333,1.87550420848377e-10
37.20833,-87.20833,8.05470924822326e-10
37.20833,-86.45833,2.96802543418171e-10
37.20833,-86.125,2.26024137116159e-10
37.20833,-84.33333,3.4416536716712e-10
37.20833,-82.25,4.3303760378357e-10
37.20833,-82.20833,4.54369395853872e-10
37.20833,-82.125,4.21959452056044e-10
37.20833,-81.625,2.46338350744736e-10
37.20833,-79.54167,1.00618087780255e-09
37.20833,-77.41667,8.53610832714916e-09
37.16667,-121.8333,4.90597330298895e-09
37.16667,-117.25,3.10367713599532e-11
37.16667,-116.6667,2.30277351509143e-11
37.16667,-116.625,2.34181218360221e-11
37.16667,-110.2083,2.23069573366611e-11
37.16667,-107.75,2.18641637563911e-10
37.16667,-107.3333,4.80939848836231e-11
37.16667,-107.2083,5.25722106121026e-11
37.16667,-104.2917,8.68153191994555e-11
37.16667,-102.75,2.90376790129473e-11
37.16667,-102.0417,2.18686596234563e-11
37.16667,-101.4583,4.3578381514754e-11
37.16667,-101.1667,4.52407375930991e-11
37.16667,-100.8333,4.67189474702117e-11
37.16667,-99.70833,5.34752019608856e-11
37.16667,-98.875,3.21667690639301e-11
37.16667,-98.625,6.1153558153604e-11
37.16667,-98.33333,5.48456305471372e-11
37.16667,-96.41667,6.71983745710674e-11
37.16667,-96.375,6.78228409674445e-11
37.16667,-95.75,2.43023663709847e-10
37.16667,-95.45833,1.77271987965685e-10
37.16667,-93,5.89548639369009e-10
37.16667,-91.375,5.50291403614546e-11
37.16667,-90.41667,2.3566931146583e-10
37.16667,-89.5,5.94067022461523e-10
37.16667,-89.41667,4.79989819927889e-10
37.16667,-89,2.912689415983e-10
37.16667,-88.45833,2.86235622575881e-10
37.16667,-87.66667,1.1516164531875e-09
37.16667,-86.75,3.56242279152003e-10
37.16667,-86.5,5.15199820313976e-10
37.16667,-86.16667,3.28660246057026e-10
37.16667,-85.83333,4.83559754703406e-10
37.16667,-85.25,3.70405817283905e-10
37.16667,-85.16667,2.80058095185747e-10
37.16667,-82.08333,3.57224939677456e-10
37.16667,-79.91667,2.12900753337551e-09
37.16667,-78.625,4.94701048731958e-10
37.16667,-78.04167,6.89705487962406e-10
37.16667,-77,4.08910738733068e-10
37.16667,-76.58333,2.23677036314949e-08
37.125,-120.625,2.77374956767016e-10
37.125,-117.5,2.19644860106921e-11
37.125,-116.5833,2.39847158181469e-11
37.125,-115.9583,3.034671062279e-11
37.125,-115.8333,2.90381513330436e-11
37.125,-115.0417,2.44761904686101e-11
37.125,-113.3333,6.46954040274242e-10
37.125,-111.25,3.98478281378537e-11
37.125,-107.5,4.7124473185246e-11
37.125,-106.9583,7.98446843213659e-11
37.125,-105.375,2.9270996753008e-11
37.125,-104.4583,7.94292094908699e-11
37.125,-103.7917,5.67504716083395e-11
37.125,-101.6667,4.70347414106101e-11
37.125,-100.9583,5.81279234462133e-11
37.125,-99.5,4.33567542732691e-11
37.125,-99.29167,3.74438892714853e-11
37.125,-96.70833,4.62035989292363e-11
37.125,-95.95833,1.68915574137226e-10
37.125,-95.91667,1.79186724884483e-10
37.125,-93.83333,7.64591436479557e-10
37.125,-93.75,7.97989867106492e-10
37.125,-93.70833,8.31209928364015e-10
37.125,-93.66667,8.29651192966056e-10
37.125,-93.08333,8.58861272056982e-10
37.125,-92.5,4.5504387552701e-10
37.125,-92.33333,6.01062926902482e-10
37.125,-92.08333,6.57023787343576e-10
37.125,-91.66667,1.16840273835711e-10
37.125,-90.58333,2.49073487402055e-10
37.125,-90.54167,2.69319103570901e-10
37.125,-90.04167,1.97398701975739e-10
37.125,-88.41667,1.95129157199538e-10
37.125,-88,4.36648880264084e-10
37.125,-87.875,4.7327763595959e-10
37.125,-87.83333,5.01610789008954e-10
37.125,-86.95833,3.43490206533797e-10
37.125,-86.45833,6.05228459418115e-10
37.125,-86.16667,3.63089158456107e-10
37.125,-84.5,2.91562623168191e-10
37.125,-83.45833,2.04275272781992e-10
37.125,-83.41667,1.97505786103353e-10
37.125,-83.08333,2.54514201511086e-10
37.125,-81.5,7.66810551646766e-10
37.125,-81.25,3.48775935344138e-10
37.125,-81.125,3.3880772128827e-10
37.125,-79.625,7.34423489150074e-10
37.125,-79,6.29343065168867e-10
37.08333,-120.625,3.85770804000987e-10
37.08333,-120.2083,8.44731853353752e-10
37.08333,-120.125,7.51902339708443e-10
37.08333,-119.875,5.21406039454526e-10
37.08333,-119.1667,9.93161407644428e-11
37.08333,-119.0417,4.79789889600286e-11
37.08333,-118.375,6.19911656695945e-11
37.08333,-117.25,3.00406330155171e-11
37.08333,-116.625,2.36299070322457e-11
37.08333,-116.4167,2.67500383306454e-11
37.08333,-114.625,4.76605078560967e-11
37.08333,-114,1.53780472166104e-10
37.08333,-113.5417,6.09022707487041e-09
37.08333,-113.4583,1.84530755866795e-09
37.08333,-113.375,7.8510699573096e-10
37.08333,-111.4167,4.3779993902653e-11
37.08333,-110.875,2.794665167941e-11
37.08333,-109.125,2.35506053843722e-11
37.08333,-108.25,9.40196433727308e-11
37.08333,-107.0417,8.31931159904902e-11
37.08333,-105.5833,3.01767691291362e-11
37.08333,-104.625,5.75083126379934e-11
37.08333,-102.6667,3.07855378516543e-11
37.08333,-101.375,4.35931567718222e-11
37.08333,-101.2917,4.49865884903161e-11
37.08333,-101.25,4.47995722615602e-11
37.08333,-99.91667,2.43258055667417e-11
37.08333,-99.58333,2.35548358243535e-11
37.08333,-98.58333,7.47866576044502e-11
37.08333,-94.95833,2.25613654210254e-10
37.08333,-94.20833,7.30526346601015e-10
37.08333,-93.25,3.71018804101343e-09
37.08333,-92.41667,3.66417516232873e-10
37.08333,-91.375,9.85064907321787e-11
37.08333,-91.29167,8.79231223282653e-11
37.08333,-91.25,8.8053424893148e-11
37.08333,-91,1.21570261650661e-10
37.08333,-89.91667,4.00878175853225e-10
37.08333,-88.58333,8.14541453361059e-10
37.08333,-88,3.87415363335041e-10
37.08333,-86.91667,3.91785430388637e-10
37.08333,-83.875,4.28755688940438e-10
37.08333,-83.5,1.04366080252265e-10
37.08333,-83.125,1.94193366794257e-10
37.08333,-82.66667,4.55184859043714e-10
37.08333,-78.91667,7.7084020161021e-10
37.08333,-78.875,4.37623647807177e-10
37.08333,-76.45833,2.51113471350884e-08
37.08333,-76.375,1.39599445068107e-08
37.04167,-119.5,4.60795118839244e-10
37.04167,-119.125,5.2978244695817e-11
37.04167,-119,4.72195398874227e-11
37.04167,-117.5,2.13778646563067e-11
37.04167,-116.0833,3.12563645328112e-11
37.04167,-115.125,2.7150848516832e-11
37.04167,-114.5,5.43903089188836e-11
37.04167,-114.0417,5.61661022638641e-11
37.04167,-113.2083,4.09044390350305e-10
37.04167,-112.5417,8.55330786369117e-11
37.04167,-110.625,2.5105500345845e-11
37.04167,-110.5417,2.43382015398439e-11
37.04167,-110.5,2.39563895562371e-11
37.04167,-110.0417,1.90053045302948e-11
37.04167,-109.2917,2.22962668728189e-11
37.04167,-108.7917,1.78203933537173e-11
37.04167,-108.75,2.62692961969397e-11
37.04167,-108.25,9.67239875417757e-11
37.04167,-106.7083,7.96926084381969e-11
37.04167,-106.125,3.42256232958392e-11
37.04167,-104.4583,7.5398989839459e-11
37.04167,-103.1667,2.85516757491809e-11
37.04167,-100.2917,3.65840436202723e-11
37.04167,-99.875,4.15586842858211e-11
37.04167,-98.83333,4.36284935304415e-11
37.04167,-97.375,9.63276270538866e-11
37.04167,-97.29167,1.13519828447839e-10
37.04167,-96.91667,2.25377600036247e-10
37.04167,-96.29167,6.81164954173491e-11
37.04167,-95.95833,4.65140916609549e-10
37.04167,-94.79167,1.19664423307205e-09
37.04167,-94.33333,1.35269177425362e-09
37.04167,-94.16667,6.07095781818669e-10
37.04167,-93.29167,3.58815036024812e-09
37.04167,-93.16667,9.37933375382722e-10
37.04167,-93,5.33669196547189e-10
37.04167,-92.83333,3.96998316070387e-10
37.04167,-92.20833,2.59790717085226e-10
37.04167,-90.41667,3.67753492122055e-10
37.04167,-89.70833,6.95322500503031e-10
37.04167,-88.79167,1.00284496769319e-09
37.04167,-88.45833,6.26591123361422e-10
37.04167,-88.125,3.13669748580877e-10
37.04167,-84.16667,7.72700095635616e-10
37.04167,-81.58333,3.36208776742029e-10
37.04167,-79.20833,5.18337056156744e-10
37.04167,-76.75,6.51893831078996e-10
37.04167,-76.08333,4.00705005148726e-09
37,-121.9583,1.19930400297279e-09
37,-120.5833,3.46968522102713e-10
37,-119.75,3.34796788318502e-10
37,-119.2917,9.77395277028948e-11
37,-117.875,2.64634443331915e-11
37,-117.5,2.10963250528515e-11
37,-116.0417,3.16554971253784e-11
37,-110.9167,2.7828166705879e-11
37,-110.125,1.91325354838798e-11
37,-109.375,2.27138010362597e-11
37,-107.875,1.5022852240322e-10
37,-105.4167,2.90715388653169e-11
37,-105.3333,2.89432436421877e-11
37,-105.125,3.8661281465523e-11
37,-103.8333,5.03225052998622e-11
37,-101.75,4.76023946703465e-11
37,-101.4167,3.77901867684641e-11
37,-100.625,3.96703042017422e-11
37,-100.375,2.14131236097441e-11
37,-99.875,2.6857424424125e-11
37,-98.45833,5.87372877479245e-11
37,-97.125,2.0079921523089e-10
37,-96.20833,7.50364785649292e-11
37,-93.625,1.17908930498348e-09
37,-93.25,2.39380036371723e-09
37,-92.375,5.02184203284281e-10
37,-91.625,1.36772703432525e-10
37,-89.20833,4.42892486389854e-10
37,-88.45833,6.50317572855012e-10
37,-85.29167,3.64267984656142e-10
37,-81.95833,4.9376583961763e-10
37,-80.58333,7.39816307931045e-10
37,-80.33333,7.66834737271153e-10
37,-79.58333,4.93776029653878e-10
37,-79.08333,4.70570439694589e-10
37,-78.5,4.6284291624952e-10
37,-77.20833,5.30063564518665e-10
36.95833,-120.9167,1.14474774323699e-10
36.95833,-120.5,1.69141030895486e-10
36.95833,-119.6667,1.07456970123517e-09
36.95833,-116.0833,3.1965873649201e-11
36.95833,-113.2083,1.07220005497287e-10
36.95833,-112.5,7.22885468974551e-11
36.95833,-111.9167,4.72267922207345e-11
36.95833,-111.2917,3.75649451582982e-11
36.95833,-110.0417,2.1117569211336e-11
36.95833,-109.75,2.05745958159993e-11
36.95833,-107.4583,6.30760371262264e-11
36.95833,-104.75,3.90412262637456e-11
36.95833,-104.625,3.95322594486732e-11
36.95833,-102.3333,6.19583566468573e-11
36.95833,-102,7.21614942875852e-11
36.95833,-101.4583,3.89987081598592e-11
36.95833,-100.7083,4.33078348432929e-11
36.95833,-100.6667,4.09522756933494e-11
36.95833,-99.70833,3.39692378471317e-11
36.95833,-99.66667,3.38857696972422e-11
36.95833,-97.79167,5.61430392521801e-11
36.95833,-97.29167,9.77720529704338e-11
36.95833,-94.79167,4.90759219025963e-10
36.95833,-94.75,5.32205065242352e-10
36.95833,-94.70833,5.80466669997294e-10
36.95833,-92.66667,2.11356877470114e-09
36.95833,-91.625,1.42305373741884e-10
36.95833,-90.54167,2.95909533749295e-10
36.95833,-90.04167,4.55745470503911e-10
36.95833,-89.875,3.54476439917034e-10
36.95833,-88.66667,5.4597239279707e-10
36.95833,-84.875,2.36980952511412e-10
36.95833,-84.41667,4.34239509485698e-10
36.95833,-83.91667,6.42970744271997e-10
36.95833,-83.625,1.64658682836897e-10
36.95833,-83.58333,1.78257249183459e-10
36.95833,-83.08333,3.34185312821395e-10
36.95833,-80.91667,6.80302894441558e-10
36.95833,-80.33333,5.52801082926486e-10
36.95833,-79.91667,1.1875156195416e-09
36.95833,-77.375,2.72204459916144e-10
36.95833,-76.95833,3.03613692413387e-10
36.95833,-76.41667,1.18374622135218e-08
36.95833,-76.20833,1.09982432957892e-08
36.91667,-121.6667,1.5315512301003e-09
36.91667,-120.1667,7.8818615514899e-10
36.91667,-119.9167,1.68564555582687e-09
36.91667,-119.375,3.1754895242803e-10
36.91667,-114.4167,6.110444798762e-11
36.91667,-113.4167,1.30533858624011e-10
36.91667,-113.125,8.63888980666853e-11
36.91667,-112.5417,6.34187759511176e-11
36.91667,-112.25,3.09182848337177e-11
36.91667,-111.25,3.56914577981998e-11
36.91667,-110.8333,2.62742244197371e-11
36.91667,-110.7083,2.48893220771793e-11
36.91667,-110.4583,2.79819548564889e-11
36.91667,-110.1667,2.15394648881165e-11
36.91667,-108.375,5.92849897281511e-11
36.91667,-108.3333,6.17098524946293e-11
36.91667,-107,3.87722502947202e-11
36.91667,-105.625,4.68317059578958e-11
36.91667,-102.25,6.26755466109074e-11
36.91667,-102.125,6.57888301909878e-11
36.91667,-100.7083,4.1460421409389e-11
36.91667,-99.66667,3.24936515224769e-11
36.91667,-99.41667,3.166089327164e-11
36.91667,-98.70833,5.26066179516907e-11
36.91667,-98.41667,7.30760305669472e-11
36.91667,-97.04167,1.51784939869558e-10
36.91667,-96.41667,4.59176926736993e-11
36.91667,-94.41667,1.56885890677727e-09
36.91667,-94.04167,6.33960920137608e-10
36.91667,-93.83333,4.69549469132682e-10
36.91667,-91.5,1.2209212942243e-10
36.91667,-91.41667,1.14509495695191e-10
36.91667,-90.29167,7.30833613688351e-10
36.91667,-89.375,7.91874782061358e-10
36.91667,-88.375,7.28731691878781e-10
36.91667,-85.70833,3.32872589120694e-10
36.91667,-84.41667,3.82493609539624e-10
36.91667,-83.91667,5.30952018040942e-10
36.91667,-83.79167,2.16449757882793e-10
36.91667,-83.375,1.58665041396588e-10
36.91667,-82.25,7.55416402859851e-10
36.91667,-81.41667,3.73480559275508e-10
36.91667,-80.45833,4.07158232733733e-10
36.91667,-78.625,3.57982932911044e-10
36.91667,-76.875,4.19472381606338e-10
36.875,-121.2083,4.6624776836328e-10
36.875,-118.625,4.43703819798762e-11
36.875,-118.375,3.34540285993438e-11
36.875,-116.5,2.65615226644793e-11
36.875,-116.3333,2.86883526802804e-11
36.875,-115.625,3.94021931681724e-11
36.875,-113.1667,8.71052857138097e-11
36.875,-109.9167,2.04594187264666e-11
36.875,-109.875,2.03091811834558e-11
36.875,-109.7917,2.02277167887566e-11
36.875,-109.75,2.02909280529695e-11
36.875,-109.6667,2.94711076369733e-11
36.875,-108.9167,6.24274891748935e-11
36.875,-107.8333,1.95364774262557e-10
36.875,-106.5417,2.15570119199952e-11
36.875,-105.4583,2.69730835649224e-11
36.875,-104.875,2.63723787928255e-11
36.875,-103.5833,4.32124721371202e-11
36.875,-103,2.95458066834671e-11
36.875,-102.8333,2.21185253283304e-11
36.875,-102.7083,3.03166465627536e-11
36.875,-102.3333,3.24863830247896e-11
36.875,-102.1667,6.33519206562205e-11
36.875,-101.5833,3.81152219553219e-11
36.875,-100.2083,2.07328203755978e-11
36.875,-97.125,1.93883216610196e-10
36.875,-97.04167,1.55301584145575e-10
36.875,-96.33333,5.08812810617911e-11
36.875,-95.75,1.9905920607514e-10
36.875,-93.58333,3.85595071535421e-10
36.875,-92.95833,2.54254478132668e-10
36.875,-92.79167,2.44596897812502e-10
36.875,-92.08333,2.27093196461411e-10
36.875,-90.08333,5.95560249595253e-10
36.875,-88.58333,4.15636298087837e-10
36.875,-88.5,4.41785838163588e-10
36.875,-85.875,3.8722222391661e-10
36.875,-85.20833,1.91580873749604e-10
36.875,-80.25,4.35796650909808e-10
36.875,-79.16667,3.26994372398388e-10
36.875,-78.16667,4.53427136428927e-10
36.83333,-118.7917,4.40344652385895e-11
36.83333,-117.5833,2.32581384918325e-11
36.83333,-116.4583,2.76495684219248e-11
36.83333,-115.75,4.27164650520736e-11
36.83333,-115.375,3.75996649232324e-11
36.83333,-114.4167,3.36046384312702e-11
36.83333,-113.625,9.70152581366671e-11
36.83333,-112.2083,2.85066135957048e-11
36.83333,-111.4583,6.0553237573596e-11
36.83333,-110.7917,2.64665056966206e-11
36.83333,-110.3333,2.22262594702368e-11
36.83333,-108.1667,2.54303600842376e-10
36.83333,-107.8333,1.93608848606954e-10
36.83333,-107.1667,2.29824704378537e-11
36.83333,-106.7917,3.53250276428529e-11
36.83333,-106.0833,2.10390321332212e-11
36.83333,-104,4.52231555315594e-11
36.83333,-101.3333,5.59285069612721e-11
36.83333,-101.2917,6.94761844899688e-11
36.83333,-100.8333,4.27807043421307e-11
36.83333,-97.54167,5.80934777766133e-11
36.83333,-97.04167,1.60159879478384e-10
36.83333,-96.91667,1.29163221682772e-10
36.83333,-95.625,1.08422810507314e-10
36.83333,-94.83333,8.26054659405846e-10
36.83333,-94.125,4.14610710598514e-10
36.83333,-92.79167,2.30004258697876e-10
36.83333,-90.58333,6.59079656369077e-10
36.83333,-89.5,2.14761805767528e-10
36.83333,-87.20833,3.82703921614359e-10
36.83333,-86.625,8.85592127362738e-10
36.83333,-86.20833,4.37735055248603e-10
36.83333,-85.25,2.20801610471915e-10
36.83333,-84,5.59603596394837e-10
36.83333,-83.5,3.05069309578561e-10
36.83333,-83.33333,5.8314741109278e-10
36.83333,-83.25,4.5629146744224e-10
36.83333,-82.04167,6.46549265980259e-10
36.83333,-81.29167,5.79982634071875e-10
36.83333,-80.33333,3.93587725840892e-10
36.83333,-79.625,5.01803395160529e-10
36.83333,-76.58333,1.63736903735265e-09
36.79167,-121.625,8.82239751644293e-09
36.79167,-121.3333,1.85986531554291e-10
36.79167,-120.4167,1.89597968869676e-10
36.79167,-119,5.15206577558372e-11
36.79167,-118.75,4.39213771601461e-11
36.79167,-116.1667,3.51045844595959e-11
36.79167,-115.6667,4.71742543546448e-11
36.79167,-112.4583,4.94731282469316e-11
36.79167,-111.375,3.74614776707953e-11
36.79167,-110.7917,2.61388213979852e-11
36.79167,-110.5417,2.80658794066468e-11
36.79167,-110.4167,2.26504180354246e-11
36.79167,-109.1667,3.4761097936896e-11
36.79167,-103.125,2.44402888694764e-11
36.79167,-102,6.3637821004132e-11
36.79167,-100.7083,3.90251871006338e-11
36.79167,-100.625,3.74248597954234e-11
36.79167,-98.375,1.05141878232712e-10
36.79167,-97.41667,2.66104012625158e-10
36.79167,-97.20833,1.97039847945952e-10
36.79167,-97.125,1.91974913475353e-10
36.79167,-96.625,5.3623011565218e-11
36.79167,-95.58333,4.02600314053341e-10
36.79167,-94.16667,4.27463124154402e-10
36.79167,-92.83333,2.65513807724944e-10
36.79167,-92.29167,1.49327960318747e-10
36.79167,-92,5.69708279935224e-10
36.79167,-91,1.07922918936469e-10
36.79167,-89.70833,4.61403445474101e-10
36.79167,-89.625,4.74530619948789e-10
36.79167,-89.375,1.54874776906394e-10
36.79167,-88.375,4.51381607301219e-10
36.79167,-88.20833,3.47054162937059e-10
36.79167,-87.375,6.11378008878002e-10
36.79167,-86.95833,7.05531854896537e-10
36.79167,-86.75,9.72180622458417e-10
36.79167,-84.04167,3.36257131301893e-10
36.79167,-83.83333,2.88629154423257e-10
36.79167,-83.79167,2.77921791782917e-10
36.79167,-82.58333,5.38944148444864e-10
36.79167,-80.79167,1.2752114955382e-09
36.79167,-80.66667,6.54911674158389e-10
36.79167,-80.125,5.12508252631737e-10
36.79167,-78.33333,5.85744592741469e-10
36.79167,-77.625,7.11077501182958e-10
36.79167,-77.04167,4.0997754652298e-10
36.79167,-76.375,4.11613154268887e-09
36.75,-120.7083,1.38011728944601e-10
36.75,-119.5833,5.2367501756476e-09
36.75,-117.8333,2.90637659286413e-11
36.75,-116.375,3.01456489417668e-11
36.75,-115.0417,3.91984693846009e-11
36.75,-114.875,3.84656500995018e-11
36.75,-114.5,4.6938587907781e-11
36.75,-114.125,1.55422356396584e-10
36.75,-113.6667,5.36101773020603e-11
36.75,-113.5833,7.74355000872012e-11
36.75,-111.7917,4.26049542187001e-11
36.75,-110.875,2.67178618152556e-11
36.75,-108.9583,4.75938903746084e-11
36.75,-107.5,4.57483818095189e-11
36.75,-106.3333,2.14010500237642e-11
36.75,-105.375,4.68373202964887e-11
36.75,-104.9583,1.86314782911462e-11
36.75,-103.9583,3.14237883711396e-11
36.75,-103.125,2.40081449294557e-11
36.75,-103,2.80918423086476e-11
36.75,-102.0833,6.04095454402605e-11
36.75,-101.4583,2.50210778355337e-10
36.75,-101.125,6.84838228640346e-11
36.75,-100.6667,3.69722627716745e-11
36.75,-100.5833,3.602187423504e-11
36.75,-100.4583,3.45130237940414e-11
36.75,-98.70833,4.61751045340799e-11
36.75,-98.41667,1.00944190482547e-10
36.75,-97.91667,8.94702830008067e-11
36.75,-97.25,1.92118800174644e-10
36.75,-95.20833,1.02078702558286e-10
36.75,-91.70833,2.24578153521277e-10
36.75,-90.33333,1.44169124563297e-09
36.75,-90.29167,5.46054009085502e-10
36.75,-88.25,3.4529333398993e-10
36.75,-87.5,6.52213784003106e-10
36.75,-87.33333,6.90695975118694e-10
36.75,-84.45833,4.07065706920376e-10
36.75,-84.375,3.5074119636238e-10
36.75,-83.66667,3.21007411793245e-10
36.75,-83.20833,2.26026893227037e-10
36.75,-81.875,8.32704220744219e-10
36.75,-79.45833,7.9964276816681e-10
36.75,-79.29167,8.85955361275661e-10
36.75,-78.54167,6.47221658141397e-10
36.75,-77.66667,7.32985714063483e-10
36.75,-77.08333,3.82225948197452e-10
36.75,-76.79167,9.71821491899771e-10
36.75,-76.58333,4.97052460982722e-09
36.75,-76.20833,1.72579023838696e-08
36.70833,-121.625,6.55685984955055e-09
36.70833,-121.0833,1.06663590352162e-10
36.70833,-118.9583,5.10688413498999e-11
36.70833,-117.625,2.52757855125238e-11
36.70833,-117.2083,2.2257452576487e-11
36.70833,-117,5.86851382496016e-11
36.70833,-116.2917,3.24450509003195e-11
36.70833,-116.2083,3.59882642982063e-11
36.70833,-115.2083,4.24066716628383e-11
36.70833,-113.0833,3.71545218625981e-11
36.70833,-112.7083,3.15031899386556e-11
36.70833,-112.5,4.615045020765e-11
36.70833,-112.0833,2.4958104478481e-11
36.70833,-111.9167,4.2355824426469e-11
36.70833,-111.7917,4.14274857801083e-11
36.70833,-111.6667,4.10066735553087e-11
36.70833,-111.625,4.1013620237634e-11
36.70833,-108.75,4.6208057191866e-11
36.70833,-108.1667,1.03633008843493e-09
36.70833,-107.5417,4.56985045067902e-11
36.70833,-106.5833,3.47862033353121e-11
36.70833,-105.1667,1.88445296642957e-11
36.70833,-104.1667,3.71412817565284e-11
36.70833,-103.8333,3.03680742018747e-11
36.70833,-103.4167,2.37120823779511e-11
36.70833,-103.1667,2.35031153319595e-11
36.70833,-101.3333,3.18452250152595e-11
36.70833,-100.0417,2.93029760025697e-11
36.70833,-98.75,4.35190992327275e-11
36.70833,-98.70833,4.4784697533343e-11
36.70833,-95.08333,1.34270202141612e-10
36.70833,-94.625,4.42392533589709e-10
36.70833,-94.125,4.08134231294596e-10
36.70833,-93.45833,3.5034658985695e-10
36.70833,-93.125,4.67759164913988e-10
36.70833,-92.54167,1.67965194705329e-10
36.70833,-88.04167,1.11886887783907e-10
36.70833,-86.29167,1.10834374208388e-09
36.70833,-86,3.10398742474402e-10
36.70833,-82.25,5.59678890736157e-10
36.70833,-81.54167,7.45781498716075e-10
36.70833,-80.125,4.42365995510255e-10
36.70833,-80.04167,1.48036740068372e-09
36.70833,-78.375,6.37024348469179e-10
36.70833,-76.20833,1.33208256096579e-08
36.70833,-76,4.05777928646857e-08
36.66667,-120.125,6.11979773375711e-10
36.66667,-119.4167,9.36977184405473e-10
36.66667,-119.125,1.67774269618864e-10
36.66667,-119,5.50896126490121e-11
36.66667,-115.4583,5.00994711218255e-11
36.66667,-114,6.11560123624327e-11
36.66667,-113.6667,4.51191003024928e-11
36.66667,-112.7917,3.1151690007896e-11
36.66667,-111.5417,3.47868914483361e-11
36.66667,-110.375,2.1701530597371e-11
36.66667,-110.2083,2.08370210321028e-11
36.66667,-110.125,2.04582189797662e-11
36.66667,-108.6667,4.95093810893647e-11
36.66667,-108.625,5.12698810233294e-11
36.66667,-108.2083,9.27523794855874e-11
36.66667,-106.2083,2.94922060006611e-11
36.66667,-105.7917,2.11090998722324e-11
36.66667,-103.2083,2.29983330821554e-11
36.66667,-102.2083,3.65852792681321e-11
36.66667,-100.0833,2.86587114542833e-11
36.66667,-99.29167,3.22041261012204e-11
36.66667,-99.125,4.03580512816807e-11
36.66667,-96.5,1.85382139018998e-10
36.66667,-94,4.07124633835721e-10
36.66667,-93.58333,2.97141238034932e-10
36.66667,-92.66667,1.71376681236251e-10
36.66667,-90.95833,9.20705330526812e-11
36.66667,-90.91667,9.75745389092119e-11
36.66667,-90.83333,2.6692049372667e-10
36.66667,-90.29167,4.20092245228711e-10
36.66667,-89.83333,2.7088076067141e-10
36.66667,-89.08333,2.40344837390704e-10
36.66667,-88.75,3.97081857210689e-10
36.66667,-88.16667,3.51812679763006e-10
36.66667,-87.33333,1.20158082791211e-09
36.66667,-86.875,3.88562208053617e-10
36.66667,-86.54167,6.87102575622568e-10
36.66667,-83.04167,3.27428656079958e-10
36.66667,-81.91667,7.80720445907777e-10
36.66667,-81.625,4.29764444591098e-10
36.66667,-81.375,2.64544466759382e-10
36.66667,-80.08333,6.76462413791869e-10
36.66667,-77.58333,3.22808013340198e-10
36.66667,-76.70833,5.10463226637293e-10
36.66667,-76.5,8.6127773486262e-10
36.66667,-76.125,3.50309347828144e-09
36.625,-121.4167,7.49724207641783e-10
36.625,-119.9583,5.24707974756755e-10
36.625,-119.875,1.22847198946485e-09
36.625,-119.2083,7.22548945153257e-10
36.625,-117.2917,2.29488087814729e-11
36.625,-116.9167,6.51123824098096e-11
36.625,-116.5,5.10311904710106e-11
36.625,-115.4167,4.93439869958301e-11
36.625,-115,5.11776344763304e-11
36.625,-114.5,1.19936230431578e-10
36.625,-114.2917,1.14571595075942e-10
36.625,-112.6667,2.84592696256016e-11
36.625,-111.7083,3.90419455119694e-11
36.625,-111.0833,2.76073053777013e-11
36.625,-108.875,4.12178563235096e-11
36.625,-108.75,4.6600558461237e-11
36.625,-108.7083,7.40696725771764e-11
36.625,-104.875,1.87735172536261e-11
36.625,-103.25,2.2496103730784e-11
36.625,-102.4583,2.83742153586915e-11
36.625,-100.0833,2.82022856410189e-11
36.625,-99.5,3.11655033810296e-11
36.625,-99.16667,3.92674181760074e-11
36.625,-97.875,1.05218015315324e-10
36.625,-95.41667,1.21006504372627e-10
36.625,-95.33333,1.07540940298092e-10
36.625,-94.875,4.27528197552082e-10
36.625,-93.41667,8.75972242172657e-10
36.625,-93,2.84367639359775e-10
36.625,-92.70833,1.54833025432798e-10
36.625,-89.95833,2.47251712927725e-10
36.625,-88.45833,4.4598910099539e-10
36.625,-87.95833,4.79281888567762e-11
36.625,-85.70833,5.04603306704471e-10
36.625,-82.79167,7.37983908857781e-10
36.625,-79.33333,2.54633781760467e-09
36.625,-79.29167,1.13805123837174e-09
36.625,-78.20833,4.57358810326329e-10
36.625,-78.08333,5.83385913145074e-10
36.625,-77.95833,3.81820726604806e-10
36.625,-77.83333,3.5016446961912e-10
36.625,-75.91667,9.58901594822144e-09
36.58333,-119.9167,4.1323996095508e-10
36.58333,-119.375,2.62969996817591e-09
36.58333,-118.875,3.53223467870243e-11
36.58333,-118.4583,3.05848443333702e-11
36.58333,-117.875,5.40269369292686e-11
36.58333,-116.9167,6.92642545849862e-11
36.58333,-115.625,1.72877092203852e-10
36.58333,-115.1667,5.32406441259128e-11
36.58333,-114.75,8.48715045119948e-11
36.58333,-114.5,1.25799515343471e-10
36.58333,-114,5.36491151473467e-11
36.58333,-112.625,4.36173865883457e-11
36.58333,-109.5417,4.20929662345786e-11
36.58333,-109.4583,4.34031441538766e-11
36.58333,-106.75,3.43438829467776e-11
36.58333,-104.1667,2.50638155771362e-11
36.58333,-103.875,2.90850824606499e-11
36.58333,-103.75,2.4291719336385e-11
36.58333,-102.7917,2.66868712908894e-11
36.58333,-100.25,2.96663344716285e-11
36.58333,-99.58333,3.37579561401694e-11
36.58333,-98.375,1.1457132872153e-10
36.58333,-97.5,8.2614028031495e-11
36.58333,-96.08333,2.73116468189744e-10
36.58333,-95.08333,1.49101379303862e-10
36.58333,-94.91667,3.94116410326106e-10
36.58333,-93.91667,3.70240804488809e-10
36.58333,-92.25,9.19178373256653e-11
36.58333,-88.04167,2.38653544683098e-10
36.58333,-87.79167,3.82865774566044e-10
36.58333,-87.33333,2.92654946897996e-09
36.58333,-87.16667,1.0413033221252e-09
36.58333,-86.25,6.08115096912146e-10
36.58333,-86.04167,6.24296011054292e-10
36.58333,-82.41667,3.96519879751583e-09
36.58333,-81.41667,4.78892873393468e-10
36.58333,-78.58333,5.78246678657289e-10
36.58333,-77.54167,2.63180952850218e-10
36.58333,-76.79167,4.26288098901806e-10
36.58333,-76.29167,2.24418060919891e-09
36.54167,-118.5,2.98525528095723e-11
36.54167,-112.8333,2.78874775085878e-11
36.54167,-111.6667,3.71754400912807e-11
36.54167,-110.3333,2.09966275445024e-11
36.54167,-109.75,3.15153425573098e-11
36.54167,-109.5,4.27616676319773e-11
36.54167,-109.1667,3.65010054169047e-11
36.54167,-107.7917,2.46623953643841e-11
36.54167,-105.75,3.01014286825389e-11
36.54167,-104.125,2.46528456583897e-11
36.54167,-103.9167,2.88872888945019e-11
36.54167,-101.4167,2.91639181016105e-11
36.54167,-99.41667,4.36562743803151e-11
36.54167,-97.29167,1.09466651655517e-10
36.54167,-97.16667,1.22208516316853e-10
36.54167,-96.83333,1.23747165980038e-10
36.54167,-96.375,1.79419678636483e-10
36.54167,-95.95833,3.74448131729929e-10
36.54167,-95.66667,4.00627710887983e-10
36.54167,-95.41667,3.30077642855668e-10
36.54167,-94.83333,4.03364582598365e-10
36.54167,-93.45833,2.90995558242459e-10
36.54167,-90.75,2.04953132828602e-10
36.54167,-90.45833,1.68845882413992e-10
36.54167,-89.625,2.30374635214485e-10
36.54167,-89.08333,3.46818784250496e-10
36.54167,-86.70833,1.01972998513023e-09
36.54167,-86.16667,5.03485159943006e-10
36.54167,-85.375,2.6544437578464e-10
36.54167,-85,1.92613626055995e-10
36.54167,-83.45833,4.13698207233581e-10
36.54167,-83.16667,4.02947172415966e-10
36.54167,-81.91667,4.23397252587943e-10
36.54167,-81.29167,3.74713113355233e-10
36.54167,-81.125,1.01693101002189e-09
36.54167,-80.70833,9.87073231370332e-10
36.54167,-78.70833,4.82041140132836e-10
36.54167,-77.625,2.61055989517126e-10
36.54167,-76.70833,3.64120630954383e-10
36.54167,-76.08333,6.86379265762383e-10
36.5,-121.9167,2.10194223506555e-09
36.5,-120.4583,1.40926923562066e-10
36.5,-118.25,3.31992110042637e-11
36.5,-117.9167,5.55914297998192e-11
36.5,-117.6667,2.75630533632909e-11
36.5,-117.4167,2.36264262774687e-11
36.5,-117.0417,6.7786443059407e-11
36.5,-116.9583,7.55722044368347e-11
36.5,-115.5833,1.29986477446505e-10
36.5,-115.25,1.41360156513244e-10
36.5,-113.375,3.21740042278269e-11
36.5,-113.0417,2.84581794572743e-11
36.5,-108.1667,4.65318500303621e-11
36.5,-107.7083,2.29586729210024e-11
36.5,-105.0417,3.39710872170128e-11
36.5,-104.9167,3.33625553195048e-11
36.5,-103.375,2.20827065611839e-11
36.5,-100.9583,3.46837601475725e-11
36.5,-100.7083,6.05060600539188e-11
36.5,-99.20833,3.74081108954303e-11
36.5,-99.08333,3.9245852919209e-11
36.5,-98.66667,4.61851877537893e-11
36.5,-97.95833,1.64990557604241e-10
36.5,-97.25,1.11889285204205e-10
36.5,-97.04167,1.10989114510947e-10
36.5,-96.5,1.56245452776727e-10
36.5,-95.95833,3.88403929624879e-10
36.5,-95.16667,1.71394102028446e-10
36.5,-94.83333,3.80324574914395e-10
36.5,-92.08333,1.69092481297154e-10
36.5,-91.83333,1.93188024522204e-10
36.5,-89.375,2.42239610275928e-10
36.5,-87.45833,3.61442107383489e-09
36.5,-87.16667,1.16988868472663e-09
36.5,-86.04167,7.03984688038144e-10
36.5,-85.29167,3.58781106327146e-10
36.5,-84.45833,3.05379825302106e-10
36.5,-83.79167,5.10993793336533e-10
36.5,-83.125,3.73884712633034e-10
36.5,-80.45833,6.69508963632328e-10
36.5,-79.58333,6.32295334135834e-10
36.5,-79.33333,1.7368311527443e-09
36.5,-78.41667,3.36228697931123e-10
36.5,-77,3.75828769058035e-10
36.45833,-121.9583,5.56330722248874e-10
36.45833,-121.625,7.65436427578621e-10
36.45833,-121.4583,5.29216811916413e-10
36.45833,-120.125,2.75870977946452e-10
36.45833,-119.5833,6.17754095210925e-10
36.45833,-119.375,8.3313610266018e-10
36.45833,-119.25,9.04332353438007e-10
36.45833,-116.5,3.44573019599808e-11
36.45833,-116.1667,2.73077716422475e-10
36.45833,-113.9583,4.9169295390509e-11
36.45833,-112.75,2.59364626999836e-11
36.45833,-111.875,2.33578003071883e-11
36.45833,-110.9583,2.36972266591593e-11
36.45833,-110.125,3.58467624003179e-11
36.45833,-107.125,2.00492689706678e-11
36.45833,-106.4583,4.76612233039125e-11
36.45833,-104.625,2.66804559830615e-11
36.45833,-104.2083,2.48239529015694e-11
36.45833,-103.4167,2.20311995835157e-11
36.45833,-103.2083,2.13620520815139e-11
36.45833,-103,2.53744426484329e-11
36.45833,-102.9583,2.54509742849391e-11
36.45833,-102.8333,2.50824903837906e-11
36.45833,-101.4583,3.07986993061214e-11
36.45833,-99.45833,3.85067091892267e-10
36.45833,-99.125,3.84349001803311e-11
36.45833,-98.79167,4.11083709055028e-11
36.45833,-98.125,1.76200580154901e-10
36.45833,-96.91667,9.70636563306839e-11
36.45833,-96.83333,9.36280057986155e-11
36.45833,-96.79167,9.07390229611811e-11
36.45833,-96.54167,1.317423134906e-10
36.45833,-95.66667,3.83174091382528e-10
36.45833,-94.58333,5.74545656237972e-10
36.45833,-94.20833,2.19378338527672e-09
36.45833,-93.16667,3.38731196768618e-10
36.45833,-93.08333,3.05664511805338e-10
36.45833,-92.875,2.21036338222035e-10
36.45833,-92.08333,1.54329553193807e-10
36.45833,-91.75,1.88883708110554e-10
36.45833,-90.25,1.88762707489841e-10
36.45833,-86.70833,1.69063870376837e-09
36.45833,-86.125,6.0068820946889e-10
36.45833,-85.54167,3.07715257055084e-10
36.45833,-82.375,3.68632532843819e-09
36.45833,-82.04167,9.33755001728213e-10
36.45833,-81.66667,2.89842456675857e-10
36.45833,-81.625,3.0428831363927e-10
36.45833,-79.20833,5.30331761745293e-10
36.45833,-76.70833,3.9309846152912e-10
36.41667,-120.625,7.55708255871903e-11
36.41667,-120.5833,9.61153026312786e-11
36.41667,-119.9583,5.978227153336e-10
36.41667,-119.875,6.38002268093212e-10
36.41667,-118.7083,3.21877460972324e-11
36.41667,-118.2083,3.2464054533881e-11
36.41667,-117.5,2.47922152740255e-11
36.41667,-117.125,6.40933253885461e-11
36.41667,-116.375,5.60300617022816e-11
36.41667,-115.375,1.41640457093068e-10
36.41667,-113.625,3.25448124563028e-11
36.41667,-112.0833,2.53114543639987e-11
36.41667,-110.125,3.92395099521636e-11
36.41667,-109.9583,2.16988525536643e-11
36.41667,-104.75,2.75658673583e-11
36.41667,-104.4583,2.57666052425645e-11
36.41667,-104.25,2.40251360125122e-11
36.41667,-103.5,2.19635759477714e-11
36.41667,-103.0417,2.13762110024523e-11
36.41667,-101.2917,2.88608453344403e-11
36.41667,-98.33333,1.22751986198601e-10
36.41667,-98.04167,4.07379217951015e-10
36.41667,-97.79167,1.90581472259172e-10
36.41667,-97.75,1.735232521465e-10
36.41667,-94.95833,2.82357061350738e-10
36.41667,-92.41667,5.64731145272795e-10
36.41667,-90.20833,2.54244090777983e-10
36.41667,-90.16667,3.25481376293452e-10
36.41667,-89.16667,4.11915169340455e-10
36.41667,-87.54167,6.60882003195012e-10
36.41667,-86.33333,9.56187165961812e-10
36.41667,-85.83333,4.52919323535894e-10
36.41667,-85.08333,1.73007267220445e-10
36.41667,-83.29167,3.53186502179548e-10
36.41667,-82.33333,3.25344628088813e-09
36.41667,-81.58333,7.52620649819301e-10
36.41667,-81.5,1.19578472723032e-09
36.41667,-80.54167,2.17304950189306e-09
36.41667,-79.16667,5.8876897107915e-10
36.41667,-78.66667,7.00289342642589e-10
36.41667,-77.20833,3.2386875348556e-10
36.41667,-77.125,3.08859448805456e-10
36.41667,-76.16667,8.35019100328523e-10
36.375,-118.2083,3.16756005438358e-11
36.375,-117.9167,5.07158555441058e-11
36.375,-115.1667,2.29335637422065e-10
36.375,-115,1.21596914135217e-10
36.375,-114.3333,7.64731829895865e-11
36.375,-114.2917,7.37884721934628e-11
36.375,-113.8333,3.30820690825706e-11
36.375,-112.9583,2.46428155275815e-11
36.375,-112.375,2.70052260524906e-11
36.375,-111.5833,2.641066263254e-11
36.375,-111,2.40522282127281e-11
36.375,-109,3.50861591471682e-11
36.375,-108.0417,6.10720480068162e-11
36.375,-107.875,5.83346987330138e-11
36.375,-107.7083,3.81868891601368e-11
36.375,-105.875,7.73748216841287e-11
36.375,-104.4583,2.6033102591465e-11
36.375,-100.5833,3.48391623188741e-11
36.375,-100.2917,3.32264349918959e-11
36.375,-100.125,3.15658862379531e-11
36.375,-98.875,3.74544436946965e-11
36.375,-98.20833,1.51022256014667e-10
36.375,-97,1.2449397412883e-10
36.375,-96.75,9.94451174828438e-11
36.375,-96.25,3.67271522516153e-10
36.375,-95.54167,1.16989719161427e-09
36.375,-95.08333,3.98877389104623e-10
36.375,-94.20833,4.51864331217005e-09
36.375,-93.04167,3.11249090632745e-10
36.375,-92.20833,3.06461288739199e-10
36.375,-91.91667,1.47580007317634e-10
36.375,-90.375,1.61392612697975e-10
36.375,-89.41667,4.0417613957432e-10
36.375,-88.66667,3.3687638002792e-10
36.375,-88.45833,4.02625172707738e-10
36.375,-86,3.93370031586865e-10
36.375,-85.375,6.29103700553865e-10
36.375,-84.75,3.25100921004715e-10
36.375,-84.375,2.71222121520808e-10
36.375,-83.04167,6.86240292689296e-10
36.375,-81.83333,3.4607010686206e-10
36.375,-81.70833,4.83645482992737e-10
36.375,-81.33333,3.37813392024395e-10
36.375,-80.45833,1.31741288334167e-09
36.375,-80.25,1.41853289822754e-09
36.375,-79.20833,5.27809241569425e-10
36.375,-79.125,7.07210842085503e-10
36.375,-78.66667,9.96178965718302e-10
36.375,-78.16667,1.27180356285739e-09
36.375,-76.41667,6.68105673514925e-10
36.375,-76.29167,7.72395209606121e-10
36.375,-76,4.16260619962805e-10
36.33333,-121.5833,7.01095439983107e-10
36.33333,-121.0417,8.78750534410865e-11
36.33333,-120.9583,5.92503483146937e-11
36.33333,-119.9583,8.71864795591977e-10
36.33333,-119.5833,7.96803999246526e-10
36.33333,-118.3333,3.00217276974293e-11
36.33333,-118.1667,3.12374858195802e-11
36.33333,-116.6667,2.70951972858307e-11
36.33333,-113.5833,3.08874485820048e-11
36.33333,-112.5833,4.12146220452779e-11
36.33333,-112.5,4.11041741291128e-11
36.33333,-111.5417,2.58671401586632e-11
36.33333,-110.7917,2.26437182251528e-11
36.33333,-110.375,3.71895659229396e-11
36.33333,-103.9167,2.38121517393832e-11
36.33333,-103.5,2.16033321048519e-11
36.33333,-102.7083,2.44363163300016e-11
36.33333,-102.2917,2.49543470654239e-11
36.33333,-100.25,3.25057476471019e-11
36.33333,-99.125,3.81002531214088e-11
36.33333,-98.125,1.6452456232779e-10
36.33333,-97.08333,1.78880043200956e-10
36.33333,-97,1.38181881168472e-10
36.33333,-96.29167,3.70195130896661e-10
36.33333,-94.125,6.79963602767103e-09
36.33333,-93.95833,7.27090923706646e-10
36.33333,-93.16667,3.21947902279979e-10
36.33333,-91.58333,2.13035273317237e-10
36.33333,-90.79167,1.59336070543563e-10
36.33333,-90.70833,1.82227688562235e-10
36.33333,-89.375,3.52235384612143e-10
36.33333,-89.04167,3.98075059512223e-10
36.33333,-87.54167,5.0899720833974e-10
36.33333,-86.79167,2.72570111654166e-09
36.33333,-86.25,7.73518631889597e-10
36.33333,-85.125,2.28506306622797e-10
36.33333,-84.625,1.64587120474184e-10
36.33333,-84.58333,2.73750333973693e-10
36.33333,-84,2.96792671264974e-10
36.33333,-83.70833,6.28913989821243e-10
36.33333,-82.41667,5.91097884816317e-09
36.33333,-82.20833,4.42016418714214e-09
36.33333,-82.125,1.94329109410984e-09
36.33333,-81.625,6.97476596286551e-10
36.33333,-80.79167,1.22639500679757e-09
36.33333,-80.625,8.70121918578668e-10
36.33333,-80.08333,6.43409857181834e-10
36.33333,-80.04167,6.93943325212833e-10
36.33333,-79.66667,2.0768769041477e-09
36.33333,-78.20833,6.67921814253325e-10
36.33333,-76.16667,5.8980417019771e-10
36.29167,-121.75,1.50803805162952e-10
36.29167,-121.25,3.47573152152425e-10
36.29167,-120.875,2.09161915871771e-10
36.29167,-118.7917,8.50212118769464e-11
36.29167,-118.5,3.00081738558927e-11
36.29167,-118.4583,2.99824328558183e-11
36.29167,-117.5417,2.60657638877298e-11
36.29167,-117.25,6.14765064974413e-11
36.29167,-115.5,4.73256428876776e-10
36.29167,-114.7083,1.05455275406112e-10
36.29167,-114.6667,2.04954152569428e-10
36.29167,-114.0833,6.71544975158211e-11
36.29167,-113,2.36330174451559e-11
36.29167,-107.5833,2.02572419096656e-11
36.29167,-106.6667,6.35334601490398e-11
36.29167,-105.8333,6.12132513344924e-11
36.29167,-104.7917,2.13298531598456e-11
36.29167,-103.5,2.14280121700097e-11
36.29167,-103.1667,2.06060537562322e-11
36.29167,-103.0417,2.06088859908851e-11
36.29167,-102,2.53123482460833e-11
36.29167,-101.5,2.85925466545987e-11
36.29167,-101.0833,1.97419110092733e-11
36.29167,-98.08333,1.54788919373217e-10
36.29167,-93.5,2.25219739922714e-10
36.29167,-91.375,1.23534576253618e-10
36.29167,-90.875,1.67199726399331e-10
36.29167,-89.54167,2.44676968445349e-10
36.29167,-89,4.11319454807919e-10
36.29167,-88.58333,4.31997261225478e-10
36.29167,-88.375,9.17632468123523e-10
36.29167,-87.875,2.65019871796127e-10
36.29167,-86.625,8.00857190748283e-09
36.29167,-86.20833,1.37920265703995e-09
36.29167,-85.375,5.00947399634184e-10
36.29167,-83.91667,9.08776910440928e-10
36.29167,-83.25,1.33953158507182e-09
36.29167,-82.08333,5.73475469711085e-10
36.29167,-82,7.00837129387303e-10
36.29167,-79.04167,1.25065403407105e-09
36.29167,-78.54167,1.16390741290929e-09
36.29167,-77.95833,3.80919883863017e-10
36.25,-121.625,1.37141320194044e-10
36.25,-120.4583,6.93229949415982e-11
36.25,-119.75,3.70846844344701e-10
36.25,-119.1667,1.12719331453751e-09
36.25,-118.7083,7.78920506434719e-11
36.25,-118.2917,3.17947707745484e-11
36.25,-117.8333,4.89599536560475e-11
36.25,-116.2083,6.62129297733233e-11
36.25,-115.875,4.0838467946895e-10
36.25,-115.1667,1.24096752637468e-08
36.25,-115.0833,2.39492013247504e-08
36.25,-114.625,1.85533100921429e-10
36.25,-113.75,3.19009785812656e-11
36.25,-113.125,2.39217606555688e-11
36.25,-113.0417,2.33415951118092e-11
36.25,-111.625,2.78929004332751e-11
36.25,-111.5417,2.71979640533368e-11
36.25,-109.3333,6.48445793715207e-11
36.25,-107.2917,1.95293566251866e-11
36.25,-105.0833,5.17684043893258e-11
36.25,-104.0833,2.52860401092039e-11
36.25,-103.9583,2.39524357933373e-11
36.25,-101.6667,2.7082701772336e-11
36.25,-101,2.04024583379653e-11
36.25,-100.8333,3.38017380930918e-11
36.25,-100.2083,3.15376170888743e-11
36.25,-99.04167,6.05069110736863e-11
36.25,-98.45833,1.54963373701313e-10
36.25,-96.54167,2.8404697240001e-10
36.25,-92.79167,2.07003081285755e-10
36.25,-90.54167,2.264524501222e-10
36.25,-90.08333,1.84976389331958e-09
36.25,-89.08333,2.9545036563909e-10
36.25,-87.5,4.18668970400623e-10
36.25,-87.125,8.69094741499791e-10
36.25,-86.375,2.54698579400639e-09
36.25,-85.58333,1.09489643236872e-09
36.25,-85.08333,2.53292593202594e-10
36.25,-84.625,2.42029064983317e-10
36.25,-84.45833,2.56879293656411e-10
36.25,-84.25,4.50600989805461e-10
36.25,-84,1.07068424758333e-09
36.25,-83.95833,1.13180413128789e-09
36.25,-81.91667,6.18177092164823e-10
36.25,-81.70833,2.11944784625142e-09
36.25,-80.66667,9.01221583416477e-10
36.25,-79.58333,9.4980499972712e-10
36.25,-79.125,9.8555383936937e-10
36.25,-78.58333,1.17030330683496e-09
36.20833,-121.375,2.86429149968415e-10
36.20833,-120.9167,2.09700719659033e-10
36.20833,-119.5417,3.12496423995953e-10
36.20833,-117.75,3.07236508346615e-11
36.20833,-117.2917,2.47030684126846e-11
36.20833,-115.875,3.96814056953418e-10
36.20833,-112.625,2.31511100826371e-11
36.20833,-111.5417,2.81044027075891e-11
36.20833,-110.7083,1.57715611546564e-11
36.20833,-109.7917,7.14172415782348e-11
36.20833,-107.25,2.69372110306406e-11
36.20833,-104.7917,3.50724472851406e-11
36.20833,-103.8333,2.23236632091528e-11
36.20833,-102.4583,2.40271956811739e-11
36.20833,-99.54167,4.31347637954529e-11
36.20833,-98.875,4.65371652397308e-11
36.20833,-96.70833,1.01448698671621e-10
36.20833,-95.29167,5.00546123177802e-10
36.20833,-94.79167,3.90852439137112e-10
36.20833,-87,8.32397384026344e-10
36.20833,-85.16667,1.32887080259585e-10
36.20833,-84.79167,1.99567434204209e-10
36.20833,-84.125,1.70313367398795e-09
36.20833,-83.33333,3.09528421376392e-09
36.20833,-83.16667,1.04808081000683e-09
36.20833,-82.54167,1.37931830427897e-09
36.20833,-82,7.89773473247027e-10
36.20833,-80.66667,8.81543418014495e-10
36.20833,-78.875,2.07957036243413e-09
36.20833,-77.79167,3.87626424726141e-10
36.20833,-76.70833,5.05332851040048e-10
36.16667,-121.0417,3.15017419591297e-10
36.16667,-120.7083,6.23940225692728e-11
36.16667,-120.625,6.56451516086591e-11
36.16667,-117.9583,5.6378520687093e-11
36.16667,-117.625,3.00072025173252e-11
36.16667,-116.5417,2.66988324637512e-11
36.16667,-116.1667,3.74207703497304e-11
36.16667,-113.7917,3.27177544004906e-11
36.16667,-113.625,3.0278870382323e-11
36.16667,-112.9167,2.19352520955255e-11
36.16667,-112.875,2.20501372661306e-11
36.16667,-112.75,2.24107638211824e-11
36.16667,-112.3333,4.28198154136418e-11
36.16667,-112.1667,2.89658606588584e-11
36.16667,-108.625,4.27581869508202e-11
36.16667,-105.4167,6.77247107054108e-11
36.16667,-103.5,2.1043351435725e-11
36.16667,-102.7083,2.37662081464656e-11
36.16667,-101.5833,2.70227924850772e-11
36.16667,-100.3333,3.19576101086975e-11
36.16667,-99.83333,2.83448977717359e-11
36.16667,-97.95833,1.70098196538841e-10
36.16667,-95.58333,7.41966468324267e-10
36.16667,-95.25,4.9018874306663e-10
36.16667,-94.08333,8.85089775949481e-10
36.16667,-92.66667,1.26941330216548e-10
36.16667,-92.54167,1.50056609626356e-10
36.16667,-91.08333,1.29700500234998e-10
36.16667,-90.125,2.93101950253299e-10
36.16667,-88.70833,4.82814128425411e-10
36.16667,-87.79167,4.6559696272626e-10
36.16667,-83.5,1.88782317433498e-09
36.16667,-78.91667,2.45772518665665e-09
36.16667,-76.54167,5.13037496337414e-10
36.16667,-75.95833,3.37104995398514e-10
36.125,-121.5,4.51843976750482e-11
36.125,-120.6667,6.29753166691071e-11
36.125,-120.4583,8.23596263334627e-11
36.125,-118.125,3.91266248948057e-11
36.125,-117.0833,5.97059882888682e-11
36.125,-116.4167,3.07668205797617e-11
36.125,-116,2.94908659711054e-10
36.125,-115.0417,2.47289130600171e-08
36.125,-113.1667,2.2718682891719e-11
36.125,-112.625,2.28303474221112e-11
36.125,-110.7083,1.61283541706561e-11
36.125,-107.0417,2.26687105564441e-11
36.125,-106.1667,7.17264720437325e-11
36.125,-106,3.0374117276191e-10
36.125,-105.5,6.67277615081525e-11
36.125,-104.25,1.7396618992784e-11
36.125,-103.7083,2.16712817064378e-11
36.125,-103.25,1.29097377106981e-11
36.125,-101,2.98530563931511e-11
36.125,-100.9167,2.9141542021775e-11
36.125,-99.33333,4.92930687100887e-11
36.125,-96.33333,6.29087198101452e-10
36.125,-94.95833,2.56884559492806e-10
36.125,-93.625,1.4605834073106e-10
36.125,-93.5,1.91292001419529e-10
36.125,-92.625,1.21963920194067e-10
36.125,-92.58333,1.24164100033267e-10
36.125,-91.91667,1.42280460494357e-10
36.125,-91.79167,2.39891854510318e-10
36.125,-89.125,4.73434216610234e-10
36.125,-88.375,6.16133192319733e-10
36.125,-87.29167,8.45361433679773e-10
36.125,-87.25,8.55405898420884e-10
36.125,-86.375,1.41052404573322e-09
36.125,-85.79167,4.28225367172812e-10
36.125,-84.58333,5.20160347888216e-10
36.125,-84.29167,5.78255449202453e-10
36.125,-83.16667,5.75829725005673e-10
36.125,-82.29167,5.28930998479498e-10
36.125,-80.25,1.02486859071526e-08
36.125,-79.54167,1.70830280335751e-09
36.125,-79.29167,1.88549943319556e-09
36.125,-79.08333,1.56147446261539e-09
36.125,-78.70833,1.88867687531751e-09
36.125,-78.54167,1.26439438210041e-09
36.125,-76.625,4.99792252321388e-10
36.125,-76,3.48956087288512e-10
36.125,-75.95833,3.38117364695085e-10
36.08333,-121,7.53499319367945e-11
36.08333,-120.4167,9.23206249486317e-11
36.08333,-120.0833,3.27449921027589e-10
36.08333,-119.2917,4.7391829693939e-10
36.08333,-117.4583,3.11510422805133e-11
36.08333,-116.5417,2.83186102970382e-11
36.08333,-115.9167,3.08235894195241e-10
36.08333,-115.2083,1.61928960703855e-08
36.08333,-114.875,3.17390150624969e-10
36.08333,-112.75,2.17360580547793e-11
36.08333,-110.2083,4.54255887341315e-11
36.08333,-108.9583,3.84935932188428e-11
36.08333,-108.7917,4.033629857392e-11
36.08333,-108.5417,4.5892887909093e-11
36.08333,-107.4167,2.27881482751888e-11
36.08333,-107.2917,1.98664926357998e-11
36.08333,-106.9167,3.50199381995838e-11
36.08333,-106.7917,2.82348505113851e-11
36.08333,-105.9167,3.18051537049404e-10
36.08333,-104.75,4.24737571457884e-11
36.08333,-104.0833,1.58483319757768e-11
36.08333,-104.0417,3.16016574650552e-11
36.08333,-103.375,2.03766957576018e-11
36.08333,-102.7083,2.38927105090112e-11
36.08333,-101.9167,1.36867850715708e-11
36.08333,-101.75,2.73978404607142e-11
36.08333,-100.125,1.60582971977012e-11
36.08333,-99.95833,2.91545965000945e-11
36.08333,-99.79167,2.98417619608758e-11
36.08333,-98.20833,1.18604309860898e-10
36.08333,-97.70833,1.71690386478848e-10
36.08333,-95.08333,2.48892640918348e-10
36.08333,-94.625,3.46330459509944e-10
36.08333,-93.16667,2.03558138026758e-10
36.08333,-91.91667,1.6944024396572e-10
36.08333,-90.875,1.41101106061973e-10
36.08333,-90.70833,2.68626240971706e-10
36.08333,-90.125,1.85337806749455e-10
36.08333,-89.875,3.76057780974117e-10
36.08333,-89.79167,1.94514480467452e-10
36.08333,-89.75,1.88387304685082e-10
36.08333,-89.375,3.74815074568723e-09
36.08333,-88.58333,7.13946818808656e-10
36.08333,-88.375,7.78553788733774e-10
36.08333,-86.45833,2.05937074798811e-09
36.08333,-86.41667,1.4510929872819e-09
36.08333,-85.75,5.17953693219838e-10
36.08333,-84.45833,5.58848172016576e-10
36.08333,-83.79167,2.11042266291025e-09
36.08333,-82.70833,6.6545025016208e-10
36.08333,-80,9.9192622529848e-09
36.08333,-79.625,2.20896334625203e-09
36.08333,-79.54167,1.78513411075542e-09
36.08333,-79.125,3.59664624060801e-09
36.08333,-78.75,1.84695473242958e-09
36.08333,-78.58333,1.82070863096186e-09
36.08333,-77.58333,3.13581718526656e-10
36.08333,-76.375,3.92274444950867e-10
36.04167,-121.4583,4.57922032958223e-11
36.04167,-119.5,1.01595650383043e-09
36.04167,-119.0833,3.79973547934293e-09
36.04167,-118.9167,9.12069649990515e-10
36.04167,-118.625,4.06838610299197e-11
36.04167,-117.25,6.95593693835899e-11
36.04167,-116.9167,5.94183168712341e-11
36.04167,-115.625,4.05677511867736e-10
36.04167,-114.4167,4.32363480943249e-11
36.04167,-113.5417,2.89417817878974e-11
36.04167,-113.125,2.17666288198367e-11
36.04167,-113.0833,2.13865644343514e-11
36.04167,-112,5.0125454918298e-11
36.04167,-108.9167,3.92290241851468e-11
36.04167,-106.8333,2.80899091300769e-11
36.04167,-105.875,3.17423918181346e-10
36.04167,-105.8333,1.96024904420888e-10
36.04167,-105.75,1.76599355185157e-10
36.04167,-105.6667,1.72083007699925e-10
36.04167,-105.3333,1.82204119986832e-10
36.04167,-104.375,2.88970587443717e-11
36.04167,-103.375,2.02106041125554e-11
36.04167,-101.2083,4.75470788335773e-11
36.04167,-99.95833,2.88908897014889e-11
36.04167,-98.125,1.22209868369526e-10
36.04167,-97.25,2.14753970467095e-10
36.04167,-97.125,3.51389326720357e-10
36.04167,-95.875,9.8023030258748e-09
36.04167,-94.83333,1.90062405606498e-10
36.04167,-94,4.59164918177349e-10
36.04167,-93.83333,1.8255625556345e-10
36.04167,-93.25,1.59663179014504e-10
36.04167,-92.5,1.59198303315496e-10
36.04167,-91.5,1.50218046331105e-10
36.04167,-91.04167,1.05656187108651e-10
36.04167,-90.625,3.62717924234292e-10
36.04167,-90.54167,2.24839467024926e-09
36.04167,-88.625,9.86674086239864e-10
36.04167,-82.91667,4.6822268675872e-10
36.04167,-82.375,4.66143627508375e-10
36.04167,-81.54167,4.89106521442212e-10
36.04167,-80.04167,3.96713953680396e-09
36.04167,-79.75,5.19501709737385e-09
36.04167,-78.625,1.91749166724465e-09
36.04167,-78.20833,9.71899444610687e-10
36.04167,-77.95833,1.22605493555491e-09
36.04167,-76.91667,5.00645201585649e-10
36.04167,-76.20833,1.09423128019084e-10
36.04167,-76.08333,1.15712037793394e-10
36,-120.6667,8.62889594299169e-11
36,-119.7083,1.21611519311957e-10
36,-118,7.31797811202118e-11
36,-116.4167,3.4595075774336e-11
36,-114.6667,6.87703165073255e-11
36,-113.2917,2.3765159903976e-11
36,-112.9583,2.05134466504908e-11
36,-112.0833,5.92967136477478e-11
36,-111.4583,3.20381119865335e-11
36,-110.7917,2.33827758243752e-11
36,-110.0833,4.30982727253586e-11
36,-109.9583,2.97693586820724e-11
36,-109.9167,2.96772533523016e-11
36,-109.7083,3.52158613987439e-11
36,-108.125,3.0344850433921e-11
36,-107.4583,2.27631245063291e-11
36,-107.125,3.12197797829031e-11
36,-106.4167,4.94987973537616e-11
36,-105,2.64720407756429e-11
36,-104.9167,2.74319678492436e-11
36,-103.2083,1.72191726170791e-11
36,-102.3333,2.54865510105356e-11
36,-102.1667,3.68794674190689e-11
36,-100.9167,2.71557213468054e-11
36,-99.45833,3.8677725662767e-11
36,-99.41667,3.90292345429137e-11
36,-99.16667,4.96614327793532e-11
36,-98.83333,6.29793280242847e-11
36,-97.91667,1.42079117692336e-10
36,-97.16667,2.22450098555555e-10
36,-96,8.36440968598283e-09
36,-95.08333,2.54484796194571e-10
36,-94.75,3.06106041321102e-10
36,-94.41667,4.98443960303705e-10
36,-93.25,1.53285101380299e-10
36,-93.08333,1.58698308140674e-10
36,-90.66667,3.1515253083443e-10
36,-90.5,1.36906219424052e-09
36,-90.45833,1.23265062336172e-09
36,-89.41667,1.27357692657158e-09
36,-87.91667,3.93726623776992e-10
36,-87,6.15415173606371e-09
36,-86.66667,9.20605237570061e-09
36,-86.04167,5.05670562390371e-10
36,-85.95833,5.50337841485662e-10
36,-84.875,4.90343740845075e-10
36,-84.83333,5.25309248391351e-10
36,-84.58333,4.5191946748841e-10
36,-83.29167,1.83911570024858e-09
36,-81.91667,9.42742941682804e-10
36,-80.625,1.11205102232079e-09
36,-80.08333,3.89245515478905e-09
36,-78.20833,9.41881477503424e-10
36,-77.45833,4.49614685777621e-10
36,-76.08333,1.17358788649942e-10
36,-75.75,1.47408787740151e-10
35.95833,-115.75,1.40962536311507e-10
35.95833,-114.2083,3.69345075996767e-11
35.95833,-113.8333,7.10096691656946e-11
35.95833,-109.1667,7.95585170659022e-11
35.95833,-108.7917,7.59772184201166e-11
35.95833,-108.6667,6.412046090332e-11
35.95833,-108.375,5.76865388393899e-11
35.95833,-106.7917,1.36541001354639e-10
35.95833,-106.6667,1.55962679607768e-10
35.95833,-105.5417,9.58383659458303e-11
35.95833,-102.9167,3.42752191900046e-11
35.95833,-102.75,3.52535063986365e-11
35.95833,-102.125,4.73256479047968e-11
35.95833,-101.5417,4.73620841041325e-11
35.95833,-101.2083,4.05990583856146e-11
35.95833,-100.5833,2.85423233200598e-11
35.95833,-99.125,3.56840424420373e-11
35.95833,-98.54167,8.72361408430324e-11
35.95833,-98.33333,4.19402635477469e-11
35.95833,-98.04167,1.00363289320877e-10
35.95833,-97.70833,1.46547362369348e-10
35.95833,-95.33333,1.41961259280449e-09
35.95833,-93.79167,1.68565280367217e-10
35.95833,-93.75,1.61401690928787e-10
35.95833,-93.66667,1.0505547753692e-10
35.95833,-93.08333,1.07475800877213e-10
35.95833,-92.83333,8.91896385589887e-11
35.95833,-92.20833,1.2216687680586e-10
35.95833,-91,9.80987889877368e-11
35.95833,-90.08333,1.82422025546557e-10
35.95833,-88.875,1.11388127629038e-09
35.95833,-86.66667,2.77818033748754e-09
35.95833,-85.58333,6.5779957821623e-10
35.95833,-83.45833,8.71197366035055e-10
35.95833,-81.66667,8.13341186557908e-10
35.95833,-79.91667,6.79022547056867e-09
35.95833,-78.79167,7.43438430570807e-09
35.95833,-77.20833,2.92940027526756e-10
35.91667,-120.5,9.05945384016018e-11
35.91667,-120.4583,8.9018805181475e-11
35.91667,-120.4167,8.71354697199931e-11
35.91667,-119.5417,1.18882365315021e-10
35.91667,-118.7917,7.46660663534459e-11
35.91667,-113.9167,4.94935659768579e-11
35.91667,-112.75,2.19722004721615e-11
35.91667,-110.9583,1.93093849382835e-11
35.91667,-109.4167,3.43119544081988e-11
35.91667,-109.0417,7.17044771292043e-11
35.91667,-108.4167,5.76550122987049e-11
35.91667,-108.1667,4.71399833084273e-11
35.91667,-105.75,3.86617396231579e-10
35.91667,-105.5417,9.93195167487853e-11
35.91667,-104.0833,3.16217585202022e-11
35.91667,-103.875,2.46774357164577e-11
35.91667,-100.0417,3.06390201569551e-11
35.91667,-99.29167,4.23206132097636e-11
35.91667,-99.20833,3.58169376463161e-11
35.91667,-96.16667,1.09356268387975e-09
35.91667,-95.58333,4.22331182420847e-10
35.91667,-94.95833,1.26696189119848e-09
35.91667,-93.83333,1.73024487637185e-10
35.91667,-92.33333,1.30802339722808e-10
35.91667,-89.91667,1.46770976494418e-09
35.91667,-89.625,1.09867827661635e-10
35.91667,-87.83333,1.63142976352121e-10
35.91667,-86.5,5.0969834094591e-09
35.91667,-85.58333,8.64387517582027e-10
35.91667,-82.83333,3.77471545165652e-10
35.91667,-82.45833,4.6095327036014e-10
35.91667,-82.16667,1.42169978556486e-09
35.91667,-80.75,7.7760633368374e-10
35.91667,-80.5,1.90845635449344e-09
35.91667,-79.5,1.00873110569938e-09
35.91667,-79.375,1.12939198504097e-09
35.91667,-79.04167,9.44098255479827e-09
35.91667,-78.16667,9.05722454500973e-10
35.91667,-77.20833,3.15234219812294e-10
35.91667,-76.91667,3.50764619927991e-10
35.875,-120.875,1.59284163579474e-10
35.875,-119.1667,2.48996863926049e-10
35.875,-118.9583,3.28295139130315e-10
35.875,-118.125,5.26220685220544e-11
35.875,-117.7083,4.67676752222407e-11
35.875,-117.125,3.00871746105671e-11
35.875,-116.9583,2.70356537430071e-11
35.875,-116.7917,2.54230276744781e-11
35.875,-116.5417,3.04330744927866e-11
35.875,-114.7083,1.71496328418864e-10
35.875,-113.7917,5.56731498104529e-11
35.875,-113.7083,5.11988033551966e-11
35.875,-111.875,3.11472929728622e-11
35.875,-110.9583,1.98842522940685e-11
35.875,-110.625,3.76941220581023e-11
35.875,-108.5833,5.69115704011097e-11
35.875,-107.625,2.62294126407242e-11
35.875,-106.0833,2.24829122412052e-10
35.875,-105.75,2.69576815666556e-10
35.875,-103.9167,2.51715675428231e-11
35.875,-103.75,2.8619032205725e-11
35.875,-102.4167,3.89413491198228e-11
35.875,-102.375,2.72939129907167e-11
35.875,-102.0833,4.95828271602318e-11
35.875,-101.625,4.88882812797597e-11
35.875,-101.4167,4.15941755434473e-11
35.875,-100.5,1.68550001310625e-11
35.875,-100.0417,3.11072189402415e-11
35.875,-98.5,3.6598572935496e-10
35.875,-97.58333,3.76062083324505e-10
35.875,-96.75,2.02743032270331e-10
35.875,-95.875,7.91091538864856e-10
35.875,-94.33333,4.53611006137324e-10
35.875,-93.16667,9.10028686525957e-11
35.875,-91.875,1.78532899406344e-10
35.875,-91.29167,1.74749655527453e-10
35.875,-90.16667,4.65467209019184e-10
35.875,-90.08333,3.45580141697265e-10
35.875,-89.66667,2.98814042210298e-10
35.875,-88.20833,3.76968458967284e-10
35.875,-87.83333,1.60834973981447e-10
35.875,-86.79167,1.34474167560575e-09
35.875,-86.54167,2.92958603296811e-09
35.875,-83.66667,1.49170403224653e-09
35.875,-83,2.42660607788352e-10
35.875,-82.75,4.72124101543207e-10
35.875,-82.66667,8.46735750540025e-10
35.875,-80.75,1.23887534643143e-09
35.875,-77.95833,1.75631910416401e-09
35.875,-77.29167,8.03867629349086e-10
35.875,-76.25,1.43616690514325e-10
35.875,-76.125,1.71426021744153e-10
35.83333,-120.9583,2.35497336198384e-10
35.83333,-118.125,4.98111866287042e-11
35.83333,-117.5833,4.48485298852423e-11
35.83333,-115.5833,2.71878280925981e-10
35.83333,-114.0833,4.58088059006856e-11
35.83333,-112.7917,2.18863389663669e-11
35.83333,-112.5417,2.53029983725509e-11
35.83333,-109.4583,3.49163859968571e-11
35.83333,-107.9167,2.8737778318277e-11
35.83333,-104.875,3.95204609225493e-11
35.83333,-104.7083,3.82075183206951e-11
35.83333,-103.375,1.78415884212666e-11
35.83333,-102.2083,2.84417489937423e-11
35.83333,-101.625,5.00702852986846e-11
35.83333,-101,3.26455893715298e-11
35.83333,-100.8333,3.26182945743695e-11
35.83333,-100.625,3.10795016193351e-11
35.83333,-99.75,4.46477528649281e-11
35.83333,-97,1.79959154533222e-10
35.83333,-92.91667,8.09776134029792e-11
35.83333,-92.79167,6.71119846901277e-11
35.83333,-92.20833,2.0650026679176e-10
35.83333,-91.29167,1.8961931077031e-10
35.83333,-88.91667,2.63395369443456e-09
35.83333,-87.54167,3.32222714274805e-10
35.83333,-86.66667,1.49096253943883e-09
35.83333,-86.58333,2.45009747641567e-09
35.83333,-85.625,5.99324163219908e-10
35.83333,-84.45833,1.24675305413673e-09
35.83333,-81,2.26299294712764e-09
35.83333,-80.29167,3.19781004111526e-09
35.83333,-79.33333,1.29068481718191e-09
35.83333,-79.29167,1.49766470029481e-09
35.83333,-78.04167,1.14299830654767e-09
35.83333,-76.83333,3.83646310007985e-10
35.79167,-121,4.92158672090589e-10
35.79167,-117.2917,4.02368019888487e-11
35.79167,-117.0417,3.13219239851314e-11
35.79167,-116.1667,4.66025904151298e-11
35.79167,-114.625,1.09548164937126e-10
35.79167,-114.1667,4.54936447491897e-11
35.79167,-113.0833,2.08276373256363e-11
35.79167,-112.5,2.64894642435003e-11
35.79167,-110.25,5.51958217106812e-11
35.79167,-108.4583,5.97742195939937e-11
35.79167,-107.7917,2.66995011381979e-11
35.79167,-106.75,7.26398519132498e-11
35.79167,-106.125,7.38196807840965e-10
35.79167,-105.5833,1.37719193284437e-10
35.79167,-104.0417,2.123466410963e-11
35.79167,-103.6667,2.40536062323573e-11
35.79167,-103.3333,3.71841538896167e-11
35.79167,-103.125,3.79858285212327e-11
35.79167,-101.3333,3.15529508553626e-11
35.79167,-99.33333,4.66724985664587e-11
35.79167,-98.66667,6.51575289038186e-11
35.79167,-97.83333,2.41415820196131e-10
35.79167,-96.33333,1.6042615215049e-10
35.79167,-94.58333,3.39536081732069e-10
35.79167,-91.41667,1.6740126311742e-10
35.79167,-90.54167,6.54439846068136e-10
35.79167,-87.79167,2.24656827384674e-10
35.79167,-87.29167,3.61389807338813e-10
35.79167,-86,6.31741688160345e-10
35.79167,-85.875,1.454326663034e-09
35.79167,-85.29167,2.76368533607349e-10
35.79167,-84.04167,6.91234087755706e-09
35.79167,-82.58333,1.85384750586298e-09
35.79167,-81.79167,2.05953069727031e-09
35.79167,-79.04167,1.04784694034501e-09
35.79167,-78.66667,1.66191824636194e-08
35.79167,-76.20833,1.44658704025778e-10
35.79167,-76.125,1.60708464128024e-10
35.79167,-75.54167,9.36522790670898e-09
35.79167,-75.5,2.33461249957254e-10
35.75,-120.375,2.22327295892455e-10
35.75,-118.4167,1.26774666206316e-10
35.75,-118.375,9.61994286097221e-11
35.75,-118.3333,8.2798101146505e-11
35.75,-117.1667,3.65909977241741e-11
35.75,-117.125,3.52191935673098e-11
35.75,-115.2917,9.97090712826118e-11
35.75,-113.9167,4.33237004343247e-11
35.75,-113.3333,2.31715167685885e-11
35.75,-113.25,2.20665725962465e-11
35.75,-112.1667,5.97861777018818e-11
35.75,-112.0417,6.09827839575963e-11
35.75,-111.6667,4.25738811200365e-11
35.75,-111.625,4.1947671783505e-11
35.75,-111.4583,3.9376534048494e-11
35.75,-111.125,2.40140992533133e-11
35.75,-110.625,2.66266131685564e-11
35.75,-110.25,5.64740378691836e-11
35.75,-107.875,3.87570094866797e-11
35.75,-107.4583,2.16382761913292e-11
35.75,-106.5417,2.88942154605743e-10
35.75,-106.3333,5.39234451016772e-10
35.75,-104.5417,3.35228767664422e-11
35.75,-103.25,3.75319943709487e-11
35.75,-103,2.47717576338991e-11
35.75,-102.6667,3.84187844641008e-11
35.75,-102.4583,4.30392035356949e-11
35.75,-98.375,5.01025257765511e-11
35.75,-97.45833,2.26797629226969e-09
35.75,-97.41667,2.21782636399192e-09
35.75,-93.66667,6.90637785802277e-11
35.75,-90.66667,2.31287146337492e-09
35.75,-87.83333,2.17333984489062e-10
35.75,-87.20833,3.82351079522883e-10
35.75,-85.29167,2.66107367788131e-10
35.75,-85.16667,2.84942404839625e-10
35.75,-84.20833,2.08584031257242e-09
35.75,-83.5,4.9414408954474e-10
35.75,-81.79167,2.38425310224967e-09
35.75,-80.08333,1.71761005359973e-09
35.75,-78.5,2.23241459669579e-09
35.75,-77.91667,1.02018785485336e-08
35.75,-75.875,3.87169486435574e-10
35.70833,-120.0417,5.77689275243344e-11
35.70833,-119.4583,7.41089908411679e-11
35.70833,-118.9167,7.46364287570901e-11
35.70833,-118,6.5405374087337e-11
35.70833,-116.9167,3.05139782084186e-11
35.70833,-116.3333,3.59980263566484e-11
35.70833,-115.5,2.44897105748761e-10
35.70833,-114.9583,9.90802146459516e-11
35.70833,-112.875,3.19354462755885e-11
35.70833,-112.8333,3.24964279374771e-11
35.70833,-111.875,3.4103271813798e-11
35.70833,-111.7917,3.35234446841262e-11
35.70833,-111.5417,4.21993110362412e-11
35.70833,-111.2917,3.80236867390751e-11
35.70833,-110.3333,2.49827743658035e-11
35.70833,-109.3333,4.26724536125579e-11
35.70833,-108.625,5.66950629985276e-11
35.70833,-108,4.50955735137737e-11
35.70833,-107.25,3.55834183527168e-11
35.70833,-104.5417,3.27637885108433e-11
35.70833,-104.0833,2.17053820426038e-11
35.70833,-103.375,3.83183342664549e-11
35.70833,-102.1667,5.74882951995119e-11
35.70833,-100.8333,3.80612521818223e-11
35.70833,-99.33333,3.73562911530093e-11
35.70833,-98.58333,6.40730263476262e-11
35.70833,-97.875,2.85143499762744e-10
35.70833,-97.83333,2.96481112294167e-10
35.70833,-93.875,1.493194513888e-10
35.70833,-92.79167,6.73782129768648e-11
35.70833,-89.91667,7.9288657371584e-10
35.70833,-88.66667,1.08584936196819e-09
35.70833,-88.33333,8.03256025093725e-10
35.70833,-85.125,2.82801533226837e-10
35.70833,-85.04167,3.63162092182326e-10
35.70833,-84.58333,6.57760621686804e-10
35.70833,-83.66667,9.07058998205111e-10
35.70833,-80.625,1.0310896575418e-09
35.70833,-80.41667,2.86760148451229e-09
35.70833,-79.41667,2.56280744983245e-09
35.70833,-79.33333,1.09246879580504e-09
35.70833,-78.79167,1.59739241945474e-08
35.70833,-76,3.04805061864251e-10
35.70833,-75.5,4.67861152484775e-10
35.66667,-120.7917,3.258739748082e-09
35.66667,-120.7083,3.68591786595075e-09
35.66667,-119.375,8.52153118744427e-11
35.66667,-119.2917,1.22963488474915e-09
35.66667,-119.0833,1.57799903544667e-10
35.66667,-118.5833,1.29086405807545e-10
35.66667,-117.5417,4.54132878219061e-11
35.66667,-116.875,3.13810100461213e-11
35.66667,-115.875,3.50537546671564e-11
35.66667,-113.875,5.60934586907722e-11
35.66667,-113.75,4.698306721496e-11
35.66667,-113.5833,4.18421898055995e-11
35.66667,-108.4167,6.60738261139175e-11
35.66667,-107.7083,1.99937841292448e-11
35.66667,-106.5417,1.08052112416551e-10
35.66667,-106,6.82836553983189e-09
35.66667,-105.7917,6.61792336481026e-10
35.66667,-102.7917,1.49041089759911e-11
35.66667,-102.75,1.50700070495727e-11
35.66667,-101.7083,3.10333548246812e-11
35.66667,-99.79167,3.95125045943917e-11
35.66667,-99.54167,4.55050507627467e-11
35.66667,-98.375,9.34996661381538e-11
35.66667,-96.95833,2.53923941192079e-10
35.66667,-95.91667,2.16607174386654e-09
35.66667,-95.58333,4.72003179373097e-10
35.66667,-94.70833,3.57020057583399e-10
35.66667,-94.58333,4.71115748407667e-10
35.66667,-90.95833,1.42736551713694e-10
35.66667,-90.41667,2.00747818020124e-10
35.66667,-89.91667,1.00924236453707e-09
35.66667,-88.91667,2.0184238185434e-09
35.66667,-86.625,7.89708037332432e-10
35.66667,-85.16667,3.8742126707564e-10
35.66667,-84.75,5.03150254105429e-10
35.66667,-84.125,1.62372593160177e-09
35.66667,-81.83333,1.11113665700778e-09
35.66667,-81,1.78468225572675e-09
35.66667,-80.5,4.77234343632794e-09
35.66667,-79.70833,1.32008716178138e-09
35.66667,-76.20833,1.09566130996799e-10
35.625,-120.0833,4.13192150546015e-11
35.625,-119.4583,8.2934003599624e-11
35.625,-118.1667,6.59134301269762e-11
35.625,-117.0417,3.82386558374379e-11
35.625,-116.4583,3.28518331759099e-11
35.625,-116.0417,3.4895090618169e-11
35.625,-115.8333,3.3953796445466e-11
35.625,-111.9167,3.6040758938211e-11
35.625,-106.25,6.35834753838565e-10
35.625,-104.7917,3.57991481450182e-11
35.625,-103.9167,2.1107082175938e-11
35.625,-103.8333,2.58457137874943e-11
35.625,-103.25,3.94932234126304e-11
35.625,-102.5833,3.06438981890235e-11
35.625,-101.9167,3.28554904771844e-11
35.625,-100.7917,2.36420432110968e-11
35.625,-100.1667,3.96694887880139e-11
35.625,-97.33333,7.94394366126196e-10
35.625,-96.45833,1.30653314471976e-10
35.625,-95.79167,4.24724376342719e-10
35.625,-94.75,3.33048428056031e-10
35.625,-94.5,3.93151061740686e-10
35.625,-94.33333,4.01360525987383e-10
35.625,-93.54167,1.07143179883053e-10
35.625,-92.16667,1.96708748245525e-10
35.625,-91.58333,1.81599588769647e-10
35.625,-90.41667,2.1778974311274e-10
35.625,-89.91667,1.08304846823184e-09
35.625,-89.41667,2.57297656854556e-10
35.625,-89.29167,7.41797665120068e-10
35.625,-89.16667,3.17038163347364e-10
35.625,-88.25,4.1842707231741e-10
35.625,-86.95833,1.02723160879096e-09
35.625,-85.16667,4.41394383908314e-10
35.625,-84.875,6.38042336070891e-10
35.625,-84.25,1.84562438770986e-09
35.625,-83.33333,3.33191229687434e-10
35.625,-82.58333,6.66177685372297e-09
35.625,-81.25,6.11882456689181e-09
35.625,-81.04167,2.40689152820487e-09
35.625,-80.66667,1.39940981524151e-09
35.625,-80.375,1.06262603235916e-09
35.625,-78.16667,1.1044620252731e-09
35.625,-77.41667,2.68116486576113e-09
35.58333,-120.25,1.88794280760122e-10
35.58333,-119,1.4711411121112e-10
35.58333,-118.7917,1.39307945718181e-10
35.58333,-118.625,2.0837410113758e-10
35.58333,-117.875,1.24905545264778e-10
35.58333,-117.125,4.65751712066163e-11
35.58333,-116.5,3.30963541412335e-11
35.58333,-115.9583,3.31312880322889e-11
35.58333,-115.8333,3.24906841837467e-11
35.58333,-115.4583,3.68381390139537e-11
35.58333,-113.2917,2.29694498123644e-11
35.58333,-113.25,2.26004423388231e-11
35.58333,-112.2917,5.7075645411814e-11
35.58333,-109,8.68096043058587e-11
35.58333,-108.6667,1.04841640928334e-10
35.58333,-107.375,2.55972462755237e-11
35.58333,-106.125,1.46783040707992e-09
35.58333,-105.875,7.68844577888504e-10
35.58333,-104.9167,4.08369614019154e-11
35.58333,-103.625,2.02140901011382e-11
35.58333,-101.9167,2.78472895258967e-11
35.58333,-101.2917,2.84005576553637e-11
35.58333,-100.0417,4.27371558359549e-11
35.58333,-99.16667,1.96804777556435e-10
35.58333,-96.20833,1.26147031656453e-10
35.58333,-95.79167,4.07597488468718e-10
35.58333,-95.29167,5.53909253882146e-10
35.58333,-94.29167,9.83661211351203e-10
35.58333,-93.83333,1.60339417862149e-10
35.58333,-92.625,1.28762687225749e-10
35.58333,-92.375,2.50060493563672e-10
35.58333,-91.75,1.72220889214423e-10
35.58333,-91.08333,3.29780097553916e-10
35.58333,-90.875,1.3003410239454e-10
35.58333,-88.91667,2.22265062801628e-09
35.58333,-88.08333,3.62613519474678e-10
35.58333,-86.45833,1.42835886324978e-09
35.58333,-81.66667,7.95915288158646e-10
35.58333,-81.5,1.60742215876713e-09
35.58333,-81,3.34819931376285e-09
35.58333,-80.91667,3.11724178537719e-09
35.58333,-79.375,5.15332293089178e-10
35.58333,-78.45833,2.33969416915151e-09
35.58333,-77.29167,2.68029075114915e-09
35.58333,-76,1.22230996886093e-10
35.54167,-119.5417,7.92090715613248e-11
35.54167,-119.4583,3.24914661374672e-10
35.54167,-118.7917,1.45094848000641e-10
35.54167,-116.875,3.71750519346315e-11
35.54167,-116.7917,3.74244170150384e-11
35.54167,-114.6667,8.82158691461644e-11
35.54167,-114.625,1.34907874444892e-10
35.54167,-113.875,5.45200000462477e-11
35.54167,-112.0833,3.63480682844032e-11
35.54167,-110.875,3.87695385108725e-11
35.54167,-110.75,3.17127489235509e-11
35.54167,-110.5833,3.01448900674929e-11
35.54167,-110.3333,1.92902911787161e-11
35.54167,-108.2917,5.92620820029869e-11
35.54167,-106.7917,1.04996085568672e-10
35.54167,-104.1667,1.62916856597942e-11
35.54167,-102.0833,2.85605705517536e-11
35.54167,-102,2.90097908466323e-11
35.54167,-97.79167,1.5459521484515e-09
35.54167,-97.16667,7.74739162134776e-10
35.54167,-95.25,4.40820769744684e-10
35.54167,-94.04167,5.04588722569886e-10
35.54167,-91.91667,1.90712356672226e-10
35.54167,-90.25,3.29841973621552e-10
35.54167,-89.875,9.34348237703403e-10
35.54167,-89.66667,3.28274469016825e-09
35.54167,-87.70833,1.81334641718633e-10
35.54167,-87.33333,2.30081246209154e-10
35.54167,-81.25,3.02215727425143e-09
35.54167,-80.16667,7.14074120357091e-10
35.54167,-80.08333,6.09231628305418e-10
35.54167,-79.5,5.44589907843694e-10
35.54167,-79.29167,7.21198409690056e-10
35.54167,-78.625,2.29554517832822e-09
35.54167,-78.20833,1.80281412980671e-09
35.54167,-76.875,3.9425893132202e-10
35.5,-120.9583,1.77936379452767e-10
35.5,-120.3333,2.19071975674313e-10
35.5,-118.0417,5.15515830771749e-11
35.5,-116.8333,3.98528807770084e-11
35.5,-116.4167,3.48298760839168e-11
35.5,-115.9583,3.33855625957496e-11
35.5,-115.625,3.31388255008334e-11
35.5,-113.7917,5.46777560382596e-11
35.5,-113.4583,3.80568443166889e-11
35.5,-113.1667,3.3680518958145e-11
35.5,-111.25,7.63237016512349e-11
35.5,-110,4.31696552096041e-11
35.5,-109.6667,4.16753925554658e-11
35.5,-109.3333,3.7873433314797e-11
35.5,-108.9167,9.38619425829473e-11
35.5,-108.7083,4.60727648867237e-10
35.5,-108.625,2.02989781324569e-10
35.5,-105.9167,4.48085873503278e-10
35.5,-104.6667,3.17256205616776e-11
35.5,-104.625,3.1004649808485e-11
35.5,-104.1667,1.63241556876009e-11
35.5,-103.8333,2.12449759552714e-11
35.5,-103.3333,4.14127585566627e-11
35.5,-103.2083,2.03009252097149e-11
35.5,-101.7917,4.96860561140731e-11
35.5,-101,8.68841550930345e-10
35.5,-100.7917,3.84187680361708e-11
35.5,-100.0833,3.489652413885e-11
35.5,-99.45833,6.00888973472756e-11
35.5,-98.58333,1.16303367823153e-10
35.5,-98.5,1.23711124096097e-10
35.5,-98.16667,1.26229344841597e-10
35.5,-97.95833,4.87283818365919e-10
35.5,-97.83333,5.07630202485435e-10
35.5,-97.70833,2.69328721918624e-09
35.5,-97,3.92302651375639e-10
35.5,-94.79167,3.79867457143047e-10
35.5,-93.25,1.07871154655749e-10
35.5,-92.04167,1.91874199880759e-10
35.5,-91.79167,1.82140495538488e-10
35.5,-88.5,8.92166545185425e-10
35.5,-88.45833,7.83531401200997e-10
35.5,-88.29167,4.88503248669018e-10
35.5,-88.20833,3.87018314356192e-10
35.5,-87.41667,2.36259473451566e-10
35.5,-86.5,1.27869000487628e-09
35.5,-84.41667,1.52484341754147e-09
35.5,-84.29167,1.12756788177805e-09
35.5,-82,7.65406040570609e-10
35.5,-81.16667,2.43165829677762e-09
35.5,-80.66667,3.75262318636171e-09
35.5,-80.20833,8.19481979600364e-10
35.5,-77.41667,4.74710865849885e-09
35.5,-76.91667,9.89196015525542e-10
35.45833,-119,5.70313182351786e-09
35.45833,-118.75,1.81418347785254e-10
35.45833,-118.4167,1.69884516684963e-10
35.45833,-117.5,3.84661054109406e-11
35.45833,-116.5833,4.63230901299908e-11
35.45833,-114.5833,8.00294931960259e-11
35.45833,-114.4583,6.50366196426364e-11
35.45833,-114.25,4.21522246290801e-11
35.45833,-113.7917,5.57154986823651e-11
35.45833,-113.5417,3.55546008576303e-11
35.45833,-111.9167,4.44733366981796e-11
35.45833,-110.75,4.96932099424844e-11
35.45833,-110.2917,4.26432457465768e-11
35.45833,-109.8333,4.3352552953789e-11
35.45833,-109.375,3.84311423452572e-11
35.45833,-108.8333,1.32493833355751e-10
35.45833,-108.2917,6.5497906262472e-11
35.45833,-107.9583,3.68717008714692e-11
35.45833,-106.8333,8.59262128899885e-11
35.45833,-106.5833,2.91257201304383e-10
35.45833,-106.5,1.5841715289189e-10
35.45833,-105.5833,1.47672452771742e-10
35.45833,-104.2917,1.66924529843941e-11
35.45833,-102.0417,1.07410303194748e-10
35.45833,-101.7917,3.25039725292777e-11
35.45833,-101.7083,3.17326807506063e-11
35.45833,-101,4.23004042890057e-11
35.45833,-100.4167,3.36434362883991e-11
35.45833,-99.29167,1.62428138521549e-10
35.45833,-98.95833,9.10612039732382e-11
35.45833,-98.54167,1.2335344821676e-10
35.45833,-97.70833,6.84776582618372e-09
35.45833,-97.58333,1.59483351551752e-08
35.45833,-93.58333,3.98867233431789e-10
35.45833,-92.75,1.64149550656114e-10
35.45833,-89.41667,2.84211868899669e-10
35.45833,-88.125,4.62695468542196e-10
35.45833,-87.58333,1.94550463002887e-10
35.45833,-86.625,4.59156251795481e-10
35.45833,-82.29167,5.0650854649944e-10
35.45833,-80.125,8.12810112830845e-10
35.45833,-79.79167,6.27136965464421e-10
35.45833,-78.33333,1.2000202785333e-09
35.45833,-76.66667,2.93023743349617e-10
35.45833,-75.83333,1.06801170186746e-10
35.41667,-120.5417,1.39085340854397e-09
35.41667,-119.9167,4.29714058599018e-11
35.41667,-119.625,8.27305918755964e-11
35.41667,-117.875,6.3342076998479e-11
35.41667,-117.0417,4.55112586258558e-11
35.41667,-116.7083,5.49094417215056e-11
35.41667,-115.5,3.15507664572538e-11
35.41667,-115.4167,3.15446370620686e-11
35.41667,-115.0833,9.67844892356056e-11
35.41667,-114.5,8.28371684834568e-11
35.41667,-114.375,6.5449214326638e-11
35.41667,-113.5417,3.55671869167524e-11
35.41667,-113.5,3.89425610438359e-11
35.41667,-113.3333,3.59284710901473e-11
35.41667,-111.5833,1.27410476853476e-10
35.41667,-111.5,1.22612012763156e-10
35.41667,-110.6667,4.98581735970172e-11
35.41667,-106.9167,5.47572178108167e-11
35.41667,-103.5833,2.10384751022705e-11
35.41667,-102.9583,1.55456656119475e-11
35.41667,-102.125,7.60992705857969e-11
35.41667,-101.9583,3.4836979826451e-11
35.41667,-101.375,6.65451686731368e-11
35.41667,-100.4583,3.41181642421314e-11
35.41667,-98.5,1.87592302778476e-10
35.41667,-96.83333,4.57092273841184e-10
35.41667,-96.70833,3.3636156204914e-10
35.41667,-96.375,2.04829520827259e-10
35.41667,-96.25,1.31186108577384e-10
35.41667,-96.08333,4.96463713250273e-10
35.41667,-95.91667,3.03544059612807e-10
35.41667,-94.04167,6.79442020796343e-10
35.41667,-93.70833,4.55117238946035e-10
35.41667,-93.33333,3.29096604303636e-10
35.41667,-92.70833,1.79432319950203e-10
35.41667,-91.75,2.42495233082856e-10
35.41667,-91.54167,2.26414955458038e-10
35.41667,-91.08333,1.46549666593767e-10
35.41667,-91,1.11905243510098e-10
35.41667,-90.66667,2.63955386484926e-10
35.41667,-90.08333,3.16862976167267e-10
35.41667,-89.33333,2.74331869759787e-10
35.41667,-88.625,3.75555136247921e-09
35.41667,-88.54167,6.71138053919077e-10
35.41667,-87.75,2.14673971519061e-10
35.41667,-85.04167,1.1786887940828e-09
35.41667,-83.04167,1.31108703551204e-09
35.41667,-82.08333,7.12620491654384e-10
35.41667,-81.29167,3.93082269185511e-09
35.41667,-80.58333,5.96505632367208e-09
35.41667,-80.45833,1.40278433685746e-09
35.41667,-78.95833,1.02482619595699e-09
35.41667,-78.45833,1.30462488327659e-09
35.41667,-77.41667,1.33070369092592e-09
35.41667,-77.375,1.09338936323636e-09
35.41667,-76.5,6.75543780472852e-11
35.41667,-76.25,8.62574129862961e-11
35.375,-120.4167,2.34366167702671e-10
35.375,-119.375,2.32584715078369e-10
35.375,-118.0417,8.12280581854215e-11
35.375,-117.6667,3.95144970734061e-11
35.375,-116.5417,5.29360186805381e-11
35.375,-116.2083,3.59851922291016e-11
35.375,-115.4167,3.04392626642162e-11
35.375,-114.2083,4.47452738014758e-11
35.375,-112.125,7.36987806837962e-11
35.375,-111.625,1.44337481454549e-10
35.375,-110.2917,4.54294860705199e-11
35.375,-109.4583,3.96659102873175e-11
35.375,-108.0417,6.7276230533079e-11
35.375,-107.9167,6.09477924068539e-11
35.375,-107.3333,3.0444367022188e-11
35.375,-105.875,1.55991104858962e-10
35.375,-105.625,5.51141480347273e-11
35.375,-104.3333,1.6761422547439e-11
35.375,-103.4583,2.16584375347067e-11
35.375,-101.625,7.84461614998741e-11
35.375,-101.25,6.84894299677046e-11
35.375,-101.0833,6.84281963367446e-11
35.375,-99.5,3.01995682633612e-10
35.375,-99.20833,1.64249685639915e-10
35.375,-98.125,2.8718783078637e-10
35.375,-97.5,7.25743880722092e-09
35.375,-96.5,1.31710990416228e-10
35.375,-96.33333,9.81829078885421e-11
35.375,-94.5,4.40301416985465e-09
35.375,-93.25,3.51726245707146e-10
35.375,-91,1.06689563576754e-10
35.375,-90.66667,1.94502841199202e-10
35.375,-89.79167,3.10696825165462e-09
35.375,-89.08333,8.51578456521509e-10
35.375,-88.375,4.6139420990207e-10
35.375,-88.16667,3.08162008074246e-10
35.375,-88,2.1487979439987e-10
35.375,-87.66667,3.00718465522145e-10
35.375,-87.625,2.90490949411889e-10
35.375,-86.25,3.93380386451415e-09
35.375,-85.16667,9.86383991163255e-10
35.375,-84.58333,1.88292313366702e-09
35.375,-84,3.50344028129472e-10
35.375,-83.29167,1.36750552270542e-09
35.375,-83.08333,4.13918031429653e-10
35.375,-83,7.1294500243491e-10
35.375,-82.58333,2.55117604861131e-09
35.375,-82.25,5.45888523918249e-10
35.375,-80.33333,1.06503559205411e-09
35.33333,-119.8333,7.11573695884228e-11
35.33333,-118.5833,2.42847282152684e-10
35.33333,-116.5833,6.29042961143549e-11
35.33333,-116.3333,3.54431880116974e-11
35.33333,-115.625,2.99223060764839e-11
35.33333,-113.0417,3.25779739229706e-11
35.33333,-111.75,1.5139001724736e-10
35.33333,-111.625,1.68022282296654e-10
35.33333,-111.3333,3.68391069960052e-10
35.33333,-111.25,1.31658252424916e-10
35.33333,-110.7917,5.4536497211726e-11
35.33333,-110.0417,4.17673691239766e-11
35.33333,-109.9583,4.1010531931255e-11
35.33333,-107.375,2.98914151229517e-11
35.33333,-105.125,4.41852724037894e-11
35.33333,-104.3333,2.4556983183468e-11
35.33333,-104,2.58572732641642e-11
35.33333,-103.0833,2.77788420284228e-11
35.33333,-102.125,9.68038711764894e-11
35.33333,-101.4167,6.78634844144122e-11
35.33333,-95.58333,2.57442412009218e-10
35.33333,-95,2.21309641942166e-10
35.33333,-94.75,5.70754318283428e-10
35.33333,-92.16667,2.62561121312751e-10
35.33333,-92,2.80650875733297e-10
35.33333,-91.83333,3.23133310986898e-10
35.33333,-91.79167,3.59169340866312e-10
35.33333,-91.625,5.23876035885158e-10
35.33333,-91.29167,1.56335170898016e-10
35.33333,-91,1.06312633030832e-10
35.33333,-90.33333,3.77390555768229e-10
35.33333,-89.66667,2.69932701867806e-09
35.33333,-87.70833,2.72657195977646e-10
35.33333,-87.29167,8.2619401594167e-10
35.33333,-87,4.58220636914644e-10
35.33333,-84.20833,3.33853916803783e-10
35.33333,-81.91667,3.54353550928222e-09
35.33333,-81.20833,3.10667217924056e-09
35.33333,-80.20833,4.34954140185646e-09
35.33333,-80.16667,3.20157442519505e-09
35.33333,-79.70833,1.16035678692195e-09
35.33333,-77.625,3.22253039610272e-09
35.33333,-77.41667,9.91107204601655e-10
35.33333,-77.125,5.65173265802826e-10
35.33333,-76.33333,6.42409823947808e-09
35.33333,-75.95833,5.35973059530338e-11
35.29167,-120.4167,1.23042756336274e-09
35.29167,-120.0417,1.3975046204354e-10
35.29167,-119.875,1.33519343303233e-10
35.29167,-118.6667,3.03156187169264e-10
35.29167,-117.5417,3.68382259078289e-11
35.29167,-116.4167,3.98092963887893e-11
35.29167,-116,4.08105443014617e-11
35.29167,-115.375,2.9471515635667e-11
35.29167,-114.5833,1.17932386024995e-10
35.29167,-114.1667,2.86266589054982e-10
35.29167,-112.7083,3.92107514655852e-11
35.29167,-111.125,5.75662809906757e-11
35.29167,-111.0417,5.19700818173852e-11
35.29167,-110.7917,5.59038129146216e-11
35.29167,-109.9583,4.20779717178792e-11
35.29167,-109.7083,4.28449863569471e-11
35.29167,-108.75,6.89507274737909e-11
35.29167,-103.625,2.61453431040969e-11
35.29167,-102.5833,3.27106975138754e-11
35.29167,-102,8.21491151004557e-10
35.29167,-101.5417,7.87231589807101e-11
35.29167,-101.4583,7.10639975648244e-11
35.29167,-101.3333,6.72355697052855e-11
35.29167,-100,3.95797784482742e-11
35.29167,-99.25,1.09801735303675e-10
35.29167,-97.66667,1.87671716455807e-09
35.29167,-96.58333,1.90399663895313e-10
35.29167,-95.79167,1.77318254244127e-10
35.29167,-95.45833,1.72659190344907e-10
35.29167,-94.91667,2.24920293348904e-10
35.29167,-94.54167,1.05792550719487e-09
35.29167,-93.83333,3.43257770635463e-10
35.29167,-93.25,2.63995375635127e-10
35.29167,-92.45833,8.08635968349169e-10
35.29167,-90.875,3.07576575531195e-10
35.29167,-89.79167,3.93559899531365e-09
35.29167,-89.70833,3.65338655859264e-09
35.29167,-88.625,4.66422228138429e-10
35.29167,-87.75,2.52388062074205e-10
35.29167,-83.54167,3.2616540161208e-10
35.29167,-81.70833,1.32544579043957e-09
35.29167,-81.58333,2.26242868607174e-09
35.29167,-81.41667,1.96075707293387e-09
35.29167,-81.375,4.0628013548749e-09
35.29167,-81.16667,8.68616189915366e-09
35.29167,-78.29167,6.11291810336878e-10
35.29167,-77.125,6.41431004680449e-10
35.29167,-76.29167,6.32477958481874e-11
35.25,-120.125,1.13165040023539e-10
35.25,-117.375,3.86611190415967e-11
35.25,-116.4583,4.24684894567458e-11
35.25,-116.375,3.67015104961813e-11
35.25,-115.375,2.92000857441693e-11
35.25,-114.25,2.41827358845535e-10
35.25,-112.4167,5.36512793543654e-11
35.25,-110.125,4.55081937528707e-11
35.25,-110,4.37459569844781e-11
35.25,-108.625,7.73676720575903e-11
35.25,-108.375,2.16646239364162e-11
35.25,-108.2083,2.72491992114275e-11
35.25,-107.3333,4.70172550325941e-11
35.25,-105.0417,2.43358483747474e-11
35.25,-104.5833,1.78859541709017e-11
35.25,-103.375,3.16924413978555e-11
35.25,-103.25,2.94881596958212e-11
35.25,-101.9583,8.91012723219074e-10
35.25,-101.8333,1.32636060097203e-09
35.25,-99.54167,1.27184358290811e-10
35.25,-99.33333,9.10854423702591e-11
35.25,-98.70833,6.71752767269053e-11
35.25,-98.25,1.69122956649464e-10
35.25,-96,6.63387205415947e-11
35.25,-95.08333,2.36311258155567e-10
35.25,-94.25,1.40284651809635e-09
35.25,-92,3.16094346030763e-10
35.25,-91.58333,6.14725018278115e-10
35.25,-90.83333,3.20158014843318e-10
35.25,-89.91667,7.94530443603794e-09
35.25,-89.5,8.2742022540742e-10
35.25,-88.75,3.93640773011996e-10
35.25,-88.70833,4.14253954846375e-10
35.25,-87.04167,7.06730802507327e-10
35.25,-86.29167,9.45914913782462e-10
35.25,-85.16667,5.56874654102148e-09
35.25,-85,1.63843847604957e-09
35.25,-83.08333,2.96543535502691e-10
35.25,-82.54167,1.15486381256926e-09
35.25,-81.91667,1.06664242236871e-09
35.25,-80.66667,5.39833403797142e-09
35.25,-80.54167,3.02989267672966e-09
35.25,-80.41667,1.86879634585946e-09
35.25,-76.83333,3.40469030555225e-10
35.20833,-118.25,1.78015270764639e-10
35.20833,-117.3333,3.96630519316799e-11
35.20833,-117.2917,4.03382453415143e-11
35.20833,-117.125,4.09402616099247e-11
35.20833,-116.0833,4.8246487094263e-11
35.20833,-114.6667,2.46990648097935e-10
35.20833,-112.75,4.08778845200967e-11
35.20833,-112.2083,2.91707001101018e-10
35.20833,-111.8333,1.96746733251449e-10
35.20833,-110.9583,4.44611687339266e-11
35.20833,-110.5,5.61399950495388e-11
35.20833,-108.125,2.07442265065143e-11
35.20833,-107.8333,5.46995451985243e-11
35.20833,-107.25,8.10252901640511e-11
35.20833,-106.25,3.12365982862417e-10
35.20833,-104.5833,2.74234406332945e-11
35.20833,-103.5833,2.77154371405583e-11
35.20833,-103.0833,2.99069573317675e-11
35.20833,-102.375,3.73706365233602e-11
35.20833,-101.7917,4.51610676297775e-10
35.20833,-99.58333,1.22871965680983e-10
35.20833,-99.5,5.73683266532177e-11
35.20833,-98.79167,6.5840691980093e-11
35.20833,-97.54167,2.34757559695643e-09
35.20833,-95.20833,1.55185098692543e-10
35.20833,-95.04167,2.28703418948315e-10
35.20833,-93.20833,3.03649045199168e-10
35.20833,-93,5.6571463772901e-10
35.20833,-91.875,4.028875276431e-10
35.20833,-90.66667,1.39683342669671e-10
35.20833,-89.91667,6.2973864896176e-09
35.20833,-89.41667,6.79546780647357e-10
35.20833,-87.58333,3.29793704152925e-10
35.20833,-87.375,1.31590659650916e-09
35.20833,-84.29167,2.33956105817172e-10
35.20833,-83.83333,1.28631648216705e-09
35.20833,-83.75,7.68843272909163e-10
35.20833,-82.70833,1.52320912901107e-09
35.20833,-82.58333,9.36127060542301e-10
35.20833,-80.95833,1.96562115435252e-08
35.20833,-80.25,1.11301328578112e-09
35.20833,-79.95833,7.02642510190851e-10
35.20833,-79.54167,1.34751324608946e-09
35.20833,-78.79167,1.28504858168957e-09
35.20833,-77.79167,1.4380693426165e-09
35.20833,-76.33333,4.852854527685e-09
35.20833,-75.58333,2.89347997290701e-09
35.16667,-119.0833,7.06433971689147e-10
35.16667,-118.3333,3.15705951607741e-10
35.16667,-118,4.82063627870684e-10
35.16667,-117.5417,4.47790458384736e-11
35.16667,-117.3333,4.09230992841507e-11
35.16667,-116.25,5.08160682089214e-11
35.16667,-113.625,4.66811055247609e-11
35.16667,-111.7917,1.00389856989094e-10
35.16667,-110.5,7.19138563396176e-11
35.16667,-110.2917,5.24062692843217e-11
35.16667,-110.2083,4.98113075305802e-11
35.16667,-109.6667,3.09027207308084e-11
35.16667,-107.7917,5.55613802458827e-11
35.16667,-106.7917,4.30056568270151e-09
35.16667,-106.625,1.29754879218789e-08
35.16667,-106.4167,1.01999712671202e-09
35.16667,-106.375,1.24585545984371e-09
35.16667,-106,1.75894050654861e-10
35.16667,-104.875,3.15233766653107e-11
35.16667,-103.625,2.83444698654163e-11
35.16667,-103.4583,3.35967058326217e-11
35.16667,-101.5,5.15282495008255e-11
35.16667,-101.1667,3.74168977348522e-11
35.16667,-100.2083,3.10925057835022e-11
35.16667,-99.16667,1.26712721082522e-10
35.16667,-97.83333,4.13244170059231e-10
35.16667,-96.83333,2.21628380703583e-10
35.16667,-95.5,1.3931588240607e-10
35.16667,-94.5,6.36664836599756e-10
35.16667,-92.95833,3.87647531805327e-10
35.16667,-92.25,4.72604432039421e-10
35.16667,-92.16667,3.96534247286095e-10
35.16667,-91.66667,3.9288015158166e-10
35.16667,-91.625,3.732238522763e-10
35.16667,-91.45833,2.28835248778606e-10
35.16667,-91.33333,1.61703507363718e-10
35.16667,-90.75,3.20341529468654e-10
35.16667,-90.5,2.42717166350343e-10
35.16667,-87.95833,1.68061601416386e-10
35.16667,-87.58333,3.40031242530077e-10
35.16667,-87.45833,9.06150427091849e-10
35.16667,-86.58333,9.83171780253877e-10
35.16667,-84.83333,8.5931444261433e-09
35.16667,-83.33333,5.9355370337189e-10
35.16667,-81.91667,1.20848203983917e-09
35.16667,-81.33333,9.6299031552309e-10
35.16667,-81.16667,3.52060435561503e-09
35.16667,-80.33333,9.25651216528761e-10
35.16667,-80.04167,6.4353061136066e-10
35.16667,-79.83333,4.40942385278913e-10
35.16667,-79.625,7.34615726949754e-10
35.16667,-79.54167,1.29743745203098e-09
35.16667,-78.95833,4.01689613001283e-09
35.16667,-78.20833,5.30853975302232e-10
35.16667,-78.125,8.31012993064933e-10
35.16667,-76.04167,3.70871133931386e-09
35.125,-119.9583,5.60059941123568e-11
35.125,-119.625,6.27543680271825e-11
35.125,-118.2917,2.28223952281763e-10
35.125,-117.2917,4.37666339374374e-11
35.125,-115.8333,3.02030556531416e-11
35.125,-113.125,3.41821196060285e-11
35.125,-112.6667,5.07219470258944e-11
35.125,-112.3333,7.18692521747835e-11
35.125,-111.9583,1.25433431141133e-10
35.125,-108.0833,2.05961034246343e-11
35.125,-107.9167,3.70172653745096e-11
35.125,-107.5417,3.8192723947691e-11
35.125,-106.7917,3.78183358757468e-09
35.125,-106.2083,3.73491090696651e-10
35.125,-105.5417,4.84857310336208e-11
35.125,-101.8333,1.66487963849773e-09
35.125,-99.625,1.53636492557221e-10
35.125,-96.875,2.29596742828732e-10
35.125,-94.83333,2.84397260850357e-10
35.125,-93.625,2.73025940085813e-10
35.125,-93.54167,2.40705198281877e-10
35.125,-93.29167,2.96474178452554e-10
35.125,-93.04167,6.41994551744546e-10
35.125,-92.375,1.55153146492142e-09
35.125,-92.20833,4.85899035952188e-10
35.125,-91.79167,4.17496490716813e-10
35.125,-90.66667,2.78778098804167e-10
35.125,-89.54167,8.78906186214826e-10
35.125,-89.375,4.86287183486199e-10
35.125,-86.875,4.75297177640254e-10
35.125,-84.95833,2.98680371087797e-09
35.125,-84.45833,3.60286575558475e-10
35.125,-80.875,3.42129707184379e-08
35.125,-79.58333,1.09768654925103e-09
35.125,-79.29167,1.31019727701358e-09
35.125,-78.41667,6.07253110241165e-10
35.125,-76.125,5.674948443431e-11
35.08333,-120.4583,4.54287993807707e-10
35.08333,-120,4.07922616470719e-11
35.08333,-119.5,6.8836719164467e-11
35.08333,-119.2917,1.05447128926459e-10
35.08333,-119.25,2.64876497528489e-10
35.08333,-119.2083,2.62896214459347e-10
35.08333,-117.2083,5.05727674163636e-11
35.08333,-116.375,4.74478748732172e-11
35.08333,-115.2083,3.17238868569723e-11
35.08333,-115.0833,3.62755226598825e-11
35.08333,-114.0417,6.64632512142114e-11
35.08333,-113.3333,4.00489015349127e-11
35.08333,-112.875,4.07514484449187e-11
35.08333,-111.2917,1.00069768481095e-10
35.08333,-110.75,3.5781360086343e-10
35.08333,-109.0833,3.0380932136659e-11
35.08333,-104.375,1.70891307113512e-11
35.08333,-103.7917,2.88796564687797e-11
35.08333,-101.7917,2.54932302782573e-10
35.08333,-101.3333,4.35295915459508e-11
35.08333,-100.9583,3.26596633785717e-11
35.08333,-100.0833,2.12535600973919e-11
35.08333,-99.66667,8.44483106144549e-11
35.08333,-98.08333,3.23970529339624e-10
35.08333,-97.66667,8.52118595770049e-10
35.08333,-96.91667,2.08375921747874e-10
35.08333,-96.45833,2.53859736711673e-10
35.08333,-96.375,3.1792238696705e-10
35.08333,-94.91667,1.69926825710662e-10
35.08333,-94.79167,2.350492712688e-10
35.08333,-94.125,2.62828393967666e-10
35.08333,-94.08333,2.98524407345108e-10
35.08333,-92.875,2.69244245449748e-10
35.08333,-91.875,9.90975113268425e-10
35.08333,-90.66667,1.89249566927767e-10
35.08333,-87.79167,1.80412326223241e-10
35.08333,-87.20833,3.99774070014191e-10
35.08333,-86.41667,4.7700355137197e-10
35.08333,-85.79167,4.57687089285074e-10
35.08333,-85.54167,7.56287161237117e-10
35.08333,-85.29167,1.29578738431672e-08
35.08333,-84.625,2.51851986260216e-10
35.08333,-82.625,4.1602390929111e-10
35.08333,-82.45833,7.11929258142504e-10
35.08333,-80.95833,8.20488422735837e-09
35.08333,-80.79167,9.43799293834172e-09
35.08333,-80.66667,5.6585228000876e-09
35.08333,-79.45833,1.86262842996391e-09
35.08333,-78.91667,1.02942737752714e-08
35.08333,-78.375,1.52265305005148e-09
35.08333,-76.875,6.29751449913149e-10
35.08333,-76.33333,1.52401341453529e-10
35.08333,-76,8.45545056208746e-11
35.04167,-120.1667,8.41650333347147e-11
35.04167,-117.2917,6.72325369689263e-11
35.04167,-116.7083,8.48337677187721e-11
35.04167,-116.5,3.67136526922883e-11
35.04167,-116.125,3.17989082859247e-11
35.04167,-116,3.04860191569849e-11
35.04167,-113.875,5.5617005714193e-11
35.04167,-113.8333,5.34608053608628e-11
35.04167,-113.2083,3.40600093982028e-11
35.04167,-111.5,5.9994404823973e-11
35.04167,-111.0833,3.4461197553174e-11
35.04167,-108.7917,7.1671131336355e-11
35.04167,-108.25,3.54598093402684e-11
35.04167,-107.3333,9.10728103594751e-11
35.04167,-103.625,3.09908032320772e-11
35.04167,-103.5833,3.12951516407716e-11
35.04167,-102.9583,3.93196639660633e-11
35.04167,-102.875,3.298292281274e-11
35.04167,-101.7917,2.88731784958469e-10
35.04167,-99.91667,4.17205552610423e-11
35.04167,-99.54167,8.91018767150052e-11
35.04167,-98.66667,1.25003851576206e-10
35.04167,-98,1.41941704201601e-09
35.04167,-96.375,3.04605578003525e-10
35.04167,-96.04167,9.26679499979521e-11
35.04167,-95.25,1.17428501846724e-10
35.04167,-94.625,8.29979841269287e-10
35.04167,-93.91667,2.05040616251686e-10
35.04167,-90.41667,2.81441577603159e-10
35.04167,-90.20833,5.37647523261246e-10
35.04167,-90.16667,1.05254226874614e-09
35.04167,-89.08333,2.69208044804492e-10
35.04167,-87.58333,3.30685259930765e-10
35.04167,-86.83333,4.46739564294757e-10
35.04167,-85.25,1.27477547243032e-08
35.04167,-84.83333,1.53244549609959e-09
35.04167,-83.95833,8.11903026298195e-10
35.04167,-83.66667,3.0940296369583e-10
35.04167,-82.66667,4.21110188956179e-10
35.04167,-82.20833,1.3476180435745e-09
35.04167,-81.875,2.09397177246064e-09
35.04167,-81.75,1.38670223203398e-09
35.04167,-80.75,5.94517987062424e-09
35.04167,-80.29167,7.19454767771104e-10
35.04167,-80.20833,5.52321534018037e-10
35.04167,-79.25,1.50997180183838e-09
35.04167,-78.58333,1.22927260987591e-09
35,-120.3333,4.2821511905037e-10
35,-117.5,6.03116417847565e-11
35,-116.5,3.81394468805974e-11
35,-116.4583,3.57296920943144e-11
35,-116.0833,3.05403389200658e-11
35,-114.25,1.46302271056243e-10
35,-113.4583,4.07057046032411e-11
35,-113.375,4.03465885466059e-11
35,-111.5833,6.22994121598512e-11
35,-111.4583,5.30421111552657e-11
35,-110.4167,3.63015493820963e-11
35,-110.0417,7.39585816886821e-11
35,-109.375,3.12114433258933e-11
35,-108.7917,7.1347957517951e-11
35,-107.4583,7.64493988143818e-11
35,-104.8333,2.83728221465174e-11
35,-102.2083,4.57818447462446e-11
35,-102.1667,2.70392458882718e-10
35,-101.5,4.85142584938011e-11
35,-100.5,2.82822547647625e-11
35,-99.91667,2.52041253652066e-11
35,-99.75,7.75664957145296e-11
35,-98.875,1.04694422621898e-10
35,-98.29167,6.77155248050038e-10
35,-98.20833,6.52482629177122e-10
35,-98.16667,1.72549470183901e-10
35,-97.91667,1.5687814479368e-09
35,-96.66667,1.64159571551544e-10
35,-96.58333,1.30106867789986e-10
35,-95.58333,1.39891491158969e-10
35,-95.54167,1.3660857746306e-10
35,-94.45833,3.67178752998941e-10
35,-93.75,1.68218633461888e-10
35,-92.75,5.55099491775606e-10
35,-90.83333,3.21075272187089e-10
35,-89.75,4.6594351909604e-09
35,-89.41667,3.1129312000082e-10
35,-88.08333,3.51102897752583e-10
35,-87.91667,2.22131580064429e-10
35,-87.625,3.599679721404e-10
35,-86.95833,5.10292340146763e-10
35,-85.66667,6.5744416937914e-10
35,-83.20833,4.05127576941593e-10
35,-82.25,1.80979969562776e-09
35,-82,2.20961448158391e-09
35,-79.66667,9.48650504809941e-10
35,-78.33333,2.2509215932521e-09
35,-78,4.7549012551067e-10
35,-77.95833,4.7810166720443e-10
35,-76.08333,3.96388224047798e-09
34.95833,-119.2917,2.06962854123238e-10
34.95833,-117.625,2.58461048686117e-10
34.95833,-116.8333,1.63617256088297e-10
34.95833,-115.7083,2.77654363510221e-11
34.95833,-115.0417,3.58329826751998e-11
34.95833,-114.75,8.9038599992779e-11
34.95833,-113.5417,4.19732871561387e-11
34.95833,-112.5417,3.24559920189108e-10
34.95833,-108.6667,2.0729404765264e-11
34.95833,-108.4167,3.41337901033423e-11
34.95833,-107.7917,6.70122830964992e-11
34.95833,-106.5417,8.57971674039325e-10
34.95833,-105.8333,1.13014305168648e-10
34.95833,-105.7083,4.30858745308052e-11
34.95833,-105.625,3.49897105548767e-11
34.95833,-104.7917,2.77543913333367e-11
34.95833,-104.4583,1.73034032982895e-11
34.95833,-101.125,3.96747986604666e-11
34.95833,-100.7083,3.16583445558183e-11
34.95833,-100.5417,3.17084909144769e-11
34.95833,-98.95833,1.46765253776694e-10
34.95833,-97.54167,3.25789114641266e-10
34.95833,-96.33333,7.11967793792185e-11
34.95833,-94.75,1.95474450229023e-10
34.95833,-94.70833,2.03543432844789e-10
34.95833,-93.125,1.28399694035586e-10
34.95833,-93,2.43943430395158e-10
34.95833,-92.70833,6.32172879155434e-10
34.95833,-90.79167,3.2626579086792e-10
34.95833,-90.70833,3.21593665026001e-10
34.95833,-90.33333,3.25342947278531e-10
34.95833,-86.25,2.45063302172806e-10
34.95833,-86.125,2.58792266706334e-10
34.95833,-84.625,3.11405457309596e-10
34.95833,-84.58333,2.77733126719339e-10
34.95833,-84.54167,3.08162403728571e-10
34.95833,-83.33333,3.57129187370888e-10
34.95833,-82.70833,7.2078232978675e-10
34.95833,-82.25,9.72345051249984e-09
34.95833,-81.625,5.28080388673894e-10
34.95833,-79.66667,2.10815019301815e-09
34.95833,-79.20833,1.36535035870689e-09
34.95833,-78.41667,9.58716464892401e-10
34.95833,-77.70833,6.37013391997465e-10
34.91667,-120.5833,1.12255004118601e-09
34.91667,-120.2917,2.67196820330287e-10
34.91667,-119.75,5.84438581724843e-11
34.91667,-118.9167,2.30116394005288e-10
34.91667,-118.625,1.06155876356379e-10
34.91667,-116.5833,7.8153294418486e-11
34.91667,-116.5417,7.26413971286816e-11
34.91667,-115.625,2.72696547694155e-11
34.91667,-113.9583,4.21643934976647e-11
34.91667,-111.625,2.05533697153501e-10
34.91667,-110.7083,8.89728209598735e-11
34.91667,-109.9583,8.29352124043605e-11
34.91667,-109.7917,3.44822819494159e-11
34.91667,-106.1667,4.01628548944388e-10
34.91667,-104.4167,1.73539450945938e-11
34.91667,-102.3333,5.14569893793595e-11
34.91667,-101.2917,4.09125464378355e-11
34.91667,-101.0833,3.02328502081418e-11
34.91667,-100.8333,1.19791711269475e-10
34.91667,-100.375,2.8292874212299e-11
34.91667,-98.70833,1.22771743104423e-10
34.91667,-98.16667,3.76741648274647e-10
34.91667,-97.91667,2.698991017252e-10
34.91667,-96.54167,1.15470591914999e-10
34.91667,-94.875,1.55851523266119e-10
34.91667,-92.29167,1.64043551640212e-09
34.91667,-91.625,2.96073680701907e-10
34.91667,-90.45833,2.5862302743083e-10
34.91667,-89.58333,5.33456793721212e-10
34.91667,-87.95833,2.54308943609263e-10
34.91667,-83.58333,3.37399573806294e-10
34.91667,-83.5,4.57053765658357e-10
34.91667,-83.125,2.92790954671759e-10
34.91667,-82.875,4.7109302654598e-10
34.91667,-82.08333,3.43689961111896e-09
34.91667,-81.75,7.66112728976196e-10
34.91667,-80.25,5.71452335971447e-10
34.91667,-80.20833,5.36893605449258e-10
34.91667,-80.04167,9.84163278882406e-10
34.91667,-79.41667,7.25978176805058e-10
34.91667,-79.29167,1.06520778820382e-09
34.91667,-77.875,4.80236514822872e-10
34.875,-119.75,1.02617064060145e-10
34.875,-114.5,3.28098371081555e-10
34.875,-112.9583,5.65172242257398e-11
34.875,-110.7917,1.27883938887746e-10
34.875,-110.625,9.02953406005698e-11
34.875,-110,8.52644589023963e-11
34.875,-109.375,3.53177084999405e-11
34.875,-109.0833,3.37366148686863e-11
34.875,-108.9167,2.1588093752866e-11
34.875,-107.3333,3.24449082020645e-11
34.875,-105.0417,2.88243402426567e-11
34.875,-99.58333,9.71890178049824e-11
34.875,-98.5,3.27645239466668e-10
34.875,-95.70833,1.78819823845675e-10
34.875,-95.08333,9.77875613076587e-11
34.875,-94.83333,1.64666841249407e-10
34.875,-90.5,1.11001148569104e-10
34.875,-89.625,9.07515214943324e-10
34.875,-88.33333,2.96057294107669e-10
34.875,-87.95833,2.82602601853389e-10
34.875,-86.66667,1.60362054311656e-09
34.875,-85.58333,7.59998837143239e-10
34.875,-85.29167,6.07463106801332e-09
34.875,-84.875,1.26230382384596e-09
34.875,-84.375,1.02926308174348e-09
34.875,-84.16667,4.90530822115085e-10
34.875,-83.66667,3.09628036048117e-10
34.875,-82.20833,7.653898177062e-09
34.875,-82,1.55568590209347e-09
34.875,-81.125,1.35441801607723e-09
34.875,-80.83333,9.28301087721666e-10
34.875,-80.33333,7.77786484133275e-10
34.875,-79.54167,9.73865074355852e-10
34.875,-79,1.73416923442621e-09
34.875,-78.25,3.67598344221102e-10
34.875,-76.33333,2.87393885176559e-10
34.83333,-120.4583,4.4970645705156e-09
34.83333,-120.25,3.31298814562573e-10
34.83333,-118.4167,3.53368440094934e-10
34.83333,-116.625,1.04643664658299e-10
34.83333,-114.7917,4.75571399047336e-11
34.83333,-114.625,9.6112958374386e-10
34.83333,-112.7083,7.80189105932175e-11
34.83333,-112.2917,2.00027092792031e-10
34.83333,-112.1667,2.03338154105743e-10
34.83333,-109.7917,3.4893533385827e-11
34.83333,-108.8333,2.1236554419912e-11
34.83333,-107.8333,3.60322001174274e-11
34.83333,-107.2917,5.11021230789638e-11
34.83333,-107.1667,6.13386523730417e-11
34.83333,-104.4167,2.68771311403369e-11
34.83333,-103.5,3.00506009087378e-11
34.83333,-102.4583,1.33929129158797e-10
34.83333,-100,7.20922233142538e-11
34.83333,-99.25,9.83306696545268e-11
34.83333,-99.16667,9.76124488427282e-11
34.83333,-97.95833,1.84649767800354e-10
34.83333,-97.5,2.67621142855645e-10
34.83333,-96.70833,1.79658083885852e-10
34.83333,-96,7.8999733707788e-11
34.83333,-94.79167,1.70416091372937e-10
34.83333,-91.29167,2.11396812257241e-10
34.83333,-90.79167,1.42930532283682e-10
34.83333,-90.58333,1.00815741890405e-10
34.83333,-88.79167,4.19357047769364e-10
34.83333,-87.70833,3.06446535687069e-09
34.83333,-86.33333,5.53264438783128e-10
34.83333,-86.16667,1.93597330316702e-10
34.83333,-85.41667,1.55909208773812e-09
34.83333,-82.83333,5.61151778638514e-10
34.83333,-81.54167,4.06668563447205e-10
34.83333,-80.95833,1.696423033858e-09
34.83333,-79.04167,1.23679551153732e-09
34.83333,-77.29167,8.37075356086203e-10
34.83333,-77.125,4.64817297387998e-10
34.79167,-120.5833,4.99938056964648e-10
34.79167,-120.5417,5.43005188692237e-10
34.79167,-119.4167,6.85746341786697e-11
34.79167,-118.0417,9.737919416778e-10
34.79167,-117.8333,4.34131782498685e-10
34.79167,-117.2083,2.2173059949922e-10
34.79167,-114.375,9.47153045434927e-11
34.79167,-113.7083,4.94289546189479e-11
34.79167,-113.625,4.65030188876705e-11
34.79167,-111.75,3.45614531245044e-10
34.79167,-111.0833,3.20034880522249e-11
34.79167,-110.7083,8.81586346378058e-11
34.79167,-109,2.23379851797017e-11
34.79167,-108.8333,2.12434405235035e-11
34.79167,-107.7917,3.73486144535981e-11
34.79167,-107.1667,6.78406350255736e-11
34.79167,-106.8333,1.34441603939735e-10
34.79167,-105.625,3.25186109469349e-11
34.79167,-105.2083,2.90529424693529e-11
34.79167,-104.4167,2.69431563403446e-11
34.79167,-104.0833,2.08425085492302e-11
34.79167,-104,2.15303186771255e-11
34.79167,-103.25,7.42444207284241e-11
34.79167,-102.4167,3.40470138328311e-11
34.79167,-99.33333,2.8958033642124e-10
34.79167,-98.04167,1.85728738095505e-10
34.79167,-98,1.82480199035407e-10
34.79167,-96.83333,1.97443203384924e-10
34.79167,-95.20833,8.0115314519648e-11
34.79167,-93.83333,7.99877528073346e-11
34.79167,-92.79167,2.9509108910648e-10
34.79167,-91.79167,3.41981116929898e-10
34.79167,-91.66667,2.57284315432312e-10
34.79167,-90.125,7.66350534016184e-10
34.79167,-90,9.07834352453135e-10
34.79167,-89.91667,9.36182380466547e-10
34.79167,-89.125,2.58678251867784e-10
34.79167,-86.29167,5.71828375096603e-10
34.79167,-85.54167,7.19232739856578e-10
34.79167,-85.41667,5.95200967305195e-10
34.79167,-83.83333,5.60798316583732e-10
34.79167,-83.41667,4.81855591883121e-10
34.79167,-82.125,2.10294373126069e-09
34.79167,-81.66667,1.97132059057413e-09
34.79167,-80.45833,5.86745147757658e-10
34.79167,-78.125,4.09786292420506e-10
34.75,-118.875,1.25730124166911e-10
34.75,-114.5833,7.54691115816759e-11
34.75,-113.9583,4.09600937140353e-11
34.75,-113.7917,3.4292971396289e-11
34.75,-113.2917,2.3337624580153e-11
34.75,-111.625,2.11018409394051e-10
34.75,-110.2083,5.78275651082721e-11
34.75,-110.0833,5.41296112042502e-11
34.75,-109.75,4.56507673902538e-11
34.75,-109.6667,4.64379254757435e-11
34.75,-109.25,3.81930695422133e-11
34.75,-109.1667,3.6852221154165e-11
34.75,-108.75,2.06768408347405e-11
34.75,-107.8333,2.93901131343634e-11
34.75,-107.7083,3.83821115904286e-11
34.75,-105.9167,1.29127175120333e-10
34.75,-105.5,2.96672292874306e-11
34.75,-103.5417,4.81148765346241e-11
34.75,-103.375,4.48218497808487e-11
34.75,-103.1667,5.07423619393588e-11
34.75,-102.6667,9.04223183484101e-11
34.75,-102.3333,3.38024691256619e-11
34.75,-102.2917,3.43175055182541e-11
34.75,-101.7083,3.9435887903994e-11
34.75,-97.54167,1.66752544698715e-10
34.75,-97.16667,2.88350943809888e-10
34.75,-96.25,9.67471194442661e-11
34.75,-95.29167,7.04233284686674e-11
34.75,-95.25,7.79711424084377e-11
34.75,-93.75,6.25147348056818e-11
34.75,-91.83333,7.4902992342806e-10
34.75,-88,2.29605880942179e-10
34.75,-87.95833,2.52037678606153e-10
34.75,-86.66667,9.94484994396703e-09
34.75,-85.83333,6.21157771726821e-10
34.75,-85.41667,4.99460212774814e-10
34.75,-85.25,1.18216625310659e-09
34.75,-84.95833,4.50357888525672e-09
34.75,-83.08333,1.18113115173047e-09
34.75,-81.625,2.01467811515762e-09
34.75,-80.875,8.32147366569711e-10
34.75,-79.20833,1.21766568730331e-09
34.75,-78.5,2.81661993678419e-10
34.75,-77.5,4.28225780576094e-09
34.70833,-119.875,1.16712547399803e-10
34.70833,-118.2917,5.51414442279968e-10
34.70833,-117.125,2.40564532286034e-10
34.70833,-116.5,4.47850194321373e-11
34.70833,-116.3333,7.02867107652352e-11
34.70833,-116.2083,3.69319643940511e-11
34.70833,-114.25,7.69181523261715e-11
34.70833,-113.0417,5.37627463244327e-11
34.70833,-112.6667,1.04788792983079e-10
34.70833,-111.75,2.31479845872878e-10
34.70833,-108.4167,3.2648927816109e-11
34.70833,-108.1667,3.15463396530981e-11
34.70833,-105.9167,1.25642873684071e-10
34.70833,-105.75,3.93281732061483e-11
34.70833,-105.6667,3.66704514195203e-11
34.70833,-104,2.26426301238479e-11
34.70833,-101.9167,3.96839844497595e-11
34.70833,-100.4583,8.09142550891536e-11
34.70833,-99.125,1.3597540767602e-10
34.70833,-97.54167,1.60267307440639e-10
34.70833,-97.45833,2.27263207751493e-10
34.70833,-95.95833,8.89610113916621e-11
34.70833,-93.75,6.2491974945425e-11
34.70833,-92.16667,1.25140912554794e-09
34.70833,-91.58333,2.35137432600993e-10
34.70833,-91.20833,1.14681701867761e-10
34.70833,-90.20833,2.73807433030278e-10
34.70833,-87.66667,2.89780779824188e-09
34.70833,-87.54167,8.15862775782432e-10
34.70833,-85.83333,7.30507277050348e-10
34.70833,-85.20833,1.00573753871201e-09
34.70833,-82.5,2.69025614453336e-09
34.70833,-79.75,6.19325242517597e-10
34.70833,-79.29167,1.1802781946418e-09
34.70833,-78.79167,4.30209613297311e-10
34.70833,-78.5,3.6634230939269e-10
34.70833,-77.41667,3.5388407016238e-09
34.70833,-77.25,1.84336709681556e-09
34.66667,-117.875,6.86837825895506e-10
34.66667,-115.7917,2.82689398315396e-11
34.66667,-114.7083,3.82100338187294e-11
34.66667,-114.0417,4.26485856015715e-11
34.66667,-111.2083,7.11858016750131e-11
34.66667,-110.9167,2.91244904365203e-11
34.66667,-110.7917,5.0478809514362e-11
34.66667,-110.3333,6.6412082855688e-11
34.66667,-110.125,5.48786177559807e-11
34.66667,-109.25,4.18534196711621e-11
34.66667,-105.5833,3.02023419663579e-11
34.66667,-103.625,4.91821684105451e-11
34.66667,-103.1667,1.37728904513001e-10
34.66667,-102.5833,8.8626025925928e-11
34.66667,-102.4583,3.43660280802026e-11
34.66667,-101.5833,3.05558886517381e-11
34.66667,-100.9167,2.74500502786778e-11
34.66667,-100.5,7.91235576200287e-11
34.66667,-99.91667,7.32752365603107e-11
34.66667,-99.58333,8.64141414779928e-11
34.66667,-98.33333,1.5423298445662e-09
34.66667,-95.25,5.48889235181833e-11
34.66667,-92.83333,4.11629250152947e-10
34.66667,-92.5,2.88339203249376e-09
34.66667,-90.875,1.64372652079177e-10
34.66667,-90.5,2.57167504807933e-10
34.66667,-89.25,2.25110161026983e-10
34.66667,-89.125,2.62291963077795e-10
34.66667,-88.29167,2.74965819958773e-10
34.66667,-87.875,4.77796232393635e-10
34.66667,-86.04167,2.53440493902206e-09
34.66667,-85.625,5.21329236318598e-10
34.66667,-85.58333,3.91280742339973e-10
34.66667,-85.54167,4.67386745055749e-10
34.66667,-84.66667,9.18023367867645e-10
34.66667,-84.375,3.85022375757496e-10
34.66667,-84.20833,4.24392368541025e-10
34.66667,-82.33333,2.75415985010756e-09
34.66667,-81.20833,3.67648482641756e-10
34.66667,-80.66667,5.64376458834758e-10
34.66667,-79.375,8.7411161788768e-10
34.66667,-78.5,4.21336600676095e-10
34.66667,-77.91667,4.38904432281501e-10
34.625,-119.875,6.42217233532383e-11
34.625,-119.5833,5.49064460120598e-11
34.625,-117.7083,7.02851537025708e-10
34.625,-116.9583,2.89290372379761e-10
34.625,-116.125,3.94851928336935e-11
34.625,-114.9167,3.20997250100656e-11
34.625,-114.7917,3.42981199674959e-11
34.625,-113.9167,3.68076185623223e-11
34.625,-112.9167,5.52657434520867e-11
34.625,-112.7083,9.73563735210056e-11
34.625,-112.5417,1.24056303491928e-10
34.625,-111.125,6.65383618046006e-11
34.625,-110.6667,4.75062063629931e-11
34.625,-108.7083,2.01219620899295e-11
34.625,-108.4167,1.84702805975129e-11
34.625,-106.25,1.68573642855925e-10
34.625,-105.7083,4.10690883619215e-11
34.625,-103.5833,5.31670284048295e-11
34.625,-103.4583,1.2450999860119e-10
34.625,-103.4167,1.21705516082125e-10
34.625,-102.8333,1.18604308074869e-10
34.625,-102.7917,1.12870534596681e-10
34.625,-101.5417,2.93311079453922e-11
34.625,-101,2.72421080484855e-11
34.625,-100.875,2.256308201139e-11
34.625,-100.625,2.60395163786731e-11
34.625,-100.2917,2.83335598064354e-11
34.625,-99.95833,7.01792693157431e-11
34.625,-99.45833,7.67215086362978e-11
34.625,-99.33333,1.30110628655963e-09
34.625,-99.25,3.1636472357804e-10
34.625,-97.875,2.54473262542056e-10
34.625,-97.58333,1.61795457988856e-10
34.625,-97.45833,1.43293232977992e-10
34.625,-94.125,1.41160316091958e-10
34.625,-93.08333,6.42920555035428e-10
34.625,-92.625,9.39843518973128e-10
34.625,-92.16667,9.98138493574559e-10
34.625,-90.375,3.16501825712031e-10
34.625,-89.33333,2.75157981220175e-10
34.625,-89.16667,2.49548431602993e-10
34.625,-88.20833,2.79907814077402e-10
34.625,-87.70833,7.21279529697771e-10
34.625,-87.08333,1.70596784828548e-09
34.625,-86.08333,1.28057788397114e-09
34.625,-84.75,1.01129503612459e-09
34.625,-84.33333,3.94480813289384e-10
34.625,-83.83333,8.47810334723892e-10
34.625,-81.875,6.4800334978064e-10
34.625,-81.25,3.31778001832289e-10
34.625,-79.95833,4.67943291042194e-10
34.625,-79.54167,7.29354563697321e-10
34.58333,-120.0417,8.48477846476655e-10
34.58333,-119.1667,8.9165108691617e-11
34.58333,-118.6667,1.09833355482224e-09
34.58333,-118.125,5.91164177743568e-09
34.58333,-116.625,9.35139445935587e-11
34.58333,-115.9583,6.30034154413819e-11
34.58333,-114.4167,7.80958040015042e-11
34.58333,-114.3333,3.89220408577627e-10
34.58333,-113.9167,3.600043886045e-11
34.58333,-111.9583,2.52093039075765e-10
34.58333,-110.875,6.56742023537943e-11
34.58333,-109.0833,3.77239971493312e-11
34.58333,-108.1667,1.77877973536053e-11
34.58333,-107.4583,2.49106383091985e-11
34.58333,-105.3333,2.55331679409086e-11
34.58333,-105.125,2.22339082902406e-11
34.58333,-103.6667,5.1048598114439e-11
34.58333,-103.5417,5.81820999063997e-11
34.58333,-103.4167,6.7991721952757e-11
34.58333,-101.75,6.2046657431332e-11
34.58333,-101.5833,2.89449962679139e-11
34.58333,-100.0833,3.44392743830074e-11
34.58333,-97.91667,9.45084130719552e-10
34.58333,-97.375,1.4393044678857e-10
34.58333,-97.25,3.15117842170284e-10
34.58333,-95.70833,5.59256135282179e-11
34.58333,-95.125,3.3885802847691e-11
34.58333,-86.83333,2.36279745068144e-09
34.58333,-85.75,6.95018936672048e-10
34.58333,-84.20833,5.25868266652818e-10
34.58333,-83.375,1.94787955725226e-09
34.58333,-83.04167,8.40449611548332e-10
34.58333,-82.375,1.28003980354092e-09
34.58333,-81.625,3.20538188174868e-10
34.58333,-80.95833,6.30013889384109e-10
34.58333,-79.70833,1.00151683051446e-09
34.58333,-79.5,5.92466990073915e-10
34.58333,-78.45833,3.61550642678573e-10
34.54167,-119.5833,6.13346038538021e-11
34.54167,-119.2917,1.35136404030871e-10
34.54167,-118.4167,8.65385119803395e-10
34.54167,-117.7083,7.74042766084906e-10
34.54167,-117.4583,3.66619618247708e-09
34.54167,-116.8333,2.70780627814083e-10
34.54167,-109.7917,5.02380420440743e-11
34.54167,-107.4167,3.2698608213502e-11
34.54167,-105.0833,2.21625759988321e-11
34.54167,-104.2083,3.28633509308536e-11
34.54167,-103.5417,6.0831043690108e-11
34.54167,-103.375,1.70370314554724e-10
34.54167,-102.375,2.10245952133282e-10
34.54167,-100.2083,3.18686336307542e-11
34.54167,-99,6.75285222931345e-11
34.54167,-97.79167,2.02580192504863e-10
34.54167,-96.58333,1.10868729224279e-10
34.54167,-95.33333,3.98417113963195e-11
34.54167,-95,5.40775334401954e-11
34.54167,-94.58333,7.03634661330598e-11
34.54167,-93.5,2.42984945174633e-10
34.54167,-91.25,1.15498442668062e-10
34.54167,-90.5,1.85181463987605e-10
34.54167,-89.20833,4.79896552875353e-10
34.54167,-89,6.01025199730312e-10
34.54167,-87.75,1.50045796191712e-09
34.54167,-87.625,6.29962484716317e-10
34.54167,-87.5,7.00811549140077e-10
34.54167,-86.83333,1.41709719387712e-09
34.54167,-86.125,8.14875244393942e-10
34.54167,-84.29167,6.15165537472985e-10
34.54167,-83.33333,2.40884272344971e-09
34.54167,-83.04167,9.97664969049704e-10
34.54167,-82.70833,2.49613626967383e-09
34.54167,-80.25,2.22301891824057e-10
34.54167,-79.79167,6.99220854784784e-10
34.54167,-78.79167,6.66879888159527e-10
34.54167,-78.20833,3.6468587059646e-10
34.54167,-77.83333,6.84525875926954e-10
34.54167,-77.75,4.79760589823416e-10
34.54167,-77.54167,9.86061799458047e-10
34.5,-119.2083,1.53461688798881e-10
34.5,-118.4167,1.08319963700275e-09
34.5,-113.7083,4.66576012826107e-11
34.5,-113.5,4.38615258051608e-11
34.5,-112.0833,3.2754243527541e-10
34.5,-111.625,1.96391429686554e-10
34.5,-110.6667,5.7245210101337e-11
34.5,-109.8333,7.33061963175868e-11
34.5,-109.4583,4.59620583961608e-11
34.5,-109.25,5.05845675838732e-11
34.5,-109.0833,3.76042230776411e-11
34.5,-107.8333,1.86909737976484e-11
34.5,-107.375,3.28256748729964e-11
34.5,-106.5417,9.10785528299204e-11
34.5,-106.4583,6.14942208047061e-11
34.5,-105.1667,2.22131484151043e-11
34.5,-103.125,2.2425957615522e-10
34.5,-102.6667,1.041275989583e-10
34.5,-102.125,4.38478894063848e-11
34.5,-101.2083,2.40322318274023e-11
34.5,-101.0833,2.38603422117216e-11
34.5,-100.9583,2.61441891280035e-11
34.5,-100,5.05498892462277e-11
34.5,-98,9.63659701706563e-10
34.5,-96.95833,1.12846389888954e-10
34.5,-95.375,4.02739311881847e-11
34.5,-95.08333,5.57641222729323e-11
34.5,-94.29167,4.70624498402567e-10
34.5,-94.20833,4.83611081634856e-10
34.5,-93.875,9.9955361812407e-11
34.5,-93.75,1.09074601954615e-10
34.5,-92.5,2.30126188507573e-09
34.5,-90.75,3.07174203102098e-10
34.5,-90.33333,1.63047449199073e-10
34.5,-88.29167,3.36907163942041e-10
34.5,-87.04167,1.62007544335412e-09
34.5,-87,2.13212793070822e-09
34.5,-86.75,1.15300235919559e-09
34.5,-86.58333,1.73373632505152e-09
34.5,-85.70833,7.84766683840924e-10
34.5,-85.58333,4.85411390116676e-10
34.5,-85.375,1.18100627747576e-09
34.5,-85.04167,6.92050039717138e-10
34.5,-82.66667,4.51562828998596e-09
34.5,-82.16667,9.4628489233489e-10
34.5,-81.25,4.04220991324726e-10
34.5,-80.16667,3.69084005827925e-10
34.5,-79.54167,4.35380660340082e-10
34.5,-79,6.14308147411997e-10
34.45833,-117.9583,3.13512073153537e-10
34.45833,-117.0833,1.43764695004517e-09
34.45833,-116.875,2.9690841550392e-10
34.45833,-116,1.12018441248723e-10
34.45833,-115.2917,2.44817265442011e-11
34.45833,-114.875,2.72086275491574e-11
34.45833,-113.25,2.40544779059385e-11
34.45833,-112.9583,4.4175481258046e-11
34.45833,-110.5833,9.44939922838108e-11
34.45833,-108.5833,3.21533015380291e-11
34.45833,-108.0417,1.72347192847432e-11
34.45833,-105.6667,4.46736933492467e-11
34.45833,-105.25,2.257869684108e-11
34.45833,-104.5833,2.75511877358646e-11
34.45833,-103.2083,2.6161706845582e-09
34.45833,-103.1667,9.19783703175427e-10
34.45833,-103.0417,2.41781962657696e-10
34.45833,-100.5,2.42085594835139e-11
34.45833,-100.125,3.22095987925181e-11
34.45833,-99.66667,6.22475867469546e-11
34.45833,-99.33333,7.65862230164938e-11
34.45833,-99,6.04462896453318e-11
34.45833,-98.79167,1.02826805754059e-10
34.45833,-98.54167,3.96518081934852e-10
34.45833,-98.5,3.18856800380412e-10
34.45833,-95.75,1.10428013357647e-10
34.45833,-95.375,4.04912383709962e-11
34.45833,-95.25,3.87368818555341e-11
34.45833,-94.79167,2.68665090059548e-11
34.45833,-90.83333,1.14735026491442e-10
34.45833,-88.95833,7.01324034950037e-10
34.45833,-87.125,3.86421310949218e-10
34.45833,-84.75,8.76104793860697e-10
34.45833,-84.29167,7.42755028127723e-10
34.45833,-84.20833,7.46667715519648e-10
34.45833,-83.875,9.82022589296786e-10
34.45833,-82.75,1.56743242327575e-09
34.45833,-82.29167,7.15738410995727e-10
34.45833,-82.20833,6.37182304873308e-10
34.45833,-79.79167,2.55407143875198e-10
34.45833,-79.75,2.51271459888364e-10
34.45833,-79.375,1.24873599965601e-09
34.45833,-79.25,5.31898708927131e-10
34.45833,-78.58333,4.11527314923177e-10
34.41667,-119.375,7.91141266579708e-10
34.41667,-119.1667,1.72851318483313e-09
34.41667,-119,1.91758171144073e-09
34.41667,-118.875,1.50322375199812e-09
34.41667,-118.1667,9.17705355270322e-10
34.41667,-117.125,1.42662431672296e-09
34.41667,-116.7083,1.85181726254414e-10
34.41667,-116.625,1.58253500001815e-10
34.41667,-116.1667,1.65450824921462e-10
34.41667,-114.4167,3.47664266943298e-11
34.41667,-112.625,6.38722212045995e-11
34.41667,-112.1667,1.46719277218958e-10
34.41667,-111.9583,1.16253010654424e-10
34.41667,-111.2917,6.4121525449717e-11
34.41667,-108.7083,3.31234328637068e-11
34.41667,-107.5833,2.0807400823332e-11
34.41667,-107.0833,2.8465112013516e-11
34.41667,-106.5833,6.70131883235295e-11
34.41667,-101.9167,2.78827774931512e-11
34.41667,-101,3.15053805474503e-11
34.41667,-100.7083,1.47689277833885e-11
34.41667,-95.54167,4.09959747561951e-11
34.41667,-95.5,4.09820674204449e-11
34.41667,-91.375,1.08055066408123e-10
34.41667,-90.875,1.07170273407997e-10
34.41667,-90.29167,1.50152847209624e-10
34.41667,-90.25,1.53549829163359e-10
34.41667,-89.70833,4.89192178490489e-10
34.41667,-87.83333,2.94410260329675e-10
34.41667,-87.20833,6.44447198971061e-10
34.41667,-87.04167,7.03402863984991e-10
34.41667,-85.08333,7.69431735850039e-10
34.41667,-84.66667,6.03171761065117e-10
34.41667,-84.625,6.03235121292624e-10
34.41667,-83.91667,1.42662302733784e-09
34.41667,-83.08333,7.60700108137541e-10
34.41667,-82.54167,1.68923786628826e-09
34.41667,-79.58333,3.57463630008527e-10
34.41667,-78.83333,5.25865473614112e-10
34.41667,-78.625,5.04201646910398e-10
34.41667,-78.58333,4.38360814601789e-10
34.41667,-77.83333,9.09253370952326e-10
34.41667,-77.70833,7.06590768891013e-10
34.375,-119.875,3.70257077921854e-09
34.375,-119.7083,4.19562697068826e-09
34.375,-119.4583,9.77711517323041e-10
34.375,-118.4583,5.3299437603998e-10
34.375,-118,1.01778409247144e-10
34.375,-117.6667,5.87483962883943e-10
34.375,-116.5833,1.63688096573126e-10
34.375,-114.7917,2.64262162203954e-11
34.375,-110.2917,7.6547700330094e-11
34.375,-109.9167,1.76210215476997e-10
34.375,-107.1667,2.602886650105e-11
34.375,-105.6667,4.36322811971213e-11
34.375,-105.4167,3.93225356555679e-11
34.375,-105,2.20082868136741e-11
34.375,-103.7083,6.45772568280897e-11
34.375,-103.375,2.35917091956791e-10
34.375,-102.4583,5.09104229762891e-11
34.375,-100.9167,2.62526179905825e-11
34.375,-100.375,2.84230082856982e-11
34.375,-98.04167,1.88178269024165e-10
34.375,-97.54167,1.36284679096482e-10
34.375,-92.95833,3.28485130234117e-10
34.375,-92.5,8.90837366482474e-10
34.375,-92.125,1.65187955877271e-09
34.375,-91.58333,1.16663227129287e-10
34.375,-91.25,1.2792339120283e-10
34.375,-88.25,2.44929253943599e-10
34.375,-87.58333,3.90164021302099e-10
34.375,-87.45833,2.11374802477913e-10
34.375,-87.04167,6.63321003811213e-10
34.375,-85.20833,1.15969207741809e-09
34.375,-84.625,7.6052438840103e-10
34.375,-83.08333,5.8233562963963e-10
34.375,-82.45833,6.85097966523887e-10
34.375,-82.29167,8.01069026886911e-10
34.375,-82.20833,7.64421044878531e-10
34.375,-79.5,5.02716292385873e-10
34.375,-78.91667,5.4057048111839e-10
34.375,-77.70833,7.26507768975859e-10
34.33333,-119,6.54559283770601e-09
34.33333,-118.4583,7.87836225872233e-10
34.33333,-118.125,2.63373762290212e-10
34.33333,-117.8333,1.1754810470255e-10
34.33333,-117.4583,1.13582831138373e-09
34.33333,-116.375,2.47026313018022e-10
34.33333,-116.2083,1.6193377214586e-10
34.33333,-116,1.25140731214291e-10
34.33333,-115.4583,4.79438948241344e-11
34.33333,-115.25,2.3922366597415e-11
34.33333,-115.1667,2.37573453355799e-11
34.33333,-113.9583,3.15563801425679e-11
34.33333,-108.875,1.99504241313503e-11
34.33333,-108.625,3.14325417819447e-11
34.33333,-108.5,3.03640561354064e-11
34.33333,-108.375,2.94570874773506e-11
34.33333,-106.9167,2.77216261046992e-11
34.33333,-105.7083,4.40015486973052e-11
34.33333,-105.1667,3.6667150653516e-11
34.33333,-104.4167,2.99760337057587e-11
34.33333,-101.5,2.51874448734534e-11
34.33333,-100.8333,2.63633465566517e-11
34.33333,-100.7083,1.47689377643972e-11
34.33333,-96.04167,1.14698069708835e-10
34.33333,-95.91667,9.34412276777826e-11
34.33333,-94.16667,6.28549019577423e-11
34.33333,-93.95833,1.02657576255336e-10
34.33333,-92.54167,3.42979576309436e-10
34.33333,-92.29167,5.2706923397209e-10
34.33333,-91.83333,2.33448409096503e-10
34.33333,-91.29167,1.60344291846892e-10
34.33333,-91.20833,1.31312523501547e-10
34.33333,-90.54167,2.6263503060605e-10
34.33333,-90.16667,2.98309645495678e-10
34.33333,-87.66667,4.43457866364632e-10
34.33333,-87.5,2.34225190514695e-10
34.33333,-86.25,1.50646384096385e-09
34.33333,-86.04167,5.5446572447957e-10
34.33333,-82.25,8.03499804273106e-10
34.33333,-81.29167,5.28832380486328e-10
34.33333,-80.625,9.33538991124316e-10
34.33333,-80.45833,7.04902174294435e-10
34.33333,-80.20833,9.17259321975112e-10
34.33333,-79.375,7.50091692020145e-10
34.33333,-78.125,1.54061095161247e-09
34.29167,-118.0417,1.29352647137697e-10
34.29167,-115.2083,2.37583020310671e-11
34.29167,-114.7917,2.50864273274228e-11
34.29167,-114.625,2.68762915858579e-11
34.29167,-114.5417,2.77546580657584e-11
34.29167,-114.4167,2.88317784467247e-11
34.29167,-113.8333,1.14286246774202e-10
34.29167,-111.7917,9.37816977265098e-11
34.29167,-111.0833,5.19813848437274e-11
34.29167,-109.5833,4.94154690768808e-11
34.29167,-108.75,3.22119503373411e-11
34.29167,-108.6667,3.13832404557071e-11
34.29167,-108.1667,1.6292300743701e-11
34.29167,-107.0833,2.49628410719907e-11
34.29167,-105.375,3.84232138603573e-11
34.29167,-104.9583,3.63494916498054e-11
34.29167,-104.8333,1.84191604674418e-11
34.29167,-103.6667,5.33484827252036e-11
34.29167,-99.83333,4.30328192889465e-11
34.29167,-97.95833,1.07591961602144e-10
34.29167,-97.66667,9.96282160906549e-11
34.29167,-97.54167,2.07619480370985e-10
34.29167,-96.79167,1.43653687481828e-10
34.29167,-94.41667,1.19607175069739e-10
34.29167,-94.33333,1.19220799378141e-10
34.29167,-93.375,1.88787053021849e-10
34.29167,-92.04167,3.69165640925462e-09
34.29167,-91.875,1.42753788977093e-10
34.29167,-91.83333,1.32803206384239e-10
34.29167,-91.375,2.366263514417e-10
34.29167,-91.04167,5.32974190925397e-11
34.29167,-90.75,1.42009962793244e-10
34.29167,-90.375,1.92656452746525e-10
34.29167,-89.5,6.31019910936781e-10
34.29167,-87.625,6.51147867971569e-10
34.29167,-85.54167,3.4188055172037e-10
34.29167,-85.16667,2.74713059395271e-09
34.29167,-81.41667,5.6568490477943e-10
34.29167,-79.5,4.63639816986818e-10
34.25,-118.625,9.8758310259829e-09
34.25,-118.125,1.6979204956481e-09
34.25,-116.9167,1.34762058981801e-09
34.25,-116.8333,1.61894305430218e-09
34.25,-116.7083,4.50581944161885e-10
34.25,-115.9167,9.01523713573232e-11
34.25,-115,2.31277687276046e-11
34.25,-112.125,7.37939602862698e-11
34.25,-111.8333,9.22652460128598e-11
34.25,-111.1667,2.45842761528292e-10
34.25,-110,4.83736171832172e-10
34.25,-109.5417,4.76452151169097e-11
34.25,-108.375,2.87581796186865e-11
34.25,-108,1.61429990423248e-11
34.25,-107.4583,2.63724346777682e-11
34.25,-106.7083,2.61696170537204e-11
34.25,-106.25,4.0355449342179e-11
34.25,-106,3.66980388268931e-11
34.25,-105.625,4.21260536282911e-11
34.25,-103.5417,5.62847262316054e-11
34.25,-103.375,1.4506949122238e-10
34.25,-102.9583,1.07702326329847e-10
34.25,-101.125,3.29142080675143e-11
34.25,-98.95833,5.43561854896352e-11
34.25,-98.45833,1.33029552132804e-10
34.25,-97.625,8.28454113253005e-11
34.25,-96.54167,1.18106984853487e-10
34.25,-95.95833,9.17005733839519e-11
34.25,-94.375,1.32925644528698e-10
34.25,-92.29167,7.6116354067392e-10
34.25,-91.625,1.19280468686564e-10
34.25,-91.29167,4.37741343052587e-10
34.25,-89.91667,3.07946053573596e-10
34.25,-87.54167,7.44100262947321e-10
34.25,-86.66667,6.7215053036861e-10
34.25,-86.54167,7.36837082954673e-10
34.25,-84.625,1.12223176905426e-09
34.25,-83.5,9.94653189052168e-10
34.25,-82.875,3.31583464352097e-10
34.25,-82.33333,7.29368796362612e-10
34.25,-81.875,1.23444059163704e-10
34.25,-80.625,1.61721237425025e-09
34.25,-80.25,9.16409446235492e-10
34.25,-80,1.0186610909073e-09
34.25,-79.20833,9.52022907171279e-10
34.25,-77.95833,1.14676170727701e-08
34.20833,-119.0833,1.30006457577211e-08
34.20833,-117.2083,1.39358819295721e-09
34.20833,-117.0833,6.63729865856492e-10
34.20833,-114.75,2.42282486960405e-11
34.20833,-114.5417,2.57611407073403e-11
34.20833,-114.1667,1.21249840000317e-10
34.20833,-113.4167,3.70356606760946e-11
34.20833,-111.3333,2.7224381145623e-10
34.20833,-109.4167,6.4278096960578e-11
34.20833,-109.125,3.01030031745545e-11
34.20833,-108.7083,3.077828127365e-11
34.20833,-108.5,2.91886486482106e-11
34.20833,-108.4583,2.89120542032952e-11
34.20833,-107.625,2.37522318470458e-11
34.20833,-107,2.61485548156251e-11
34.20833,-106.6667,2.50274561691245e-11
34.20833,-106.625,2.50280453289982e-11
34.20833,-105.1667,3.66277968642537e-11
34.20833,-104.8333,1.85667986434038e-11
34.20833,-101.6667,6.63662794744741e-11
34.20833,-101.5,2.98483790562481e-11
34.20833,-98.33333,1.58969438530742e-10
34.20833,-97.66667,8.37430349862088e-11
34.20833,-97.41667,2.39692458225295e-10
34.20833,-97.08333,4.8716408871118e-10
34.20833,-96.5,9.43965579726484e-11
34.20833,-96.29167,9.8207562821482e-11
34.20833,-96.125,1.01974863920114e-10
34.20833,-95.33333,4.66673567336985e-11
34.20833,-93.20833,1.73623029769246e-10
34.20833,-92.75,1.95280163528183e-10
34.20833,-92.29167,5.80087095942248e-10
34.20833,-92.125,1.40267181118896e-09
34.20833,-91.08333,1.07342692611039e-10
34.20833,-90.91667,6.17126221656003e-11
34.20833,-89.125,5.60862114776617e-10
34.20833,-88.33333,3.10110334987876e-10
34.20833,-86.91667,9.37196522712514e-10
34.20833,-86.625,6.35418991840887e-10
34.20833,-86.54167,6.42675207612544e-10
34.20833,-85.16667,5.20244680138853e-09
34.20833,-84.33333,2.08916145325538e-09
34.20833,-84.16667,6.93463862771417e-09
34.20833,-83.04167,9.45666284702065e-10
34.20833,-79.91667,8.49977359479994e-10
34.20833,-78.79167,8.36230393782392e-10
34.20833,-78.625,4.52896532132806e-10
34.20833,-77.91667,1.14997850446747e-08
34.16667,-118.7083,1.01715978283567e-08
34.16667,-118.5,2.06550376603896e-08
34.16667,-116.5833,2.91145563015715e-10
34.16667,-115.8333,8.53604770986759e-11
34.16667,-115.625,6.00040798981359e-11
34.16667,-115,2.33037243273045e-11
34.16667,-113.125,2.71182178305627e-11
34.16667,-112.0417,8.50502849112885e-11
34.16667,-111.9167,8.02654464010584e-11
34.16667,-111.8333,8.7350480653329e-11
34.16667,-111.5417,1.53951837207218e-10
34.16667,-109.4167,4.33062352810959e-11
34.16667,-107.1667,2.8159807996233e-11
34.16667,-106.2917,3.78793028912547e-11
34.16667,-105.7917,4.40585888087655e-11
34.16667,-105.4167,3.87904637056126e-11
34.16667,-104.9167,1.84452043108556e-11
34.16667,-101.4167,1.93563926501215e-10
34.16667,-101,2.4757655864978e-11
34.16667,-98.41667,1.46749434403733e-10
34.16667,-96.75,1.19694069038062e-10
34.16667,-96.04167,7.94536888083902e-11
34.16667,-95.16667,1.39969597654874e-10
34.16667,-94.66667,9.31170016200721e-11
34.16667,-94.625,1.61574869759321e-10
34.16667,-94.45833,1.48564275531713e-10
34.16667,-94.125,1.75563907725616e-10
34.16667,-94,1.6402079792831e-10
34.16667,-93.41667,1.70234806307899e-10
34.16667,-93.33333,1.6340030206675e-10
34.16667,-93.16667,2.10644081750173e-10
34.16667,-92.16667,7.54596046806057e-10
34.16667,-91,7.24785393145451e-11
34.16667,-90.58333,2.63609411103266e-10
34.16667,-88.04167,4.50650559752454e-10
34.16667,-87.83333,4.18894480269375e-10
34.16667,-86.5,4.36609483044634e-10
34.16667,-86.125,8.09180135056107e-10
34.16667,-85.04167,1.10438298064567e-09
34.16667,-85,8.57980826673503e-10
34.16667,-81.625,4.31436483251265e-10
34.16667,-80.79167,2.05826542081382e-09
34.16667,-80.08333,1.29938708072433e-09
34.16667,-79.45833,4.24780618889552e-10
34.16667,-77.83333,5.84235569744884e-09
34.125,-118.5417,2.77116191210519e-08
34.125,-118.25,4.2312308942012e-08
34.125,-118.0417,2.46182747557034e-08
34.125,-116.9583,2.62953411047681e-10
34.125,-116.4167,1.2170038183342e-09
34.125,-115.6667,6.36152847518032e-11
34.125,-115.1667,4.45051071144055e-11
34.125,-112.4583,5.99393732002639e-11
34.125,-107.9167,1.7682582306053e-11
34.125,-106.75,2.2872238932838e-11
34.125,-105.7917,4.37656191101312e-11
34.125,-105.125,1.86060357418422e-11
34.125,-104.9167,1.8503001682619e-11
34.125,-104.0833,2.53154457288362e-11
34.125,-101.7917,2.26852850409934e-10
34.125,-101.2917,2.83029768387974e-11
34.125,-100.1667,2.69128326716928e-11
34.125,-98.33333,1.46342358272439e-10
34.125,-97.45833,1.63903804815804e-10
34.125,-97.125,1.30554101127041e-09
34.125,-96.54167,1.03076327904217e-10
34.125,-96.08333,8.72062121733715e-11
34.125,-95.91667,1.01999120634718e-10
34.125,-95.375,1.20230288767359e-10
34.125,-88.29167,3.16967749976272e-10
34.125,-88.125,2.84563940873567e-10
34.125,-86.875,1.94868315356898e-09
34.125,-86.83333,1.84692916588367e-09
34.125,-86.54167,4.0902217527934e-10
34.125,-86.125,7.55057454436856e-10
34.125,-85.16667,1.22599004173956e-09
34.125,-85.125,1.09991506900924e-09
34.125,-85.04167,1.06674311146279e-09
34.125,-84.95833,9.28355548871521e-10
34.125,-82.08333,9.61168810243513e-10
34.125,-81.41667,1.54094888308784e-09
34.125,-80.66667,1.62237108736639e-09
34.08333,-118,2.349277616797e-08
34.08333,-117.25,2.24998224078369e-08
34.08333,-116.7083,2.4984210379146e-10
34.08333,-114.4167,6.34736149311343e-11
34.08333,-114.1667,4.91641916381286e-11
34.08333,-110.375,7.89694516613597e-11
34.08333,-108.6667,2.89381501864737e-11
34.08333,-108.625,2.86751942515529e-11
34.08333,-107.875,1.76223729455976e-11
34.08333,-107.2917,2.5328387832596e-11
34.08333,-106.7917,2.19080812953699e-11
34.08333,-106.5,2.19220324077265e-11
34.08333,-106.0833,3.5318360995733e-11
34.08333,-104.9583,1.85025872078838e-11
34.08333,-104.5417,2.93701454581911e-11
34.08333,-104.0833,3.50226542472486e-11
34.08333,-103.7917,4.95874031319012e-11
34.08333,-103.7083,5.08358087411353e-11
34.08333,-103.0833,8.83876885876275e-11
34.08333,-98.375,2.12998578970721e-10
34.08333,-97.58333,1.03455291816612e-10
34.08333,-94.875,1.57425927845431e-10
34.08333,-91.91667,2.94599863342201e-10
34.08333,-91.25,1.37164023015774e-10
34.08333,-90.54167,1.9394816011839e-10
34.08333,-89.16667,4.40370877203334e-10
34.08333,-88.5,4.73153124795875e-10
34.08333,-86.83333,7.85498065109572e-10
34.08333,-86.375,4.74236115995755e-10
34.08333,-85.91667,7.26829699716485e-10
34.08333,-84.75,6.13623050830084e-09
34.08333,-84.41667,1.47899422328386e-08
34.08333,-83.5,1.26410398985904e-09
34.08333,-82.16667,4.1543852642909e-10
34.08333,-81.95833,3.95201598765961e-10
34.08333,-81.5,8.59093340055079e-10
34.08333,-80.04167,5.34101749728416e-10
34.08333,-79.54167,5.09338917532406e-10
34.04167,-119.5417,5.48977484989424e-10
34.04167,-118.25,7.90425413254164e-08
34.04167,-117.7083,3.0276236474089e-08
34.04167,-117.2917,1.22523253724252e-08
34.04167,-116.0833,6.14413412946115e-10
34.04167,-115.7917,7.5542256947265e-11
34.04167,-115.625,5.8947394531323e-11
34.04167,-113.5417,3.67416084127256e-11
34.04167,-111.4583,2.26667308167789e-10
34.04167,-110.5833,7.781641167046e-11
34.04167,-107.2917,2.47499416868556e-11
34.04167,-104.8333,3.20304214878567e-11
34.04167,-103.9583,4.27450356541075e-11
34.04167,-103.625,4.85286395766226e-11
34.04167,-103.375,9.59197150882335e-11
34.04167,-99.70833,3.14692586206397e-11
34.04167,-98.125,1.34558433834653e-10
34.04167,-95.16667,1.92386505227388e-10
34.04167,-94.33333,7.42806290294094e-10
34.04167,-92.08333,5.58907651026117e-10
34.04167,-89.70833,2.41438343778234e-10
34.04167,-89.29167,3.21599726488907e-10
34.04167,-89,4.9156187049026e-10
34.04167,-88.75,8.98380859622536e-10
34.04167,-88.54167,5.03638989325543e-10
34.04167,-88,4.0156189055028e-10
34.04167,-87.54167,2.82208943861421e-10
34.04167,-86.66667,5.64015818865429e-10
34.04167,-86.125,5.98281336782611e-10
34.04167,-85.125,1.00659239169414e-09
34.04167,-84.375,1.83430610933911e-08
34.04167,-81.20833,5.8908718549909e-09
34.04167,-78.95833,4.67198170031743e-10
34.04167,-78.54167,3.78213198541598e-10
34.04167,-78.25,4.78597421447849e-10
34,-120.0417,7.8159291554321e-11
34,-117.5833,1.47283933749098e-08
34,-117.2917,1.53124724093271e-08
34,-116.8333,1.59095996705267e-10
34,-116.6667,3.17110629414278e-10
34,-116.5,2.13523130744526e-10
34,-115.375,2.98744698653403e-11
34,-114.875,2.4601764569639e-11
34,-112.8333,7.68310207345737e-11
34,-112.1667,2.27682796143014e-10
34,-112,7.47810319958476e-11
34,-110.5,4.91343618648104e-11
34,-110.4583,4.90258408799464e-11
34,-109.7083,3.63310728266109e-11
34,-109.125,2.00063447574137e-11
34,-108.9583,2.9570044582217e-11
34,-108.5417,1.80892160463412e-11
34,-108.5,1.79520030767984e-11
34,-105.0417,3.14925633501077e-11
34,-104.9583,3.15578712757218e-11
34,-103.125,1.06223665738307e-10
34,-101.6667,7.88177295716366e-11
34,-101.4167,3.17104537932738e-11
34,-101.2917,2.94549442152255e-11
34,-100.4583,2.54062681452521e-11
34,-99.25,4.4328868862959e-11
34,-99.125,5.30582695212333e-11
34,-98.83333,1.55251613358191e-10
34,-98.66667,2.74225109631031e-10
34,-98.625,2.8779753600005e-10
34,-98.20833,1.37611244213957e-10
34,-97.91667,7.69586005747337e-11
34,-97.16667,2.04899484688405e-10
34,-96.54167,1.12184145051882e-10
34,-95.625,1.53524621637692e-10
34,-94.125,1.54302835630765e-10
34,-92.625,6.17382797231703e-11
34,-91.91667,2.3954045876221e-10
34,-91.875,2.36655735052123e-10
34,-91.66667,2.62998042119648e-10
34,-91.41667,1.71354166942443e-10
34,-89.125,3.90850963697579e-10
34,-89,5.59056421810595e-10
34,-88.58333,4.66119745063209e-10
34,-84.91667,1.15302670350149e-09
34,-81.29167,4.91389004290738e-09
34,-78.91667,5.08160269720212e-10
34,-78.66667,2.23970855307076e-10
33.95833,-117.5,1.19982273160549e-08
33.95833,-116.75,6.05728396238626e-10
33.95833,-115.625,5.98609386983874e-11
33.95833,-115.375,3.16933698947706e-11
33.95833,-113.9167,3.77631456931465e-11
33.95833,-113.875,3.65650257214188e-11
33.95833,-112.8333,1.64335224188215e-10
33.95833,-111.0833,5.83076017580188e-11
33.95833,-110.375,2.33350915034056e-11
33.95833,-108.0417,1.72042026984475e-11
33.95833,-107.875,1.74508305285887e-11
33.95833,-107.5,2.2390133803889e-11
33.95833,-104.7083,3.3432630283667e-11
33.95833,-102.5833,5.08273858728305e-11
33.95833,-102.2917,3.55768527505206e-11
33.95833,-102.25,3.65097046403757e-11
33.95833,-101.2083,2.86538677936635e-11
33.95833,-100.125,2.65738634475475e-11
33.95833,-100.0417,2.54603638155723e-11
33.95833,-99.375,3.93661336103789e-11
33.95833,-98.875,1.40795857937822e-10
33.95833,-98.16667,1.63192217723123e-10
33.95833,-92.91667,1.34922364387788e-10
33.95833,-89.79167,1.9973750453958e-10
33.95833,-89.625,2.42923355015895e-10
33.95833,-87.95833,3.99857045791415e-10
33.95833,-86.5,6.10026851188367e-10
33.95833,-86,9.64331014646307e-10
33.95833,-85.125,1.19638816408889e-09
33.95833,-84.04167,1.13331455349552e-08
33.95833,-83.79167,2.46375561109939e-09
33.95833,-83.625,2.10342296909384e-09
33.95833,-82.79167,2.14178192082261e-10
33.95833,-82.29167,4.27608071007626e-10
33.95833,-82.25,4.35930609645821e-10
33.95833,-80.83333,3.57391524409561e-09
33.95833,-80.54167,1.44716013762845e-09
33.95833,-78.375,8.8457617996466e-10
33.95833,-78.29167,1.13289254618403e-09
33.91667,-120.1667,6.36570098006585e-11
33.91667,-118.375,1.58288361178149e-07
33.91667,-116.5,1.24510352101522e-09
33.91667,-116.1667,5.29957408882078e-11
33.91667,-115.9167,4.14361289699162e-11
33.91667,-114.125,5.33784946945745e-11
33.91667,-108.5417,1.53466798696768e-11
33.91667,-107.2917,2.37426911595577e-11
33.91667,-103.0833,4.54488931234523e-11
33.91667,-102,1.17311940583299e-10
33.91667,-101.2083,2.89284612394838e-11
33.91667,-101,3.11049471922976e-11
33.91667,-100.875,3.02598717214936e-11
33.91667,-100.625,1.48826717663096e-11
33.91667,-97.58333,9.25595831742966e-11
33.91667,-97.45833,1.00279377465512e-10
33.91667,-95.375,1.88497967356612e-10
33.91667,-94.20833,1.4837815548482e-10
33.91667,-93.41667,2.66120754735223e-10
33.91667,-87.58333,5.33634316030099e-10
33.91667,-86.375,5.87851536886679e-10
33.91667,-86.04167,1.15583994534487e-09
33.91667,-84.45833,1.27984108890455e-08
33.91667,-83.83333,2.85074442559121e-09
33.91667,-83.75,2.0670203136475e-09
33.91667,-83,2.35388084886718e-10
33.91667,-82.625,2.28025698158741e-10
33.91667,-82.5,2.03156646341327e-10
33.91667,-81.5,9.12686233184386e-10
33.91667,-81.04167,6.79388503933384e-09
33.91667,-80.54167,1.14537036302876e-09
33.875,-120.0833,6.43513696391072e-11
33.875,-117.9167,3.49063834237917e-08
33.875,-117.6667,1.12721088835937e-08
33.875,-117.5833,3.76190650685024e-08
33.875,-114.875,2.64408517528784e-11
33.875,-113.625,3.578937272731e-11
33.875,-111.75,2.24649576035755e-10
33.875,-111.375,5.1400520626881e-11
33.875,-109.4583,1.8601685181109e-11
33.875,-109.25,4.43663139919215e-11
33.875,-107.5417,2.17218749730539e-11
33.875,-107.4167,2.25140234165022e-11
33.875,-106.5833,2.13045368318302e-11
33.875,-105.75,3.07298375687652e-11
33.875,-105.4167,2.9132377797951e-11
33.875,-104.9583,3.17037415109111e-11
33.875,-104.6667,3.40783755938307e-11
33.875,-103.2083,4.40038092643156e-11
33.875,-102.625,3.45944323646427e-11
33.875,-102.4583,4.75759884549889e-11
33.875,-101.5,3.26850652038805e-11
33.875,-101.2917,3.05339988142657e-11
33.875,-101.0833,2.7920260768412e-11
33.875,-96.79167,2.57852554651238e-10
33.875,-94.41667,1.69589914027026e-10
33.875,-94.04167,1.75235918202335e-10
33.875,-91,3.19202312223831e-10
33.875,-89,3.61554729956453e-10
33.875,-87.25,4.90705576860074e-09
33.875,-86.33333,5.80974686669806e-10
33.875,-85.625,6.62969566099496e-10
33.875,-85.04167,6.15954373921459e-10
33.875,-84.91667,8.82681889500489e-10
33.875,-84.125,1.13210689565831e-08
33.875,-83.33333,3.04878943146322e-09
33.875,-83.25,1.15612115028058e-09
33.875,-83.16667,7.28549125772223e-10
33.875,-83.125,6.31581393208162e-10
33.875,-82.70833,1.82632737115394e-10
33.875,-82.375,4.55116749189653e-10
33.875,-80.5,1.19713098099494e-09
33.875,-79.375,2.77117772588616e-10
33.875,-79.125,1.09145999094029e-09
33.83333,-115.125,2.88394461071374e-11
33.83333,-114,3.95461300111826e-11
33.83333,-113.7083,2.36814702480672e-11
33.83333,-112.5833,2.76483289760752e-10
33.83333,-112.2083,1.26097305978629e-09
33.83333,-111.875,3.10469413339043e-10
33.83333,-109.375,1.7699077337527e-11
33.83333,-108.2917,1.70503505851067e-11
33.83333,-107.875,1.76327172603061e-11
33.83333,-106.875,1.99096980745762e-11
33.83333,-106.8333,2.01502128101625e-11
33.83333,-106.5417,2.14911394412327e-11
33.83333,-106.0833,2.20341116539525e-11
33.83333,-105.6667,3.12891953008068e-11
33.83333,-104.3333,3.68037562348988e-11
33.83333,-103.875,3.77390258785225e-11
33.83333,-103.7917,3.76161232463196e-11
33.83333,-103.4167,2.09507874972567e-11
33.83333,-102.8333,3.10905971678371e-11
33.83333,-102.5,4.67059733658947e-11
33.83333,-99.25,4.9212551088586e-11
33.83333,-98.75,1.79612709449918e-10
33.83333,-98.58333,4.00899817317446e-09
33.83333,-97.70833,7.02124098115132e-11
33.83333,-97.5,1.09437121699614e-10
33.83333,-95.29167,9.99243111436568e-11
33.83333,-93.91667,3.06385577446898e-10
33.83333,-93.875,3.12747338271081e-10
33.83333,-89.41667,2.22623727945678e-10
33.83333,-89.125,3.21500439764672e-10
33.83333,-87.375,3.66902089644656e-10
33.83333,-86.375,6.15047756632565e-10
33.83333,-86.25,5.19051913567628e-10
33.83333,-85.79167,1.45828936379962e-09
33.83333,-85.54167,2.09601545640002e-10
33.83333,-85.41667,2.23980601868366e-10
33.83333,-85.04167,7.19018055837115e-10
33.83333,-82.875,1.71575717736364e-10
33.83333,-82.29167,4.02731374663684e-10
33.83333,-81.66667,4.48149310220608e-10
33.83333,-81.29167,1.34991139964335e-09
33.83333,-81.16667,2.16991085820481e-09
33.83333,-80.70833,5.27271770015335e-10
33.83333,-79.45833,5.18456075888765e-10
33.83333,-78.70833,8.62399420531092e-10
33.79167,-114.75,4.83115534015569e-11
33.79167,-114.375,6.41640036857983e-11
33.79167,-114.2083,4.76681456303163e-11
33.79167,-113.875,3.60475297344592e-11
33.79167,-113.8333,2.52753886372084e-11
33.79167,-112.7917,2.10905142717701e-10
33.79167,-112.25,3.50239312995041e-09
33.79167,-111.5,8.02961291807622e-11
33.79167,-110.9167,5.46125678525956e-11
33.79167,-109.9583,4.33816173094927e-11
33.79167,-108.625,2.11661393587153e-11
33.79167,-107.4583,2.09893891155284e-11
33.79167,-106.7917,2.03825180616201e-11
33.79167,-105.6667,3.23227667638282e-11
33.79167,-104.7083,3.40194991077122e-11
33.79167,-104.2083,3.66283025407575e-11
33.79167,-103.125,3.9690113713909e-11
33.79167,-102.4167,6.0347835823559e-11
33.79167,-102.1667,1.01906827961376e-10
33.79167,-98.08333,1.03986800209271e-10
33.79167,-97.66667,1.009800492322e-10
33.79167,-95.66667,5.73052044050965e-10
33.79167,-95.08333,1.3293202910568e-10
33.79167,-94,1.85499995156372e-10
33.79167,-91.41667,3.17716290425088e-10
33.79167,-90.875,1.4570727549617e-10
33.79167,-90.45833,1.52645810247168e-10
33.79167,-89.91667,3.68975678731971e-10
33.79167,-88.875,3.09349309041262e-10
33.79167,-88.375,5.43740832696276e-10
33.79167,-87.375,3.57114462417344e-10
33.79167,-86.08333,6.13776168971447e-10
33.79167,-84.625,7.33228672367203e-09
33.79167,-83.625,1.19756982463032e-09
33.79167,-82.125,4.74357036449516e-10
33.79167,-81.5,5.25762892978909e-10
33.75,-118.4167,5.10538128038602e-08
33.75,-116.0833,8.6352835566883e-11
33.75,-115.6667,3.61393648762579e-11
33.75,-114.2083,3.49595175461958e-11
33.75,-113.8333,2.5426719338349e-11
33.75,-113.2917,7.56957106678971e-11
33.75,-113.0417,7.08197195496459e-11
33.75,-111.625,2.3322305761511e-10
33.75,-111.25,4.97170732010463e-11
33.75,-110.4167,3.35634589769852e-11
33.75,-109.6667,1.86871498821011e-11
33.75,-108,1.75430212350966e-11
33.75,-106.875,1.98862284422753e-11
33.75,-105.875,3.36597837210163e-11
33.75,-105.625,3.32903211541268e-11
33.75,-103.7917,3.5989312371351e-11
33.75,-103.4167,3.38064398183799e-11
33.75,-103.25,3.38637263817227e-11
33.75,-101.6667,1.45275946888509e-10
33.75,-100.625,2.26001626953457e-11
33.75,-95.20833,2.04511023979966e-10
33.75,-92.95833,1.16982642834709e-10
33.75,-92.83333,1.72525877860243e-10
33.75,-91.95833,1.56286815528653e-10
33.75,-90.75,1.35102837141797e-09
33.75,-89.45833,2.47589534972787e-10
33.75,-89,2.61282279799622e-10
33.75,-85.79167,6.97652562516699e-10
33.75,-85.375,5.46636942593433e-10
33.75,-84.83333,1.70560239885601e-09
33.75,-83.79167,1.13347272173118e-09
33.75,-82.375,4.32790146275719e-10
33.75,-81.625,4.36524630890981e-10
33.75,-80.75,4.82703692362381e-10
33.75,-79.5,4.50045582849698e-10
33.75,-79,2.81209120280022e-09
33.70833,-118.0417,2.10803676811723e-08
33.70833,-116.2917,5.91015286386195e-09
33.70833,-116.25,4.5505432412698e-09
33.70833,-115.5,4.35809647782965e-11
33.70833,-114.9167,2.94682288063421e-11
33.70833,-113.9583,3.82068201771731e-11
33.70833,-109.5417,1.75666661828325e-11
33.70833,-108.875,2.09554498022759e-11
33.70833,-108.8333,2.08683336426802e-11
33.70833,-108.7083,2.07323080973545e-11
33.70833,-108.4583,1.673800034266e-11
33.70833,-106.9583,1.93307611864349e-11
33.70833,-104.25,3.68828116740714e-11
33.70833,-102.4583,6.14868939419128e-11
33.70833,-100.9583,3.03031884708858e-11
33.70833,-100.3333,1.453128648693e-11
33.70833,-99.08333,5.44290988831949e-11
33.70833,-96.20833,1.72151112834914e-10
33.70833,-95.08333,1.11452919562168e-10
33.70833,-94.16667,2.17765111583287e-10
33.70833,-93.875,2.83757650340235e-10
33.70833,-92.66667,2.02945836160822e-10
33.70833,-92.625,2.00939659610804e-10
33.70833,-92.25,1.49019451552067e-10
33.70833,-90.70833,1.37501201444971e-09
33.70833,-90.29167,2.54846926863975e-10
33.70833,-90.25,3.05774766400996e-10
33.70833,-87.29167,6.77605041725788e-10
33.70833,-85.83333,3.49682754435631e-09
33.70833,-85.375,5.47272782224135e-10
33.70833,-85.29167,1.17106420537023e-09
33.70833,-85.08333,1.43706176205057e-09
33.70833,-84.91667,2.1093402999584e-09
33.70833,-84.54167,8.40902372750922e-09
33.70833,-83.25,2.30095026723275e-10
33.70833,-82.29167,4.14558155856525e-10
33.70833,-82,5.68383783213227e-10
33.70833,-81.79167,5.69109375215954e-10
33.70833,-79.20833,2.83064494678542e-10
33.66667,-117.4583,3.33879009194356e-09
33.66667,-114.25,3.44945590668478e-11
33.66667,-113.9167,2.71802391206286e-11
33.66667,-113.1667,6.2329899453913e-11
33.66667,-111.3333,7.67481984602723e-11
33.66667,-110.6667,1.23354067934173e-10
33.66667,-110.25,2.20007617670274e-11
33.66667,-108.4167,1.67966449679642e-11
33.66667,-105.75,3.60562530317151e-11
33.66667,-105.4583,3.55332031657039e-11
33.66667,-104.5833,3.667304426685e-11
33.66667,-104.5417,3.6889736756737e-11
33.66667,-103.9167,3.58208218277468e-11
33.66667,-102.5417,5.83264252568379e-11
33.66667,-102.0833,2.28982511127144e-10
33.66667,-100.8333,2.93563997229813e-11
33.66667,-100.5833,1.47742346875352e-11
33.66667,-99.5,3.77458171980805e-11
33.66667,-92.83333,1.40891208268941e-10
33.66667,-90.70833,2.58837526070067e-10
33.66667,-89.66667,3.79930989048118e-10
33.66667,-88.125,3.310165754457e-10
33.66667,-87.41667,2.84039862327282e-10
33.66667,-86.95833,1.7130955129182e-09
33.66667,-86.875,5.09949438543045e-09
33.66667,-82.16667,4.29727953980802e-10
33.66667,-81.16667,7.20740185115152e-10
33.66667,-80.54167,2.74721888135394e-10
33.66667,-79.95833,3.8387760313415e-10
33.66667,-79.66667,3.61727454243731e-10
33.66667,-79.20833,2.68046688115936e-10
33.66667,-79.125,4.03429548222891e-10
33.625,-117.4583,3.01157078410035e-09
33.625,-116.3333,5.7973365125955e-10
33.625,-115.9583,5.13210958380134e-11
33.625,-115.625,3.70090693912177e-11
33.625,-113.7083,2.47818152998826e-11
33.625,-113.2083,6.01336959412171e-11
33.625,-113.0417,7.4011759457411e-11
33.625,-112.6667,1.54392209843904e-10
33.625,-111.9583,1.66646133157193e-08
33.625,-109.75,1.79662889264449e-11
33.625,-109.375,3.33159659673367e-11
33.625,-109.2083,1.5127532567366e-11
33.625,-108.75,2.03366224912239e-11
33.625,-108.1667,1.73919783451072e-11
33.625,-108.125,1.74795617551667e-11
33.625,-107.1667,1.8128366959933e-11
33.625,-106.0417,3.60533160573278e-11
33.625,-106,3.61720349804124e-11
33.625,-105.2917,3.29043893936395e-11
33.625,-103.6667,3.31887905682835e-11
33.625,-103.25,3.02084962745222e-11
33.625,-102.625,3.1420709839901e-11
33.625,-102,2.65540427516026e-10
33.625,-99.20833,4.59818774562374e-11
33.625,-98.125,9.61405525104388e-11
33.625,-97.58333,1.48425358107792e-10
33.625,-96.5,5.77076058296412e-10
33.625,-95.20833,2.99345225264269e-10
33.625,-93.79167,3.41008776485944e-10
33.625,-92.58333,5.44301293798176e-11
33.625,-90.58333,1.91731521459899e-10
33.625,-90.29167,3.86670854903734e-10
33.625,-90.25,4.20343319595941e-10
33.625,-89.375,1.77877769102886e-10
33.625,-88.875,3.83043026585008e-10
33.625,-88.70833,8.86564423340098e-10
33.625,-87.20833,6.43148693821998e-10
33.625,-85.875,3.66991426288346e-09
33.625,-84.20833,1.02014862424944e-08
33.625,-82.20833,6.74144619890319e-10
33.625,-81.54167,4.88501853325113e-10
33.625,-80.33333,3.7659412064902e-10
33.625,-79.375,4.12520858567553e-10
33.58333,-117.6667,1.24600430875259e-08
33.58333,-117.25,2.88710916886763e-09
33.58333,-116.25,3.79586487350939e-10
33.58333,-111.625,5.45214524396845e-10
33.58333,-111.3333,5.67434996956009e-11
33.58333,-110.5,3.47056482129589e-11
33.58333,-109.9167,2.71388901445484e-11
33.58333,-109.5833,3.49861121303792e-11
33.58333,-108.625,2.04145430162125e-11
33.58333,-103.75,3.31336983087826e-11
33.58333,-102.7083,1.72020230173184e-11
33.58333,-102.4583,5.95021337937073e-11
33.58333,-102.0833,3.2683074582657e-10
33.58333,-101.7917,2.06960686201663e-10
33.58333,-99.66667,4.40554670772489e-11
33.58333,-98.54167,1.49369284004244e-10
33.58333,-98.29167,1.09047007980045e-10
33.58333,-98.08333,9.12265666534428e-11
33.58333,-97.54167,1.22608397965139e-10
33.58333,-97.45833,2.20136382006929e-10
33.58333,-95.95833,2.21440202513787e-10
33.58333,-94.33333,4.437520793921e-10
33.58333,-94.16667,7.79810928783083e-10
33.58333,-93,1.37715090983501e-10
33.58333,-91.45833,3.9626075644811e-10
33.58333,-91.04167,1.44315703536607e-10
33.58333,-90.875,1.62386962166359e-10
33.58333,-89.04167,3.61398965264507e-10
33.58333,-88.20833,4.52887330626121e-10
33.58333,-87.04167,6.94592833673354e-10
33.58333,-86.125,1.18567481257336e-09
33.58333,-83.79167,1.12670654574875e-09
33.58333,-80.45833,3.67398538129674e-10
33.58333,-79.16667,2.89729974416168e-10
33.54167,-117.8333,5.5637962112728e-09
33.54167,-117.3333,2.15645611185497e-09
33.54167,-116.9583,1.08547752113664e-09
33.54167,-115.7917,4.05925602008441e-11
33.54167,-112.7083,3.00267274936061e-10
33.54167,-112.4583,2.69692399279912e-09
33.54167,-111.6667,8.56606985576246e-10
33.54167,-111.4167,6.83032338148723e-11
33.54167,-110.1667,2.10517357960773e-11
33.54167,-109.2083,1.46725719068178e-11
33.54167,-107.9167,1.96875737810882e-11
33.54167,-107.8333,2.01064324588321e-11
33.54167,-105.8333,5.44454075141254e-11
33.54167,-105.75,5.59276166727176e-11
33.54167,-103.5833,5.4368384244672e-11
33.54167,-103.375,5.28925016335924e-11
33.54167,-102.7917,2.67759928908777e-11
33.54167,-99.20833,2.32138446957693e-10
33.54167,-95.83333,2.03766658307606e-10
33.54167,-95.58333,2.6745469606836e-10
33.54167,-95.29167,2.21435242500776e-10
33.54167,-95.125,1.15664661741504e-10
33.54167,-93.5,1.68565845176023e-10
33.54167,-93.25,1.19417157872525e-10
33.54167,-92.83333,7.83221408696263e-10
33.54167,-91.29167,9.13541391869463e-11
33.54167,-90.20833,5.60638848259197e-10
33.54167,-89.54167,2.03601860918024e-10
33.54167,-89.5,2.29515314090755e-10
33.54167,-86.5,2.29220892058269e-09
33.54167,-83.875,5.10045090289594e-09
33.54167,-83.5,8.13646686906812e-10
33.54167,-81.20833,5.83035382085991e-10
33.54167,-80.33333,3.44341077201842e-10
33.5,-117.6667,1.14345648696233e-08
33.5,-116.4583,1.05617745618068e-10
33.5,-115.4167,4.10285821350305e-11
33.5,-114.0417,3.5310259048987e-11
33.5,-111.3333,6.5231985337571e-11
33.5,-111.1667,5.05994971639242e-11
33.5,-109.6667,1.65782779725727e-11
33.5,-107.5,2.22569472767327e-11
33.5,-106.9583,2.07247073260585e-11
33.5,-106.125,2.70155037763582e-11
33.5,-105.4167,2.8620395771095e-11
33.5,-103.7917,3.2861145872345e-11
33.5,-103.625,5.39290454517352e-11
33.5,-103.5,5.27031701716859e-11
33.5,-99.83333,3.03698175723876e-11
33.5,-99.375,3.80714523332022e-11
33.5,-97.33333,2.20669101796007e-10
33.5,-96.16667,4.27994992388212e-10
33.5,-95.33333,2.94730796505194e-10
33.5,-93.83333,4.51118521244918e-10
33.5,-93.5,1.72699249842044e-10
33.5,-93.04167,1.3882490868468e-10
33.5,-91.70833,4.43443260665874e-10
33.5,-90.66667,2.09195770761175e-10
33.5,-88.25,5.27808475510276e-10
33.5,-87.83333,2.86713822688223e-10
33.5,-87.16667,7.00146599413e-10
33.5,-86.95833,3.43807990519568e-09
33.5,-85.75,5.39061606408759e-10
33.5,-85.625,2.85173268185867e-10
33.5,-82.70833,2.32476732953417e-10
33.5,-82.66667,3.50668365140035e-10
33.5,-82.375,6.48090822366698e-10
33.5,-79.33333,3.50989367857121e-10
33.45833,-117.5,1.75408057117412e-09
33.45833,-115.5,4.56890866250965e-11
33.45833,-114.625,1.43330921700331e-10
33.45833,-110.6667,3.90238951658925e-11
33.45833,-106.2917,2.81230376273398e-11
33.45833,-105.75,1.63837797590907e-10
33.45833,-105,2.71000120337489e-11
33.45833,-104.5,4.36654037635397e-11
33.45833,-102.1667,9.07281289399444e-11
33.45833,-102.125,9.35448463864997e-11
33.45833,-101.9583,4.11957613327666e-10
33.45833,-100.7917,4.89092752656983e-11
33.45833,-100.5833,1.62014211358801e-11
33.45833,-100.0833,1.61032921936035e-11
33.45833,-99.58333,7.117158839964e-11
33.45833,-98.125,5.894353523757e-11
33.45833,-98.08333,5.88395056181145e-11
33.45833,-97.5,2.34821686951594e-10
33.45833,-94.16667,2.67294752416512e-09
33.45833,-93.95833,5.76212773652029e-10
33.45833,-93.83333,4.48757556871891e-10
33.45833,-91.95833,1.53303150431825e-10
33.45833,-91.875,1.72407963032699e-10
33.45833,-91.125,1.75231260571575e-10
33.45833,-90.29167,5.60361118463875e-10
33.45833,-89.54167,2.30460695655281e-10
33.45833,-88.45833,1.35151821288374e-09
33.45833,-87.83333,3.10184472281986e-10
33.45833,-87.58333,3.17035755259369e-10
33.45833,-83.45833,5.75132064448608e-10
33.45833,-82.375,1.081940132396e-09
33.45833,-81.58333,6.29279712808704e-10
33.45833,-81.04167,5.5976584707396e-10
33.45833,-80.41667,5.28376965354026e-10
33.45833,-79.70833,2.55487461853472e-10
33.45833,-79.33333,1.35319688746835e-09
33.41667,-118.375,9.31830000915871e-10
33.41667,-115.7917,2.46195389702025e-10
33.41667,-115.2083,4.4796914755932e-11
33.41667,-114.7083,1.16880405280186e-10
33.41667,-113.625,2.50651430207867e-11
33.41667,-113.2917,8.28971579087356e-11
33.41667,-113.0417,1.14095248911523e-10
33.41667,-112.4583,2.91499124142161e-09
33.41667,-109,2.03697868964121e-11
33.41667,-108.625,2.19230869306302e-11
33.41667,-107.6667,2.24981530025547e-11
33.41667,-107.2917,1.99025728439518e-11
33.41667,-106.7083,2.54149098523598e-11
33.41667,-104.7917,3.92251770317579e-11
33.41667,-103.5417,3.51501154700822e-11
33.41667,-102.9167,3.69916456017933e-11
33.41667,-102.0833,2.62842270799786e-10
33.41667,-100.7917,4.98800495190881e-11
33.41667,-98.5,1.28531471665594e-10
33.41667,-98.41667,1.29165483964386e-10
33.41667,-98.125,5.85969841094165e-11
33.41667,-96.33333,4.32692313181207e-10
33.41667,-96.125,3.9913132547076e-10
33.41667,-94.95833,1.78808997501721e-10
33.41667,-94.70833,2.65717436047535e-10
33.41667,-93.29167,2.58955099760396e-10
33.41667,-91.79167,9.32364682454806e-11
33.41667,-90.70833,2.22525342025278e-10
33.41667,-90.41667,2.67208456845566e-10
33.41667,-90.29167,4.99405476097961e-10
33.41667,-89.875,2.25487551431861e-10
33.41667,-88.83333,3.13009464248145e-09
33.41667,-88.08333,3.45733255702935e-10
33.41667,-87.20833,3.25078340576966e-10
33.41667,-86.5,9.24235186532398e-10
33.41667,-86.375,1.05175528526953e-09
33.41667,-85.95833,3.37929187848622e-10
33.41667,-83,1.30373237037797e-10
33.41667,-80.91667,1.70263094251215e-09
33.41667,-80.70833,6.55510048148255e-10
33.41667,-79.70833,2.55361480800051e-10
33.41667,-79.5,6.3336712119899e-10
33.375,-116.5417,1.93143120852719e-10
33.375,-115.875,4.10075400423041e-11
33.375,-115.2083,4.90338330930499e-11
33.375,-112.8333,1.75777360759122e-10
33.375,-112.4167,3.77142555140051e-10
33.375,-111.375,3.20540406228567e-10
33.375,-111.2917,2.65142158388815e-10
33.375,-110.875,1.10652091081327e-10
33.375,-109.8333,1.75829694779536e-11
33.375,-109.0417,2.04869618739354e-11
33.375,-108.7917,2.12728822437402e-11
33.375,-107.7917,2.23328650468497e-11
33.375,-106.9583,2.28063240572232e-11
33.375,-105.7917,2.6294161138296e-10
33.375,-102.4167,1.82223382678159e-11
33.375,-99.91667,4.08873597302417e-11
33.375,-99.70833,3.01479246790156e-11
33.375,-97.875,2.81621934704677e-10
33.375,-96.70833,8.00271628790373e-10
33.375,-96.66667,8.21988884194616e-10
33.375,-94.58333,3.28500257801924e-10
33.375,-93.79167,4.09804267885491e-10
33.375,-93.41667,2.53842938605122e-10
33.375,-92.5,1.16334775979238e-10
33.375,-92.16667,1.06638171842606e-10
33.375,-90.70833,2.20713460091729e-10
33.375,-88.79167,6.85163345623931e-10
33.375,-88.04167,3.16992513514537e-10
33.375,-86.375,4.96072215279774e-10
33.375,-85.20833,3.94068868159065e-10
33.375,-84.75,3.01052379191729e-09
33.375,-83.875,6.97668675977783e-10
33.375,-83.25,5.05312156789556e-10
33.375,-80.375,6.98233710234039e-10
33.33333,-115.9583,2.31474889457376e-10
33.33333,-115.0417,4.76094450541263e-11
33.33333,-114.1667,6.8572911735035e-11
33.33333,-114.0417,6.31260652159013e-11
33.33333,-113.9583,5.94096208438372e-11
33.33333,-111.7917,1.47860951981469e-08
33.33333,-108.7083,2.18812763002215e-11
33.33333,-108.2083,2.1282727812567e-11
33.33333,-106,6.82346241557569e-11
33.33333,-105.5,1.14195625045606e-10
33.33333,-103.8333,2.81654026984391e-11
33.33333,-102.9583,1.61076315729356e-11
33.33333,-102.75,1.60584401003546e-11
33.33333,-102.5833,1.67001389052867e-11
33.33333,-102.4583,3.0364037612725e-11
33.33333,-102.25,3.32989255667462e-11
33.33333,-101.5417,6.06631044588823e-11
33.33333,-101.4583,4.77779243945016e-11
33.33333,-100.25,2.76327986822194e-11
33.33333,-99.45833,2.97098275224712e-11
33.33333,-98.33333,4.86958400204975e-11
33.33333,-97.58333,3.01807799204178e-10
33.33333,-97.45833,3.50402206942552e-10
33.33333,-95.91667,3.43956251829293e-10
33.33333,-95.75,3.04797025176487e-10
33.33333,-95.20833,2.03178780077775e-10
33.33333,-94.16667,6.89461553711686e-10
33.33333,-92.45833,1.11803290477612e-10
33.33333,-91.83333,1.95030822451908e-10
33.33333,-91.45833,8.23425907446527e-11
33.33333,-90.33333,2.83240813509804e-10
33.33333,-88.58333,3.89872486340025e-10
33.33333,-88.41667,4.01186413500255e-10
33.33333,-87.95833,4.10690236463514e-10
33.33333,-87.33333,4.4341735707045e-10
33.33333,-86.875,6.26590696421192e-09
33.33333,-86.41667,5.91073418779178e-10
33.33333,-86.33333,4.49539844386098e-10
33.33333,-85.625,2.727784951337e-10
33.33333,-84.66667,1.51354973171034e-09
33.33333,-84.29167,1.49340325957703e-09
33.33333,-83.70833,4.48039053021074e-10
33.33333,-82.58333,4.39700782467978e-10
33.33333,-81.70833,2.86148962478887e-10
33.33333,-81.58333,7.14293751634462e-11
33.33333,-80.45833,7.79946408067059e-10
33.33333,-79.54167,2.18194288561844e-10
33.29167,-117.5,9.77216212899698e-10
33.29167,-114.875,4.71285974689399e-11
33.29167,-113.2083,9.09576936404123e-11
33.29167,-111.9583,1.08145463777902e-09
33.29167,-111.5417,7.13065675468137e-10
33.29167,-108.4167,2.37479915332249e-11
33.29167,-107.9583,2.23808011534681e-11
33.29167,-105.375,4.15633461511936e-11
33.29167,-103.875,2.87653594952095e-11
33.29167,-102.0417,4.82038782529847e-11
33.29167,-100,2.50726399101408e-11
33.29167,-98.125,4.853227269073e-10
33.29167,-97.66667,2.93024018955488e-10
33.29167,-96.66667,5.53759990062636e-09
33.29167,-96.33333,5.17832746171173e-10
33.29167,-95.91667,3.99468492652876e-10
33.29167,-95.70833,3.32039466477461e-10
33.29167,-94.29167,5.05655789228162e-10
33.29167,-92.875,2.23712788620991e-10
33.29167,-90.33333,1.9231271416841e-10
33.29167,-88.79167,2.89079416137066e-10
33.29167,-88.29167,3.33267182298857e-10
33.29167,-87.875,1.99796145640858e-10
33.29167,-87.79167,5.24652810932467e-10
33.29167,-86.125,3.39004634647567e-10
33.29167,-86.08333,1.8042069267081e-10
33.29167,-84.16667,1.58284994022049e-09
33.29167,-83.91667,1.11268022561798e-09
33.29167,-82.95833,2.30277487182488e-10
33.29167,-81.5,2.98982358820294e-10
33.29167,-79.66667,1.24593215863161e-10
33.25,-116.9583,1.09410359401038e-09
33.25,-116.375,1.30767344031641e-10
33.25,-115,4.68453505928863e-11
33.25,-114.9167,4.62601306693573e-11
33.25,-114.5833,4.07694778258569e-11
33.25,-113.7917,3.10178554919333e-11
33.25,-113.375,2.58147732443892e-11
33.25,-113.2083,9.0599018773249e-11
33.25,-111.4583,3.79919779788055e-10
33.25,-111.25,1.21484875221984e-10
33.25,-110.9583,1.30268673755874e-10
33.25,-110.875,9.89055986777186e-11
33.25,-109.4167,3.01340944014636e-11
33.25,-108.4167,2.40891779937071e-11
33.25,-107.5417,3.20995967201367e-11
33.25,-106,7.20030427483827e-11
33.25,-105.9167,7.0859031407713e-11
33.25,-104.75,3.57725681434824e-11
33.25,-104.0833,3.1640951571173e-11
33.25,-101.0833,4.41554852392216e-11
33.25,-100.4167,2.91011280389455e-11
33.25,-99.79167,5.75149106791676e-11
33.25,-99.20833,3.16781015580046e-11
33.25,-98.04167,5.81931010447269e-11
33.25,-97.91667,1.10627985387224e-10
33.25,-97.25,1.30418391040765e-09
33.25,-97.16667,7.41373748300938e-09
33.25,-94.45833,2.26554976780976e-10
33.25,-93.70833,2.20940722583656e-10
33.25,-93.66667,1.2497498818991e-10
33.25,-93.33333,2.38070587803127e-10
33.25,-92.33333,1.10746514536698e-10
33.25,-90.91667,2.42510541673517e-10
33.25,-88.91667,2.85258384582573e-10
33.25,-88.5,2.37666656554015e-10
33.25,-88.20833,2.69516271228318e-10
33.25,-86.66667,8.22105468904565e-10
33.25,-86.125,3.10730706846313e-10
33.25,-86.04167,1.68267598042605e-10
33.25,-85.875,3.92885314149551e-10
33.25,-85.66667,2.37313611476558e-10
33.25,-85.25,2.68650252861674e-10
33.25,-83.5,4.55269578224756e-10
33.25,-82.875,2.21812566225094e-10
33.25,-82.125,6.58847985069833e-10
33.25,-81.66667,1.94537172879338e-10
33.25,-81.25,8.07556334529114e-10
33.25,-80.875,3.98367376375919e-10
33.25,-80.08333,1.66066697409919e-09
33.20833,-116.7917,2.81987969239181e-10
33.20833,-114.5417,4.16218594354224e-11
33.20833,-113.2083,8.17793347158562e-11
33.20833,-113.0833,1.06489575405449e-10
33.20833,-112.6667,1.63381687519625e-10
33.20833,-111.1667,1.07120337310945e-10
33.20833,-109.125,1.3961128124668e-11
33.20833,-108.2083,2.30603952996246e-11
33.20833,-105.5833,4.66618198576721e-11
33.20833,-105.2917,3.43596030471356e-11
33.20833,-104.875,3.36609298226831e-11
33.20833,-99.20833,3.16830120799026e-11
33.20833,-98.83333,4.50727253980525e-11
33.20833,-97.125,9.23232977828643e-09
33.20833,-95.625,3.79146028278262e-10
33.20833,-95.58333,3.25875593293089e-10
33.20833,-95.375,2.20393320019064e-10
33.20833,-92.25,9.80944339879763e-11
33.20833,-91.25,6.94293923807629e-11
33.20833,-90.5,1.36333806098516e-10
33.20833,-90.20833,2.25603804521295e-10
33.20833,-89.25,3.25884615789987e-10
33.20833,-87.375,5.39344128711578e-10
33.20833,-85.375,4.22085986922183e-10
33.20833,-84.58333,9.32447498898421e-10
33.20833,-83.91667,7.31933412665792e-10
33.20833,-82.5,4.28512101445757e-10
33.16667,-115.75,4.8910820852669e-11
33.16667,-114.6667,3.98646362037559e-11
33.16667,-113.5417,2.72849759061199e-11
33.16667,-110.5,2.7504694985549e-11
33.16667,-110.4583,2.63253060939233e-11
33.16667,-110.3333,3.52417334694794e-11
33.16667,-110.25,3.32362136993302e-11
33.16667,-110.2083,3.23725067847144e-11
33.16667,-108.5833,2.15709988557086e-11
33.16667,-108.5417,2.1858534079545e-11
33.16667,-107.8333,2.5072766596271e-11
33.16667,-106.5833,3.65997054639897e-11
33.16667,-106.5,4.41175382020733e-11
33.16667,-105.25,2.38787107193991e-11
33.16667,-104.9583,2.11064926007123e-11
33.16667,-104.875,3.37285277466827e-11
33.16667,-103.625,3.83165603792487e-11
33.16667,-103.2917,3.39272467599228e-11
33.16667,-102.5,2.51663562547187e-11
33.16667,-100.7917,3.36202912155789e-11
33.16667,-100.7083,3.3582576899787e-11
33.16667,-99.41667,3.44606781527452e-11
33.16667,-99.25,3.27963667348033e-11
33.16667,-97.54167,4.35238384274512e-10
33.16667,-96.79167,5.25876889839279e-09
33.16667,-96.66667,7.59944160823217e-09
33.16667,-94.95833,4.00485984579332e-09
33.16667,-93.70833,1.52350705289484e-10
33.16667,-92.83333,2.0327864231714e-10
33.16667,-91.5,6.49615032837299e-11
33.16667,-90.5,1.32831744378438e-10
33.16667,-90.29167,2.05096701432133e-10
33.16667,-88.79167,2.29743342886549e-10
33.16667,-88.66667,2.04413786568633e-10
33.16667,-86.25,1.07426758066412e-09
33.16667,-86.125,1.63925188592136e-10
33.16667,-85.45833,4.3615620480965e-10
33.16667,-85.16667,3.52998439961289e-10
33.16667,-85,5.90099251687688e-10
33.16667,-84.70833,4.87039511747733e-10
33.16667,-83.25,1.99698746509249e-09
33.16667,-82.79167,1.61596829244554e-10
33.16667,-82.25,5.60582094719137e-10
33.16667,-82.08333,9.64724753794642e-10
33.16667,-80.41667,7.44220794658642e-10
33.125,-117.3333,1.26288033042722e-08
33.125,-113.4167,2.69388541376788e-11
33.125,-113.1667,8.62968699038264e-11
33.125,-113,1.26185857509214e-10
33.125,-112.5,1.14263774394813e-10
33.125,-111.1667,1.14098353922565e-10
33.125,-110.625,4.73800782508907e-11
33.125,-109.6667,1.61682065014353e-11
33.125,-109.1667,2.95711811448105e-11
33.125,-109.0833,1.40824773959114e-11
33.125,-106.8333,4.60713782996405e-11
33.125,-105.7917,5.16409646607664e-11
33.125,-105.6667,4.85925053643603e-11
33.125,-105.5,4.40994709842039e-11
33.125,-104.4583,8.99645321639747e-11
33.125,-103.2917,3.47598933797881e-11
33.125,-101.9583,5.22859191580644e-11
33.125,-101.75,5.27636665227806e-11
33.125,-100.6667,3.62387205777085e-11
33.125,-99.54167,7.44886145788047e-11
33.125,-94.79167,4.59005524707523e-10
33.125,-94.54167,2.15306098179478e-10
33.125,-94,2.13572241572803e-10
33.125,-93.20833,2.74933202579951e-10
33.125,-92.25,1.13523687902633e-10
33.125,-91.5,6.41326534484909e-11
33.125,-89.79167,1.63886158746997e-10
33.125,-89.54167,1.45822885131119e-10
33.125,-89.25,3.00632665164368e-10
33.125,-88.95833,4.24152753402212e-10
33.125,-86.5,6.19595640118957e-10
33.125,-85.79167,2.01428021418442e-10
33.125,-85.125,4.1955380379935e-10
33.125,-84.875,6.39258595534125e-10
33.125,-83.91667,7.4732351618124e-10
33.125,-80.875,2.45543513857737e-10
33.125,-80.29167,7.84033681613431e-10
33.125,-79.5,2.04878585082743e-10
33.08333,-116.8333,4.55042978398315e-09
33.08333,-114.625,4.09530212249384e-11
33.08333,-114.5,4.41773436697556e-11
33.08333,-113.5,2.77705827408172e-11
33.08333,-112.75,1.92000067400045e-10
33.08333,-112.2083,1.46172832215109e-10
33.08333,-111.75,3.26009418451719e-10
33.08333,-111.6667,3.51294976596904e-10
33.08333,-111.0833,1.56425821759031e-10
33.08333,-110.625,7.00791354086197e-11
33.08333,-110.125,3.08819267613494e-11
33.08333,-109.0833,4.24889210089035e-11
33.08333,-107.4583,2.4829767840122e-11
33.08333,-106.625,5.59787159020951e-11
33.08333,-106.5417,3.97491579663262e-11
33.08333,-105.25,4.13971084074141e-11
33.08333,-105.2083,4.01226038365706e-11
33.08333,-102.2083,2.60864130576812e-11
33.08333,-102.125,1.69108905983137e-11
33.08333,-101.4583,4.28944512118055e-11
33.08333,-99.33333,3.5494500163271e-11
33.08333,-97.95833,1.90111146726366e-10
33.08333,-95.58333,3.72413919568329e-10
33.08333,-94.79167,6.82682413611667e-10
33.08333,-92.5,2.11895353032811e-10
33.08333,-92.20833,1.18523025938986e-10
33.08333,-92.08333,1.04007581909685e-10
33.08333,-91.95833,3.06371608466206e-10
33.08333,-91.83333,1.19593414120165e-10
33.08333,-91.16667,1.85111905868347e-10
33.08333,-90.625,9.78054991654074e-11
33.08333,-90.375,1.35266130609209e-10
33.08333,-90.04167,2.60658723250137e-10
33.08333,-89.04167,1.25003770791865e-09
33.08333,-88.5,2.48211751802171e-10
33.08333,-88.29167,2.33625348571396e-10
33.08333,-87.95833,1.3634651712127e-10
33.08333,-87.54167,7.43051730567462e-10
33.08333,-87.125,3.221561488748e-10
33.08333,-85,1.68383420290942e-09
33.08333,-83.79167,4.69046513827963e-10
33.08333,-83.41667,6.1811650428593e-10
33.08333,-83.29167,3.84826930961689e-09
33.08333,-82.20833,3.96631410330253e-10
33.08333,-80.58333,4.31729174872142e-10
33.04167,-116.9167,1.84442750973035e-09
33.04167,-116.0833,1.40166598392155e-10
33.04167,-115.9167,1.62086559562985e-10
33.04167,-115.8333,1.72549162438243e-10
33.04167,-115.4167,2.3676717951236e-10
33.04167,-114.125,1.04897571426592e-10
33.04167,-113.8333,7.25664988075217e-11
33.04167,-113.3333,4.26926002378929e-11
33.04167,-112.125,4.85141178222621e-10
33.04167,-110.9167,3.12100907144805e-10
33.04167,-109,2.46949393475683e-11
33.04167,-108.7083,2.15589422427299e-11
33.04167,-107.9583,3.45414386626121e-11
33.04167,-107.2917,6.343473391892e-11
33.04167,-107.0417,4.45011877211397e-11
33.04167,-106.9583,2.99563660117266e-11
33.04167,-105.9583,8.8457993550291e-11
33.04167,-105.8333,8.08308565509048e-11
33.04167,-105.375,4.01457926782386e-11
33.04167,-104.8333,3.37807542178219e-11
33.04167,-104.2917,4.61637091400573e-11
33.04167,-104.1667,3.15441981109291e-11
33.04167,-104.0833,3.06618097202177e-11
33.04167,-103.25,3.67925542451884e-11
33.04167,-102.3333,2.48010567626221e-11
33.04167,-101.4167,4.36063319061115e-11
33.04167,-100.6667,3.90511682632672e-11
33.04167,-98.83333,7.4423796325475e-11
33.04167,-98.58333,2.56750432557669e-10
33.04167,-97.95833,2.23571615781627e-10
33.04167,-97.79167,4.61653221501535e-10
33.04167,-91.375,6.69668906603697e-11
33.04167,-91.08333,5.89144793563792e-11
33.04167,-90.41667,1.25322871489508e-10
33.04167,-90.33333,1.36892044119591e-10
33.04167,-89.58333,9.89466933450253e-10
33.04167,-86,4.45491665750195e-10
33.04167,-85.875,1.83542562896837e-10
33.04167,-85.58333,1.6862716800176e-10
33.04167,-84.33333,9.43494658868953e-10
33.04167,-83.875,8.90928274285375e-10
33.04167,-83.75,5.29081008695308e-10
33.04167,-83.29167,3.96445270204271e-09
33.04167,-82.625,2.15484171085341e-10
33.04167,-82.5,3.2325289408722e-10
33.04167,-81.5,3.53064624622101e-10
33.04167,-81.41667,3.6155415574152e-10
33.04167,-81.375,2.90747212070323e-10
33.04167,-80.875,2.20788153220744e-10
33.04167,-80.58333,3.87388829656895e-10
33.04167,-80.45833,4.61958519692944e-10
33.04167,-80.08333,2.00715025945903e-09
33,-115.875,1.74977021545772e-10
33,-115.5417,7.09073694454613e-10
33,-114.5417,5.13260832097964e-11
33,-114.125,1.04551765049273e-10
33,-113.9583,8.68666413711951e-11
33,-113.0833,7.63852301002684e-11
33,-107.625,2.83083950829532e-11
33,-107.4167,6.28130854598574e-11
33,-107.0417,4.60606595729518e-11
33,-106.9583,3.09903756764666e-11
33,-106.7917,3.32112197635525e-11
33,-106.75,5.26326524132115e-11
33,-105.75,5.06296371016823e-11
33,-105.3333,3.71070480374024e-11
33,-104.4583,4.65863979272187e-11
33,-103.2083,3.81711681527951e-11
33,-101.375,2.90801088361374e-11
33,-101.25,3.03880632629952e-11
33,-100.2083,3.62568791201747e-11
33,-99.79167,9.01712373634243e-11
33,-99.625,8.67166428161705e-11
33,-97.5,1.18445724220535e-09
33,-96,3.72213234798658e-10
33,-93.41667,1.74691609582448e-10
33,-93.125,1.21531268754007e-10
33,-92.41667,2.27537218549334e-10
33,-91.66667,8.66529176538386e-11
33,-90.33333,1.14495111653165e-10
33,-89.95833,2.93333919071728e-10
33,-88.58333,3.38112284746741e-10
33,-88.25,2.1991642107818e-10
33,-87.41667,2.56123824915448e-10
33,-87.25,3.05693532276853e-10
33,-86.45833,1.99044854226601e-10
33,-86.16667,1.63133557002246e-10
33,-85.70833,1.79452693920594e-10
33,-82.54167,2.92792232060305e-10
33,-81.875,3.51698534809962e-10
33,-80.95833,1.82680342199634e-10
33,-80.79167,3.26577625652417e-10
33,-80.20833,5.08421909285158e-09
33,-79.58333,1.45463625502901e-10
32.95833,-117.0833,1.62158647973564e-08
32.95833,-116,1.52013816698751e-10
32.95833,-114.9583,6.5077645342835e-11
32.95833,-112.9167,7.37179877373188e-11
32.95833,-112.2917,1.08287871939482e-10
32.95833,-111.875,4.06556452343987e-10
32.95833,-111.75,1.74625176620155e-09
32.95833,-109.2917,7.94217410803486e-11
32.95833,-108.7917,2.64417905285352e-11
32.95833,-107.0417,3.09291892515353e-11
32.95833,-104.8333,4.20484385187748e-11
32.95833,-103.9583,3.86146153007594e-11
32.95833,-103.75,3.69935082734346e-11
32.95833,-101.0833,4.23729795963055e-11
32.95833,-100.8333,9.00663290768943e-11
32.95833,-100.375,4.16780589034116e-11
32.95833,-99.875,2.39506148053833e-10
32.95833,-99.04167,4.28741978215035e-11
32.95833,-98.08333,3.16552811362605e-10
32.95833,-95.95833,3.48329973183791e-10
32.95833,-94.58333,2.99419759881693e-10
32.95833,-93.83333,2.18214684980991e-10
32.95833,-93.20833,1.30126046165229e-10
32.95833,-93.16667,3.27620527659734e-10
32.95833,-92.41667,1.48668681991596e-10
32.95833,-90.5,1.34156189363857e-10
32.95833,-87.625,2.98305699260182e-10
32.95833,-87.41667,1.52023795886264e-10
32.95833,-87.375,1.80944375049185e-10
32.95833,-86.58333,4.49907894325944e-10
32.95833,-86.25,1.64947519377942e-10
32.95833,-84.375,1.44442632844065e-09
32.95833,-82.5,3.13651870105828e-10
32.95833,-81.29167,3.82416243864648e-10
32.95833,-81.08333,4.31567410852291e-10
32.95833,-81,1.86833220795805e-10
32.91667,-118.4167,9.46586995342744e-11
32.91667,-116.9583,2.27956442734326e-09
32.91667,-116.625,2.69373439659212e-10
32.91667,-116,1.59657621721265e-10
32.91667,-115.0833,9.07254748476177e-11
32.91667,-114.125,1.08260151806454e-10
32.91667,-114,5.28559230005757e-11
32.91667,-111.5833,9.03885143363509e-10
32.91667,-110.625,9.23872751230829e-11
32.91667,-110,5.12030312358822e-11
32.91667,-109.75,3.95756184422388e-11
32.91667,-108.4583,3.20944524917471e-11
32.91667,-108.2917,2.91155647660054e-11
32.91667,-107.3333,6.95097966009205e-11
32.91667,-104.7083,6.09295450516708e-11
32.91667,-103.2917,4.11677877539128e-11
32.91667,-101.2083,3.70438993644462e-11
32.91667,-100.2917,4.0780257368439e-11
32.91667,-100.125,6.15795038416037e-11
32.91667,-99.25,4.48174582819928e-11
32.91667,-98.625,4.93698181712958e-11
32.91667,-98.5,9.95104377645698e-11
32.91667,-93.04167,1.03260445903762e-10
32.91667,-92.83333,8.68036054240584e-11
32.91667,-90.375,1.5769513368625e-10
32.91667,-88.54167,5.05211914053494e-10
32.91667,-87.75,2.62384805848889e-10
32.91667,-86.54167,3.8044026127765e-10
32.91667,-85.58333,2.28711152228669e-10
32.91667,-84.20833,4.71981912122743e-10
32.91667,-83.91667,7.52513848172063e-10
32.91667,-83.375,1.00255085897954e-09
32.91667,-82.66667,1.7739259851641e-10
32.91667,-81.91667,2.68207557642282e-10
32.875,-114.7917,7.90070588428307e-11
32.875,-114.6667,6.81530901276617e-11
32.875,-112.8333,5.10902117120786e-11
32.875,-110.875,1.15071565103839e-10
32.875,-110.6667,9.53732172466462e-11
32.875,-109.4583,3.6162515232235e-11
32.875,-107.2083,7.78594615441382e-11
32.875,-106.625,3.83875253790704e-11
32.875,-106.4167,4.11751402106136e-11
32.875,-103.375,5.99860890488197e-11
32.875,-102.4167,4.86100664232556e-11
32.875,-100.4167,2.42170789313326e-10
32.875,-97.375,1.57667049926332e-08
32.875,-96.75,1.57672924543703e-08
32.875,-95.08333,2.53373281250608e-10
32.875,-94.125,1.97629830569691e-10
32.875,-91.54167,1.86374731418887e-10
32.875,-91.16667,1.60950302028537e-10
32.875,-90.5,8.67545015261653e-10
32.875,-89.91667,1.51857754986281e-10
32.875,-89.16667,3.58319306016603e-10
32.875,-88.20833,1.076118549532e-10
32.875,-87.66667,2.21270122601007e-10
32.875,-86.70833,4.36931745787376e-10
32.875,-86.375,1.86119988755941e-10
32.875,-85.83333,3.81900483924888e-10
32.875,-85.33333,2.87522819359885e-10
32.875,-84.75,5.3421283242897e-10
32.875,-84.25,4.0676589277533e-10
32.875,-80.5,3.37829014613667e-10
32.875,-80.04167,2.42050775901469e-08
32.875,-79.95833,1.13483756367835e-08
32.875,-79.70833,1.30468175530746e-09
32.875,-79.58333,1.47790362320871e-10
32.83333,-117.2083,4.08567042363737e-08
32.83333,-116.625,6.38517536898234e-10
32.83333,-114.2917,1.10984246410667e-10
32.83333,-113.375,4.75285014641723e-11
32.83333,-112.5833,4.85855502929364e-11
32.83333,-111.9583,3.54589863737065e-10
32.83333,-110.875,1.10831795784676e-10
32.83333,-110.5417,8.22430811840944e-11
32.83333,-110.4167,4.39229258609818e-11
32.83333,-109.2917,4.00936039354012e-11
32.83333,-109.25,3.98477562554861e-11
32.83333,-108.4167,3.49032487593861e-11
32.83333,-108.0833,5.77867114300139e-11
32.83333,-107.8333,7.35289828822616e-11
32.83333,-107.1667,8.41439486361968e-11
32.83333,-103.7917,2.0398826855711e-11
32.83333,-101.3333,3.54658679169216e-11
32.83333,-101.125,3.99222747358473e-11
32.83333,-100.5833,4.67457940663996e-11
32.83333,-100.3333,4.93750582678756e-11
32.83333,-100.2917,5.00554773688485e-11
32.83333,-100.1667,2.655732095944e-10
32.83333,-100.0833,1.12050029812181e-10
32.83333,-99.91667,1.28713726306995e-10
32.83333,-99,4.08637254465612e-11
32.83333,-96.33333,1.59647160252473e-09
32.83333,-95.66667,3.06134665563538e-10
32.83333,-93.91667,2.52933180171256e-10
32.83333,-93.75,1.82189520040072e-10
32.83333,-91.75,9.7758375646559e-11
32.83333,-91.29167,1.98702462155208e-10
32.83333,-89.875,1.56307776652629e-10
32.83333,-89.70833,2.04268717926807e-10
32.83333,-88.58333,2.99863020923937e-10
32.83333,-88.29167,1.34439324431516e-10
32.83333,-87.79167,1.99526307714926e-10
32.83333,-87.70833,2.00315246389767e-10
32.83333,-85.58333,2.35651326543969e-10
32.83333,-85.41667,2.85059259355071e-10
32.83333,-84.83333,5.12123969188463e-10
32.83333,-82.70833,1.8988707568802e-10
32.83333,-81.79167,2.00383924738602e-10
32.83333,-81.75,1.9722114876493e-10
32.83333,-81.20833,2.87161169739223e-10
32.79167,-116.5417,4.50277206975074e-10
32.79167,-115.7083,4.88335185862171e-10
32.79167,-113.2917,3.22309759380587e-11
32.79167,-113.125,3.55469771583374e-11
32.79167,-112.8333,4.29976111813689e-11
32.79167,-112.7917,4.54209236003505e-11
32.79167,-112.5833,4.48094640917511e-11
32.79167,-111.8333,8.88858368647525e-11
32.79167,-111.375,1.90216086292461e-10
32.79167,-110.9583,1.5733725473796e-10
32.79167,-110.2083,3.78211627183151e-11
32.79167,-110.0417,3.35052034277623e-11
32.79167,-109.6667,4.78937846983359e-11
32.79167,-109.25,4.00849091883568e-11
32.79167,-108.75,1.63976736362449e-11
32.79167,-108.4583,3.45304485539667e-11
32.79167,-107.375,3.6609327064912e-11
32.79167,-104.5,6.10941330284359e-11
32.79167,-104.125,4.45613911020866e-11
32.79167,-103.4583,4.23794899406112e-11
32.79167,-103.3333,8.16236994384429e-11
32.79167,-103.2917,1.21439631396835e-10
32.79167,-103.0833,1.00991146884978e-10
32.79167,-101.125,4.05206149830264e-11
32.79167,-101.0833,3.9208525606726e-11
32.79167,-101,4.20113507958535e-10
32.79167,-100.1667,1.53353999687168e-10
32.79167,-99,3.91973150104594e-10
32.79167,-98.58333,4.18461193490249e-11
32.79167,-98.45833,7.44136709832744e-11
32.79167,-97.5,2.26191145533976e-08
32.79167,-97.33333,2.85219226019477e-08
32.79167,-96.54167,8.50421568612766e-09
32.79167,-95.5,2.79148145295609e-10
32.79167,-92.54167,2.28516686997022e-10
32.79167,-91.33333,1.88019967373802e-10
32.79167,-89.375,3.4632016300268e-10
32.79167,-88.375,3.11687009694024e-10
32.79167,-87.375,1.22628501853304e-10
32.79167,-86.83333,2.34455084484072e-10
32.79167,-86.79167,3.16514051455846e-10
32.79167,-86.70833,3.75490537827092e-10
32.79167,-85.83333,3.99360080075207e-10
32.79167,-85.70833,3.01786853176373e-10
32.79167,-84.54167,4.26064061820553e-10
32.79167,-83.625,4.19788649453015e-09
32.79167,-82.95833,1.98072389096295e-10
32.79167,-79.83333,8.07637062178436e-09
32.75,-116.1667,5.48195728522954e-11
32.75,-115.3333,4.3053231537209e-10
32.75,-113.6667,6.13558481155609e-11
32.75,-112.4167,4.12462928484272e-11
32.75,-112.1667,2.18484832548289e-10
32.75,-111.7917,2.60174947042786e-10
32.75,-110.0833,3.49407527787953e-11
32.75,-107.25,8.35956860039752e-11
32.75,-106.6667,4.06271668279563e-11
32.75,-105.0833,3.05266493803206e-11
32.75,-103.9583,4.44261661881161e-11
32.75,-102.2917,5.02757055775106e-11
32.75,-101.8333,7.13691670929253e-11
32.75,-100.9167,4.88768945929184e-10
32.75,-96.08333,3.00632178089563e-10
32.75,-94.5,2.85365313735214e-10
32.75,-93.70833,3.7700579920178e-10
32.75,-93.625,4.8678060420128e-10
32.75,-90.54167,7.89654892990172e-11
32.75,-89.58333,6.38663180028258e-10
32.75,-87.83333,1.13776158454422e-10
32.75,-86.375,4.94866478154255e-10
32.75,-85.20833,7.55491482656026e-10
32.75,-85.125,8.94698282101521e-10
32.75,-83.20833,1.99538673537667e-10
32.75,-82.70833,3.03164817298973e-10
32.75,-82.25,1.63809371370669e-10
32.75,-80.5,4.71092816986717e-10
32.75,-80.45833,4.6811274792781e-10
32.75,-79.83333,2.33428164116965e-09
32.70833,-116.375,4.31997413332113e-10
32.70833,-116.3333,3.55569812479647e-10
32.70833,-116.0833,8.58952525717462e-11
32.70833,-115.5,8.26573002023288e-10
32.70833,-114,3.75872471381827e-10
32.70833,-111.9167,7.93258210456697e-11
32.70833,-111.875,6.25318805138077e-11
32.70833,-111.7083,1.71217945912869e-10
32.70833,-109.4167,3.67004554520256e-11
32.70833,-109,2.44916484741734e-11
32.70833,-107.75,6.58317029670419e-11
32.70833,-105.6667,8.50770417385327e-11
32.70833,-104.0833,4.90645339448262e-11
32.70833,-102.4167,4.34542635376406e-11
32.70833,-100.375,5.66324772414731e-11
32.70833,-100.125,1.03937587750405e-10
32.70833,-99.45833,6.82231338768458e-11
32.70833,-99.125,4.77379468752614e-11
32.70833,-95.375,2.39129893883e-10
32.70833,-94.66667,4.11052417838905e-10
32.70833,-94.08333,3.37921663662395e-10
32.70833,-93.875,2.11878676158577e-10
32.70833,-93.41667,5.40041455818577e-10
32.70833,-92.5,3.20137114119966e-10
32.70833,-92.29167,3.58165639042285e-10
32.70833,-91.5,2.44314952931797e-10
32.70833,-88.16667,1.43139529575605e-10
32.70833,-87.125,7.97459958853374e-11
32.70833,-86.875,2.56261595019513e-10
32.70833,-86.29167,5.16832776916991e-10
32.70833,-83.875,7.54673256516975e-10
32.70833,-81.375,2.84428503040651e-10
32.70833,-81.20833,3.11754792512457e-10
32.70833,-80.70833,4.02256210721605e-10
32.70833,-80.66667,3.68862823815554e-10
32.66667,-115.2083,6.16274660494827e-11
32.66667,-114.625,1.14092615492552e-08
32.66667,-114.5,2.94831667193583e-09
32.66667,-114.1667,4.60196346774799e-10
32.66667,-112.5833,3.60607603397644e-11
32.66667,-111.6667,3.16470796367963e-10
32.66667,-111,2.0818845595757e-10
32.66667,-110.4167,4.64909541608012e-11
32.66667,-108.8333,1.59295153958373e-11
32.66667,-108.7917,1.63241284519958e-11
32.66667,-108,8.55531480389064e-11
32.66667,-107.6667,3.58875612245498e-11
32.66667,-107.4583,3.90633530672549e-11
32.66667,-105.875,7.18906704363845e-11
32.66667,-105.6667,4.97209050390859e-11
32.66667,-105.4167,2.59794077980514e-11
32.66667,-102.125,2.65947958198424e-11
32.66667,-101.625,2.82710441736993e-11
32.66667,-98.54167,6.58654595741262e-11
32.66667,-98.41667,9.14891859247952e-11
32.66667,-98.33333,1.26249881578363e-10
32.66667,-94.41667,3.81938827313355e-10
32.66667,-93.29167,4.54227430037484e-10
32.66667,-92.91667,1.36738172252163e-10
32.66667,-92.75,2.11844535098288e-10
32.66667,-91.91667,6.93454647963085e-10
32.66667,-90.20833,4.78234785599011e-10
32.66667,-90.04167,2.52546443945476e-09
32.66667,-88.70833,2.2943521443592e-10
32.66667,-82.91667,5.2031649868181e-10
32.66667,-82.5,3.70284775650813e-10
32.625,-116.5833,2.07651663391038e-10
32.625,-113.4583,3.40189276063421e-11
32.625,-112.5833,3.39300253889562e-11
32.625,-112.2917,5.37845125469844e-11
32.625,-112.0833,3.99671597257816e-11
32.625,-111.3333,2.81027055732061e-10
32.625,-110.6667,4.53241627597736e-10
32.625,-109.4583,3.74885057193818e-11
32.625,-108.625,3.13008027795475e-11
32.625,-108.0833,1.03735681169087e-10
32.625,-107.875,5.35802872339402e-11
32.625,-107.1667,1.81272320808223e-10
32.625,-105.5,2.76226134273231e-11
32.625,-104.9167,3.10292701656582e-11
32.625,-104.5833,6.67794048108991e-11
32.625,-103.0833,1.12031531393592e-10
32.625,-100.1667,1.14029211255768e-10
32.625,-100.125,1.16076859050668e-10
32.625,-100.0417,1.68307831918522e-10
32.625,-99.16667,4.89979072820454e-11
32.625,-98.33333,1.23023201939898e-10
32.625,-96.08333,3.25845483529157e-10
32.625,-95.45833,5.612169328997e-10
32.625,-95.375,3.35489618733327e-10
32.625,-95.20833,3.67913923892669e-10
32.625,-93.70833,1.07850840793392e-09
32.625,-93.58333,9.80482416620947e-10
32.625,-91.875,3.91805705210964e-10
32.625,-91.41667,2.38043216767354e-10
32.625,-91.125,4.63393762599273e-11
32.625,-90.875,4.68206250552795e-11
32.625,-89.83333,4.60553778337279e-10
32.625,-89.125,5.68854440653231e-10
32.625,-88.41667,3.20764332921143e-10
32.625,-88.33333,2.41331608799044e-10
32.625,-88,1.06573882962165e-10
32.625,-83.45833,6.67523837627918e-10
32.625,-81.45833,2.15428249981632e-10
32.58333,-116.5833,1.93387117953062e-10
32.58333,-116.25,1.17522822050439e-10
32.58333,-116,6.93742026528002e-11
32.58333,-113.5417,3.47918100275481e-11
32.58333,-112.9583,3.68040551686198e-11
32.58333,-109.125,4.15390119745447e-11
32.58333,-108.1667,3.50143907394555e-11
32.58333,-106.3333,6.95713938210343e-11
32.58333,-105.9583,9.14492857540774e-11
32.58333,-104.7917,3.24433560954806e-11
32.58333,-102.0417,2.86760633484208e-11
32.58333,-98.45833,6.97601234449455e-11
32.58333,-98.29167,1.46630200998758e-10
32.58333,-97.79167,9.87255911365384e-10
32.58333,-96.58333,1.43951778013659e-09
32.58333,-96.5,7.15816308615307e-10
32.58333,-96.125,4.05148894484485e-10
32.58333,-94.45833,9.93631230878164e-10
32.58333,-94.375,1.91422881219617e-09
32.58333,-90.625,1.44889468675088e-10
32.58333,-90.375,7.58893232485351e-10
32.58333,-89.54167,2.86977113687724e-10
32.58333,-88.29167,2.22361999452666e-10
32.58333,-88,5.28850072945412e-11
32.58333,-84.75,2.03870696179067e-09
32.58333,-83.875,1.0663333474119e-09
32.58333,-82.375,3.95166530023873e-10
32.58333,-82,2.52412136245106e-10
32.58333,-81.91667,2.75911130783673e-10
32.58333,-80.875,5.98840632424363e-10
32.58333,-80.125,4.33425815253147e-10
32.54167,-117.0417,2.26959194052213e-08
32.54167,-114.7917,2.30528300114378e-09
32.54167,-113.5,3.36754203290189e-11
32.54167,-111.1667,4.19249282053928e-10
32.54167,-110.2917,4.47598817409203e-11
32.54167,-109.625,3.07604212301759e-11
32.54167,-109.25,2.32971497546383e-11
32.54167,-104,6.40549885110613e-11
32.54167,-103.875,5.0076897285848e-11
32.54167,-103,7.37401081895447e-11
32.54167,-102.7917,5.75557749631972e-11
32.54167,-102.75,5.52947544429452e-11
32.54167,-100.9167,2.11944057379375e-10
32.54167,-100.2083,7.94269175795371e-11
32.54167,-99.04167,4.5701912988489e-11
32.54167,-97.91667,4.96661397476653e-10
32.54167,-94.70833,3.14942691361778e-09
32.54167,-93.08333,1.31802303887966e-10
32.54167,-92.25,2.50553378176037e-09
32.54167,-91.91667,1.13603930617266e-09
32.54167,-91.375,8.51140640848786e-11
32.54167,-91.08333,6.7330892615239e-11
32.54167,-90.70833,1.55009137723076e-10
32.54167,-89.79167,4.74057706807381e-10
32.54167,-89.08333,5.21020387931319e-10
32.54167,-88.375,2.70444297867228e-10
32.54167,-88.16667,1.80727622016932e-10
32.54167,-87.83333,1.51026601391955e-10
32.54167,-87.79167,1.44079885791515e-10
32.54167,-85.95833,7.13519652555811e-10
32.54167,-85.45833,1.15963775608216e-09
32.54167,-84.91667,9.43336370336925e-09
32.54167,-84.66667,3.83857873706892e-10
32.54167,-84.33333,3.194605611854e-10
32.54167,-84.125,4.50008208517388e-10
32.54167,-82.75,3.11054880699612e-10
32.54167,-82.70833,2.7845904401015e-10
32.54167,-81.79167,8.41410210298545e-10
32.54167,-80.625,5.07048777613607e-10
32.5,-114.75,1.80709560424856e-09
32.5,-113.8333,5.39339625182025e-11
32.5,-113.75,4.55974842737105e-11
32.5,-113.375,3.19567618035452e-11
32.5,-113.2917,3.17658353289035e-11
32.5,-112.8333,4.55549329424777e-11
32.5,-112.4583,4.5245235621214e-11
32.5,-110.5833,1.47218593748178e-10
32.5,-110.4583,6.22809783896222e-11
32.5,-109.875,3.21462662860135e-11
32.5,-106.8333,7.19976853424659e-10
32.5,-104.3333,6.21319434971207e-11
32.5,-102.9583,7.82908360860812e-11
32.5,-102.625,5.43084618076215e-11
32.5,-102.4167,4.94816791868648e-11
32.5,-102.0417,3.07520799955901e-11
32.5,-101.75,3.62339823667155e-11
32.5,-101.25,4.58459657735322e-11
32.5,-100.2083,8.22875642535273e-11
32.5,-99.45833,7.92543242163585e-11
32.5,-97.95833,4.39255959471844e-10
32.5,-97.58333,8.1716086901391e-10
32.5,-95.79167,3.73890189897789e-10
32.5,-93.45833,7.66674820663263e-10
32.5,-92.04167,6.93500952704796e-09
32.5,-91.91667,1.14420187906002e-09
32.5,-91.875,2.9656006306621e-10
32.5,-91.125,8.18327504070141e-11
32.5,-91.08333,8.43213343411738e-11
32.5,-87.25,9.52818502738828e-11
32.5,-87.04167,3.32519594180779e-10
32.5,-84.04167,5.0483907917661e-10
32.5,-82.66667,2.00719621989146e-10
32.5,-82.5,3.39481359919481e-10
32.45833,-114.7083,9.48773657264928e-10
32.45833,-114.4583,6.8974718573622e-11
32.45833,-112.6667,4.2271692715665e-11
32.45833,-112.4167,4.33305670035959e-11
32.45833,-112.25,4.51023842196687e-11
32.45833,-111.625,1.47416586246672e-10
32.45833,-111.5,3.41499618912519e-10
32.45833,-111.2083,1.74650348536892e-09
32.45833,-110.0417,5.3575091023333e-11
32.45833,-109.2083,2.36557453901784e-11
32.45833,-107.375,6.79030794573798e-11
32.45833,-105.0417,2.23007063988456e-11
32.45833,-104.2083,1.83793070205142e-09
32.45833,-104.0417,7.68435319344918e-11
32.45833,-103.125,1.42654945601249e-10
32.45833,-101.9167,3.76677313440572e-11
32.45833,-99.66667,1.33682297711922e-09
32.45833,-98.91667,1.46568229498914e-10
32.45833,-98.875,1.71739280540424e-10
32.45833,-98.45833,6.04748133731942e-11
32.45833,-97.04167,1.76902502729446e-09
32.45833,-95.66667,3.46169055239088e-10
32.45833,-93.91667,2.38711584537602e-09
32.45833,-92.95833,1.07219976250083e-10
32.45833,-91.875,3.09115126169235e-10
32.45833,-90.70833,2.492020432629e-10
32.45833,-90,3.01825940044208e-09
32.45833,-87.08333,1.40273889932875e-09
32.45833,-86.625,2.8737723595376e-10
32.45833,-84.875,3.82326878243671e-09
32.45833,-84.41667,4.21152732413758e-10
32.45833,-82,4.37275555172389e-10
32.45833,-80.70833,3.63136222700145e-09
32.41667,-112.7917,4.11115703472178e-11
32.41667,-112.2083,4.36923804746375e-11
32.41667,-111.875,5.43171429809175e-11
32.41667,-110.9583,1.31185098515608e-09
32.41667,-110.1667,4.2786387664305e-11
32.41667,-108.9167,2.58289961996304e-11
32.41667,-106.625,6.44185393341865e-10
32.41667,-105.875,4.6991906109977e-11
32.41667,-105.7917,4.15169364065101e-11
32.41667,-105.5417,3.0289831804189e-11
32.41667,-105.25,2.44110961451173e-11
32.41667,-103.7083,2.08768906067873e-11
32.41667,-103.625,2.01628453982877e-11
32.41667,-101.75,3.88343827067863e-11
32.41667,-101.375,3.53528160480194e-11
32.41667,-100.875,4.99195924557659e-10
32.41667,-99.95833,2.95733009685552e-10
32.41667,-99.79167,7.64504697905685e-09
32.41667,-97.79167,8.61539572040316e-10
32.41667,-97.08333,1.20884970509073e-09
32.41667,-94.91667,1.21087239647351e-09
32.41667,-94.83333,1.91126870543814e-09
32.41667,-93.83333,3.61045750332967e-09
32.41667,-88.66667,1.25497709768758e-09
32.41667,-87.66667,1.011209433546e-10
32.41667,-86.66667,2.27796065311935e-10
32.41667,-84.54167,4.81335353918081e-10
32.41667,-84.125,1.98446710208e-10
32.41667,-83.625,1.64510641786188e-09
32.41667,-83.20833,2.73183046733136e-10
32.41667,-81.91667,5.56735007520779e-10
32.41667,-81.875,6.74562715669616e-10
32.41667,-81.54167,7.82997104826291e-10
32.41667,-80.875,1.09617987300781e-09
32.375,-114.2917,5.28292173135592e-11
32.375,-113.375,2.92211605819687e-11
32.375,-113.2917,2.86286372142633e-11
32.375,-113.125,2.73678312808657e-11
32.375,-112.0833,4.45372092274237e-11
32.375,-111.5833,4.63635401405557e-11
32.375,-110.375,1.45769747436616e-10
32.375,-109.0417,2.6186070530282e-11
32.375,-108.7917,2.44208909022946e-10
32.375,-106.7917,1.7460404007105e-09
32.375,-105.0417,2.26332681254392e-11
32.375,-104.7083,4.92205873337348e-11
32.375,-104.5417,5.45109650048477e-11
32.375,-103.25,5.19154866578265e-11
32.375,-103.1667,1.02292480610376e-10
32.375,-101,1.55880857093193e-10
32.375,-98.29167,1.32891359891952e-10
32.375,-98.16667,1.0283266487001e-10
32.375,-95.45833,8.44983215489068e-10
32.375,-95.41667,1.01151122172181e-09
32.375,-94.45833,3.70693207053636e-10
32.375,-93.66667,1.37178855650667e-09
32.375,-91.5,8.87081463664501e-11
32.375,-90.875,1.50292149892464e-09
32.375,-90.66667,5.30143645632206e-10
32.375,-88.83333,3.880757800586e-10
32.375,-88.45833,5.07437644639731e-10
32.375,-87.54167,1.27453708371158e-10
32.375,-87.5,2.64128187875383e-10
32.375,-85.41667,1.92389075582541e-10
32.375,-84.16667,1.87418776334378e-10
32.375,-83.875,4.31800295473522e-10
32.375,-83.58333,9.38175640912641e-10
32.375,-81.75,5.06163148721478e-10
32.375,-81.375,9.12890382444783e-10
32.33333,-112.5,3.7712484873121e-11
32.33333,-111.2917,4.64950981262096e-10
32.33333,-110.0833,1.0311462267662e-10
32.33333,-109.7083,4.44703513079403e-11
32.33333,-107.2083,1.33931490278691e-10
32.33333,-105.2083,2.41785451007455e-11
32.33333,-103.875,4.4006460816485e-11
32.33333,-103.375,8.97647967415251e-11
32.33333,-103.0833,7.82340419226625e-11
32.33333,-97.91667,2.81470267596898e-10
32.33333,-97.33333,2.12949703640641e-09
32.33333,-96.04167,3.71190037527025e-10
32.33333,-94.625,8.85552219794095e-10
32.33333,-94.41667,4.23485060026731e-10
32.33333,-93.83333,1.36391645441275e-09
32.33333,-93.16667,2.10680912912449e-10
32.33333,-93.04167,1.24986620871931e-10
32.33333,-91.91667,2.54901119355313e-10
32.33333,-89.33333,4.6787902201199e-10
32.33333,-88.04167,1.50643858057209e-10
32.33333,-88,1.97868734850852e-10
32.33333,-87.95833,2.15842895649694e-10
32.33333,-87.25,1.65785774705415e-10
32.33333,-87.16667,1.87881995212828e-10
32.33333,-87.125,1.95691578131215e-10
32.33333,-84.75,6.08938161569956e-10
32.33333,-83.75,4.11751919046362e-10
32.33333,-81.875,3.5832547243028e-10
32.33333,-80.83333,1.52080327216372e-09
32.29167,-112.5833,3.63161129464009e-11
32.29167,-112.5417,3.63362040302063e-11
32.29167,-110.7917,5.19592207335631e-09
32.29167,-110.4167,2.23744658911773e-10
32.29167,-104.7917,4.77276511329873e-11
32.29167,-104.125,5.76267735938901e-11
32.29167,-102,8.34143335128257e-11
32.29167,-101.9583,8.35530250371522e-11
32.29167,-101.4167,5.26733644698285e-10
32.29167,-100.0417,1.82898725266925e-10
32.29167,-97.75,7.06067124117345e-10
32.29167,-96.95833,5.30035172946875e-10
32.29167,-95.91667,3.56289027830024e-10
32.29167,-95.33333,1.96421405561512e-09
32.29167,-94.04167,3.27390580762571e-10
32.29167,-93.54167,4.5504304660004e-10
32.29167,-92.58333,1.5942304909952e-10
32.29167,-91.20833,1.02110434635164e-10
32.29167,-90.16667,4.25107744147001e-09
32.29167,-87.08333,1.69535899215345e-10
32.29167,-86.75,2.87008718841546e-10
32.29167,-85.70833,3.39706140913579e-10
32.29167,-85.5,1.47580651457727e-10
32.29167,-85.29167,2.68116686819693e-10
32.29167,-82.75,1.69275817251606e-10
32.29167,-82.66667,2.12553859654967e-10
32.29167,-82.29167,3.26897835670636e-10
32.29167,-82.16667,2.95210676738054e-10
32.29167,-82.08333,2.96971813770055e-10
32.29167,-81.70833,4.18710207147366e-10
32.29167,-81.08333,1.0894200609486e-09
32.29167,-80.83333,2.63854402973775e-09
32.29167,-80.45833,7.97555170612103e-09
32.25,-113.3333,2.60342998767954e-11
32.25,-112.4167,3.53875251224864e-11
32.25,-111.7917,4.93520889287495e-11
32.25,-111.125,1.51875195469538e-09
32.25,-108.2083,2.34331129479173e-11
32.25,-107.9167,4.09433694127676e-11
32.25,-106.2917,8.68124751157293e-11
32.25,-105.375,7.06609758450103e-11
32.25,-104.8333,4.70585031084082e-11
32.25,-104,4.74032534976621e-11
32.25,-103.7917,3.82650249264499e-11
32.25,-102.7083,3.8241989278284e-11
32.25,-102.125,8.10413676970409e-11
32.25,-100.375,5.79263890763788e-11
32.25,-99.625,2.32265202926692e-10
32.25,-99.20833,9.19526165434533e-11
32.25,-98.875,7.72397772232888e-11
32.25,-97.5,4.3233843326127e-10
32.25,-97.08333,4.51259719235761e-10
32.25,-95.33333,1.82086067846271e-09
32.25,-94.58333,4.59526356755045e-10
32.25,-91.45833,8.76885180512758e-11
32.25,-91.08333,1.74588014330917e-10
32.25,-90.33333,2.79089200353132e-09
32.25,-88.625,6.10325927449669e-10
32.25,-87.75,1.3478272044664e-10
32.25,-85.08333,3.96471019603503e-10
32.25,-83.29167,3.94454704994735e-10
32.25,-83.16667,4.32925659027928e-10
32.25,-82.125,3.18841501088548e-10
32.25,-81.33333,1.77551566603978e-09
32.20833,-112.125,3.76019565171863e-11
32.20833,-111.7083,5.25069355616021e-11
32.20833,-110.4167,2.3328369470207e-10
32.20833,-109.3333,3.10222193337958e-11
32.20833,-109.0833,2.74622854884414e-11
32.20833,-108.8333,2.68448149541096e-11
32.20833,-108,3.83144945604832e-11
32.20833,-107.4167,6.81568667278037e-11
32.20833,-107.0417,4.97551621406923e-10
32.20833,-106.9167,5.69034032974619e-10
32.20833,-105.375,7.06521696193428e-11
32.20833,-104.3333,5.92795403339584e-11
32.20833,-103.4167,3.84402802731529e-11
32.20833,-102.7917,1.91932722864924e-11
32.20833,-101.875,8.70956465924896e-11
32.20833,-100.8333,5.15831320356566e-11
32.20833,-98.91667,8.79042037941394e-11
32.20833,-97.70833,7.20042536950528e-10
32.20833,-96.54167,3.97916075194724e-10
32.20833,-94,5.86853401630216e-10
32.20833,-92.375,1.16285440660425e-10
32.20833,-92.33333,1.20193926045523e-10
32.20833,-92.08333,1.72432096792847e-10
32.20833,-91.83333,2.00494483236289e-10
32.20833,-91.45833,8.95235824346255e-11
32.20833,-91.29167,1.17592788239725e-10
32.20833,-90.75,2.76084726178184e-10
32.20833,-89.45833,3.05109981942138e-10
32.20833,-88.75,6.2892012389616e-10
32.20833,-88.20833,1.65524493355828e-10
32.20833,-86.54167,3.98059150217702e-10
32.20833,-84.25,3.30687446149957e-10
32.20833,-84.04167,3.39548227318557e-10
32.20833,-83.95833,1.66152750794914e-10
32.20833,-81.58333,6.20781761245631e-10
32.16667,-113.3333,2.42849879545768e-11
32.16667,-111.4167,3.34503726456294e-10
32.16667,-110.75,1.1576437739808e-09
32.16667,-109.0417,2.66154782652015e-11
32.16667,-108.4583,3.0685953190504e-11
32.16667,-108,3.75351503624537e-11
32.16667,-107.9167,3.94145910719394e-11
32.16667,-107.125,4.08003121488413e-10
32.16667,-107.0833,2.8106901936297e-10
32.16667,-105.5833,8.77808080366155e-11
32.16667,-105.1667,6.29662888639536e-11
32.16667,-103.75,3.52885100524203e-11
32.16667,-103,3.9362119965587e-11
32.16667,-100.0417,1.07273957296284e-10
32.16667,-99.54167,2.33915082180954e-10
32.16667,-99.04167,7.89879885561761e-11
32.16667,-98.625,1.23320499580606e-10
32.16667,-97.83333,2.28239489729031e-10
32.16667,-95.58333,4.05495682405797e-10
32.16667,-95.25,1.35586512967407e-09
32.16667,-94.5,4.40474348886511e-10
32.16667,-94.45833,4.00024717664316e-10
32.16667,-94.08333,2.40927440815247e-10
32.16667,-93.75,1.62701457071088e-10
32.16667,-93.5,1.86905585153111e-10
32.16667,-91.875,1.64024660566325e-10
32.16667,-90.375,9.48307147535872e-10
32.16667,-89.83333,6.75431210404134e-10
32.16667,-86.75,2.17735155202099e-10
32.16667,-85.5,1.45676451683853e-10
32.16667,-84.75,3.02015464046034e-10
32.16667,-83,2.37285692171769e-10
32.16667,-82.91667,2.25961892451113e-10
32.16667,-82.625,1.59949764188243e-10
32.16667,-82.375,7.6275006837131e-10
32.16667,-81.08333,9.02381705524741e-10
32.125,-111.125,1.74505097106833e-09
32.125,-110.75,1.47790554518714e-09
32.125,-110.5417,6.78722154442612e-10
32.125,-109.7917,9.16672699423231e-11
32.125,-107.4167,6.50590138524473e-11
32.125,-106.1667,6.85919636583144e-11
32.125,-105.375,7.06530219784541e-11
32.125,-105.2917,6.66035351953559e-11
32.125,-104.5,5.01124828279747e-11
32.125,-103.2083,3.79993721521447e-11
32.125,-102.25,2.63873681839531e-11
32.125,-98.95833,7.99357269868164e-11
32.125,-98.29167,1.39388617667996e-10
32.125,-98.08333,7.95181339236994e-11
32.125,-97.58333,2.17915135017687e-10
32.125,-96.66667,5.77396016344189e-10
32.125,-94,2.47582462992308e-10
32.125,-93.25,1.64313876010552e-10
32.125,-93.125,7.92467375588514e-11
32.125,-91.375,6.32346201546145e-11
32.125,-91.20833,1.72564577227735e-10
32.125,-90.25,1.61661853941519e-09
32.125,-89.83333,6.09646130174303e-10
32.125,-89.375,2.35606928277983e-10
32.125,-88.79167,3.27413796559949e-10
32.125,-88.75,3.27522325202384e-10
32.125,-87.625,1.32603342938807e-10
32.125,-87.5,8.40009497570761e-11
32.125,-87.29167,8.18505924270624e-11
32.125,-87.125,7.32552151344226e-11
32.125,-86.79167,1.59979143206066e-10
32.125,-86.25,3.82429650259708e-10
32.125,-85.41667,1.33344868726202e-10
32.125,-83.95833,1.69636863461986e-10
32.125,-81.625,8.09060596130211e-10
32.125,-81.5,9.55069888494465e-10
32.125,-81.375,1.68419739304049e-09
32.08333,-112.0833,3.52266918309995e-11
32.08333,-109.375,2.86052031458555e-11
32.08333,-108.9167,2.66863171628693e-11
32.08333,-105.875,4.74297907347156e-11
32.08333,-104.6667,4.67453355759725e-11
32.08333,-103.4583,3.45528523285961e-11
32.08333,-103.25,3.61445646736328e-11
32.08333,-102.3333,2.12288472881211e-10
32.08333,-102.0417,7.80669520853727e-10
32.08333,-100.0417,3.74155299744954e-11
32.08333,-99.875,4.0585818367169e-11
32.08333,-99.375,5.47554396959834e-11
32.08333,-99.16667,9.31093979560611e-11
32.08333,-97.58333,1.46468983029818e-10
32.08333,-97.29167,2.48113551152067e-10
32.08333,-96.16667,1.91548849274246e-10
32.08333,-95.875,2.70069387188399e-10
32.08333,-95.70833,3.97773993228244e-10
32.08333,-95.04167,3.20234949279228e-10
32.08333,-94.29167,2.19656922511897e-10
32.08333,-94.04167,2.36347059677744e-10
32.08333,-92.29167,1.81146980564632e-10
32.08333,-92.16667,2.31283597217969e-10
32.08333,-91.45833,6.27479598569219e-11
32.08333,-88.79167,5.10120884811845e-10
32.08333,-87.33333,1.43131833403986e-10
32.08333,-86.45833,3.23136429622869e-10
32.08333,-82.83333,2.73416379886679e-10
32.08333,-82.08333,6.91948508534774e-10
32.04167,-113.4167,2.24594473817761e-11
32.04167,-111.25,2.23247288755161e-10
32.04167,-107.875,5.44720652027089e-11
32.04167,-107.8333,5.59046893484759e-11
32.04167,-107.5833,4.86075570509551e-11
32.04167,-107.375,6.43389261074184e-11
32.04167,-107.2083,2.63458043891805e-10
32.04167,-106.7083,3.64550824131193e-10
32.04167,-105.0417,5.94079640203424e-11
32.04167,-104.2917,4.77361410580417e-11
32.04167,-103.9583,3.76127152613408e-11
32.04167,-103.5,3.35142896060254e-11
32.04167,-103.0833,3.54257332559781e-11
32.04167,-101.5417,4.20070882743827e-11
32.04167,-101.3333,3.88625571714922e-11
32.04167,-100.7917,2.88859055165057e-11
32.04167,-99,8.68660867219532e-11
32.04167,-98.75,1.03399016412485e-10
32.04167,-98.70833,1.0196808683002e-10
32.04167,-98.5,1.16333060393542e-10
32.04167,-98.29167,1.70267121395875e-10
32.04167,-98.04167,7.6812506249151e-11
32.04167,-97.70833,1.38691312897946e-10
32.04167,-95.91667,3.02591656192706e-10
32.04167,-95.33333,5.74497273422447e-10
32.04167,-94.5,3.41815191830719e-10
32.04167,-94.04167,2.29686047638348e-10
32.04167,-93.41667,1.02389848071609e-10
32.04167,-92.75,8.48623379710046e-11
32.04167,-92.70833,8.71158881943051e-11
32.04167,-91.54167,1.60400442065828e-10
32.04167,-89.04167,1.88419617630076e-10
32.04167,-88.29167,1.81537120152824e-10
32.04167,-85.5,1.70691601118476e-10
32.04167,-85.25,2.32129474450174e-10
32.04167,-83,2.48093756736966e-10
32.04167,-82.04167,4.57113741667824e-10
32.04167,-81.54167,9.91194627721224e-11
32.04167,-80.95833,9.05089878398417e-10
32,-112.625,2.82086739896567e-11
32,-111.625,4.89829788911814e-11
32,-111.3333,2.42533379878202e-10
32,-110.4167,2.00220759121452e-10
32,-110.3333,1.58692766021075e-10
32,-108.8333,2.63754965590704e-11
32,-108,3.44742687396107e-11
32,-106.875,3.20172313874035e-10
32,-106.7917,3.51644793682991e-10
32,-105.25,6.37105801528905e-11
32,-105.0417,5.88901174984722e-11
32,-102.2917,2.67737940726755e-10
32,-101.875,3.1492566200029e-10
32,-101.4167,4.03764499285794e-11
32,-100.7083,5.77833227345938e-11
32,-100.0417,5.56503736909881e-11
32,-99.41667,4.95183808188036e-11
32,-99.375,4.99749737173698e-11
32,-99.04167,9.5082062689009e-11
32,-97.375,2.81275180842699e-10
32,-97.04167,2.81236988369127e-10
32,-93.16667,1.1347399573772e-10
32,-89.20833,1.91055973689872e-10
32,-88.91667,2.00548414305866e-10
32,-86.375,3.33268171526662e-10
32,-86.25,3.43204062265427e-10
32,-85.08333,2.23819422890218e-10
32,-84.25,1.54031971372081e-09
32,-82.54167,2.40922328880045e-10
32,-82,5.66052923955024e-10
31.95833,-112.2083,3.03773351325952e-11
31.95833,-108.2917,2.19634549617978e-11
31.95833,-108.1667,3.07490570359074e-11
31.95833,-107.1667,2.34805747805188e-10
31.95833,-105.875,4.75851905242872e-11
31.95833,-105.7083,3.81241865738427e-11
31.95833,-105.1667,6.09605595716094e-11
31.95833,-104.4167,2.21528898164528e-11
31.95833,-103.2917,2.92924530485029e-11
31.95833,-102.5,2.34693171682044e-10
31.95833,-102.375,5.51264374873195e-10
31.95833,-102.0833,2.86423587144882e-10
31.95833,-99.875,5.58659514116577e-11
31.95833,-99.79167,5.59532058817812e-11
31.95833,-98.08333,8.57602750931135e-11
31.95833,-97.83333,7.40171583109159e-11
31.95833,-96.70833,2.42231966212417e-10
31.95833,-95.95833,8.14566695615564e-11
31.95833,-95.16667,4.58857909878887e-10
31.95833,-93.45833,1.37023016099439e-10
31.95833,-91.16667,2.95051861733844e-10
31.95833,-90,4.71417066420525e-10
31.95833,-87.29167,7.55751148491519e-11
31.95833,-86.66667,1.57332043555417e-10
31.95833,-85.125,3.63019706980112e-10
31.95833,-85,1.89957007793648e-10
31.95833,-84.91667,1.66061432244364e-10
31.95833,-84.79167,1.77686472094974e-10
31.95833,-83.58333,2.35937268621924e-10
31.95833,-83.41667,2.73458435222045e-10
31.95833,-81.95833,4.18375050574774e-10
31.95833,-81.91667,4.3455961559997e-10
31.95833,-81.83333,2.27145662816651e-10
31.91667,-111.875,3.72765317162895e-11
31.91667,-111.25,1.86839956957732e-10
31.91667,-111.2083,3.08377747526111e-10
31.91667,-109,2.69161310638923e-11
31.91667,-107.9583,3.37313481235273e-11
31.91667,-107.375,5.54437661971137e-11
31.91667,-106.9583,2.61614997789214e-10
31.91667,-106.875,2.89481007848794e-10
31.91667,-104.5833,2.15007457394247e-11
31.91667,-103,3.16567621480211e-11
31.91667,-102.75,2.17610769007825e-11
31.91667,-100.1667,5.26626887255805e-11
31.91667,-99.04167,1.5016558073824e-10
31.91667,-99,1.07300167888252e-10
31.91667,-97.125,3.09549397079855e-10
31.91667,-95,1.86312266483513e-10
31.91667,-94.75,2.50814777931544e-10
31.91667,-92.625,9.89005367804446e-10
31.91667,-92.04167,2.40876128224944e-10
31.91667,-87.04167,8.54788679837925e-11
31.91667,-86.54167,2.85865087537369e-10
31.91667,-85.79167,2.50547407677365e-10
31.91667,-82.04167,3.30442790035473e-10
31.91667,-81.58333,9.37081579084907e-10
31.875,-111.75,3.98779695052947e-11
31.875,-111.5,1.27249830415363e-10
31.875,-108.375,2.02656174100163e-11
31.875,-108.2917,2.11484170961173e-11
31.875,-108.25,2.16066335716451e-11
31.875,-107.5833,3.57283448904426e-11
31.875,-105.0833,5.8364573932735e-11
31.875,-103.9583,1.85140249161677e-11
31.875,-103.7083,2.02813614365887e-11
31.875,-100.8333,5.4506806877428e-11
31.875,-100.625,6.84640239363962e-11
31.875,-99.625,4.83335854707565e-11
31.875,-94.66667,2.64530327780715e-10
31.875,-94.58333,2.56254419982903e-10
31.875,-93.75,1.43395612019903e-10
31.875,-93.29167,1.3382477918092e-10
31.875,-91.625,1.27727059690276e-10
31.875,-91.5,1.20545705777364e-10
31.875,-89.125,3.4207584174239e-10
31.875,-88.79167,1.9446953259674e-10
31.875,-88.58333,1.75882591975663e-10
31.875,-88.45833,1.53893424984851e-10
31.875,-87.125,8.89899066553642e-11
31.875,-86.66667,4.99523170771331e-10
31.875,-86.04167,2.15471589983068e-10
31.875,-85.41667,2.52751681276605e-10
31.875,-85.33333,3.27904931538164e-10
31.875,-83.79167,4.09196109883606e-10
31.83333,-112.4167,2.6609126441554e-11
31.83333,-111.5417,1.08724380768912e-10
31.83333,-108.4167,1.95010131175636e-11
31.83333,-107.1667,1.91969965856e-10
31.83333,-106.7083,5.76274785431479e-10
31.83333,-106.6667,1.14801049817382e-09
31.83333,-106.625,1.39861184285786e-09
31.83333,-105.875,9.39909474267309e-11
31.83333,-105.25,3.11958793930763e-11
31.83333,-104.7083,2.06111461126883e-11
31.83333,-104,1.83095219598084e-11
31.83333,-103.125,2.91902997642432e-11
31.83333,-102.375,2.28890250504514e-09
31.83333,-101.2917,2.37368294792861e-11
31.83333,-101,4.95485778732084e-11
31.83333,-100.7083,6.88610075224704e-11
31.83333,-98.58333,9.54872905516081e-11
31.83333,-98.41667,7.53122177036714e-11
31.83333,-98.125,9.19935868050669e-11
31.83333,-98.08333,9.45848979561873e-11
31.83333,-97.20833,4.09832439384358e-10
31.83333,-95.95833,2.4012009553761e-10
31.83333,-91.70833,1.19789284752503e-10
31.83333,-91.16667,2.71452739448574e-10
31.83333,-87.66667,2.12678289090569e-10
31.83333,-86.875,1.15648862914134e-10
31.83333,-86.04167,2.16110548999638e-10
31.83333,-83.91667,4.82425264857456e-10
31.83333,-83.58333,2.27833894913957e-10
31.83333,-82.83333,9.41639942966007e-11
31.83333,-82.75,1.75152825781069e-10
31.83333,-82.29167,2.68012283030635e-10
31.79167,-112.2083,2.8029907505755e-11
31.79167,-112.0417,3.09383493989625e-11
31.79167,-110.7917,2.62063913660339e-10
31.79167,-109.8333,5.02369073797584e-11
31.79167,-108.5417,1.80581707718413e-11
31.79167,-108.0833,2.94889965616698e-11
31.79167,-106.5417,1.4384771587547e-08
31.79167,-105.2917,2.46831772268208e-11
31.79167,-104.7083,2.64730655195456e-11
31.79167,-103.6667,1.91001734983497e-11
31.79167,-102.5,6.30910050857279e-11
31.79167,-100.8333,6.01729044593331e-11
31.79167,-98.83333,2.03258976493074e-10
31.79167,-97.95833,4.85142848232506e-11
31.79167,-95.625,6.74591414286563e-10
31.79167,-94.83333,2.10435922037828e-10
31.79167,-92.75,1.25383683072002e-10
31.79167,-92.66667,1.65662869442634e-10
31.79167,-91.16667,2.61582303670845e-10
31.79167,-89.45833,3.88245402766217e-10
31.79167,-89.33333,5.46511194369109e-10
31.79167,-88.66667,1.92222337929335e-10
31.79167,-85.66667,5.85375590086586e-10
31.79167,-85.45833,3.23551911200381e-10
31.79167,-81.66667,4.23398945009121e-10
31.79167,-81.54167,3.80814158994802e-10
31.79167,-81.5,3.66545032815386e-10
31.75,-112.25,2.68820956860482e-11
31.75,-111.9583,3.20818116201073e-11
31.75,-110,5.12561406275307e-11
31.75,-109.4583,3.6095946459407e-11
31.75,-108.9583,2.60986701660868e-11
31.75,-107.9583,2.07048343554415e-11
31.75,-107.5833,2.64465517576541e-11
31.75,-107.4583,2.92616330104491e-11
31.75,-107.375,3.13180094394379e-11
31.75,-106.2917,3.06040579339987e-09
31.75,-105.9167,5.40541018205238e-11
31.75,-105,2.71618848031336e-11
31.75,-102.0833,1.9333600160691e-10
31.75,-100.375,1.15730828155415e-10
31.75,-97.54167,1.92411673990873e-10
31.75,-96.95833,3.12403264524793e-10
31.75,-95.75,1.63481114200154e-10
31.75,-93.54167,1.77271542817647e-10
31.75,-93.08333,6.66990676493188e-10
31.75,-92.83333,1.2234323933848e-10
31.75,-92.08333,2.65931563848306e-10
31.75,-90.45833,1.94894993737793e-10
31.75,-89.375,5.59267367236565e-10
31.75,-88.125,1.1462575582541e-10
31.75,-85.33333,2.97885628856532e-10
31.75,-85.20833,3.06824494098248e-10
31.75,-83.125,1.8402341713904e-10
31.75,-82.375,6.72002343834461e-10
31.70833,-110.125,9.44583748401456e-11
31.70833,-105.4167,2.76034678088913e-11
31.70833,-105.1667,2.22258160611209e-11
31.70833,-103.9583,1.66967117398397e-11
31.70833,-102.9167,3.443397297389e-11
31.70833,-102.4583,5.84418171324434e-11
31.70833,-102.3333,1.34033519607156e-10
31.70833,-101.75,5.97165800000632e-11
31.70833,-101.375,4.28872849081578e-11
31.70833,-100.0833,1.01151873929478e-10
31.70833,-99.5,4.99158513368697e-11
31.70833,-96.70833,1.50096582803367e-10
31.70833,-96.375,1.33560324481065e-10
31.70833,-95.5,1.99202348636313e-10
31.70833,-93.625,1.96064317888326e-10
31.70833,-93.54167,1.94156875008343e-10
31.70833,-93.5,1.3461782383651e-10
31.70833,-92.08333,2.67257144308268e-10
31.70833,-90.625,1.50416968757776e-10
31.70833,-87.75,2.88340568837045e-10
31.70833,-87.70833,2.47036126813379e-10
31.70833,-86.83333,1.55726416164159e-10
31.70833,-86.375,1.65150776292653e-10
31.70833,-85.33333,3.1334703949775e-10
31.70833,-82.04167,3.09379507858743e-10
31.70833,-81.875,3.7940337964274e-10
31.70833,-81.83333,4.15327655119418e-10
31.66667,-111.5,1.22957277096376e-10
31.66667,-109.7083,4.34624764105816e-11
31.66667,-101.5417,4.34468701030118e-11
31.66667,-101.125,4.87128490230725e-11
31.66667,-99.75,2.90801889391668e-11
31.66667,-98.875,3.32705695756788e-10
31.66667,-97.25,9.60966339475769e-10
31.66667,-96.08333,8.55194776202329e-11
31.66667,-95.83333,5.39048955925043e-11
31.66667,-95.66667,1.5297142616294e-10
31.66667,-95.625,1.64281652775732e-10
31.66667,-95.54167,1.65495954246792e-10
31.66667,-95.29167,1.45838826689546e-10
31.66667,-95.20833,1.54755084069727e-10
31.66667,-95.16667,1.49478522098336e-10
31.66667,-93,1.15360406458802e-10
31.66667,-92.375,1.62321036166722e-10
31.66667,-90.33333,2.85310487348881e-10
31.66667,-87.16667,1.47777861534039e-10
31.66667,-86,3.17269175542905e-10
31.66667,-85.29167,2.18910421021011e-10
31.66667,-84.125,1.78978631109981e-09
31.66667,-83.625,2.87898338482452e-10
31.66667,-81.54167,3.5594150594712e-10
31.625,-111.9167,3.18024269545647e-11
31.625,-111.5417,1.15401124546564e-10
31.625,-111.2917,1.5654252910725e-10
31.625,-110.7917,1.1504961422962e-10
31.625,-110.5,3.38807966925887e-10
31.625,-110.375,5.53293303246801e-10
31.625,-110.3333,7.31418408936501e-10
31.625,-108.375,1.81796785514702e-11
31.625,-106,1.19632110237049e-10
31.625,-102.3333,4.83328356020566e-11
31.625,-101.5,4.26268641178167e-11
31.625,-100.8333,9.4218812227641e-11
31.625,-99.58333,3.41677427037882e-11
31.625,-98.66667,9.32809040743647e-11
31.625,-97.95833,7.05669897503095e-11
31.625,-97.66667,1.97331680347654e-10
31.625,-97.45833,4.04272083775091e-10
31.625,-94.70833,4.52904857538154e-10
31.625,-94.33333,2.33950952790622e-10
31.625,-91.625,1.78603312800767e-10
31.625,-91.08333,3.17370726319478e-10
31.625,-90.66667,2.62656017432135e-10
31.625,-89.5,3.3692067063078e-10
31.625,-89.25,8.03378006380988e-10
31.625,-89.16667,1.7363716565953e-09
31.625,-87.375,2.65051826520588e-10
31.625,-86.79167,2.35028911710449e-10
31.625,-84,4.708637288818e-10
31.625,-82.83333,2.31610563666143e-10
31.625,-81.91667,1.95008932028128e-09
31.58333,-111.0833,3.43800908224416e-10
31.58333,-109.1667,2.63001599555281e-11
31.58333,-109.0417,2.60076233572904e-11
31.58333,-105.9167,5.25554893662238e-11
31.58333,-105.3333,2.48305450818218e-11
31.58333,-104,2.89604950910747e-11
31.58333,-103.5833,2.56396135436788e-11
31.58333,-103.2083,1.48227870288488e-11
31.58333,-102.7083,5.62074868944211e-11
31.58333,-101.5417,4.28456440068268e-11
31.58333,-100.125,1.57766187439624e-10
31.58333,-99.20833,1.02175061435616e-10
31.58333,-98.66667,9.39099670829337e-11
31.58333,-98.58333,8.54718867483733e-11
31.58333,-98.25,5.11740144948162e-11
31.58333,-96.54167,2.91169114958524e-10
31.58333,-94.41667,2.24137230694808e-10
31.58333,-93.83333,1.93371305051082e-10
31.58333,-93.5,6.23261080927005e-10
31.58333,-92.25,2.3835057216536e-10
31.58333,-89.83333,2.14959113700765e-10
31.58333,-87.20833,2.33794343088766e-10
31.58333,-87,1.40395478404274e-10
31.58333,-85.20833,5.82852685785818e-10
31.58333,-84.75,2.45458304107181e-10
31.58333,-84.54167,1.9131455285923e-10
31.58333,-83.66667,3.77323374460042e-10
31.58333,-81.29167,2.65488313702353e-10
31.54167,-110.4167,6.61618837447646e-10
31.54167,-109.1667,2.60678359057548e-11
31.54167,-108.5417,1.64565528401962e-11
31.54167,-108.375,1.75230674786935e-11
31.54167,-105.9583,5.52514021060644e-11
31.54167,-105.25,2.90871619581203e-11
31.54167,-104.125,1.60073943612487e-11
31.54167,-103.625,2.54771729961941e-11
31.54167,-100.25,2.41262661448066e-10
31.54167,-99.45833,1.02435664604993e-10
31.54167,-98.33333,5.2886209166546e-11
31.54167,-97.41667,5.861840809787e-10
31.54167,-97.25,3.0053671020869e-09
31.54167,-95.08333,1.32092733797817e-10
31.54167,-94,2.12697195158334e-10
31.54167,-93.83333,1.90222671802774e-10
31.54167,-93.41667,5.03844541939746e-10
31.54167,-92.95833,1.10985457551276e-10
31.54167,-90.875,2.43010775430114e-10
31.54167,-89.45833,4.7992300190867e-10
31.54167,-88.70833,1.85420572455178e-10
31.54167,-87.75,1.93371895110588e-10
31.54167,-84.70833,2.7851887557272e-10
31.54167,-83.41667,3.25151688197672e-10
31.54167,-83.25,3.0039837564106e-10
31.54167,-82.58333,2.51428065518294e-10
31.54167,-82.375,1.60329377054781e-10
31.5,-111.5417,1.06570129178393e-10
31.5,-111.375,1.30306492124554e-10
31.5,-110.6667,1.02779546919203e-10
31.5,-108.9583,2.48594618106169e-11
31.5,-105.25,2.87283720329425e-11
31.5,-104.0833,1.54936905245111e-11
31.5,-103.0833,1.04383818528184e-10
31.5,-102.8333,5.05359499216992e-11
31.5,-102,4.33161276369263e-11
31.5,-100.9583,6.39551612577263e-11
31.5,-99.875,7.66415229949554e-11
31.5,-97.41667,5.41962350908361e-10
31.5,-96.45833,1.22619568167314e-10
31.5,-95.45833,1.00886798768304e-10
31.5,-94.375,2.11236617789709e-10
31.5,-93.70833,3.22341287109568e-10
31.5,-92.625,2.71006991216741e-10
31.5,-91.75,9.63708586761197e-11
31.5,-90.54167,2.25984816273396e-10
31.5,-88.54167,1.31180071449276e-10
31.5,-88.5,1.85433786642349e-10
31.5,-88.41667,1.85363119294056e-10
31.5,-87.66667,2.09986833958861e-10
31.5,-87.625,2.21238583917642e-10
31.5,-85.66667,4.83425017435983e-10
31.5,-85,1.98935366289572e-10
31.5,-83.95833,1.42453239115646e-09
31.5,-81.75,1.85645491407901e-10
31.5,-81.70833,3.10720969923955e-10
31.5,-81.20833,6.05612542535353e-09
31.45833,-110.9167,2.30307979787502e-10
31.45833,-108.25,1.77748079743708e-11
31.45833,-106.2083,5.29150543230758e-10
31.45833,-102.625,5.25980806156586e-11
31.45833,-101.6667,4.03473465235407e-11
31.45833,-101.5417,4.06387105842337e-11
31.45833,-101.4167,2.27743422715995e-11
31.45833,-100.875,7.30775467661562e-11
31.45833,-99.95833,8.8680108990516e-11
31.45833,-98.16667,1.38397758009168e-10
31.45833,-93.54167,2.2426130906207e-10
31.45833,-92.08333,1.65148264441305e-10
31.45833,-91.58333,1.35214171972271e-10
31.45833,-91.25,3.19362877478358e-10
31.45833,-88.875,2.84094217275122e-10
31.45833,-87.625,1.82144765572688e-10
31.45833,-87.45833,5.16982760400892e-10
31.45833,-86.91667,2.85169000885095e-10
31.45833,-85.75,6.8803525811928e-10
31.45833,-85.45833,7.36705927240264e-10
31.45833,-85.375,6.07208122311827e-10
31.45833,-83.625,7.96521436369979e-10
31.45833,-82.625,2.44439068582663e-10
31.41667,-110.8333,1.77502247555309e-10
31.41667,-110.75,1.85199051401999e-10
31.41667,-109.4167,6.57631814254484e-11
31.41667,-109.0417,2.49989837483107e-11
31.41667,-108.7083,1.60403912018869e-11
31.41667,-105.75,3.49746844115382e-11
31.41667,-103.9167,2.60412928713075e-11
31.41667,-103.7917,2.50947124283091e-11
31.41667,-102.875,4.73878021345302e-11
31.41667,-102.8333,4.88614353520812e-11
31.41667,-99.83333,7.26970083617969e-11
31.41667,-99.16667,6.22616944168372e-11
31.41667,-98.20833,6.78117972700709e-11
31.41667,-94.79167,3.40378194488969e-10
31.41667,-94.20833,1.45513214035344e-10
31.41667,-91.54167,1.45291336763142e-10
31.41667,-90.29167,1.83114128568237e-10
31.41667,-88.625,1.62692195295054e-10
31.41667,-88.58333,1.86597855200052e-10
31.41667,-88.33333,1.81382220494871e-10
31.41667,-87.70833,1.34094659039143e-10
31.41667,-86.375,2.56922338056549e-10
31.41667,-86.125,5.81184630781396e-10
31.41667,-85.33333,6.40778912494334e-10
31.41667,-81.625,5.91179250438427e-10
31.41667,-81.5,4.67562894535576e-10
31.375,-108.625,1.57555719184632e-11
31.375,-108.4167,1.61120212841222e-11
31.375,-105.4167,2.45648742803877e-11
31.375,-103.5,2.40334404365523e-11
31.375,-102.5,5.09457428983305e-11
31.375,-102.0833,2.0187154494572e-11
31.375,-102.0417,4.25440813037748e-11
31.375,-99.91667,5.41355107857027e-11
31.375,-99.83333,4.77495460099522e-11
31.375,-97.16667,1.3549431076079e-09
31.375,-97.08333,5.21615273494934e-10
31.375,-96.25,1.11582055014575e-10
31.375,-95.45833,1.16787538505322e-10
31.375,-93.83333,2.77824591738958e-10
31.375,-93.625,2.21382773558497e-10
31.375,-90.875,2.00178198258313e-10
31.375,-89.66667,3.75606560384379e-10
31.375,-89.41667,1.01053009002221e-09
31.375,-88.625,1.96275954478423e-10
31.375,-88.29167,1.74099350930991e-10
31.375,-88.125,1.6592159838e-10
31.375,-88.04167,1.07802129135249e-10
31.375,-86.70833,1.31977096686527e-10
31.375,-86.125,5.63878558027695e-10
31.375,-85.54167,1.69556080573526e-09
31.375,-83.66667,5.36740862071585e-10
31.375,-83.5,1.03171803885338e-09
31.375,-82.91667,4.72956581472226e-10
31.375,-82.58333,1.20854869145736e-10
31.33333,-108.9583,2.37983004159034e-11
31.33333,-108.875,2.32220087081628e-11
31.33333,-105.5417,3.17313104511207e-11
31.33333,-105,1.81844252560132e-11
31.33333,-104.9583,1.78729551946249e-11
31.33333,-103.7083,1.32045198667861e-11
31.33333,-102.6667,4.66034490865114e-11
31.33333,-102.1667,1.96875241158092e-11
31.33333,-100.9167,7.90363643833687e-11
31.33333,-100.875,8.49195269661104e-11
31.33333,-99.875,5.01295197254828e-11
31.33333,-99.08333,5.27738251032646e-11
31.33333,-98.125,8.00811821165667e-11
31.33333,-96.625,9.59607422107118e-11
31.33333,-96.08333,1.03180883268902e-10
31.33333,-95.54167,5.94064365653532e-11
31.33333,-95.25,7.56350998946137e-11
31.33333,-94.20833,1.7004723973323e-10
31.33333,-94.08333,1.30740882850931e-10
31.33333,-93.29167,1.89372616162306e-10
31.33333,-92.91667,1.29834554528471e-10
31.33333,-92.75,4.29008251347001e-10
31.33333,-91,1.8617487486065e-10
31.33333,-90.33333,2.39322207687059e-10
31.33333,-84.875,3.83132235167239e-10
31.33333,-83.75,4.23968334173957e-10
31.33333,-83.5,8.48556172205574e-10
31.33333,-82.75,4.30223131064026e-10
31.33333,-82.29167,3.09509742448775e-10
31.33333,-82.25,3.12700008873851e-10
31.33333,-81.625,9.63499371172398e-10
31.29167,-104.625,1.56508428557974e-11
31.29167,-103,2.26162413840996e-11
31.29167,-102.3333,4.90638367937618e-11
31.29167,-101.75,2.00259559253633e-11
31.29167,-100.7917,9.67225203310008e-11
31.29167,-100.375,3.21345121348524e-10
31.29167,-99.79167,4.41615911400823e-11
31.29167,-98.33333,8.97081708766294e-11
31.29167,-97.58333,1.03581671441845e-09
31.29167,-97.375,5.77485187860262e-10
31.29167,-97.08333,2.64960963667623e-10
31.29167,-96.91667,1.6011272658656e-10
31.29167,-96.45833,9.94113953488882e-11
31.29167,-94.79167,4.6839740064746e-10
31.29167,-93.75,1.58721221619932e-10
31.29167,-93,2.57280687034155e-10
31.29167,-91.70833,1.16137593648672e-10
31.29167,-89.91667,2.95593067485046e-10
31.29167,-88.79167,1.89231698269111e-10
31.29167,-85.875,7.16604205164031e-10
31.29167,-84.5,1.90627255634399e-10
31.29167,-83.41667,6.93250946549448e-10
31.29167,-82.75,2.1857573799115e-10
31.29167,-81.45833,1.32709399535054e-09
31.25,-104.5,1.50067159539761e-11
31.25,-103.75,1.29223417663267e-11
31.25,-103.0833,2.141697718532e-11
31.25,-102.625,4.44300291096119e-11
31.25,-99.95833,5.40894954560313e-11
31.25,-98.91667,7.61745042021782e-11
31.25,-98.75,5.69558796724322e-11
31.25,-97.04167,2.28653075040759e-10
31.25,-93.41667,2.23831982155901e-10
31.25,-93.16667,2.25235387230174e-10
31.25,-92.45833,1.96458407050702e-09
31.25,-92,1.76746274888854e-10
31.25,-90.91667,1.88620183123967e-10
31.25,-89.08333,3.6626843396395e-10
31.25,-88.20833,1.69590963974333e-10
31.25,-88.04167,2.72824101612688e-10
31.25,-87.75,3.83048642021118e-10
31.25,-87,2.58547765903307e-10
31.25,-86.70833,2.1836236060289e-10
31.25,-85.66667,1.27279277679144e-09
31.25,-84.625,1.83910373161037e-10
31.25,-84.20833,6.16430527696559e-10
31.25,-81.79167,3.76614366343028e-10
31.20833,-105.6667,2.66190733768101e-11
31.20833,-105.0417,1.76076397479959e-11
31.20833,-104.5,1.47180455952619e-11
31.20833,-104.4167,1.44901814114037e-11
31.20833,-104,1.32439833286994e-11
31.20833,-103.125,2.07163098780096e-11
31.20833,-102.7083,1.63204434791737e-11
31.20833,-102.625,1.6768517416838e-11
31.20833,-102.5833,1.69741972466316e-11
31.20833,-102.1667,4.23063243366302e-11
31.20833,-100.4583,3.73256244162034e-10
31.20833,-100.2083,1.84695542201552e-10
31.20833,-100.0833,6.25011804747904e-11
31.20833,-100,5.53203055407749e-11
31.20833,-97.875,6.04547570939733e-10
31.20833,-96.70833,5.48317574375498e-11
31.20833,-95.91667,9.18414458953054e-11
31.20833,-95.70833,6.09798622156171e-11
31.20833,-94.95833,1.07345377013037e-10
31.20833,-94.29167,1.49171708289546e-10
31.20833,-92.41667,1.55118028865919e-09
31.20833,-89.375,1.25960153320494e-09
31.20833,-89,3.93997351643281e-10
31.20833,-87.83333,8.96162721229001e-11
31.20833,-87.08333,8.32189766636303e-10
31.20833,-86.5,3.25965466819257e-10
31.20833,-83.54167,4.60880194911441e-10
31.16667,-105.4167,2.76567731986749e-11
31.16667,-104.75,3.92833637641702e-11
31.16667,-104.5833,1.4654907009308e-11
31.16667,-104,1.30116122514976e-11
31.16667,-103.2917,1.27785607568379e-11
31.16667,-102.5,1.68762642211763e-11
31.16667,-102.4583,1.70286157882178e-11
31.16667,-101.4583,2.04727392539477e-11
31.16667,-100.875,3.63992053932966e-11
31.16667,-99.75,3.97953642846995e-11
31.16667,-99.5,4.57795005274512e-11
31.16667,-97.70833,2.70402666489919e-09
31.16667,-96.91667,2.34808156311202e-10
31.16667,-95.95833,1.01468384702073e-10
31.16667,-95.45833,9.74530710871114e-11
31.16667,-92.5,5.84723452474957e-10
31.16667,-91.58333,1.55921252785931e-10
31.16667,-91.5,1.62090983085048e-10
31.16667,-90.75,1.37129438217932e-10
31.16667,-89.79167,2.95321795584191e-10
31.16667,-88.66667,1.83821692667694e-10
31.16667,-88.125,4.10730649241996e-10
31.16667,-87.83333,2.09528114548423e-10
31.16667,-87.125,4.89636402638547e-10
31.16667,-85.95833,5.44598559213952e-10
31.16667,-85.08333,4.93544954999204e-10
31.16667,-84.79167,4.02471006508e-10
31.16667,-84.5,1.86614853660229e-10
31.16667,-84.29167,6.2964624683726e-10
31.16667,-83.375,1.07569445780586e-09
31.16667,-82.625,1.23383254965402e-10
31.125,-104.0417,1.290967504513e-11
31.125,-103.875,2.427286277918e-11
31.125,-102,3.71435132476428e-11
31.125,-100.7917,3.86052072990375e-11
31.125,-98.58333,7.89669476220307e-11
31.125,-96,1.08362599842698e-10
31.125,-90.33333,3.16142908898161e-10
31.125,-87.83333,2.27606661386678e-10
31.125,-87.79167,2.19357839595253e-10
31.125,-86.125,3.38802887404612e-10
31.125,-85.33333,1.64134852431436e-09
31.125,-85,2.67845169167097e-10
31.125,-83.95833,4.99876714993965e-10
31.125,-82.83333,2.46454128178627e-10
31.125,-81.41667,1.13463792064533e-09
31.08333,-105.0833,2.17848326298109e-11
31.08333,-104.25,1.32596872222021e-11
31.08333,-101.2083,3.45315018403902e-11
31.08333,-100.4583,8.42407478430694e-11
31.08333,-100.2917,1.18190894835864e-10
31.08333,-99.91667,5.31925103764853e-11
31.08333,-99.875,5.1068070163489e-11
31.08333,-98.5,8.27882355581938e-11
31.08333,-97.70833,4.83797933297544e-09
31.08333,-97.33333,6.74527419906191e-09
31.08333,-95.25,9.66456708721137e-11
31.08333,-93.83333,6.96796741584317e-11
31.08333,-90.91667,1.19587841518788e-10
31.08333,-90.75,1.2315652345773e-10
31.08333,-87.5,5.16588964338281e-10
31.08333,-87.29167,3.77529411263616e-10
31.08333,-85.95833,8.91747846373331e-10
31.08333,-85.79167,6.46703670756488e-10
31.08333,-84.70833,2.98267849381692e-10
31.08333,-82.58333,4.45789301483638e-11
31.08333,-82.54167,8.11669035008859e-11
31.08333,-82.20833,2.75711563763342e-10
31.04167,-105.5833,2.19421735931573e-11
31.04167,-102,3.30992275043973e-11
31.04167,-101.7917,3.15547507014541e-11
31.04167,-101.75,3.18369180077047e-11
31.04167,-101.625,3.27372704595949e-11
31.04167,-100.375,1.11760777627033e-10
31.04167,-98.16667,1.28593201010891e-09
31.04167,-97.70833,4.36229370117178e-09
31.04167,-95.95833,1.07557735331958e-10
31.04167,-95.08333,1.2128804302797e-10
31.04167,-94.70833,1.16758439255604e-10
31.04167,-94.5,1.6549496855134e-10
31.04167,-92.70833,2.49517474970309e-10
31.04167,-91.375,1.47612842426438e-10
31.04167,-90.58333,1.37213373858868e-10
31.04167,-89.875,2.98209927840775e-10
31.04167,-89.33333,4.01515724090495e-10
31.04167,-89.29167,3.12987492642706e-10
31.04167,-88.375,2.66262520178678e-10
31.04167,-87.75,1.87402085719324e-10
31.04167,-87.25,3.84185386225058e-10
31.04167,-87.20833,4.07646842080782e-10
31.04167,-86.04167,3.69476506392759e-10
31.04167,-85.33333,7.57748055335311e-10
31.04167,-83.875,8.68342570322731e-10
31.04167,-83.29167,1.00535844203685e-09
31.04167,-81.375,4.35261920565151e-10
31,-105.125,1.68300989509352e-11
31,-103.8333,2.31997976449422e-11
31,-101.5417,3.33945640236541e-11
31,-98.125,1.36552787931448e-09
31,-97.83333,1.4705653919182e-09
31,-97.70833,3.85490392084888e-09
31,-96.58333,1.33643774388085e-10
31,-96.5,1.44892228186213e-10
31,-95.75,1.80896864888112e-10
31,-95.58333,1.05995453373698e-10
31,-94.54167,1.98710753132241e-10
31,-92.70833,2.44891236724948e-10
31,-91.41667,1.48283753160924e-10
31,-90.45833,2.02932190260725e-10
31,-89.83333,2.73743355946682e-10
31,-89.04167,1.90638234596628e-10
31,-88.875,1.82441765828394e-10
31,-88.625,2.28139900544972e-10
31,-88.25,5.93086490754881e-10
31,-87.08333,3.41063727026605e-10
31,-86.91667,2.54473122950101e-10
31,-86.79167,1.49803233314753e-10
31,-86,6.57509580929708e-10
31,-84.41667,3.3360801089206e-10
31,-84.16667,4.18205215816129e-10
31,-84.125,4.04334577020551e-10
31,-84.04167,5.62631663730017e-10
31,-82.95833,2.7698692144489e-10
31,-82.58333,6.93933590842826e-11
31,-81.70833,1.65941374931479e-10
31,-81.58333,3.38974107312608e-10
30.95833,-105.3333,1.82406356238255e-11
30.95833,-103.1667,2.13237061497085e-11
30.95833,-101.7917,3.26690654887644e-11
30.95833,-100.25,9.19097166373429e-11
30.95833,-99.33333,4.04589114030673e-11
30.95833,-98.75,6.91699176136337e-11
30.95833,-98.33333,1.13156323723151e-10
30.95833,-97.66667,6.06299816378456e-10
30.95833,-95.83333,3.11026839254747e-10
30.95833,-92.5,1.95077376271746e-10
30.95833,-92.20833,3.62885957728825e-10
30.95833,-92.125,4.06833620241525e-10
30.95833,-90.91667,2.32280896240059e-10
30.95833,-90.5,2.76780193335456e-10
30.95833,-90.04167,4.34112468869199e-10
30.95833,-89.58333,2.15469960190013e-10
30.95833,-87.95833,3.06479111866002e-10
30.95833,-87.20833,4.95755452728328e-10
30.95833,-86.16667,2.61107377527186e-10
30.95833,-83.45833,8.80020255101415e-10
30.95833,-83.20833,3.06658619542916e-09
30.95833,-82.33333,1.52669533693869e-10
30.95833,-82.16667,1.69571931249109e-10
30.91667,-104.4167,1.27362715403266e-11
30.91667,-104.0417,1.34136874821814e-11
30.91667,-103.3333,1.16781161281119e-11
30.91667,-102.6667,1.41243079062301e-11
30.91667,-102.4167,1.48816435422724e-11
30.91667,-102.1667,3.03530448123876e-11
30.91667,-100.25,8.62044851703593e-11
30.91667,-97.625,5.74368061047887e-10
30.91667,-96.16667,1.63486447398438e-10
30.91667,-95.5,2.49648377986787e-10
30.91667,-93.08333,1.88998985918386e-10
30.91667,-92.95833,2.07284110380351e-10
30.91667,-92.91667,2.13755752584517e-10
30.91667,-91.29167,2.92097019210319e-10
30.91667,-91.25,2.9594418632105e-10
30.91667,-89.33333,1.87776119203508e-10
30.91667,-88.08333,7.03402541741523e-10
30.91667,-87.16667,4.46275159308508e-10
30.91667,-87.04167,3.4743214263256e-10
30.91667,-85.08333,5.32178116372864e-10
30.91667,-83.75,3.23558057121938e-10
30.91667,-82.79167,1.28283014744093e-10
30.91667,-81.95833,2.60159653562945e-10
30.91667,-81.79167,7.80754081308303e-10
30.875,-104.375,1.24241587474427e-11
30.875,-103.9583,1.16843078307908e-11
30.875,-103.5417,2.16833403067571e-11
30.875,-102.9583,2.19804707841473e-11
30.875,-102.5833,2.41304635878663e-11
30.875,-102.3333,1.47718673865656e-11
30.875,-101.9583,3.0700762897594e-11
30.875,-101.2917,3.14973381199727e-11
30.875,-100.25,5.54847116629926e-11
30.875,-99.83333,4.16204763517195e-11
30.875,-98.91667,4.52030921503959e-11
30.875,-98.04167,2.22487193654281e-10
30.875,-95.75,2.42749106727253e-10
30.875,-92.125,2.95618029325793e-10
30.875,-91.08333,4.72107890277805e-10
30.875,-90.08333,4.96715457578171e-10
30.875,-89.70833,3.11890814581462e-10
30.875,-88.91667,2.31089531373175e-10
30.875,-88.20833,1.14191365774216e-09
30.875,-88.16667,8.35226072615224e-10
30.875,-88.04167,3.01878778741464e-09
30.875,-87.625,1.68122974029165e-10
30.875,-87.5,3.21615983133817e-10
30.875,-87,2.69385935276504e-10
30.875,-86.5,5.70388748463493e-10
30.875,-84.375,5.55133529601381e-10
30.875,-82.375,1.51281019118666e-10
30.875,-81.83333,1.24578676616401e-09
30.83333,-104.6667,1.32202471624362e-11
30.83333,-103,2.13762543597314e-11
30.83333,-102.625,2.34449076933574e-11
30.83333,-100.9583,4.34661477490544e-11
30.83333,-99.54167,2.09578161738827e-11
30.83333,-99.33333,4.32829189897653e-11
30.83333,-98.79167,7.04246101371407e-11
30.83333,-97.95833,2.15202262746275e-10
30.83333,-96.91667,3.36512850451789e-10
30.83333,-94.04167,1.74854260996872e-10
30.83333,-91.54167,1.87184760152923e-10
30.83333,-90.70833,2.48917041365593e-10
30.83333,-90.45833,3.44985607174954e-10
30.83333,-89.5,2.70302323740981e-10
30.83333,-86.25,2.84540320243633e-10
30.83333,-86.16667,2.59665545710054e-10
30.83333,-85.66667,1.01297006384444e-09
30.83333,-85.45833,6.58978218303267e-10
30.83333,-83.04167,5.84161491825834e-10
30.83333,-82.75,4.72076669488319e-11
30.79167,-102.625,2.29971937454841e-11
30.79167,-102.2917,1.42647499388088e-11
30.79167,-102.25,1.43507340143391e-11
30.79167,-101.5,3.11517335893175e-11
30.79167,-101.3333,2.9376984687934e-11
30.79167,-98.91667,6.55513421745643e-11
30.79167,-97.70833,1.89529803826766e-09
30.79167,-96.875,1.24770575789916e-10
30.79167,-96.125,2.35499730126084e-10
30.79167,-95.83333,1.96227333802677e-10
30.79167,-90.54167,8.26418542207593e-10
30.79167,-90.375,3.40651955024126e-10
30.79167,-89.95833,4.48970287339353e-10
30.79167,-89.79167,1.19932145634261e-09
30.79167,-88.95833,3.03421659585488e-10
30.79167,-87.5,3.57532997117219e-10
30.79167,-87.25,9.83948358762214e-10
30.79167,-86.75,5.00228138499201e-10
30.79167,-86.29167,3.24611308544601e-10
30.79167,-85.41667,8.42749160377015e-10
30.79167,-84,6.91194358550043e-10
30.79167,-83.66667,3.46128003592587e-10
30.79167,-82.875,8.02229977016771e-11
30.79167,-81.625,2.05294453263283e-09
30.75,-104.6667,1.49090203781938e-11
30.75,-104.375,1.32727427744694e-11
30.75,-102.2917,1.39821223292243e-11
30.75,-101.0417,3.38242684644638e-11
30.75,-100.9167,4.13326286589467e-11
30.75,-100.125,3.76827516646143e-11
30.75,-99.95833,3.99824506053884e-11
30.75,-99.66667,3.55601099079759e-11
30.75,-99.5,2.87856101237641e-11
30.75,-99.29167,4.37309405931425e-11
30.75,-97.125,1.4136588557886e-10
30.75,-97.04167,1.47662062252088e-10
30.75,-94.75,1.60962052116104e-10
30.75,-92.45833,2.65352663934476e-10
30.75,-91.875,2.21670954237478e-10
30.75,-91.33333,7.31831772821177e-10
30.75,-90.75,3.55900281079313e-10
30.75,-88.75,3.86634854514519e-10
30.75,-88.5,4.97674498442822e-10
30.75,-88.20833,5.51370160968782e-09
30.75,-87.79167,4.49176177493928e-10
30.75,-87.70833,3.44563752043726e-10
30.75,-87.20833,1.23144984006283e-09
30.75,-86.54167,4.29287340115697e-09
30.75,-86.41667,1.04077678537691e-09
30.75,-85.20833,1.37490507640655e-09
30.75,-84.875,2.76407189732969e-10
30.75,-84.29167,3.69211253973647e-10
30.75,-84,6.24623013860946e-10
30.75,-83.08333,5.03932505991286e-10
30.75,-82.75,4.63008486536768e-11
30.70833,-102.7083,1.27316398150753e-11
30.70833,-102.375,2.31621213344849e-11
30.70833,-102.2917,2.34566692077009e-11
30.70833,-100.9167,3.98571591623729e-11
30.70833,-100.8333,4.13714654797099e-11
30.70833,-99.41667,4.24648298897305e-11
30.70833,-96.875,1.46235956858135e-10
30.70833,-94.83333,1.7685902231235e-10
30.70833,-94.58333,1.49459453150126e-10
30.70833,-92.83333,1.53523998440918e-10
30.70833,-92.45833,2.46120768719997e-10
30.70833,-92.04167,2.70204703671765e-10
30.70833,-91.83333,2.263947127522e-10
30.70833,-91.45833,6.07812529539851e-10
30.70833,-91.33333,8.25848624464141e-10
30.70833,-91.29167,7.17961764610369e-10
30.70833,-89.83333,1.28688412424946e-09
30.70833,-89.33333,2.7584182260628e-10
30.70833,-88.58333,4.7699558589045e-10
30.70833,-88.41667,5.88865274296839e-10
30.70833,-88.04167,7.06241451146291e-09
30.70833,-88,7.49751333850175e-10
30.70833,-87.75,5.63677613329597e-10
30.70833,-85.45833,5.76439245730203e-10
30.70833,-85.04167,3.36805373423892e-10
30.70833,-84.33333,3.57217282721108e-10
30.70833,-84.04167,7.03959981444891e-10
30.70833,-83.20833,1.16727334981753e-09
30.70833,-82.33333,4.47625862952204e-11
30.70833,-82.25,5.14952962536823e-11
30.70833,-81.70833,1.17074639740626e-09
30.70833,-81.54167,2.69070988209417e-09
30.66667,-104.3333,1.27594872649131e-11
30.66667,-103.375,1.07628419310004e-11
30.66667,-102.8333,1.21971899352277e-11
30.66667,-102.75,1.2404706998424e-11
30.66667,-102.0417,1.40267496444216e-11
30.66667,-101.9167,1.42937624256946e-11
30.66667,-101.3333,2.75015870727361e-11
30.66667,-98.66667,5.29222317028747e-11
30.66667,-97.54167,8.96397664202868e-10
30.66667,-97.20833,3.28024273920086e-10
30.66667,-96.91667,1.55221923540848e-10
30.66667,-94.45833,1.50197425627586e-10
30.66667,-94.125,1.55623941086963e-10
30.66667,-94,1.70662906195231e-10
30.66667,-93.5,1.83284103598116e-10
30.66667,-92.95833,1.41255416936618e-10
30.66667,-90.41667,6.55848750017531e-10
30.66667,-90.20833,6.57673994505558e-10
30.66667,-89.95833,4.64791493092425e-10
30.66667,-89.16667,7.64991155687733e-10
30.66667,-89,7.900362212195e-10
30.66667,-86.20833,3.34476475809137e-10
30.66667,-85.625,3.5873896955544e-10
30.66667,-84.875,4.05715918417237e-10
30.66667,-82.125,1.31637642202718e-10
30.625,-104.4583,1.34764600246817e-11
30.625,-104.125,1.22649406870677e-11
30.625,-103.9167,1.20262193651928e-11
30.625,-103.6667,1.17360229029346e-11
30.625,-101.2917,2.74404248202491e-11
30.625,-99.33333,4.35062678542377e-11
30.625,-95.58333,2.6645752332489e-10
30.625,-94.95833,3.87523103656096e-10
30.625,-93.875,1.10997158369617e-10
30.625,-93.125,2.05865596127609e-10
30.625,-92.625,1.96129860666681e-10
30.625,-91.54167,7.33830552579072e-10
30.625,-90.5,6.56190623570477e-10
30.625,-89.5,4.28183274311451e-10
30.625,-89.29167,7.26350204732697e-10
30.625,-89.25,7.73695902855145e-10
30.625,-87,3.11952733829861e-09
30.625,-86.33333,2.55184513962378e-10
30.625,-83.25,7.32144780017565e-10
30.625,-83.04167,3.41996787469006e-10
30.625,-82.54167,3.78208565818805e-11
30.625,-81.58333,1.52142275430593e-09
30.58333,-104.875,1.47687001527057e-11
30.58333,-101.2083,2.78397764731689e-11
30.58333,-100.4167,4.31246835571048e-11
30.58333,-99.375,4.31300899289953e-11
30.58333,-98.875,4.79698606930672e-11
30.58333,-98.75,5.13501826722006e-11
30.58333,-97.45833,3.26247751810451e-09
30.58333,-97.29167,3.52747318211834e-10
30.58333,-97.25,3.18695079862738e-10
30.58333,-96.25,6.03877359774544e-09
30.58333,-94.54167,2.20403236932683e-10
30.58333,-92.16667,4.5649917474939e-10
30.58333,-91.95833,4.22430805755325e-10
30.58333,-91.16667,7.21016606071897e-09
30.58333,-91,2.976377386378e-09
30.58333,-90.125,7.05100632837017e-10
30.58333,-87,2.32990927812608e-09
30.58333,-84.20833,2.97226237048031e-09
30.58333,-82.20833,1.18375514226936e-10
30.58333,-81.58333,1.74885583961787e-09
30.54167,-104.7083,1.38785021213862e-11
30.54167,-104.625,1.36104431638767e-11
30.54167,-101.9583,2.27502243260455e-11
30.54167,-101.7083,2.74596794294849e-11
30.54167,-100.1667,4.07385198394583e-11
30.54167,-97.54167,1.37721334800142e-09
30.54167,-95.45833,4.41428907311261e-10
30.54167,-94.75,2.05797616620073e-10
30.54167,-94.66667,1.95372096755457e-10
30.54167,-93.79167,1.14441116865984e-10
30.54167,-92.125,4.48801710626605e-10
30.54167,-91.875,2.52176089964401e-10
30.54167,-91.16667,9.519343649861e-09
30.54167,-90.625,1.03814030664476e-09
30.54167,-90.16667,6.98048110519056e-10
30.54167,-89.70833,6.17661858219342e-10
30.54167,-88.66667,6.5474998026072e-10
30.54167,-88.625,6.75250513271215e-10
30.54167,-87.375,6.34721409024985e-09
30.54167,-86.16667,3.69073134320101e-10
30.54167,-85.16667,2.56065510152007e-10
30.54167,-85.125,2.45734879587895e-10
30.54167,-84.875,3.58458921656374e-10
30.54167,-84.375,1.22310137796182e-09
30.54167,-83.25,5.2545071100679e-10
30.54167,-82.66667,1.02561809226117e-10
30.5,-103.8333,1.14549766799745e-11
30.5,-101.625,2.79362730735802e-11
30.5,-101.5417,2.32002668379683e-11
30.5,-101.2083,2.64951041101246e-11
30.5,-100.1667,3.93219977649739e-11
30.5,-97.83333,3.66196965339659e-09
30.5,-97.20833,3.58607392402311e-10
30.5,-95.79167,3.6040965921209e-10
30.5,-95.45833,4.92960923517192e-10
30.5,-93.95833,2.63100815413773e-10
30.5,-90.625,1.10371669802824e-09
30.5,-90.41667,1.96621400195547e-09
30.5,-88.125,2.2542001547805e-09
30.5,-87.70833,2.62334126049994e-09
30.5,-87.5,1.07385491309907e-09
30.5,-87.41667,1.62375465090169e-09
30.5,-86.41667,4.6567377755839e-10
30.5,-86.25,4.27029257773896e-10
30.5,-85.5,5.50206335532886e-10
30.5,-85.33333,2.31023214478465e-10
30.5,-83.25,4.06540623867084e-10
30.5,-83.125,2.89867997009021e-10
30.5,-82.66667,1.04484644594233e-10
30.5,-82.5,1.33071808688688e-10
30.5,-82.29167,1.6910761449537e-10
30.5,-82.04167,2.23748064613135e-10
30.5,-81.95833,9.38192853271338e-10
30.45833,-104.2917,1.0496163436429e-11
30.45833,-103.75,1.12132289869032e-11
30.45833,-101.4167,2.42800302006878e-11
30.45833,-99.95833,3.32833818203784e-11
30.45833,-98.125,5.12987891449454e-10
30.45833,-97.83333,2.93342858378117e-09
30.45833,-97.41667,8.72585802486375e-10
30.45833,-96.75,2.16877144237883e-10
30.45833,-95.5,9.96172292273358e-10
30.45833,-95.08333,3.28129031837374e-10
30.45833,-94.20833,3.0441543711863e-10
30.45833,-93.95833,4.65655530896716e-10
30.45833,-93.83333,2.6436380115285e-10
30.45833,-93.54167,1.94294823218906e-10
30.45833,-92.875,3.3907148200466e-10
30.45833,-92.66667,2.22981224746922e-10
30.45833,-92.25,6.41462365359327e-10
30.45833,-91.58333,2.48873716764304e-10
30.45833,-90.95833,2.47667621576329e-09
30.45833,-86.125,4.97333995588021e-10
30.45833,-84.95833,1.4338849310049e-10
30.45833,-83.95833,2.13016658196459e-10
30.45833,-83.91667,1.95304326425027e-10
30.45833,-82.33333,2.47688310162901e-10
30.45833,-82.29167,2.59165474564511e-10
30.41667,-103.5417,2.12331033156643e-11
30.41667,-102.5833,1.18722390233103e-11
30.41667,-100.0833,3.25318336708211e-11
30.41667,-98.25,2.92789732562077e-10
30.41667,-97.875,5.06640268362007e-09
30.41667,-96.33333,3.10029970581503e-10
30.41667,-94.875,1.93850897705075e-10
30.41667,-93.91667,5.27331217659174e-10
30.41667,-93.41667,8.97328115975632e-10
30.41667,-93.33333,3.11606832186477e-10
30.41667,-92.91667,3.46208276007823e-10
30.41667,-89.95833,8.22893240902171e-10
30.41667,-89.29167,2.06296708179805e-09
30.41667,-88.04167,2.22556397148483e-09
30.41667,-86.5,3.80606549125e-08
30.41667,-86.125,2.61745964377868e-10
30.41667,-86,4.4281310557664e-10
30.41667,-85.54167,1.04085906334627e-09
30.41667,-84.54167,4.09518540267947e-10
30.41667,-84.20833,7.91586779221542e-09
30.41667,-81.625,2.10190375541262e-08
30.375,-103.9583,1.67521608788008e-11
30.375,-102.5,1.18951419759425e-11
30.375,-100.4167,3.59708753764238e-11
30.375,-99.29167,8.37063364995417e-11
30.375,-99.125,9.04664055163922e-11
30.375,-98.66667,1.06328919859691e-10
30.375,-98,2.33454067137474e-09
30.375,-97.20833,4.16445206096182e-10
30.375,-95.79167,5.92926353916325e-10
30.375,-94.54167,8.67752253754672e-11
30.375,-94.5,2.32843462021237e-10
30.375,-93.625,2.34075233143595e-10
30.375,-93.375,3.79803423431097e-10
30.375,-90.375,5.78789652534292e-10
30.375,-90.08333,3.18771358810419e-09
30.375,-89.875,1.00176222320092e-09
30.375,-88.58333,2.22721720719617e-09
30.375,-87.83333,1.39818983734612e-09
30.375,-87.45833,2.60112068694388e-08
30.375,-86.375,2.98442021473447e-08
30.375,-86.33333,2.56727118052087e-08
30.375,-85.95833,8.15515632869523e-10
30.375,-84.70833,8.44209065344791e-11
30.375,-83.41667,2.40197566267202e-10
30.375,-82.25,3.02149950118043e-10
30.375,-81.91667,1.56663393190071e-09
30.33333,-104.3333,1.7177557292503e-11
30.33333,-104,1.6589465707285e-11
30.33333,-103.5417,2.08484333665134e-11
30.33333,-103.125,2.0959770034516e-11
30.33333,-101.9167,3.53234632432508e-11
30.33333,-101.125,2.6848889153914e-11
30.33333,-100.875,3.47191190202519e-11
30.33333,-100.5,3.5390043944343e-11
30.33333,-98.83333,1.84760963273127e-10
30.33333,-96.125,4.03690560229046e-10
30.33333,-94.79167,2.00734514001454e-10
30.33333,-92.91667,2.90330811233243e-10
30.33333,-90.375,5.5132988658877e-10
30.33333,-90.16667,6.33400801654094e-09
30.33333,-90.125,6.57337876278006e-09
30.33333,-88.625,6.97009429517778e-10
30.33333,-88.5,3.13924688401931e-10
30.33333,-87.79167,1.15518496463033e-09
30.33333,-87.5,2.47324711230134e-08
30.33333,-87.04167,1.15117797303526e-08
30.33333,-85.58333,7.58965254586471e-10
30.33333,-84.16667,9.72826228750316e-10
30.33333,-82.875,4.31422771287809e-10
30.29167,-104.3333,1.69432736502193e-11
30.29167,-103.9167,1.62524569712278e-11
30.29167,-103,1.0655901432844e-11
30.29167,-102.25,1.24428755033661e-11
30.29167,-100.9167,3.46912867746812e-11
30.29167,-100.3333,3.57188713093058e-11
30.29167,-99.125,1.00098768512304e-10
30.29167,-98.83333,4.24853227625083e-10
30.29167,-98.5,1.27904903027444e-10
30.29167,-98.29167,3.0409394520028e-10
30.29167,-95.5,2.46997261887691e-09
30.29167,-95.20833,1.32084652378871e-09
30.29167,-95.125,1.46526345933537e-09
30.29167,-94.95833,3.93878944794932e-10
30.29167,-93.75,3.43237354824448e-10
30.29167,-93.20833,4.35024419961638e-09
30.29167,-93.08333,4.59303312806832e-10
30.29167,-92.45833,5.2873004047076e-10
30.29167,-89.79167,3.17104045902551e-09
30.29167,-89.16667,3.33668869683452e-09
30.29167,-87.83333,5.80376655307923e-10
30.29167,-86.04167,1.11304329189921e-09
30.29167,-85.5,8.28602680618528e-10
30.29167,-84.66667,2.68697705694465e-10
30.29167,-84.625,1.35568560116517e-10
30.25,-104.2917,1.65730367252389e-11
30.25,-103.5,2.05473818181521e-11
30.25,-102.8333,1.0876418959267e-11
30.25,-102.6667,1.11981337882636e-11
30.25,-100.6667,3.57106215782649e-11
30.25,-99.95833,2.78025301509497e-11
30.25,-99.875,2.79706353160925e-11
30.25,-97.70833,4.22163674179057e-08
30.25,-96.33333,7.601100405832e-10
30.25,-95.83333,4.84365884619671e-10
30.25,-94.875,3.0273712790528e-10
30.25,-93.08333,4.96770811180396e-10
30.25,-93.04167,5.95907776982365e-10
30.25,-92.125,1.75948520331653e-09
30.25,-92,1.84405948710026e-09
30.25,-91,4.91609393636867e-09
30.25,-90.95833,4.09504413747136e-09
30.25,-89.25,7.59683023433055e-10
30.25,-88.79167,8.18403578281306e-10
30.25,-84.66667,2.55440043433627e-10
30.25,-83.20833,3.21158421298041e-10
30.25,-81.41667,7.5076445466213e-09
30.20833,-100.6667,3.59400214503298e-11
30.20833,-99.16667,1.10675031693928e-10
30.20833,-99.08333,1.1559737359732e-10
30.20833,-98.95833,2.513749117611e-10
30.20833,-98.75,1.17997216919838e-10
30.20833,-97.45833,8.05214486370763e-10
30.20833,-97.33333,7.7798298668437e-10
30.20833,-93.20833,3.98398048254142e-09
30.20833,-92.125,1.6436787873088e-09
30.20833,-91.83333,1.04994819088975e-09
30.20833,-91.66667,2.17679115888158e-10
30.20833,-90.58333,2.44699768605224e-10
30.20833,-88.41667,1.53402102485498e-10
30.20833,-88.125,5.69780341530785e-09
30.20833,-85.95833,2.92263421953147e-10
30.20833,-85.08333,1.64801924806995e-10
30.20833,-82.91667,3.84778024804145e-10
30.20833,-82.66667,7.37196657657706e-10
30.16667,-103.9167,9.24749583616361e-12
30.16667,-102.7917,1.07826303557376e-11
30.16667,-101.875,1.38066145961649e-11
30.16667,-99.75,5.91492850814205e-11
30.16667,-97.75,4.2319565167496e-09
30.16667,-96.08333,3.24659436651882e-10
30.16667,-95,7.66970422940648e-10
30.16667,-94.54167,4.08522291082895e-10
30.16667,-93.16667,1.15915708455992e-09
30.16667,-92.95833,4.58548184736688e-10
30.16667,-92.79167,3.99610474109601e-10
30.16667,-89.875,1.08387992021769e-08
30.16667,-85.79167,3.23338839051596e-08
30.16667,-83.29167,2.80228494191104e-10
30.16667,-82.125,1.01192463655139e-09
30.16667,-81.70833,1.19746982780736e-08
30.125,-103.5417,1.99227971011176e-11
30.125,-103.3333,1.91835723816043e-11
30.125,-102.0833,3.37991457528259e-11
30.125,-101.8333,1.40020462914521e-11
30.125,-101.3333,2.56582858176198e-11
30.125,-100.0417,2.84586526385034e-11
30.125,-98.875,1.5364240500443e-10
30.125,-98.54167,2.67692811172546e-10
30.125,-95.75,1.3345311229383e-09
30.125,-94.54167,4.03000379684515e-10
30.125,-94,1.20799400219063e-09
30.125,-93.66667,2.273188778045e-10
30.125,-93.54167,2.71054863715047e-10
30.125,-93.125,1.04598477861032e-09
30.125,-91.875,1.80609681091835e-09
30.125,-91.625,1.22697751540219e-10
30.125,-90.5,2.87669939472292e-10
30.125,-85.16667,2.24430295781368e-10
30.125,-84.58333,1.18656632206386e-10
30.08333,-104.5833,1.65537486384231e-11
30.08333,-104.3333,9.37157008869598e-12
30.08333,-103.7083,9.12252993787577e-12
30.08333,-103.4167,9.37931085317413e-12
30.08333,-103.25,9.67795565710402e-12
30.08333,-103.125,9.904963394115e-12
30.08333,-102.5833,1.1248598665274e-11
30.08333,-102,3.46597049617049e-11
30.08333,-101.625,2.35233452100055e-11
30.08333,-101.4167,2.50829006271932e-11
30.08333,-101.2917,2.62728618040501e-11
30.08333,-100.7917,1.92616361813336e-11
30.08333,-100.5833,2.87450877717032e-11
30.08333,-98.95833,3.15137924153466e-10
30.08333,-98.04167,1.35213183583115e-09
30.08333,-96.75,1.46554211315749e-10
30.08333,-96.66667,2.02974306130164e-10
30.08333,-96.33333,3.82622050427411e-10
30.08333,-95.375,6.16316158947805e-09
30.08333,-94.58333,2.31699301055664e-10
30.08333,-92.04167,1.52150701889022e-09
30.08333,-90.66667,8.22571173195599e-10
30.08333,-90.20833,1.01489635510656e-08
30.08333,-89.83333,7.90377162757497e-10
30.08333,-89.45833,6.24579236542356e-09
30.08333,-85.125,1.8147668041838e-10
30.08333,-84.79167,3.54745492864089e-11
30.08333,-84.5,2.46371281540269e-10
30.08333,-83.875,1.72723302274873e-10
30.08333,-82.95833,2.66956233533791e-10
30.08333,-81.75,4.78773881608026e-09
30.04167,-104.625,1.64293247930445e-11
30.04167,-104.5417,1.62022106341183e-11
30.04167,-103.5,1.96336500790943e-11
30.04167,-101.75,2.25076461363522e-11
30.04167,-101.4583,2.48636075577891e-11
30.04167,-101.3333,2.61250317292428e-11
30.04167,-100.8333,1.95035020256783e-11
30.04167,-100.125,2.89919283679368e-11
30.04167,-99.375,1.24853071533435e-10
30.04167,-98,1.32982012918135e-09
30.04167,-97.875,1.39041825235518e-09
30.04167,-95.5,6.29837578030223e-09
30.04167,-92.16667,7.83207246519551e-10
30.04167,-91.25,3.71906358521298e-10
30.04167,-90.5,5.82971420351345e-10
30.04167,-84.66667,5.29082833819755e-11
30.04167,-82.29167,7.43776495121904e-10
30.04167,-81.41667,1.62910864387231e-09
30,-103.7917,1.90020582280343e-11
30,-103.0417,9.99308512294389e-12
30,-102.3333,1.20042664403637e-11
30,-100.6667,2.96737455900518e-11
30,-99.125,2.91157237985744e-09
30,-97.33333,6.63787125913356e-10
30,-96.79167,1.70287655293725e-10
30,-92.20833,5.47310249017273e-10
30,-91.95833,9.36724894222713e-10
30,-91.83333,1.07875170800908e-09
30,-91.75,7.24603192338909e-10
30,-91.41667,1.65179521077631e-10
30,-83.33333,7.86585298062527e-11
30,-83.29167,7.56022034057973e-11
30,-82.5,4.60075254195555e-10
30,-82.08333,8.95962909555996e-10
30,-81.54167,2.98555814096152e-09
29.95833,-103.25,1.89155438454091e-11
29.95833,-101.4583,2.52620014138145e-11
29.95833,-100.125,2.98472743726025e-11
29.95833,-98.29167,1.02433951303568e-09
29.95833,-97.16667,2.19896915745618e-10
29.95833,-95.25,1.0982877818273e-08
29.95833,-95.16667,2.55791565021526e-09
29.95833,-94.83333,5.02738973227978e-10
29.95833,-93.66667,8.49841290238691e-11
29.95833,-90.75,7.60157472902139e-10
29.95833,-89.875,7.51214708544314e-10
29.95833,-89.25,4.73312428735242e-09
29.95833,-89.20833,4.72949450633969e-09
29.95833,-85,1.02765204579622e-10
29.95833,-84.75,8.25684838548172e-11
29.95833,-82.79167,3.90873509028713e-10
29.91667,-103.9583,1.46908743245658e-11
29.91667,-103.7083,8.80596944378766e-12
29.91667,-103.125,9.71083999495099e-12
29.91667,-103,1.9949659624426e-11
29.91667,-102.7917,2.09774272099905e-11
29.91667,-101.4167,2.59692977109091e-11
29.91667,-98.91667,3.16349781598937e-10
29.91667,-94.125,6.13471525041467e-10
29.91667,-92.95833,1.18998399265367e-10
29.91667,-90.70833,7.00081194472138e-10
29.91667,-89.83333,6.12172413535046e-10
29.91667,-82.66667,4.27159135992446e-10
29.875,-99.83333,3.63935084581745e-11
29.875,-99.04167,3.32815523763891e-10
29.875,-98.95833,3.30168364104034e-10
29.875,-98.70833,6.96741380872035e-10
29.875,-97.70833,7.02365732316763e-10
29.875,-96.95833,1.81666119017699e-10
29.875,-95.375,1.07469852461145e-08
29.875,-95.25,6.66401738261064e-09
29.875,-94.70833,3.49827448540525e-10
29.875,-94.54167,3.38449063743349e-10
29.875,-92.45833,6.06417598570134e-11
29.875,-91.83333,3.33092143218286e-10
29.875,-91.70833,4.30867325726987e-10
29.875,-91,3.31414916524724e-10
29.875,-90.29167,2.7772926294935e-09
29.875,-85.375,2.60499577655058e-10
29.875,-84.375,1.02066666828988e-10
29.875,-83.20833,6.41857242192035e-11
29.875,-83.16667,6.31199821640181e-11
29.875,-82.83333,2.44479394927745e-10
29.875,-81.75,7.77553301388749e-10
29.83333,-104.5417,1.51137592190321e-11
29.83333,-100.25,3.1264429404069e-11
29.83333,-99.75,3.75563238667913e-11
29.83333,-99.625,4.10705157108033e-11
29.83333,-97.16667,1.51222462851295e-10
29.83333,-96.45833,2.72690105695805e-10
29.83333,-96.125,4.43574480499683e-10
29.83333,-95.04167,1.77983257655975e-09
29.83333,-94.5,3.03733151716493e-10
29.83333,-94,1.1880813610806e-09
29.83333,-92.83333,7.49801816575536e-11
29.83333,-92.66667,9.3411230838067e-11
29.83333,-90.625,3.70803082694658e-10
29.83333,-82.95833,1.16342131274971e-10
29.83333,-82.375,6.08150774780921e-10
29.83333,-81.95833,8.96755099437672e-10
29.83333,-81.54167,1.65871575080565e-09
29.79167,-104.4583,1.47310350702872e-11
29.79167,-103.6667,8.65501714296956e-12
29.79167,-101.5,2.55510818915098e-11
29.79167,-101.0833,3.48780097597611e-11
29.79167,-100.0833,2.47196884339409e-11
29.79167,-99.70833,3.85042519205894e-11
29.79167,-99.29167,8.09679409731975e-11
29.79167,-98.375,9.77324163801636e-10
29.79167,-97.66667,5.38033076591831e-10
29.79167,-96.41667,2.90912695188117e-10
29.79167,-94.875,1.19943879169506e-09
29.79167,-94.54167,1.71251993091446e-10
29.79167,-94.08333,5.26945741861584e-11
29.79167,-92.625,8.94859209580537e-11
29.79167,-92.20833,7.01036748265646e-11
29.79167,-88.83333,6.35517859807914e-10
29.79167,-84.91667,6.02394009886672e-09
29.79167,-83.625,7.17186377801497e-11
29.79167,-83.58333,7.15387438476982e-09
29.79167,-83.29167,1.18476692958429e-10
29.79167,-83,2.04360614764538e-10
29.75,-104.25,1.40982111884386e-11
29.75,-103.375,1.92053337594019e-11
29.75,-98.83333,6.55760714618012e-10
29.75,-98.79167,9.19891099692771e-10
29.75,-98.58333,2.85032515924822e-10
29.75,-98.33333,1.36696166609726e-09
29.75,-98.29167,1.50211609844639e-09
29.75,-98,1.46630509357335e-09
29.75,-97.375,1.45122520143876e-10
29.75,-96.79167,2.26242384435483e-10
29.75,-95.58333,1.43750966602444e-08
29.75,-94.20833,4.1683986088336e-11
29.75,-93.91667,8.35319660627722e-11
29.75,-92.95833,7.04867126667615e-11
29.75,-92.16667,1.66084253128622e-10
29.75,-91.66667,4.86436068028317e-09
29.75,-90.625,6.48120800614217e-10
29.75,-85.125,2.37994981275397e-10
29.75,-83.58333,4.01000996882009e-09
29.75,-81.5,7.97074634630613e-10
29.70833,-104.5833,1.24349822451505e-11
29.70833,-104.4583,1.17160974540384e-11
29.70833,-103.875,8.36329972494155e-12
29.70833,-103.125,9.47266626195778e-12
29.70833,-102.75,1.03758616878084e-11
29.70833,-100.625,3.54249511820848e-11
29.70833,-99.91667,3.02149933242468e-11
29.70833,-99.79167,3.81235076650842e-11
29.70833,-99.75,3.84068658071396e-11
29.70833,-97.66667,5.48705792052657e-10
29.70833,-96.66667,3.34519234059902e-10
29.70833,-96.125,4.54374364254317e-10
29.70833,-91.25,1.42382578942963e-09
29.70833,-90.20833,5.5898562525513e-11
29.70833,-90,1.18692526099997e-10
29.70833,-85.16667,2.66052095452508e-10
29.70833,-84.95833,3.44692409050271e-09
29.70833,-84.75,7.6513845831233e-11
29.66667,-103.625,1.82602421315323e-11
29.66667,-101.125,3.42439302183741e-11
29.66667,-100.625,3.66161005833235e-11
29.66667,-98.91667,4.9637650364634e-10
29.66667,-98.25,1.79468379316414e-09
29.66667,-95.75,5.36912660322121e-09
29.66667,-95.04167,5.91511058503849e-09
29.66667,-92.25,3.1389040818166e-11
29.66667,-85,3.38447374306785e-09
29.66667,-83.33333,7.80820161705838e-11
29.66667,-83.04167,1.92094495814604e-10
29.66667,-82.91667,2.54558660038145e-10
29.66667,-81.70833,1.44707907118007e-09
29.66667,-81.58333,1.57552462282177e-09
29.625,-99.20833,2.61499454197635e-10
29.625,-98.83333,9.78357055054168e-10
29.625,-97.375,1.5366721835614e-10
29.625,-96.33333,2.47974323381314e-10
29.625,-96.08333,3.76163729143209e-10
29.625,-94.5,9.74721961848901e-11
29.625,-91.70833,1.27575091156876e-10
29.625,-90.91667,2.0674311510025e-10
29.625,-90.04167,1.8062052736751e-10
29.625,-82.75,3.53103691033372e-10
29.625,-82.58333,9.61188937694369e-10
29.58333,-100.375,4.80505350556501e-11
29.58333,-99.66667,5.05572299240976e-11
29.58333,-98.83333,9.99762330475451e-10
29.58333,-98.66667,1.15499778971047e-08
29.58333,-97.79167,5.27711143300886e-10
29.58333,-97.70833,4.59079029239514e-10
29.58333,-94.5,1.37857596234193e-10
29.58333,-91.75,1.19817328824905e-10
29.58333,-90.83333,2.4286872187028e-10
29.58333,-82.83333,2.36820205199196e-10
29.58333,-82.58333,8.87819024916013e-10
29.58333,-82.20833,3.09986541909949e-10
29.58333,-81.83333,4.36593244297155e-10
29.54167,-103.4167,1.85331574520396e-11
29.54167,-99.83333,5.47522253421307e-11
29.54167,-99.54167,5.54353176979021e-11
29.54167,-98.91667,1.39605428912372e-09
29.54167,-98.70833,2.00261320320174e-09
29.54167,-98.08333,9.47958860153339e-10
29.54167,-97.95833,3.3838315970246e-09
29.54167,-95.95833,4.07881430718998e-10
29.54167,-90.79167,1.30514232765396e-09
29.54167,-83.125,7.63050398916665e-11
29.54167,-81.75,4.56357564012146e-10
29.54167,-81.66667,8.39586417954615e-10
29.54167,-81.375,4.77001767779521e-10
29.5,-104.3333,7.87346484122082e-12
29.5,-99.79167,5.49583774808631e-11
29.5,-99.33333,5.24289696497648e-11
29.5,-98.875,4.96449400113405e-10
29.5,-97.95833,2.97375426478288e-09
29.5,-97.41667,1.95360159438615e-10
29.5,-97.20833,2.36509492453864e-10
29.5,-96.58333,2.05882384998814e-10
29.5,-96.29167,2.50410216628002e-10
29.5,-96.16667,3.35295511996268e-10
29.5,-96.04167,4.31261956656683e-10
29.5,-95.625,3.96613216725735e-09
29.5,-91.875,1.03981927478055e-10
29.5,-91.08333,1.06812123583917e-10
29.5,-90.79167,9.44047508063948e-10
29.5,-90.41667,3.49189800389535e-10
29.5,-89.83333,1.21514223022031e-10
29.5,-82.91667,1.76663473509367e-10
29.5,-81.125,5.9326956900015e-10
29.45833,-104.125,7.8560835960103e-12
29.45833,-103.8333,8.11114655688073e-12
29.45833,-100.75,1.58345999721574e-10
29.45833,-98.875,9.96608690512081e-10
29.45833,-98.83333,1.14534483748947e-09
29.45833,-97.5,1.15949229853034e-10
29.45833,-95.58333,2.04645138758451e-10
29.45833,-95.33333,2.82484380473926e-09
29.45833,-89.83333,1.17313877563454e-10
29.45833,-89.58333,3.21108333175694e-11
29.45833,-82.45833,4.87085286794732e-10
29.45833,-82.20833,6.99993434495117e-10
29.45833,-81.33333,4.96899994635525e-10
29.41667,-100.125,4.85057229125919e-11
29.41667,-99.41667,6.06143548754097e-11
29.41667,-98.66667,1.3696712640341e-08
29.41667,-98.54167,2.37093725590289e-08
29.41667,-97.91667,5.33897790624342e-10
29.41667,-96.75,1.4797500341671e-10
29.41667,-95.625,4.26811621640712e-10
29.41667,-90.29167,1.4892278005192e-10
29.375,-103.6667,1.2698818319789e-11
29.375,-102.9583,9.40713133046014e-12
29.375,-100.9167,2.14514550758152e-09
29.375,-100.2917,5.17385408355686e-11
29.375,-99.95833,5.58418406461188e-11
29.375,-99.375,5.41182212585269e-11
29.375,-99.04167,2.62296177216471e-10
29.375,-96.66667,1.36033194930694e-10
29.375,-95.70833,9.09296974870967e-10
29.375,-95.54167,1.05917715983354e-09
29.375,-95.375,1.13244379205141e-09
29.375,-91.125,4.87024512766429e-11
29.375,-90.58333,1.18126917400249e-10
29.375,-90.45833,1.14152848689913e-10
29.375,-89.41667,2.06142661704646e-10
29.375,-82.45833,9.37357346637192e-10
29.375,-82.41667,9.63789471760445e-10
29.375,-81.33333,5.2698296153112e-10
29.33333,-103.375,1.32264707594175e-11
29.33333,-103.0833,9.07692551147613e-12
29.33333,-98.125,1.21424851731987e-09
29.33333,-98.04167,9.91689576872189e-10
29.33333,-98,3.21513176061314e-10
29.33333,-97.70833,2.25780394803284e-10
29.33333,-96.29167,3.76399024792242e-10
29.33333,-95.20833,2.00611675000741e-09
29.33333,-90.70833,1.28030651504298e-10
29.33333,-90.25,1.3247457811484e-10
29.33333,-89.95833,6.58766204821774e-11
29.33333,-89.875,6.69955238760843e-11
29.33333,-89.83333,6.75275266387065e-11
29.33333,-82.41667,9.41394226355187e-10
29.33333,-81.08333,7.85534142211468e-09
29.29167,-103.625,1.26048707697989e-11
29.29167,-103.4167,2.75720026243003e-11
29.29167,-103.25,2.85755080404303e-11
29.29167,-100.9167,8.03855493246566e-10
29.29167,-100.3333,5.53764881627783e-11
29.29167,-99.83333,5.46543543047595e-11
29.29167,-99.5,5.46696177031102e-11
29.29167,-98.08333,9.6072475747289e-10
29.29167,-97.75,1.72539185307693e-10
29.29167,-97.33333,2.79860089154518e-10
29.29167,-97.29167,2.16234041038827e-10
29.29167,-97.16667,2.56553171397367e-10
29.29167,-97.04167,1.88399703264367e-10
29.29167,-96.375,2.73880536695904e-10
29.29167,-89.08333,4.74394414153891e-10
29.29167,-82.58333,3.13614302265379e-10
29.29167,-82.5,4.12363394670987e-10
29.29167,-82.45833,4.33848118145061e-10
29.29167,-82.16667,2.48297058521765e-09
29.25,-99.33333,5.55121493273843e-11
29.25,-98.54167,1.36581715384498e-09
29.25,-97.29167,2.12821776268435e-10
29.25,-96.66667,1.75179986622672e-10
29.25,-95.58333,6.41787494157991e-10
29.25,-89.91667,6.1916920574963e-11
29.25,-89.66667,9.55114026949415e-11
29.25,-82.75,6.46682773954919e-11
29.25,-80.95833,1.76918110872476e-09
29.20833,-99.70833,5.36138091359477e-11
29.20833,-98.95833,5.43075729136052e-10
29.20833,-98.125,6.98904700013688e-10
29.20833,-97.875,2.14901173904131e-10
29.20833,-96.33333,3.81917857706903e-10
29.20833,-95.25,5.06525412639464e-10
29.20833,-91.25,2.89335426514065e-09
29.20833,-91.16667,4.04098919043122e-11
29.16667,-103.625,1.23641268680803e-11
29.16667,-103.5,2.65960672329025e-11
29.16667,-100.6667,5.78770193285657e-11
29.16667,-97.16667,2.45685792088251e-10
29.16667,-95.83333,2.26314039155081e-10
29.16667,-95.04167,5.61954197152688e-10
29.16667,-90.375,8.71469630162665e-11
29.16667,-81.33333,7.23521029408039e-10
29.125,-103.5,2.64259777483081e-11
29.125,-100.5833,3.23149843870933e-11
29.125,-99.75,3.24463395591984e-11
29.125,-98.70833,5.74552858340712e-10
29.125,-95.91667,3.80814337951872e-10
29.125,-90.66667,1.12872288725498e-10
29.125,-89.41667,5.8619383281996e-11
29.125,-89.04167,7.39064825215354e-10
29.125,-83,5.01003699225453e-11
29.125,-82.79167,8.47143978660405e-11
29.125,-82.58333,1.2478203216846e-10
29.125,-82.54167,1.55234323233987e-10
29.125,-82.375,7.58807573723743e-10
29.125,-81.41667,4.91152780914025e-10
29.08333,-103.5,7.98249403914185e-12
29.08333,-103.4583,2.64748850516145e-11
29.08333,-103.375,2.69273809952499e-11
29.08333,-103.3333,2.71597613187657e-11
29.08333,-99.70833,3.17620079158094e-11
29.08333,-97.70833,9.548252583395e-11
29.08333,-97.58333,1.45239179100371e-10
29.08333,-97.33333,1.82172468107784e-10
29.08333,-96.04167,1.94294102233292e-10
29.08333,-95.5,5.01325601485783e-09
29.08333,-89.25,4.37703996802188e-11
29.08333,-82.75,2.05606852678755e-10
29.04167,-99.91667,5.56134909970435e-11
29.04167,-99.20833,1.05969016860352e-10
29.04167,-99.125,7.9778752568772e-11
29.04167,-98.83333,1.61943018292824e-10
29.04167,-98.29167,2.81739652788815e-10
29.04167,-96.375,1.62429624979569e-10
29.04167,-95.58333,9.06770723364955e-10
29.04167,-82.79167,1.4852863076278e-10
29.04167,-82.125,1.96700490904549e-09
29.04167,-82.04167,2.40656499497086e-09
29.04167,-81.70833,2.17325720789571e-10
29.04167,-81.58333,2.95467186311131e-10
29.04167,-81.20833,2.04347020554607e-09
29,-100.5833,2.76867267155481e-11
29,-99.33333,9.07443343511645e-11
29,-99.04167,1.08051932651045e-10
29,-98.70833,4.12269164849607e-10
29,-97.75,8.2995406173744e-11
29,-97.33333,1.89780320198469e-10
29,-97.25,2.37656808008034e-10
29,-82.20833,1.45886989305936e-09
29,-81.5,9.1683445601968e-10
29,-81.20833,1.89917260750504e-09
28.95833,-99.91667,5.4093017435136e-11
28.95833,-99.5,3.24336367300041e-11
28.95833,-96.41667,1.76314463256502e-10
28.95833,-96.29167,1.07813202431953e-10
28.95833,-95.54167,3.78550883269295e-10
28.95833,-89.375,8.07273146376829e-11
28.91667,-100.25,3.83709451583817e-11
28.91667,-100.125,3.67158176810577e-11
28.91667,-99.41667,3.38261875223345e-11
28.91667,-97.95833,2.18835640140765e-10
28.91667,-82.625,7.35600412997902e-10
28.875,-100.4583,3.89382067859789e-11
28.875,-100.375,2.38906584427757e-11
28.875,-99,9.56280956289789e-11
28.875,-98.875,1.17466275588764e-10
28.875,-98.625,1.43848777862804e-10
28.875,-97.25,1.91867055787966e-10
28.875,-95.83333,1.11635560390836e-10
28.875,-82.41667,1.66324310228482e-09
28.875,-81.04167,7.91308428317143e-10
28.83333,-99.58333,6.0968784869622e-11
28.83333,-99,9.08238718762544e-11
28.83333,-98.5,1.77171190884017e-10
28.83333,-97.625,1.49947594314116e-10
28.83333,-82.41667,1.0418023345138e-09
28.79167,-97.75,2.51804918761761e-10
28.79167,-97.70833,2.56181230183864e-10
28.79167,-97,3.87116118454229e-10
28.79167,-96.5,2.09768875384571e-10
28.79167,-81.16667,2.06314521661788e-09
28.79167,-80.95833,5.19126308589041e-10
28.75,-98.25,1.41066532027539e-10
28.75,-97.625,1.12841106693098e-10
28.75,-97.33333,2.05697503236081e-10
28.75,-96.95833,4.90120272303754e-10
28.75,-96.625,1.48985350986602e-10
28.75,-96.375,1.39579881806282e-10
28.75,-95.66667,1.04170805089571e-10
28.75,-82,1.61526442529958e-09
28.70833,-99.70833,6.49405481519574e-11
28.70833,-98.45833,1.67307027221394e-10
28.70833,-96.25,1.98134801749618e-10
28.70833,-82.625,6.03289419325751e-10
28.66667,-98.75,6.10198655025248e-11
28.66667,-96.66667,1.28011980017122e-09
28.66667,-96.33333,6.79645155149535e-09
28.66667,-81.20833,9.56101268924481e-09
28.66667,-81.16667,3.97981640567649e-09
28.66667,-81.08333,2.53264769808417e-09
28.625,-100.4167,2.1764296855631e-10
28.625,-99.83333,5.43982084598551e-11
28.625,-99.79167,3.78753804904798e-11
28.625,-82.08333,5.62785380437429e-10
28.625,-81,8.80670844329736e-10
28.58333,-99.91667,5.93047672025397e-11
28.58333,-97.41667,1.12228593613324e-10
28.58333,-96.75,3.1082753582652e-10
28.58333,-81.41667,1.96990616256369e-08
28.54167,-98.29167,6.47895324099611e-11
28.54167,-98.125,9.92192620893148e-11
28.54167,-97.75,1.43779173385481e-10
28.54167,-96.125,3.06901444836e-09
28.54167,-81.79167,3.28060699137558e-09
28.54167,-81.33333,1.73267995742478e-08
28.5,-100.4167,1.28733269534321e-10
28.5,-99.41667,3.16605741632595e-11
28.5,-98.58333,5.26452045479905e-11
28.5,-98.33333,3.1641183684458e-11
28.5,-98.125,9.9083091336328e-11
28.5,-97.83333,9.87489883487259e-11
28.5,-97.41667,1.02748226174174e-10
28.5,-97.25,1.026793701377e-10
28.5,-82.375,1.83177505035472e-09
28.5,-81.08333,1.22320666765829e-09
28.5,-80.95833,9.25423742224688e-10
28.45833,-100.3333,7.39603856587478e-11
28.45833,-99.70833,3.05369121839173e-11
28.45833,-99.29167,3.47559643202387e-11
28.45833,-98.95833,2.86384297866033e-11
28.45833,-98.29167,9.56848268192878e-11
28.45833,-98.04167,9.62404911066863e-11
28.45833,-81.58333,2.61810036457417e-09
28.45833,-80.625,2.00187674880017e-08
28.45833,-80.5,1.2414887943652e-08
28.41667,-98.16667,9.59670519792685e-11
28.41667,-97.95833,1.64080412869949e-10
28.41667,-97.33333,7.69457762491765e-11
28.41667,-81.70833,1.17246220857096e-09
28.375,-96.375,3.2257370531741e-09
28.375,-82.58333,3.04122096031222e-09
28.375,-81.58333,5.87538112110854e-10
28.375,-80.875,1.34567920581127e-09
28.375,-80.79167,1.02483665595894e-08
28.33333,-100.1667,7.6651941486526e-11
28.33333,-100,2.11406188548647e-11
28.33333,-99.95833,2.13331831434958e-11
28.33333,-99.70833,2.29943475834027e-11
28.33333,-99.33333,3.76877625944087e-11
28.33333,-98.25,9.76415238641852e-11
28.33333,-97,5.0046817326101e-11
28.33333,-96.45833,5.43460133429979e-11
28.33333,-82.08333,4.66692512622605e-10
28.33333,-81.54167,1.37288857977575e-09
28.33333,-81.20833,2.11359806038548e-09
28.29167,-99.875,2.20526662333172e-11
28.29167,-99.54167,2.53384563559638e-11
28.29167,-97.75,1.4521802939594e-10
28.29167,-97.625,1.53011926272775e-10
28.29167,-81.79167,7.82416292444581e-10
28.29167,-81.20833,1.96440236198084e-09
28.29167,-81.16667,1.77437643496767e-10
28.29167,-81.04167,1.38298620081785e-10
28.25,-98.79167,4.18483088108863e-11
28.25,-98.25,5.14756000089559e-11
28.25,-97.54167,1.48273654096722e-10
28.25,-97.5,1.46746102653083e-10
28.25,-96.66667,1.16006623693578e-10
28.25,-82.29167,2.64765820781855e-09
28.25,-82.25,2.51079140975175e-09
28.25,-81.25,2.14959370403696e-09
28.20833,-100,2.20721152699865e-11
28.20833,-99.08333,3.11405615912564e-11
28.20833,-97.29167,1.15309233899902e-10
28.20833,-96.91667,4.86436032048436e-09
28.20833,-96.75,7.03258909658816e-09
28.20833,-82.04167,1.30328643404848e-09
28.20833,-81.58333,2.02055973353876e-09
28.16667,-100.0417,2.2089233770511e-11
28.16667,-99.08333,3.2026358147611e-11
28.16667,-98.20833,5.56223605540482e-11
28.16667,-97.5,1.69702396217151e-10
28.16667,-82.125,9.49328132360633e-10
28.125,-99.16667,3.24295216121839e-11
28.125,-99.08333,3.31765489216411e-11
28.125,-97.625,1.92920623862905e-10
28.125,-97.33333,1.56267052470474e-10
28.125,-97.25,1.4941780293456e-10
28.125,-82.29167,1.77793601899659e-09
28.08333,-99.5,4.58532953009069e-11
28.08333,-97.875,3.93353417876138e-10
28.08333,-97,3.75933817162214e-09
28.08333,-82.45833,1.33458697870855e-08
28.08333,-82.33333,5.96301712243637e-09
28.04167,-99.66667,4.42292868581816e-11
28.04167,-99.54167,4.71418681548613e-11
28.04167,-98.375,6.29234819784422e-11
28.04167,-98.08333,1.22037136778689e-10
28.04167,-97.66667,2.32992220471148e-10
28.04167,-97.5,3.31920387240702e-10
28.04167,-82.29167,3.94802810403465e-09
28,-99,5.45898636768949e-11
28,-97.66667,2.5930207689354e-10
28,-97.125,6.98177745075067e-10
28,-82.58333,1.32348846187847e-08
28,-81.75,4.84907453639716e-09
28,-81.58333,8.64478647629747e-10
27.95833,-99.54167,7.5962578972616e-11
27.95833,-99.04167,5.54393391859775e-11
27.95833,-97.5,1.73566304619385e-10
27.95833,-97.33333,1.32286831741146e-10
27.95833,-82.83333,9.3091024573678e-10
27.95833,-80.75,1.22333521886153e-09
27.91667,-98.83333,3.72682860802864e-11
27.91667,-82.04167,4.79864435182152e-09
27.91667,-81.54167,1.71196669229309e-09
27.91667,-81.41667,5.79815571890845e-10
27.91667,-81.29167,1.99282385775513e-10
27.875,-99.04167,3.90405377175962e-11
27.875,-98.875,3.72385803415361e-11
27.875,-98.54167,8.04371260948397e-11
27.875,-97.16667,8.57044361237468e-10
27.875,-81.83333,2.85108575199897e-09
27.875,-81.79167,1.25762191421359e-09
27.875,-81.33333,5.576245636835e-10
27.83333,-98.25,1.4553079852997e-10
27.83333,-97.83333,3.12131533415276e-10
27.83333,-82.625,2.04135036210731e-08
27.83333,-82.375,5.29448298755332e-09
27.83333,-82.29167,4.7774024298796e-09
27.83333,-81.16667,2.04353378419672e-10
27.83333,-80.54167,1.0383847684612e-09
27.79167,-99.5,1.00946163395303e-10
27.79167,-99.375,4.73009628832962e-11
27.79167,-99.33333,4.66828778341245e-11
27.79167,-98.66667,7.0595894334681e-11
27.79167,-98.375,1.17334987193004e-10
27.79167,-97.75,2.50375271714952e-10
27.79167,-97.54167,3.87374532437126e-10
27.79167,-80.625,3.06848039358145e-10
27.75,-99.45833,1.12424332951219e-10
27.75,-80.45833,1.14341507549303e-09
27.70833,-98.75,4.75807666568672e-11
27.70833,-98,1.85345829810906e-10
27.70833,-82.33333,3.38929485930202e-09
27.70833,-82,2.1702267584782e-10
27.66667,-99.625,7.16715023731223e-10
27.66667,-98.25,1.17234111008184e-10
27.66667,-97.625,3.45251742560938e-10
27.66667,-97.29167,1.04937799425537e-09
27.66667,-82.16667,9.16806149357159e-10
27.66667,-81.83333,6.12934008959406e-10
27.66667,-81.54167,1.29471329997816e-09
27.66667,-81.08333,1.67368417029015e-10
27.66667,-80.45833,6.50370615903472e-09
27.625,-99.16667,2.38759043045192e-10
27.625,-98.75,4.65845259947219e-11
27.625,-98.70833,4.49160803558549e-11
27.625,-97.29167,1.07255292654615e-09
27.625,-80.83333,2.22939010210752e-10
27.625,-80.75,3.33772980013663e-10
27.58333,-97.375,1.56434518045318e-10
27.58333,-81.91667,5.11680241802871e-10
27.58333,-81.08333,1.99658158980071e-10
27.54167,-82.125,4.76684738931087e-10
27.54167,-81.5,6.74711068913248e-10
27.54167,-81,1.74045200377316e-10
27.54167,-80.95833,1.65499166546925e-10
27.5,-98.58333,3.95289431357516e-11
27.5,-80.375,4.39591417909619e-09
27.5,-80.25,9.98192214450802e-09
27.45833,-99.16667,1.8252819165128e-10
27.45833,-99.04167,1.9409996695685e-10
27.45833,-98.125,2.09327996265946e-10
27.45833,-97.58333,7.08140019157524e-11
27.45833,-82.625,3.21344131593945e-08
27.45833,-81.75,2.58907244168279e-10
27.45833,-81.41667,1.73783099951804e-09
27.45833,-81.20833,4.41127478861039e-10
27.45833,-81.04167,1.81382114653846e-10
27.45833,-80.95833,1.68339407623421e-10
27.41667,-81.54167,1.17305158625851e-09
27.41667,-81.08333,1.88840160653215e-10
27.41667,-80.375,7.58003102133518e-09
27.375,-98.58333,3.82420193705656e-11
27.375,-98.125,2.03677552280919e-10
27.375,-97.70833,1.52400759747633e-10
27.375,-81.29167,4.50219480336622e-10
27.375,-80.66667,3.183017373154e-10
27.33333,-98.25,1.02016943136813e-10
27.33333,-97.79167,1.48624854395334e-10
27.33333,-97.5,5.51965941620459e-11
27.33333,-82.20833,7.28948440540612e-10
27.33333,-82.125,6.00344567899963e-10
27.33333,-82,3.64632051270541e-10
27.33333,-81.25,4.03565442162347e-10
27.33333,-80.375,6.1149664593192e-09
27.29167,-98.70833,6.1035485372757e-11
27.29167,-82.58333,1.58159236940699e-08
27.25,-98.16667,8.25767066022806e-10
27.25,-97.45833,3.44381682162521e-11
27.20833,-80.83333,7.38682267233278e-10
27.16667,-99.20833,5.80281317766631e-11
27.16667,-97.95833,5.4022224113413e-11
27.16667,-82.5,1.97031666765573e-09
27.16667,-81.16667,1.62446017578386e-10
27.16667,-80.66667,3.65719326441379e-10
27.16667,-80.29167,5.07826397168186e-09
27.125,-82.33333,6.71627738842663e-10
27.125,-81.58333,2.17074514649343e-10
27.125,-81.29167,2.15626219480886e-10
27.08333,-98.75,3.90211265820225e-11
27.08333,-97.5,3.90200668752322e-09
27.08333,-82.20833,2.87924746437756e-09
27.04167,-99,4.2250561945765e-11
27.04167,-97.91667,4.85573253772831e-11
27.04167,-82.41667,3.45978922682295e-09
27.04167,-80.25,2.1840159838768e-09
27,-99.41667,8.89260072817619e-11
27,-99.375,4.24111207440737e-11
27,-99,4.29678924363742e-11
27,-98.54167,3.9941743857485e-11
27,-98.25,3.02061511487496e-11
26.95833,-99.375,4.41895419720045e-11
26.95833,-98.16667,3.52148212547866e-11
26.95833,-97.95833,3.2362870004408e-11
26.95833,-97.45833,3.58479549720911e-09
26.95833,-81.41667,1.0296120106646e-10
26.95833,-80.16667,7.76009033892233e-09
26.91667,-80.5,1.47692019874711e-10
26.875,-98.95833,3.80662361882261e-11
26.875,-97.95833,3.44596312480583e-11
26.875,-81.95833,3.01397075368893e-10
26.875,-80.41667,1.72814872207295e-10
26.83333,-99,3.71127046617747e-11
26.83333,-98.04167,3.63687431890909e-11
26.79167,-99.125,3.64298859590848e-11
26.79167,-80.5,2.97821306847535e-10
26.79167,-80.41667,3.64594879674007e-10
26.75,-82.125,1.16564324809544e-09
26.75,-81.625,7.33101160601468e-10
26.75,-81.58333,1.30550110812727e-09
26.75,-81.54167,1.09329826274401e-09
26.75,-81.375,2.33257953714445e-10
26.70833,-98.125,6.95436114558729e-11
26.70833,-97.91667,3.95291977066884e-11
26.70833,-81.95833,1.68176814388656e-09
26.70833,-81.70833,1.74134483072247e-09
26.66667,-98.875,1.18729134186218e-10
26.66667,-98.5,1.98787187506808e-10
26.66667,-98.33333,6.47816603584495e-11
26.66667,-98.20833,8.05620094119333e-11
26.66667,-97.83333,3.93994045545678e-11
26.625,-99.20833,1.97630494404372e-11
26.625,-80.70833,4.73649437292918e-10
26.58333,-98.875,1.05140436296124e-10
26.58333,-97.75,8.66501364611882e-11
26.58333,-97.66667,5.61563570977847e-11
26.58333,-81.625,1.57075033071975e-09
26.58333,-81.04167,1.49749991488814e-10
26.58333,-80.20833,5.34617480929915e-09
26.58333,-80.04167,1.31606172500031e-08
26.54167,-99.04167,8.75663322582925e-11
26.54167,-98.75,1.21130406388902e-10
26.54167,-98.33333,7.10718343402155e-11
26.54167,-97.45833,4.98797269954225e-11
26.54167,-80.58333,6.64403774492165e-11
26.5,-81.83333,7.58964609941742e-09
26.5,-80.875,3.22293564478253e-11
26.45833,-98.41667,4.30258211003036e-10
26.45833,-81.83333,3.47224318042473e-09
26.45833,-81.375,6.0351508690141e-10
26.41667,-99.125,7.97394148585487e-11
26.41667,-99.04167,1.21234543921713e-10
26.41667,-98.33333,1.68460115255654e-09
26.41667,-80.70833,5.49152411509999e-11
26.375,-98.875,1.09547394861391e-10
26.375,-98.54167,2.71043582600241e-10
26.375,-98.16667,1.72396518759912e-09
26.375,-97.70833,3.82698021522651e-10
26.375,-80.16667,1.27901637955316e-08
26.33333,-98.04167,1.5393442432514e-09
26.33333,-97.875,5.92892082226566e-10
26.33333,-97.16667,6.51318281349473e-11
26.33333,-80.875,3.48506642301326e-11
26.33333,-80.125,2.83463141379741e-08
26.29167,-98.375,2.5341951369948e-09
26.29167,-80.95833,1.09284360867163e-10
26.29167,-80.70833,4.50131809397652e-11
26.29167,-80.58333,5.57979011327065e-11
26.29167,-80.5,2.25847558077174e-10
26.29167,-80.45833,2.4675062718882e-10
26.29167,-80.33333,4.14232982525455e-10
26.25,-97.625,1.8307310047047e-09
26.25,-81.375,1.56608275639783e-10
26.25,-81.25,1.32872923224741e-10
26.25,-80.20833,3.34042777911978e-08
26.20833,-97.875,1.0434493783382e-09
26.20833,-81.70833,5.11847007270733e-09
26.20833,-81.33333,1.4495300960346e-10
26.16667,-98.16667,3.00935782789875e-09
26.16667,-81.83333,1.2935272034918e-08
26.16667,-81.75,1.1795987805262e-08
26.16667,-81.33333,9.8581646435933e-11
26.16667,-80.79167,4.38196132298058e-11
26.125,-97.58333,8.18648559445412e-10
26.125,-97.29167,5.2023615043985e-10
26.125,-80.79167,4.51845107491352e-11
26.04167,-97.58333,8.18866137725097e-10
26.04167,-97.25,5.43335777612073e-10
26.04167,-97.16667,1.17872743232997e-10
26,-97.58333,8.29581260691236e-10
26,-81.66667,1.37832732254632e-10
26,-81.5,1.09876700810332e-10
25.95833,-97.45833,4.68914794506278e-09
25.95833,-81.41667,6.97682971479342e-11
25.91667,-97.16667,8.20225824287905e-11
25.875,-81,5.70375676297117e-11
25.875,-80.95833,6.04446756602777e-11
25.875,-80.91667,6.43827815440315e-11
25.875,-80.16667,3.20012412982223e-08
25.83333,-81.66667,4.97616728398138e-10
25.79167,-81.41667,3.83632535081354e-11
25.75,-80.29167,3.16835169966846e-08
25.75,-80.25,2.45151797546415e-08
25.70833,-80.625,2.02147469415354e-10
25.70833,-80.375,2.07029391849311e-08
25.66667,-80.95833,6.21238211633789e-11
25.66667,-80.75,1.60351613719242e-10
25.625,-81.29167,3.02853496673816e-11
25.58333,-81.16667,4.29920401720083e-11
25.54167,-81.25,2.82518856426579e-11
25.54167,-81,5.11319148715879e-11
25.5,-81.25,2.77140921051413e-11
25.5,-81.16667,4.28540584464023e-11
25.45833,-80.83333,9.4972274942977e-11
25.41667,-80.41667,8.18648009607304e-10
25.33333,-81.08333,3.15589766109423e-11
25.33333,-80.91667,5.51858419689412e-11
25.33333,-80.25,1.71187026894119e-08
25.29167,-80.33333,4.84834854875364e-10
25.25,-81.125,4.47863662355662e-11
25.125,-80.95833,3.40455758881289e-11
25.08333,-80.83333,6.42105703495846e-11
24.91667,-80.75,1.23215473442927e-10
24.79167,-81.33333,4.9003123472355e-09
