"Latitude","Longitude","intensity"
49.2916666666615,-94.9999999997608,1.95125737204901e-10
49.0833333333265,-94.8749999997598,2.18137848697989e-10
49.0416666666595,-122.208333333311,1.77543847057286e-09
49.0416666666595,-120.999999999968,2.23813503794164e-10
49.0416666666595,-120.874999999967,2.13795811043242e-10
49.0416666666595,-120.624999999965,2.0101458921975e-10
49.0416666666595,-120.124999999961,1.80950321451021e-10
49.0416666666595,-118.33333333328,2.19725975173003e-10
49.0416666666595,-118.249999999946,2.24395387380746e-10
49.0416666666595,-117.791666666609,4.74016593024441e-10
49.0416666666595,-115.791666666593,2.14584492849592e-10
49.0416666666595,-115.583333333258,2.04602339407724e-10
49.0416666666595,-115.41666666659,2.00388270017929e-10
49.0416666666595,-115.374999999923,2.80925835138774e-10
49.0416666666595,-109.99999999988,1.28834573598405e-10
49.0416666666595,-109.833333333212,1.28465053809741e-10
49.0416666666595,-109.16666666654,1.16893445578042e-10
49.0416666666595,-108.708333333203,1.04540816624873e-10
49.0416666666595,-107.91666666653,1.00716419784347e-10
49.0416666666595,-105.624999999845,1.43026187543003e-10
49.0416666666595,-105.166666666508,1.53167928610938e-10
49.0416666666595,-103.499999999828,1.91078895929001e-10
49.0416666666595,-102.749999999822,2.19308943819645e-10
49.0416666666595,-102.041666666483,2.0156632870549e-10
49.0416666666595,-101.749999999814,2.02288523962407e-10
49.0416666666595,-101.166666666477,2.09807858584993e-10
49.0416666666595,-98.2083333331196,3.01949953684859e-10
49.0416666666595,-96.4999999997727,3.3786634001442e-10
49.0416666666595,-95.8749999997677,5.53454309183367e-10
49.0416666666595,-95.3333333330967,7.30159746560979e-10
48.9999999999925,-123.083333333318,6.16647001784253e-10
48.9999999999925,-122.791666666649,5.20366157282534e-09
48.9999999999925,-121.333333333304,1.1137246841073e-10
48.9999999999925,-119.249999999954,8.30226049574685e-11
48.9999999999925,-116.374999999931,6.93331898162933e-11
48.9999999999925,-113.74999999991,1.64051244497926e-10
48.9999999999925,-113.708333333243,1.62177058687503e-10
48.9999999999925,-113.416666666574,1.52974609696986e-10
48.9999999999925,-112.041666666563,1.50651778010724e-10
48.9999999999925,-111.791666666561,1.51289676198091e-10
48.9999999999925,-111.041666666555,1.46733574031147e-10
48.9999999999925,-110.166666666548,1.31159401094406e-10
48.9999999999925,-107.91666666653,1.02334898119689e-10
48.9999999999925,-105.916666666514,1.29759486204212e-10
48.9999999999925,-103.458333333161,1.99451224670622e-10
48.9999999999925,-102.958333333157,2.47273651214867e-10
48.9999999999925,-101.499999999812,2.16941004527962e-10
48.9999999999925,-97.4999999997807,2.41314778831509e-10
48.9999999999925,-96.2916666664377,4.68074715302534e-11
48.9999999999925,-95.7083333330997,8.42549251737917e-10
48.9583333333255,-122.833333333316,2.93870969279235e-09
48.9583333333255,-119.541666666623,8.33286644700802e-11
48.9583333333255,-119.16666666662,8.52373008909466e-11
48.9583333333255,-118.958333333285,8.85843237411788e-11
48.9583333333255,-118.583333333282,2.79091821300945e-11
48.9583333333255,-117.624999999941,6.4791236359043e-11
48.9583333333255,-116.6666666666,4.60991827660778e-11
48.9583333333255,-115.249999999922,1.71009541176611e-10
48.9583333333255,-114.249999999914,1.54232335391802e-11
48.9583333333255,-113.624999999909,4.30532974986375e-11
48.9583333333255,-113.166666666572,2.46583806926841e-11
48.9583333333255,-112.416666666566,2.5270956384028e-11
48.9583333333255,-111.458333333225,5.26073954098471e-11
48.9583333333255,-109.791666666545,2.45253669551147e-11
48.9583333333255,-109.749999999878,2.44874910280137e-11
48.9583333333255,-109.416666666542,2.38528044357007e-11
48.9583333333255,-104.749999999838,5.01439189213269e-11
48.9583333333255,-103.291666666493,4.59913485766184e-11
48.9583333333255,-102.124999999817,3.92269604184127e-11
48.9583333333255,-101.916666666482,4.16423197928685e-11
48.9583333333255,-101.583333333146,7.50835565176229e-11
48.9583333333255,-100.70833333314,1.2985232863019e-10
48.9583333333255,-100.416666666471,3.66487186469329e-11
48.9583333333255,-99.8333333331326,5.47921588132382e-11
48.9583333333255,-97.5416666664477,2.93455254622892e-10
48.9583333333255,-97.4166666664467,1.38886378208024e-10
48.9583333333255,-95.9583333331017,4.62326865313467e-11
48.9583333333255,-95.8749999997677,9.33344484048536e-11
48.9583333333255,-94.9999999997608,2.9242852523053e-11
48.9166666666585,-122.749999999982,6.68581497013033e-09
48.9166666666585,-121.624999999973,3.39964774874142e-10
48.9166666666585,-120.8333333333,2.20110930013737e-10
48.9166666666585,-120.624999999965,2.09077353364968e-10
48.9166666666585,-120.458333333297,3.63188949290541e-11
48.9166666666585,-120.208333333295,1.92580045380875e-10
48.9166666666585,-119.791666666625,8.46850937572278e-11
48.9166666666585,-116.416666666598,7.75037472183154e-11
48.9166666666585,-116.208333333263,7.41223018694368e-11
48.9166666666585,-115.958333333261,4.40316519829639e-11
48.9166666666585,-114.58333333325,1.64038874484011e-11
48.9166666666585,-114.041666666579,1.52473771562024e-11
48.9166666666585,-112.91666666657,2.51310285748537e-11
48.9166666666585,-112.166666666564,5.49687659681539e-11
48.9166666666585,-111.999999999896,2.85445342546518e-11
48.9166666666585,-109.499999999876,2.45251839797697e-11
48.9166666666585,-109.374999999875,2.42511674570712e-11
48.9166666666585,-108.249999999866,9.24119212436669e-12
48.9166666666585,-107.749999999862,1.89172582377964e-11
48.9166666666585,-103.291666666493,4.73047895685295e-11
48.9166666666585,-102.541666666487,7.47210840326951e-11
48.9166666666585,-102.166666666484,3.46552289087023e-11
48.9166666666585,-100.374999999804,3.70324252158493e-11
48.9166666666585,-98.6666666664566,2.51880516429243e-10
48.9166666666585,-97.9583333331176,1.06741940511577e-10
48.9166666666585,-97.9166666664506,1.0917840158095e-10
48.9166666666585,-97.6666666664486,2.79494485165568e-10
48.9166666666585,-95.9583333331017,4.78991427942135e-11
48.9166666666585,-95.4166666664307,1.4589716354471e-10
48.9166666666585,-94.9999999997608,1.10000901174976e-10
48.8749999999915,-122.249999999978,2.38121865684408e-10
48.8749999999915,-120.749999999966,2.17996824897541e-10
48.8749999999915,-119.916666666626,6.2741885351537e-11
48.8749999999915,-119.499999999956,8.78243534983843e-11
48.8749999999915,-117.124999999937,1.40140105390643e-10
48.8749999999915,-116.958333333269,4.78892035738577e-11
48.8749999999915,-116.749999999934,4.94335475073002e-11
48.8749999999915,-115.291666666589,3.14341159795333e-10
48.8749999999915,-115.166666666588,1.79205474632442e-10
48.8749999999915,-114.791666666585,2.74125024002922e-11
48.8749999999915,-113.208333333239,2.55561752364018e-11
48.8749999999915,-111.041666666555,2.16737358574844e-11
48.8749999999915,-110.249999999882,2.61310073474596e-11
48.8749999999915,-109.666666666544,2.58306802206014e-11
48.8749999999915,-109.041666666539,2.24648176523225e-11
48.8749999999915,-106.791666666521,6.93957448005826e-12
48.8749999999915,-104.124999999833,2.53244361420052e-11
48.8749999999915,-103.708333333163,8.3698437553487e-12
48.8749999999915,-102.999999999824,4.82600540713081e-11
48.8749999999915,-102.49999999982,3.47076623994986e-11
48.8749999999915,-102.291666666485,3.52364031163632e-11
48.8749999999915,-102.249999999818,3.5247089680556e-11
48.8749999999915,-101.916666666482,4.15151489631566e-11
48.8749999999915,-101.333333333144,7.31904222069727e-11
48.8749999999915,-101.041666666476,4.84241490558849e-11
48.8749999999915,-100.916666666475,1.47754926155571e-10
48.8749999999915,-100.458333333138,1.20407404471434e-10
48.8749999999915,-99.8333333331326,1.2971777694714e-10
48.8749999999915,-99.5416666664636,9.69680713825855e-11
48.8749999999915,-98.2499999997866,6.1970668667013e-11
48.8749999999915,-96.0833333331027,6.29247332323921e-11
48.8333333333245,-121.458333333305,3.14156442653181e-10
48.8333333333245,-120.874999999967,2.27783667895755e-10
48.8333333333245,-120.458333333297,3.74001729635451e-11
48.8333333333245,-120.083333333294,1.99378288611276e-10
48.8333333333245,-119.249999999954,4.4021554687114e-11
48.8333333333245,-117.999999999944,8.3413244513585e-11
48.8333333333245,-117.91666666661,5.30247440576984e-11
48.8333333333245,-117.041666666603,1.47217130373898e-10
48.8333333333245,-115.874999999927,4.53950379403438e-11
48.8333333333245,-114.916666666586,2.84904145741834e-11
48.8333333333245,-111.749999999894,3.06476408516803e-11
48.8333333333245,-109.499999999876,2.65077370500422e-11
48.8333333333245,-109.291666666541,2.49557205171299e-11
48.8333333333245,-107.958333333197,2.87364085470513e-11
48.8333333333245,-107.833333333196,2.86566255322785e-11
48.8333333333245,-107.49999999986,1.94097063381737e-11
48.8333333333245,-107.249999999858,2.85432198007941e-11
48.8333333333245,-106.791666666521,7.05211720623297e-12
48.8333333333245,-105.124999999841,4.38227517830347e-11
48.8333333333245,-104.833333333172,5.31469788296565e-11
48.8333333333245,-104.124999999833,2.5891700900965e-11
48.8333333333245,-103.083333333158,2.75174740179183e-11
48.8333333333245,-102.416666666486,3.49035658101395e-11
48.8333333333245,-101.916666666482,4.25374090068489e-11
48.8333333333245,-98.8333333331246,8.53124620000834e-11
48.8333333333245,-96.9999999997767,1.69470705039526e-10
48.8333333333245,-96.8333333331087,7.82477994442891e-11
48.8333333333245,-95.8333333331007,2.34603133620645e-10
48.7916666666575,-122.541666666647,5.39995154926291e-09
48.7916666666575,-121.499999999972,1.35087295162177e-10
48.7916666666575,-120.624999999965,3.92497080118198e-11
48.7916666666575,-119.124999999953,4.51464965313484e-11
48.7916666666575,-118.999999999952,6.18233592863396e-11
48.7916666666575,-117.708333333275,8.68890067576583e-11
48.7916666666575,-116.6666666666,5.44177853937971e-11
48.7916666666575,-115.166666666588,1.90433068341634e-10
48.7916666666575,-114.833333333252,7.79842140844908e-11
48.7916666666575,-114.16666666658,1.73420315113188e-11
48.7916666666575,-112.999999999904,2.61185267322309e-11
48.7916666666575,-112.333333333232,6.07661314412173e-11
48.7916666666575,-110.583333333218,1.91386994201602e-11
48.7916666666575,-109.874999999879,2.73757675738581e-11
48.7916666666575,-108.458333333201,9.59884241576376e-12
48.7916666666575,-106.624999999853,1.32097429947707e-11
48.7916666666575,-105.666666666512,4.10092357638494e-11
48.7916666666575,-105.499999999844,3.1645953496229e-11
48.7916666666575,-104.749999999838,2.81009180407168e-11
48.7916666666575,-104.374999999835,2.88265887542902e-11
48.7916666666575,-103.958333333165,2.56890110061966e-11
48.7916666666575,-103.624999999829,8.93300814308219e-12
48.7916666666575,-102.749999999822,6.60364803879386e-11
48.7916666666575,-101.333333333144,6.15093092845105e-11
48.7916666666575,-100.666666666473,1.45974596553108e-10
48.7916666666575,-100.416666666471,4.02565934475544e-11
48.7916666666575,-100.041666666468,2.76665999082151e-11
48.7916666666575,-99.4583333331296,6.24546662876035e-11
48.7916666666575,-97.8749999997836,1.35397350725639e-10
48.7916666666575,-95.6249999997657,1.03731104871717e-10
48.7916666666575,-95.4999999997647,9.25208016824216e-11
48.7916666666575,-95.1666666664288,6.15763359433488e-11
48.7499999999905,-122.91666666665,3.20406207744911e-09
48.7499999999905,-122.208333333311,9.87585070664124e-11
48.7499999999905,-121.458333333305,1.32941461017061e-10
48.7499999999905,-120.624999999965,3.9859816735203e-11
48.7499999999905,-119.624999999957,7.83717849358441e-11
48.7499999999905,-117.249999999938,4.78443617606007e-11
48.7499999999905,-116.999999999936,3.15704010662993e-10
48.7499999999905,-116.499999999932,6.11742751197454e-11
48.7499999999905,-115.624999999925,4.59858483444155e-11
48.7499999999905,-115.499999999924,3.60627564702973e-10
48.7499999999905,-113.416666666574,4.92773283023709e-11
48.7499999999905,-112.958333333237,2.64839413015e-11
48.7499999999905,-112.791666666569,2.67146314139256e-11
48.7499999999905,-109.916666666546,2.80049256654731e-11
48.7499999999905,-109.708333333211,2.88576079838653e-11
48.7499999999905,-109.666666666544,2.89053829152382e-11
48.7499999999905,-109.624999999877,2.88718984082848e-11
48.7499999999905,-107.333333333192,2.96193918976887e-11
48.7499999999905,-106.749999999854,7.32831850052493e-12
48.7499999999905,-106.624999999853,1.3455650336185e-11
48.7499999999905,-105.708333333179,2.42753403229086e-11
48.7499999999905,-104.99999999984,4.42064041841708e-11
48.7499999999905,-104.791666666505,2.70822449968989e-11
48.7499999999905,-104.499999999836,3.37269058889046e-11
48.7499999999905,-103.874999999831,6.56283659617544e-11
48.7499999999905,-103.208333333159,3.63373654802691e-11
48.7499999999905,-99.2499999997946,4.07243281869415e-11
48.7499999999905,-97.8333333331166,1.46639777203302e-10
48.7499999999905,-95.2916666664297,6.86354026411976e-11
48.7083333333236,-122.958333333317,3.03397351978917e-09
48.7083333333236,-121.833333333308,8.41183181213456e-11
48.7083333333236,-121.791666666641,8.09101722686321e-11
48.7083333333236,-121.208333333303,1.14787427571776e-10
48.7083333333236,-120.541666666631,3.97751410530114e-11
48.7083333333236,-119.16666666662,4.74169291279641e-11
48.7083333333236,-118.041666666611,1.01680770651621e-10
48.7083333333236,-116.166666666596,9.52734325993127e-11
48.7083333333236,-115.249999999922,3.56303562682453e-10
48.7083333333236,-114.708333333251,8.41389067036762e-11
48.7083333333236,-113.874999999911,1.68029468790504e-11
48.7083333333236,-111.66666666656,1.63032961831575e-11
48.7083333333236,-110.583333333218,2.02814577651776e-11
48.7083333333236,-109.416666666542,2.89180081195892e-11
48.7083333333236,-109.333333333208,2.76808704412536e-11
48.7083333333236,-107.708333333195,2.08840011896746e-11
48.7083333333236,-106.541666666519,1.378789921124e-11
48.7083333333236,-105.499999999844,2.95462804984971e-11
48.7083333333236,-105.374999999843,3.16449338661002e-11
48.7083333333236,-104.291666666501,6.35483947273752e-11
48.7083333333236,-103.33333333316,3.39834603669218e-11
48.7083333333236,-101.958333333149,4.61650295638343e-11
48.7083333333236,-99.7499999997986,2.98497337000496e-11
48.7083333333236,-99.6666666664646,2.9924359609052e-11
48.7083333333236,-99.5833333331306,1.39002081666329e-10
48.7083333333236,-94.8749999997598,1.13911025445304e-10
48.6666666666566,-123.124999999985,2.49010227912872e-09
48.6666666666566,-122.08333333331,1.6603608386094e-10
48.6666666666566,-121.874999999975,1.31705666015382e-10
48.6666666666566,-115.499999999924,3.94513924161545e-10
48.6666666666566,-114.833333333252,4.55441283736744e-11
48.6666666666566,-114.499999999916,2.04531003465105e-11
48.6666666666566,-113.833333333244,5.19238870830259e-11
48.6666666666566,-113.624999999909,5.03486162075526e-11
48.6666666666566,-113.249999999906,1.85278798287995e-11
48.6666666666566,-112.541666666567,2.81398589464166e-11
48.6666666666566,-111.958333333229,5.0540409335736e-11
48.6666666666566,-111.416666666558,2.53801217011648e-11
48.6666666666566,-110.291666666549,2.86586877871347e-11
48.6666666666566,-107.833333333196,1.35274315285079e-11
48.6666666666566,-106.291666666517,2.11678433301844e-11
48.6666666666566,-105.208333333175,4.51780236302454e-11
48.6666666666566,-104.749999999838,2.75346470959292e-11
48.6666666666566,-101.499999999812,1.00863867161839e-10
48.6666666666566,-101.333333333144,1.04559501566181e-10
48.6666666666566,-100.916666666475,1.0356366554033e-10
48.6666666666566,-99.5833333331306,1.41458481912578e-10
48.6666666666566,-95.5416666664317,9.35876215829232e-11
48.6666666666566,-95.4166666664307,8.96523080542246e-11
48.6666666666566,-93.8749999997518,2.86847928995684e-10
48.6249999999896,-122.333333333312,2.28745787756185e-09
48.6249999999896,-121.749999999974,1.13460334969649e-10
48.6249999999896,-119.958333333293,7.09742994419598e-11
48.6249999999896,-118.291666666613,4.87250731254959e-11
48.6249999999896,-117.166666666604,4.56878368420724e-11
48.6249999999896,-116.708333333267,7.44162758132283e-11
48.6249999999896,-115.749999999926,5.22086352694737e-11
48.6249999999896,-115.333333333256,3.94243962779873e-10
48.6249999999896,-113.833333333244,5.34637724837735e-11
48.6249999999896,-112.624999999901,2.81705496642168e-11
48.6249999999896,-112.208333333231,7.56711509752693e-11
48.6249999999896,-111.874999999895,1.90978724967922e-11
48.6249999999896,-111.749999999894,1.87885024720662e-11
48.6249999999896,-111.291666666557,2.67375970990975e-11
48.6249999999896,-111.083333333222,2.82605525047737e-11
48.6249999999896,-110.333333333216,2.96657255824274e-11
48.6249999999896,-110.249999999882,2.90123212450058e-11
48.6249999999896,-110.124999999881,2.01416294819433e-11
48.6249999999896,-107.08333333319,7.34664995704084e-12
48.6249999999896,-106.833333333188,7.68120941584676e-12
48.6249999999896,-105.958333333181,3.35822016100097e-11
48.6249999999896,-105.499999999844,2.65018622644494e-11
48.6249999999896,-105.083333333174,4.28774807612416e-11
48.6249999999896,-103.666666666496,3.6392222304671e-11
48.6249999999896,-103.33333333316,5.17716470500987e-11
48.6249999999896,-102.958333333157,5.44083316514367e-11
48.6249999999896,-101.333333333144,1.13618934770928e-10
48.6249999999896,-100.083333333135,3.64061126054206e-11
48.6249999999896,-99.9166666664666,3.06381933556396e-11
48.6249999999896,-96.7083333331077,8.92778345586929e-11
48.6249999999896,-95.8333333331007,9.96141871796327e-11
48.6249999999896,-94.9999999997608,2.55770606285289e-10
48.6249999999896,-94.3333333330888,4.83381290418803e-11
48.6249999999896,-94.0416666664198,2.05762317848778e-10
48.5833333333226,-122.541666666647,2.62132316421069e-09
48.5833333333226,-119.749999999958,1.32984211617205e-10
48.5833333333226,-119.416666666622,9.45328503181587e-11
48.5833333333226,-118.33333333328,4.76958082055571e-11
48.5833333333226,-117.583333333274,8.66408547587656e-11
48.5833333333226,-114.958333333253,6.76941090265541e-11
48.5833333333226,-112.624999999901,2.86502102175541e-11
48.5833333333226,-111.124999999889,2.91272132857707e-11
48.5833333333226,-110.999999999888,3.18116625277996e-11
48.5833333333226,-109.749999999878,4.37500118507882e-10
48.5833333333226,-109.499999999876,3.67462234099715e-11
48.5833333333226,-108.666666666536,1.7688506325699e-11
48.5833333333226,-108.374999999867,1.0474885763951e-11
48.5833333333226,-107.958333333197,6.03362032494724e-11
48.5833333333226,-106.499999999852,1.81551979992886e-11
48.5833333333226,-106.24999999985,2.20429159406792e-11
48.5833333333226,-105.458333333177,2.5845981351018e-11
48.5833333333226,-103.499999999828,5.03830462171271e-11
48.5833333333226,-102.999999999824,5.34656842535824e-11
48.5833333333226,-102.458333333153,4.56671039293076e-11
48.5833333333226,-101.458333333145,1.20386751132531e-10
48.5833333333226,-100.70833333314,1.20592152287165e-10
48.5833333333226,-100.041666666468,3.63984733430732e-11
48.5833333333226,-97.9166666664506,1.03446038889019e-10
48.5833333333226,-97.7499999997826,1.11303905711594e-10
48.5833333333226,-96.5416666664397,8.77588343871356e-11
48.5833333333226,-96.2916666664377,1.16970291418817e-10
48.5833333333226,-95.4999999997647,8.99763699058089e-11
48.5833333333226,-95.4583333330977,8.8311337062889e-11
48.5833333333226,-95.2083333330958,2.88552158752549e-10
48.5833333333226,-95.0833333330948,2.67683395462174e-10
48.5833333333226,-93.8749999997518,2.23723748535178e-10
48.5833333333226,-93.2083333330798,5.9233780502783e-11
48.5416666666556,-123.124999999985,7.11687673471134e-10
48.5416666666556,-121.958333333309,2.29356930060858e-10
48.5416666666556,-120.791666666633,3.45442178535647e-10
48.5416666666556,-119.791666666625,1.38513802427777e-10
48.5416666666556,-118.33333333328,4.82928431698904e-11
48.5416666666556,-117.833333333276,2.51478705914492e-10
48.5416666666556,-113.541666666575,4.87957385024185e-11
48.5416666666556,-111.041666666555,3.35567386799039e-11
48.5416666666556,-108.374999999867,1.87330723090374e-11
48.5416666666556,-108.3333333332,5.80654444003602e-11
48.5416666666556,-107.999999999864,6.22369321435399e-11
48.5416666666556,-107.624999999861,3.4356704975876e-11
48.5416666666556,-107.416666666526,3.25402918680082e-11
48.5416666666556,-106.916666666522,7.87085570420602e-12
48.5416666666556,-106.24999999985,2.25016603933229e-11
48.5416666666556,-104.208333333167,3.13884918225e-11
48.5416666666556,-103.041666666491,7.8512222301137e-11
48.5416666666556,-101.916666666482,7.82708011626236e-11
48.5416666666556,-101.333333333144,1.40507002130933e-10
48.5416666666556,-100.999999999809,7.60152195367633e-11
48.5416666666556,-98.6666666664566,3.4613160707665e-11
48.5416666666556,-98.4999999997886,6.5502571113776e-11
48.5416666666556,-96.9166666664427,1.22753607680668e-10
48.5416666666556,-96.8749999997757,1.24655891265832e-10
48.5416666666556,-95.1666666664288,2.81182953235955e-10
48.5416666666556,-94.7083333330918,6.54651223721777e-11
48.5416666666556,-94.4583333330898,6.80823208199469e-11
48.5416666666556,-94.3749999997558,4.92846632521274e-11
48.4999999999886,-122.749999999982,1.14605406738954e-08
48.4999999999886,-121.708333333307,1.2220803249908e-10
48.4999999999886,-117.249999999938,8.15353606531734e-11
48.4999999999886,-116.958333333269,6.33298048389315e-11
48.4999999999886,-113.958333333245,6.41556675408138e-11
48.4999999999886,-113.833333333244,5.8187663848545e-11
48.4999999999886,-112.749999999902,1.93286451348974e-11
48.4999999999886,-112.4999999999,3.01884491068613e-11
48.4999999999886,-110.708333333219,4.51156119463422e-11
48.4999999999886,-110.541666666551,2.2210124313658e-11
48.4999999999886,-110.166666666548,3.04644418950894e-11
48.4999999999886,-109.874999999879,4.50503763354541e-11
48.4999999999886,-105.83333333318,2.35029190425534e-11
48.4999999999886,-105.499999999844,2.65466883779134e-11
48.4999999999886,-105.166666666508,2.39747077174159e-11
48.4999999999886,-104.874999999839,3.01975755630008e-11
48.4999999999886,-104.791666666505,3.14562901024315e-11
48.4999999999886,-104.291666666501,6.1781004507226e-11
48.4999999999886,-103.666666666496,4.21134540888025e-11
48.4999999999886,-101.12499999981,1.63438334238013e-10
48.4999999999886,-100.249999999803,4.13513110010475e-11
48.4999999999886,-99.8333333331326,3.61797596419278e-11
48.4999999999886,-97.8749999997836,9.51289124564324e-11
48.4999999999886,-95.6249999997657,6.07166402246564e-11
48.4999999999886,-94.8333333330928,2.51689194548395e-10
48.4999999999886,-93.5416666664158,1.48519762751501e-10
48.4999999999886,-93.3333333330808,6.96342082257566e-11
48.4583333333216,-122.833333333316,1.09809901093193e-09
48.4583333333216,-122.708333333315,1.30612303168679e-08
48.4583333333216,-121.874999999975,1.48538219953106e-10
48.4583333333216,-120.999999999968,2.72087021848749e-10
48.4583333333216,-120.041666666627,7.81998522653933e-11
48.4583333333216,-118.916666666618,2.67727888873893e-10
48.4583333333216,-118.499999999948,8.26983702472969e-11
48.4583333333216,-117.791666666609,8.99534991354296e-11
48.4583333333216,-116.749999999934,1.50621768399963e-10
48.4583333333216,-116.041666666595,8.239655115355e-11
48.4583333333216,-114.333333333248,3.70945191679019e-10
48.4583333333216,-113.958333333245,5.93936432534326e-11
48.4583333333216,-112.124999999897,3.95354906084708e-11
48.4583333333216,-112.041666666563,2.27254802951797e-10
48.4583333333216,-111.958333333229,2.47625558548103e-10
48.4583333333216,-111.333333333224,2.85280512107066e-11
48.4583333333216,-110.458333333217,2.46467262103253e-11
48.4583333333216,-109.99999999988,3.69852279590948e-11
48.4583333333216,-106.208333333183,2.45002130826472e-11
48.4583333333216,-105.624999999845,2.50617447413317e-11
48.4583333333216,-103.666666666496,4.47807181902513e-11
48.4583333333216,-102.416666666486,4.58014326521609e-11
48.4583333333216,-101.999999999816,7.72535260567377e-11
48.4583333333216,-101.916666666482,8.2833008155269e-11
48.4583333333216,-101.499999999812,1.96493198703708e-10
48.4583333333216,-98.8749999997916,4.12660647440683e-11
48.4583333333216,-98.7499999997906,4.3176329011491e-11
48.4583333333216,-98.6666666664566,3.52711914829342e-11
48.4583333333216,-97.6666666664486,1.13407701867124e-10
48.4583333333216,-93.7083333330838,1.38178803513671e-10
48.4583333333216,-93.4583333330818,6.90981361968543e-11
48.4583333333216,-93.3333333330808,3.24634460763455e-11
48.4166666666546,-122.333333333312,2.28859318402788e-09
48.4166666666546,-122.124999999977,4.54296929843667e-10
48.4166666666546,-122.041666666643,1.53788239834139e-10
48.4166666666546,-121.749999999974,1.38770983116794e-10
48.4166666666546,-121.708333333307,1.32889664989759e-10
48.4166666666546,-119.374999999955,1.00042716348509e-10
48.4166666666546,-118.124999999945,4.87804982487993e-10
48.4166666666546,-118.041666666611,1.00118441629553e-10
48.4166666666546,-116.208333333263,1.89417906219326e-10
48.4166666666546,-114.958333333253,4.46721568072949e-11
48.4166666666546,-114.333333333248,4.19064494030364e-10
48.4166666666546,-111.66666666656,1.98213101075116e-11
48.4166666666546,-111.541666666559,1.83419031900225e-11
48.4166666666546,-110.916666666554,3.33518885394673e-11
48.4166666666546,-110.708333333219,8.00161804748281e-11
48.4166666666546,-109.624999999877,3.39745038728967e-11
48.4166666666546,-109.416666666542,3.14647187625597e-11
48.4166666666546,-108.791666666537,1.8647202142663e-11
48.4166666666546,-106.708333333187,3.95670080601927e-11
48.4166666666546,-105.583333333178,2.57860602016532e-11
48.4166666666546,-103.541666666495,7.34532240294508e-11
48.4166666666546,-103.416666666494,4.90886282105085e-11
48.4166666666546,-103.374999999827,4.82640980018945e-11
48.4166666666546,-102.291666666485,1.72854775611279e-10
48.4166666666546,-100.833333333141,1.5144906808215e-10
48.4166666666546,-100.458333333138,5.24080860966473e-11
48.4166666666546,-100.041666666468,3.84614985921892e-11
48.4166666666546,-99.7916666664656,3.75152502752338e-11
48.4166666666546,-98.4583333331216,6.66711510428647e-11
48.4166666666546,-97.4999999997807,6.41853228152951e-10
48.4166666666546,-97.3333333331127,2.46217910965625e-10
48.4166666666546,-97.0416666664437,1.23087791738878e-10
48.4166666666546,-95.0416666664278,2.61473683787969e-10
48.3749999999876,-122.624999999981,2.04079401576538e-09
48.3749999999876,-120.749999999966,6.11498216577078e-11
48.3749999999876,-119.99999999996,4.24957067642397e-11
48.3749999999876,-119.874999999959,3.02131845557102e-10
48.3749999999876,-119.791666666625,1.54243738557424e-10
48.3749999999876,-119.58333333329,2.27512292686562e-10
48.3749999999876,-118.666666666616,6.97250449071028e-11
48.3749999999876,-116.999999999936,1.62169372981235e-10
48.3749999999876,-114.99999999992,3.24301059508946e-11
48.3749999999876,-114.16666666658,4.35719048602239e-10
48.3749999999876,-113.249999999906,4.79214166427575e-11
48.3749999999876,-111.708333333227,6.79200859951441e-11
48.3749999999876,-109.874999999879,3.22138035347845e-11
48.3749999999876,-107.416666666526,3.42601362829809e-11
48.3749999999876,-105.041666666507,2.31042436219364e-11
48.3749999999876,-104.958333333173,2.30502644508953e-11
48.3749999999876,-104.541666666503,5.60788496044385e-11
48.3749999999876,-100.958333333142,1.11374840477326e-10
48.3749999999876,-100.374999999804,5.07804907544475e-11
48.3749999999876,-99.2499999997946,5.0464963582136e-11
48.3749999999876,-99.0416666664596,4.20142347448375e-11
48.3749999999876,-97.1666666664447,9.64840406211595e-11
48.3749999999876,-96.1666666664367,1.56684500620629e-10
48.3749999999876,-95.7499999997667,6.70816054013654e-11
48.3749999999876,-95.4999999997647,5.14484070411828e-11
48.3749999999876,-95.3333333330967,4.66697670141037e-11
48.3749999999876,-94.7499999997588,2.55104451246759e-10
48.3749999999876,-93.2499999997468,3.00353041143494e-11
48.3749999999876,-92.8749999997438,6.60134738389514e-11
48.3749999999876,-92.2083333330719,2.24474254104195e-10
48.3333333333206,-122.749999999982,1.07102451430319e-08
48.3333333333206,-121.124999999969,4.36228455873829e-10
48.3333333333206,-120.749999999966,2.66206042929398e-10
48.3333333333206,-120.333333333296,2.92695431928315e-11
48.3333333333206,-119.708333333291,1.26365816993503e-10
48.3333333333206,-118.249999999946,9.71928119137533e-11
48.3333333333206,-116.999999999936,1.63696385878502e-10
48.3333333333206,-116.499999999932,2.13356146923436e-10
48.3333333333206,-116.333333333264,3.4094835439251e-10
48.3333333333206,-115.666666666592,6.20442501722015e-11
48.3333333333206,-114.708333333251,7.96073215968398e-11
48.3333333333206,-113.499999999908,5.05721931087748e-11
48.3333333333206,-112.791666666569,1.99726503341513e-11
48.3333333333206,-112.374999999899,3.7629720847841e-11
48.3333333333206,-112.333333333232,3.86058626411583e-11
48.3333333333206,-112.291666666565,3.97122237348992e-11
48.3333333333206,-111.958333333229,7.98087347145619e-11
48.3333333333206,-111.874999999895,6.8536376628364e-11
48.3333333333206,-111.791666666561,4.42202699888365e-11
48.3333333333206,-111.66666666656,6.55647733287715e-11
48.3333333333206,-111.624999999893,6.46397539248936e-11
48.3333333333206,-111.458333333225,6.08655387824225e-11
48.3333333333206,-110.958333333221,3.05896290915461e-11
48.3333333333206,-108.624999999869,1.86696169244024e-11
48.3333333333206,-108.3333333332,6.15496012700599e-11
48.3333333333206,-108.249999999866,1.51675449009136e-11
48.3333333333206,-107.833333333196,2.32950377198481e-11
48.3333333333206,-105.624999999845,2.74958870851526e-11
48.3333333333206,-104.99999999984,2.2461774519289e-11
48.3333333333206,-101.208333333143,3.1461244246358e-10
48.3333333333206,-100.791666666474,9.34359376676545e-11
48.3333333333206,-100.749999999807,6.77131295845603e-11
48.3333333333206,-99.9583333331336,3.89826871213132e-11
48.3333333333206,-98.3749999997876,5.63605989648305e-11
48.3333333333206,-97.5833333331147,8.88542897531478e-11
48.3333333333206,-97.1249999997777,1.28392482194272e-10
48.3333333333206,-96.9999999997767,1.42768422217059e-10
48.3333333333206,-94.6666666664248,2.58039320552687e-10
48.3333333333206,-94.6249999997578,2.591221476338e-10
48.2916666666536,-124.291666666661,4.00412085001051e-10
48.2916666666536,-121.583333333306,7.69823807940128e-11
48.2916666666536,-121.458333333305,6.63836198002977e-11
48.2916666666536,-121.291666666637,5.61714520417914e-11
48.2916666666536,-120.374999999963,4.16551341052458e-11
48.2916666666536,-119.791666666625,2.48109523938838e-10
48.2916666666536,-117.958333333277,1.1543592077222e-10
48.2916666666536,-117.041666666603,2.04413475768484e-10
48.2916666666536,-115.874999999927,6.39874453955809e-11
48.2916666666536,-114.458333333249,1.09901956545973e-10
48.2916666666536,-113.833333333244,2.50420159917416e-10
48.2916666666536,-113.666666666576,3.40771623486708e-11
48.2916666666536,-113.33333333324,4.72037967878349e-11
48.2916666666536,-113.291666666573,1.85740713843472e-10
48.2916666666536,-111.583333333226,6.37104332969512e-11
48.2916666666536,-111.166666666556,6.35293349443904e-11
48.2916666666536,-111.124999999889,2.9617086273201e-11
48.2916666666536,-110.041666666547,2.2158487103185e-11
48.2916666666536,-109.833333333212,1.8369311809367e-11
48.2916666666536,-109.249999999874,2.71113773955135e-11
48.2916666666536,-108.3333333332,6.17009215451897e-11
48.2916666666536,-107.91666666653,2.08851036124084e-11
48.2916666666536,-107.249999999858,3.2671335783005e-11
48.2916666666536,-105.916666666514,2.28964992228551e-11
48.2916666666536,-105.333333333176,2.805374164321e-11
48.2916666666536,-103.33333333316,5.2762369405124e-11
48.2916666666536,-103.166666666492,8.09200277275e-11
48.2916666666536,-100.416666666471,5.36746041942726e-11
48.2916666666536,-98.8333333331246,1.8506968479845e-10
48.2916666666536,-98.7499999997906,1.85544881055881e-10
48.2916666666536,-97.0416666664437,1.2698533051497e-10
48.2916666666536,-96.5833333331067,1.46113527162336e-10
48.2916666666536,-95.7499999997667,6.20308868752262e-11
48.2916666666536,-95.1666666664288,5.9366933821728e-11
48.2916666666536,-94.9166666664268,3.61881411598695e-10
48.2916666666536,-93.7916666664178,1.68122712263707e-10
48.2916666666536,-92.1249999997379,3.80294716185946e-11
48.2499999999866,-122.749999999982,1.83315905398827e-09
48.2499999999866,-122.624999999981,9.99402701948454e-09
48.2499999999866,-122.166666666644,1.44466567596991e-09
48.2499999999866,-121.874999999975,9.30485271267587e-10
48.2499999999866,-120.958333333301,2.90596031728978e-10
48.2499999999866,-120.916666666634,2.85640916218585e-10
48.2499999999866,-119.874999999959,2.09226108016237e-10
48.2499999999866,-119.333333333288,1.04477600097516e-10
48.2499999999866,-119.124999999953,9.81197781958256e-11
48.2499999999866,-118.416666666614,8.66264626962617e-11
48.2499999999866,-118.33333333328,9.09559884586123e-11
48.2499999999866,-117.708333333275,2.11003030967863e-10
48.2499999999866,-117.583333333274,2.18433460799058e-10
48.2499999999866,-117.249999999938,1.1240356228192e-10
48.2499999999866,-116.916666666602,1.64791050065305e-10
48.2499999999866,-115.374999999923,3.79731875213797e-11
48.2499999999866,-114.249999999914,9.48049959342038e-10
48.2499999999866,-112.624999999901,3.43559909893511e-11
48.2499999999866,-112.458333333233,3.67526756327043e-11
48.2499999999866,-110.249999999882,2.20674921196533e-11
48.2499999999866,-110.083333333214,2.20721454178803e-11
48.2499999999866,-109.333333333208,1.73921822274342e-11
48.2499999999866,-107.458333333193,1.46681282327814e-11
48.2499999999866,-107.374999999859,1.42156760825486e-11
48.2499999999866,-106.999999999856,1.31914868531179e-10
48.2499999999866,-105.458333333177,2.95464618432668e-11
48.2499999999866,-104.58333333317,5.40623563164362e-11
48.2499999999866,-104.208333333167,3.98244410575145e-11
48.2499999999866,-101.66666666648,1.23843561423178e-10
48.2499999999866,-101.416666666478,2.18540679345175e-10
48.2499999999866,-101.333333333144,2.37542474613287e-09
48.2499999999866,-98.3749999997876,2.10412425805443e-10
48.2499999999866,-97.0416666664437,1.56778709343449e-10
48.2499999999866,-96.9166666664427,1.85958409560333e-10
48.2499999999866,-92.0833333330709,3.80543579617655e-11
48.2499999999866,-91.7916666664019,2.03941350035892e-10
48.2499999999866,-90.9999999997289,1.68614194580164e-10
48.2083333333196,-124.041666666659,5.10881171840302e-10
48.2083333333196,-122.708333333315,2.04536519282714e-09
48.2083333333196,-120.999999999968,4.62176985265694e-11
48.2083333333196,-120.749999999966,5.77767581530874e-11
48.2083333333196,-120.291666666629,7.00705901019969e-11
48.2083333333196,-119.666666666624,8.05701550259482e-11
48.2083333333196,-119.416666666622,7.64218018342097e-11
48.2083333333196,-116.624999999933,2.41065446365991e-10
48.2083333333196,-116.374999999931,3.59145648319621e-10
48.2083333333196,-116.333333333264,5.25888660910242e-10
48.2083333333196,-115.041666666587,3.26227601940722e-11
48.2083333333196,-114.458333333249,9.64700444894635e-11
48.2083333333196,-114.333333333248,9.26602242436846e-10
48.2083333333196,-112.624999999901,2.21087742556525e-11
48.2083333333196,-112.541666666567,2.28290029380133e-11
48.2083333333196,-112.166666666564,6.17384535202828e-11
48.2083333333196,-111.999999999896,6.91627279014959e-11
48.2083333333196,-111.749999999894,6.19197517007989e-11
48.2083333333196,-110.874999999887,2.86856546068183e-11
48.2083333333196,-109.99999999988,2.19766293783044e-11
48.2083333333196,-109.249999999874,2.64345862772919e-11
48.2083333333196,-106.166666666516,2.66740657434088e-11
48.2083333333196,-105.249999999842,2.49006099058659e-11
48.2083333333196,-104.124999999833,4.25173930476802e-11
48.2083333333196,-104.041666666499,6.69229635746496e-11
48.2083333333196,-103.666666666496,5.72667339667368e-10
48.2083333333196,-103.374999999827,5.75605959516883e-11
48.2083333333196,-101.583333333146,1.7553430951489e-10
48.2083333333196,-101.374999999811,2.24050985578138e-09
48.2083333333196,-97.7083333331156,1.01730937853538e-10
48.2083333333196,-96.2083333331037,1.07427881953801e-10
48.2083333333196,-92.2916666664059,4.16211070669707e-11
48.1666666666526,-122.624999999981,2.3832630678203e-09
48.1666666666526,-122.541666666647,7.06254795935475e-09
48.1666666666526,-122.208333333311,3.9252349490142e-09
48.1666666666526,-121.749999999974,1.49233036384177e-10
48.1666666666526,-120.916666666634,6.43394779113395e-11
48.1666666666526,-119.291666666621,7.29173262463866e-11
48.1666666666526,-119.041666666619,3.38548852164303e-10
48.1666666666526,-118.666666666616,7.9481345870676e-11
48.1666666666526,-118.416666666614,8.74140805571374e-11
48.1666666666526,-117.833333333276,2.03847082449532e-10
48.1666666666526,-117.49999999994,1.12279756297746e-10
48.1666666666526,-116.499999999932,4.01516571737294e-10
48.1666666666526,-116.166666666596,4.15434281855083e-11
48.1666666666526,-114.499999999916,8.73365777276637e-11
48.1666666666526,-113.833333333244,2.43596189693618e-10
48.1666666666526,-113.541666666575,5.15839031974985e-11
48.1666666666526,-113.208333333239,1.81016570647125e-10
48.1666666666526,-106.499999999852,4.00131237271359e-11
48.1666666666526,-105.749999999846,3.30425769667434e-11
48.1666666666526,-104.1666666665,4.22554926253484e-11
48.1666666666526,-103.291666666493,5.29716544933961e-11
48.1666666666526,-102.833333333156,7.23023490503792e-11
48.1666666666526,-102.458333333153,4.40091925174601e-11
48.1666666666526,-102.374999999819,4.6194126840524e-11
48.1666666666526,-99.9583333331336,4.09220504802161e-11
48.1666666666526,-98.1666666664526,2.18461091322815e-10
48.1666666666526,-95.9583333331017,1.37060786439894e-10
48.1666666666526,-92.5833333330749,6.29523235715961e-11
48.1249999999856,-124.58333333333,1.08885432707796e-10
48.1249999999856,-123.999999999992,7.09270164468618e-11
48.1249999999856,-122.833333333316,6.95450079513618e-10
48.1249999999856,-122.041666666643,1.31474104547686e-09
48.1249999999856,-120.541666666631,5.91429331334557e-11
48.1249999999856,-120.41666666663,5.88097338696777e-11
48.1249999999856,-120.166666666628,7.91783440991888e-11
48.1249999999856,-118.541666666615,8.88733814485147e-11
48.1249999999856,-116.749999999934,2.72527294845274e-10
48.1249999999856,-115.83333333326,4.49847646725134e-11
48.1249999999856,-115.583333333258,3.77922184564624e-11
48.1249999999856,-115.333333333256,3.50945254674581e-11
48.1249999999856,-113.624999999909,5.32995289787695e-11
48.1249999999856,-111.583333333226,5.83489527629092e-11
48.1249999999856,-110.874999999887,5.58418373537675e-11
48.1249999999856,-109.833333333212,2.13791088885574e-11
48.1249999999856,-109.374999999875,1.68991945312531e-11
48.1249999999856,-109.16666666654,2.51867854787446e-11
48.1249999999856,-109.041666666539,1.30878252915045e-10
48.1249999999856,-102.541666666487,4.369924664339e-11
48.1249999999856,-101.749999999814,1.05046615488444e-10
48.1249999999856,-100.70833333314,6.97474184014318e-11
48.1249999999856,-100.499999999805,1.48676440722851e-10
48.1249999999856,-98.6666666664566,6.85318083773061e-11
48.1249999999856,-98.3333333331206,7.66737976325387e-11
48.1249999999856,-97.2499999997787,3.83522147788497e-10
48.1249999999856,-97.1249999997777,3.54023811471235e-10
48.1249999999856,-94.5416666664238,6.12060334647472e-11
48.1249999999856,-91.8749999997359,3.84286052953489e-11
48.1249999999856,-91.7499999997349,3.72960242669306e-11
48.0833333333186,-124.041666666659,6.74940533767136e-11
48.0833333333186,-123.166666666652,2.81683756811217e-09
48.0833333333186,-121.083333333302,4.55637245079974e-10
48.0833333333186,-119.416666666622,1.04898532881749e-10
48.0833333333186,-118.916666666618,3.88098180809806e-10
48.0833333333186,-118.624999999949,8.54619053693034e-11
48.0833333333186,-116.291666666597,5.80381915337342e-11
48.0833333333186,-114.16666666658,1.66686119059975e-10
48.0833333333186,-114.083333333246,3.0645835430847e-10
48.0833333333186,-113.916666666578,2.4421128111118e-10
48.0833333333186,-108.083333333198,1.49438179343901e-11
48.0833333333186,-107.041666666523,8.44720919541734e-12
48.0833333333186,-106.333333333184,2.8067411047219e-11
48.0833333333186,-106.166666666516,2.64935203470178e-11
48.0833333333186,-105.874999999847,2.95837979373091e-11
48.0833333333186,-104.333333333168,4.31251524865449e-11
48.0833333333186,-103.916666666498,7.16734921251441e-11
48.0833333333186,-100.999999999809,7.63660119675215e-11
48.0833333333186,-100.541666666472,1.53828106141965e-10
48.0833333333186,-99.5833333331306,3.43422670843178e-11
48.0833333333186,-99.1249999997936,6.09891899608361e-11
48.0833333333186,-96.7083333331077,8.15177812706583e-11
48.0833333333186,-95.9583333331017,1.48390713549284e-10
48.0833333333186,-95.2916666664297,2.11119759330291e-10
48.0833333333186,-95.0416666664278,4.95559898641386e-10
48.0833333333186,-93.5416666664158,1.46424577515326e-10
48.0833333333186,-92.4999999997409,6.37892930958518e-11
48.0833333333186,-91.6249999997339,3.71339607446577e-11
48.0833333333186,-90.7916666663939,4.38152111807267e-11
48.0416666666516,-124.249999999994,3.37766938083076e-10
48.0416666666516,-122.791666666649,7.73778199804136e-10
48.0416666666516,-120.791666666633,8.45125582809166e-11
48.0416666666516,-119.99999999996,1.40937738698983e-10
48.0416666666516,-119.958333333293,1.39988462829873e-10
48.0416666666516,-118.666666666616,8.82598169438152e-11
48.0416666666516,-118.624999999949,8.81155026232664e-11
48.0416666666516,-118.583333333282,8.8178138109277e-11
48.0416666666516,-118.541666666615,8.83983667409333e-11
48.0416666666516,-118.416666666614,9.59707023292607e-11
48.0416666666516,-117.416666666606,2.53941454874927e-10
48.0416666666516,-116.6666666666,3.13334682152884e-10
48.0416666666516,-116.291666666597,4.89643059442251e-10
48.0416666666516,-114.374999999915,7.61994942508754e-11
48.0416666666516,-114.333333333248,5.8585629007487e-11
48.0416666666516,-113.999999999912,2.49870099970792e-10
48.0416666666516,-112.91666666657,2.58708214395607e-11
48.0416666666516,-111.583333333226,6.94420945689935e-11
48.0416666666516,-109.749999999878,2.07145870069683e-11
48.0416666666516,-105.291666666509,3.0065071377848e-11
48.0416666666516,-104.458333333169,4.30037401693054e-11
48.0416666666516,-102.874999999823,3.31323331506371e-11
48.0416666666516,-102.041666666483,1.37863697489961e-10
48.0416666666516,-100.041666666468,4.21422732804348e-11
48.0416666666516,-98.5833333331226,6.96498130267101e-11
48.0416666666516,-97.2916666664457,5.20593686081222e-10
48.0416666666516,-94.8333333330928,2.45657186437264e-10
48.0416666666516,-93.6666666664168,1.47428679769197e-10
48.0416666666516,-91.8749999997359,4.10419007743411e-11
48.0416666666516,-91.1666666663969,3.30510712704821e-11
48.0416666666516,-90.8749999997279,4.57391844543676e-11
48.0416666666516,-90.083333333055,6.5955292833348e-11
48.0416666666516,-89.583333333051,1.52300137172227e-10
48.0416666666516,-89.499999999717,1.51696271659557e-10
48.0416666666516,-88.583333333043,1.37277662763476e-08
47.9999999999846,-124.708333333331,3.04610022936369e-10
47.9999999999846,-124.291666666661,3.95056042477529e-10
47.9999999999846,-124.16666666666,3.60203337525958e-10
47.9999999999846,-123.833333333324,1.03207169161148e-10
47.9999999999846,-121.791666666641,5.2452924251982e-10
47.9999999999846,-121.458333333305,3.15790830671601e-10
47.9999999999846,-121.333333333304,1.41223037978417e-09
47.9999999999846,-119.499999999956,1.71825134700276e-10
47.9999999999846,-116.291666666597,5.05617186912424e-10
47.9999999999846,-114.874999999919,7.45553115518098e-11
47.9999999999846,-113.916666666578,8.70724820314772e-11
47.9999999999846,-113.499999999908,5.00339492485668e-11
47.9999999999846,-111.458333333225,5.00004822369321e-11
47.9999999999846,-111.333333333224,5.09053145001465e-11
47.9999999999846,-110.916666666554,5.96010304715652e-11
47.9999999999846,-110.124999999881,4.33619793623985e-11
47.9999999999846,-109.874999999879,2.10300394139252e-11
47.9999999999846,-108.291666666533,1.40445748734335e-11
47.9999999999846,-107.91666666653,1.45473704385965e-11
47.9999999999846,-106.833333333188,2.01609016553766e-11
47.9999999999846,-106.583333333186,2.1836251360825e-11
47.9999999999846,-106.083333333182,2.47333344484826e-11
47.9999999999846,-105.83333333318,2.96450125472483e-11
47.9999999999846,-105.374999999843,3.05506424047229e-11
47.9999999999846,-104.958333333173,2.44033905831885e-11
47.9999999999846,-104.916666666506,2.49824849375731e-11
47.9999999999846,-102.374999999819,5.52861005374415e-11
47.9999999999846,-98.8749999997916,2.37222382302669e-10
47.9999999999846,-98.8333333331246,2.37946933230035e-10
47.9999999999846,-97.8333333331166,2.17912663373222e-10
47.9999999999846,-96.9999999997767,3.48779630121689e-10
47.9999999999846,-96.9166666664427,2.3904787641418e-10
47.9999999999846,-96.2916666664377,3.55427972561504e-10
47.9999999999846,-95.2916666664297,1.29448849288745e-10
47.9999999999846,-95.0416666664278,3.05414352689492e-10
47.9999999999846,-94.1249999997538,4.40355605283916e-11
47.9999999999846,-92.5416666664079,6.89754106999315e-11
47.9999999999846,-91.8749999997359,2.33851947445051e-10
47.9999999999846,-91.1249999997299,3.32830511021069e-11
47.9583333333176,-122.333333333312,2.01902565808038e-08
47.9583333333176,-121.083333333302,1.27569848314919e-10
47.9583333333176,-119.791666666625,7.07572594046156e-11
47.9583333333176,-115.291666666589,3.22676779047644e-11
47.9583333333176,-114.624999999917,6.90393452950158e-11
47.9583333333176,-113.916666666578,8.74070073313312e-11
47.9583333333176,-113.666666666576,2.13945812851244e-10
47.9583333333176,-113.458333333241,4.94602198182898e-11
47.9583333333176,-112.749999999902,2.6185792861924e-11
47.9583333333176,-112.249999999898,8.18640126235175e-11
47.9583333333176,-111.874999999895,4.60355262689451e-11
47.9583333333176,-110.583333333218,1.32572374884661e-10
47.9583333333176,-110.333333333216,4.64388890567939e-11
47.9583333333176,-110.083333333214,2.17659686255701e-11
47.9583333333176,-109.99999999988,2.14202859314506e-11
47.9583333333176,-109.333333333208,1.61109156030893e-11
47.9583333333176,-108.916666666538,1.4365697770078e-11
47.9583333333176,-107.583333333194,1.37896274301013e-11
47.9583333333176,-105.458333333177,3.06302919193395e-11
47.9583333333176,-105.333333333176,3.25335432852377e-11
47.9583333333176,-105.041666666507,2.51779392456909e-11
47.9583333333176,-100.124999999802,4.30128391516541e-11
47.9583333333176,-99.9583333331336,4.12521596237969e-11
47.9583333333176,-99.5416666664636,3.5659523468703e-11
47.9583333333176,-97.8333333331166,2.19398373538212e-10
47.9583333333176,-95.3333333330967,1.88809073290443e-10
47.9583333333176,-94.9583333330938,3.14729204399687e-10
47.9583333333176,-92.6249999997419,4.0414542303334e-11
47.9583333333176,-92.2083333330719,4.81296623643356e-11
47.9583333333176,-91.1666666663969,3.4471464649829e-11
47.9583333333176,-91.0833333330629,3.34756787852389e-11
47.9583333333176,-90.8749999997279,4.89830830688004e-11
47.9583333333176,-90.7499999997269,4.55562226718714e-11
47.9583333333176,-88.874999999712,1.45044582355453e-08
47.9166666666506,-124.624999999997,8.38588268750141e-11
47.9166666666506,-121.916666666642,1.86177799175651e-09
47.9166666666506,-121.208333333303,1.24146967176741e-09
47.9166666666506,-120.374999999963,2.49490265084513e-10
47.9166666666506,-120.333333333296,2.54909518633084e-10
47.9166666666506,-119.541666666623,1.02293637583448e-10
47.9166666666506,-117.249999999938,5.17412406582697e-10
47.9166666666506,-115.333333333256,4.35854463570719e-11
47.9166666666506,-114.958333333253,7.15378632443742e-11
47.9166666666506,-113.874999999911,6.14149935000259e-11
47.9166666666506,-112.458333333233,2.89844906621057e-11
47.9166666666506,-107.458333333193,1.33584789107649e-11
47.9166666666506,-105.916666666514,3.72278292706074e-11
47.9166666666506,-105.83333333318,2.77693672084249e-11
47.9166666666506,-104.749999999838,2.87049489560528e-11
47.9166666666506,-103.74999999983,4.08696972247283e-11
47.9166666666506,-103.33333333316,7.72715142848577e-11
47.9166666666506,-103.291666666493,7.60679392126735e-11
47.9166666666506,-102.958333333157,9.13202868581619e-11
47.9166666666506,-102.041666666483,7.2533386806815e-11
47.9166666666506,-100.791666666474,7.5403291290814e-11
47.9166666666506,-100.208333333136,1.17625867905047e-10
47.9166666666506,-100.083333333135,1.1301006307058e-10
47.9166666666506,-99.9999999998006,4.13777831102437e-11
47.9166666666506,-99.6666666664646,3.47254710764567e-11
47.9166666666506,-96.2916666664377,3.15871063453425e-10
47.9166666666506,-96.1249999997697,2.92801865852364e-10
47.9166666666506,-94.0416666664198,4.42748012315809e-11
47.9166666666506,-92.9583333330778,7.73007409149349e-11
47.9166666666506,-92.4999999997409,4.0915411045584e-11
47.9166666666506,-92.2083333330719,5.03678877694731e-11
47.9166666666506,-89.208333333048,4.08535585620338e-10
47.8749999999836,-122.458333333313,1.45709463182992e-07
47.8749999999836,-119.291666666621,1.18474573438793e-10
47.8749999999836,-119.16666666662,6.83088063717718e-11
47.8749999999836,-118.874999999951,8.80463354569487e-11
47.8749999999836,-118.833333333284,7.28828499552829e-11
47.8749999999836,-117.999999999944,1.8583910569127e-10
47.8749999999836,-117.833333333276,4.17094756990681e-10
47.8749999999836,-117.124999999937,6.61294957706091e-10
47.8749999999836,-116.291666666597,5.41783400451868e-10
47.8749999999836,-115.999999999928,3.86327265047287e-10
47.8749999999836,-115.541666666591,4.63903604212398e-11
47.8749999999836,-115.124999999921,3.63547689979591e-11
47.8749999999836,-114.374999999915,5.89675392039673e-11
47.8749999999836,-113.083333333238,4.43392819789675e-11
47.8749999999836,-112.458333333233,2.88979839425446e-11
47.8749999999836,-112.08333333323,3.29442362615605e-11
47.8749999999836,-111.374999999891,5.41848873162689e-11
47.8749999999836,-111.208333333223,5.51861032998193e-11
47.8749999999836,-110.083333333214,4.06994146688128e-11
47.8749999999836,-108.124999999865,1.37652098290165e-11
47.8749999999836,-105.499999999844,2.90725170427758e-11
47.8749999999836,-103.958333333165,5.00962474625276e-11
47.8749999999836,-102.666666666488,5.50225647645754e-11
47.8749999999836,-102.08333333315,5.72027169680491e-11
47.8749999999836,-101.499999999812,7.10310977983197e-11
47.8749999999836,-101.24999999981,1.14329990071365e-10
47.8749999999836,-100.70833333314,6.89376107027736e-11
47.8749999999836,-99.5416666664636,3.5865531801332e-11
47.8749999999836,-98.9999999997926,1.24462496169495e-10
47.8749999999836,-94.7916666664258,4.96376770229721e-11
47.8749999999836,-94.5833333330908,4.52439861917769e-11
47.8749999999836,-94.1249999997538,3.52173165627669e-11
47.8749999999836,-91.4583333330659,4.02388572774105e-11
47.8749999999836,-91.3333333330649,3.83315257565243e-11
47.8749999999836,-90.333333333057,4.34766136999888e-11
47.8333333333166,-124.083333333326,2.98437372612326e-11
47.8333333333166,-122.49999999998,1.65434143785878e-07
47.8333333333166,-120.999999999968,1.26107294947951e-10
47.8333333333166,-120.791666666633,1.2484081008983e-10
47.8333333333166,-120.499999999964,5.71996621113754e-11
47.8333333333166,-119.041666666619,1.23631722815269e-10
47.8333333333166,-117.958333333277,2.07434944186144e-10
47.8333333333166,-117.166666666604,7.44177272250482e-10
47.8333333333166,-116.083333333262,4.13913695713917e-10
47.8333333333166,-115.333333333256,3.78052224631915e-11
47.8333333333166,-114.874999999919,1.89156328330923e-11
47.8333333333166,-113.541666666575,2.04671202122857e-10
47.8333333333166,-112.624999999901,2.7184392405848e-11
47.8333333333166,-111.791666666561,4.81587683726122e-11
47.8333333333166,-111.083333333222,5.15573632210654e-11
47.8333333333166,-110.458333333217,5.26875150957943e-11
47.8333333333166,-108.208333333199,1.35596366744394e-11
47.8333333333166,-107.124999999857,1.74221170729985e-11
47.8333333333166,-106.041666666515,2.03659033147643e-11
47.8333333333166,-105.916666666514,3.56370850623108e-11
47.8333333333166,-104.666666666504,6.27889765219154e-11
47.8333333333166,-103.374999999827,1.07154675391666e-10
47.8333333333166,-101.24999999981,1.07155345665832e-10
47.8333333333166,-101.041666666476,1.01297659096637e-10
47.8333333333166,-99.9166666664666,4.2085885454576e-11
47.8333333333166,-97.8333333331166,2.00093143064115e-10
47.8333333333166,-95.5833333330987,1.20255375175742e-10
47.8333333333166,-92.7916666664099,6.50793287966122e-11
47.8333333333166,-90.041666666388,7.15906733620754e-11
47.7916666666496,-123.958333333325,3.19961652623595e-11
47.7916666666496,-122.166666666644,3.2212964965212e-08
47.7916666666496,-121.416666666638,6.09624715847267e-11
47.7916666666496,-120.208333333295,8.51739547927459e-11
47.7916666666496,-119.958333333293,7.31279084269908e-11
47.7916666666496,-119.666666666624,1.1915994686741e-10
47.7916666666496,-119.333333333288,5.76299594450609e-11
47.7916666666496,-118.708333333283,6.71412088565999e-11
47.7916666666496,-117.749999999942,5.67570747150349e-10
47.7916666666496,-115.749999999926,5.08824222144776e-11
47.7916666666496,-115.666666666592,4.84085061938057e-11
47.7916666666496,-113.666666666576,2.16026416791344e-10
47.7916666666496,-111.999999999896,3.38465997152725e-11
47.7916666666496,-110.083333333214,4.1094126567246e-11
47.7916666666496,-109.833333333212,2.03222659666734e-11
47.7916666666496,-108.541666666535,5.60886262386525e-11
47.7916666666496,-106.041666666515,2.00576600907297e-11
47.7916666666496,-105.041666666507,2.4534948018842e-11
47.7916666666496,-103.33333333316,9.02338164203899e-11
47.7916666666496,-103.124999999825,7.15220598807973e-11
47.7916666666496,-102.041666666483,4.85771125058372e-11
47.7916666666496,-96.4583333331057,2.40979547891288e-10
47.7916666666496,-95.3333333330967,8.9678575180951e-11
47.7916666666496,-94.5416666664238,9.47573691205251e-11
47.7916666666496,-94.2499999997548,4.80736791516965e-11
47.7916666666496,-92.6666666664089,6.1481615260309e-10
47.7916666666496,-90.6249999997259,5.78642977785489e-11
47.7499999999826,-123.374999999987,6.5400418280567e-10
47.7499999999826,-122.958333333317,1.53473615689468e-10
47.7499999999826,-122.624999999981,1.12607295329494e-08
47.7499999999826,-121.999999999976,1.03871157299264e-08
47.7499999999826,-121.208333333303,6.3573499235705e-11
47.7499999999826,-120.958333333301,1.25314162411693e-10
47.7499999999826,-120.541666666631,1.32842131531504e-10
47.7499999999826,-120.208333333295,7.24450529113633e-11
47.7499999999826,-117.666666666608,1.04158359506057e-09
47.7499999999826,-111.958333333229,3.47225021968747e-11
47.7499999999826,-111.083333333222,1.01938156270447e-10
47.7499999999826,-110.874999999887,5.3521672861832e-11
47.7499999999826,-110.249999999882,4.54072108702318e-11
47.7499999999826,-109.416666666542,1.59414946582743e-11
47.7499999999826,-108.791666666537,5.65185587375016e-11
47.7499999999826,-108.416666666534,1.3304562645267e-11
47.7499999999826,-106.958333333189,1.76544178883218e-11
47.7499999999826,-106.208333333183,3.08598897172004e-11
47.7499999999826,-104.333333333168,4.5896185136786e-11
47.7499999999826,-103.708333333163,4.39663892493312e-11
47.7499999999826,-103.666666666496,4.49127471234944e-11
47.7499999999826,-102.874999999823,8.81147437396408e-11
47.7499999999826,-101.708333333147,5.57503814189137e-11
47.7499999999826,-100.541666666472,5.26431781794198e-11
47.7499999999826,-100.29166666647,1.20608805638028e-10
47.7499999999826,-99.7916666664656,4.27893573975568e-11
47.7499999999826,-98.8749999997916,5.43574029382419e-11
47.7499999999826,-97.5416666664477,2.24419100087812e-10
47.7499999999826,-97.2916666664457,5.62028387135408e-10
47.7499999999826,-96.5416666664397,3.62969628424805e-10
47.7499999999826,-95.9583333331017,1.11752501681573e-10
47.7499999999826,-95.7083333330997,1.74354680421153e-10
47.7499999999826,-94.7083333330918,1.1539327769864e-10
47.7499999999826,-94.4583333330898,8.04556057652094e-11
47.7499999999826,-94.2083333330878,4.84345190220485e-11
47.7499999999826,-93.8749999997518,3.93881593721118e-11
47.7499999999826,-93.4166666664148,5.17735337494276e-11
47.7499999999826,-92.8333333330769,4.54780966967281e-10
47.7499999999826,-91.5416666663999,4.51547686288379e-11
47.7499999999826,-91.4999999997329,4.43108309050454e-11
47.7499999999826,-90.4999999997249,1.71246345433294e-10
47.7083333333156,-124.16666666666,2.63532154954405e-11
47.7083333333156,-123.74999999999,3.44082760857618e-11
47.7083333333156,-122.583333333314,7.18118349866936e-09
47.7083333333156,-122.541666666647,1.1770335828183e-08
47.7083333333156,-122.041666666643,1.74930195486815e-08
47.7083333333156,-120.291666666629,6.96932141091185e-11
47.7083333333156,-119.99999999996,6.64860463199139e-11
47.7083333333156,-119.624999999957,7.5505047982402e-11
47.7083333333156,-119.541666666623,1.16219935491934e-10
47.7083333333156,-119.458333333289,5.59391722486042e-11
47.7083333333156,-116.999999999936,3.68927275918756e-09
47.7083333333156,-116.749999999934,3.82544905299623e-09
47.7083333333156,-116.708333333267,3.32313575143468e-09
47.7083333333156,-116.24999999993,4.97574514549351e-10
47.7083333333156,-110.791666666553,5.1025463861444e-11
47.7083333333156,-110.249999999882,4.58237982051082e-11
47.7083333333156,-110.208333333215,4.4706967401988e-11
47.7083333333156,-108.916666666538,1.05759542967076e-11
47.7083333333156,-106.166666666516,1.86379693721429e-11
47.7083333333156,-105.624999999845,2.19583466080781e-11
47.7083333333156,-105.583333333178,2.21371600154929e-11
47.7083333333156,-104.958333333173,2.56729683218363e-11
47.7083333333156,-103.958333333165,5.19182649184578e-11
47.7083333333156,-103.249999999826,7.57105062885663e-11
47.7083333333156,-102.624999999821,1.71572844780752e-10
47.7083333333156,-101.916666666482,7.27429329463261e-11
47.7083333333156,-100.749999999807,5.72475402812336e-11
47.7083333333156,-100.29166666647,1.21581100840972e-10
47.7083333333156,-97.9583333331176,6.69963255038199e-11
47.7083333333156,-95.4999999997647,8.28498984709613e-11
47.7083333333156,-94.7916666664258,1.33094258689847e-10
47.7083333333156,-94.6666666664248,1.96773412561171e-10
47.7083333333156,-92.3333333330729,1.21154554805407e-10
47.7083333333156,-91.8333333330689,9.44452175647863e-11
47.7083333333156,-91.7916666664019,5.2372904054671e-11
47.7083333333156,-91.1666666663969,3.94422064544412e-11
47.6666666666486,-124.249999999994,2.45666596808705e-11
47.6666666666486,-123.624999999989,3.75854434381783e-10
47.6666666666486,-123.124999999985,1.15696731006958e-10
47.6666666666486,-121.083333333302,1.27729680059599e-10
47.6666666666486,-120.708333333299,1.31672547269915e-10
47.6666666666486,-120.583333333298,1.94991678427572e-10
47.6666666666486,-118.124999999945,8.63439983895678e-10
47.6666666666486,-116.833333333268,7.90907035282212e-10
47.6666666666486,-115.999999999928,2.69528141530498e-10
47.6666666666486,-115.958333333261,6.46929871973743e-11
47.6666666666486,-115.583333333258,4.39375686509496e-11
47.6666666666486,-114.833333333252,1.85115555504153e-11
47.6666666666486,-113.874999999911,6.34601962324909e-11
47.6666666666486,-113.541666666575,2.03902794155444e-10
47.6666666666486,-113.416666666574,1.94374037387812e-10
47.6666666666486,-112.749999999902,2.57391933300132e-11
47.6666666666486,-112.374999999899,2.91920933013017e-11
47.6666666666486,-111.916666666562,6.4038375595797e-11
47.6666666666486,-110.499999999884,5.78024173586681e-11
47.6666666666486,-110.458333333217,5.59673420176858e-11
47.6666666666486,-110.41666666655,5.15834048291321e-11
47.6666666666486,-108.083333333198,1.31675662850475e-11
47.6666666666486,-107.666666666528,1.29561891224785e-11
47.6666666666486,-107.583333333194,1.28629261074474e-11
47.6666666666486,-104.041666666499,5.55001436683048e-11
47.6666666666486,-102.91666666649,6.30489885547056e-11
47.6666666666486,-102.624999999821,1.22652882238428e-10
47.6666666666486,-100.541666666472,1.11964118177087e-10
47.6666666666486,-99.9166666664666,4.22302349587962e-11
47.6666666666486,-99.7083333331316,4.39250655795432e-11
47.6666666666486,-99.1249999997936,4.09205791428961e-11
47.6666666666486,-99.0416666664596,4.35330352132245e-11
47.6666666666486,-98.8749999997916,4.98562410580457e-11
47.6666666666486,-97.8749999997836,1.23086372289134e-10
47.6666666666486,-97.4583333331137,2.57534895918341e-10
47.6666666666486,-96.0833333331027,2.7106927389669e-10
47.6666666666486,-95.9583333331017,2.46513667354705e-10
47.6666666666486,-92.8333333330769,1.32498422543751e-10
47.6666666666486,-92.1249999997379,1.48949455743694e-10
47.6666666666486,-91.4166666663989,4.75709975837764e-11
47.6666666666486,-90.5416666663919,1.91513507420188e-10
47.6249999999816,-124.124999999993,2.58610681326016e-11
47.6249999999816,-123.666666666656,3.57104837704253e-10
47.6249999999816,-123.208333333319,7.2622477407049e-10
47.6249999999816,-122.624999999981,9.31180842611699e-09
47.6249999999816,-122.583333333314,1.09075917014511e-08
47.6249999999816,-121.541666666639,8.87375603808883e-11
47.6249999999816,-119.041666666619,6.97894282986351e-11
47.6249999999816,-118.916666666618,8.2556017371636e-11
47.6249999999816,-113.499999999908,2.01521933504011e-10
47.6249999999816,-112.958333333237,2.74926454314529e-11
47.6249999999816,-108.666666666536,5.53807580543661e-11
47.6249999999816,-108.208333333199,1.30893900871674e-11
47.6249999999816,-107.999999999864,1.30654423131064e-11
47.6249999999816,-107.624999999861,2.60731187687732e-11
47.6249999999816,-106.583333333186,1.88695349655934e-11
47.6249999999816,-103.124999999825,6.65379697473098e-11
47.6249999999816,-101.583333333146,4.18081114573676e-11
47.6249999999816,-101.499999999812,2.76417547508338e-10
47.6249999999816,-100.416666666471,1.07597008459888e-10
47.6249999999816,-100.208333333136,4.63523226375799e-11
47.6249999999816,-99.9583333331336,4.20773337398239e-11
47.6249999999816,-98.7916666664576,1.04270157292998e-10
47.6249999999816,-96.2083333331037,1.03633472279639e-10
47.6249999999816,-95.8333333331007,8.77469188860655e-11
47.6249999999816,-92.0833333330709,1.48711715023128e-10
47.6249999999816,-91.2083333330639,3.26657524176209e-11
47.6249999999816,-91.0416666663959,3.03044737935833e-11
47.5833333333146,-121.916666666642,7.16944234661383e-09
47.5833333333146,-120.124999999961,6.43898040226798e-11
47.5833333333146,-118.291666666613,7.40334531898863e-11
47.5833333333146,-118.208333333279,7.98189260027887e-11
47.5833333333146,-116.6666666666,2.51801602604085e-10
47.5833333333146,-116.624999999933,1.37674811562204e-10
47.5833333333146,-116.083333333262,4.91854818693911e-10
47.5833333333146,-115.791666666593,5.4782752071394e-11
47.5833333333146,-115.541666666591,3.7267013787312e-11
47.5833333333146,-115.083333333254,3.42790911960201e-11
47.5833333333146,-112.4999999999,3.05470266926408e-11
47.5833333333146,-110.874999999887,6.14238527014286e-11
47.5833333333146,-110.041666666547,4.17102946943624e-11
47.5833333333146,-109.041666666539,1.07269935430776e-11
47.5833333333146,-106.541666666519,1.86717155738984e-11
47.5833333333146,-106.458333333185,1.87729649949239e-11
47.5833333333146,-105.958333333181,1.91129276650866e-11
47.5833333333146,-105.541666666511,2.11159886615634e-11
47.5833333333146,-103.999999999832,3.49329575378772e-11
47.5833333333146,-101.66666666648,4.22419851794693e-11
47.5833333333146,-100.249999999803,9.6799293086852e-11
47.5833333333146,-98.5833333331226,1.16029543515782e-10
47.5833333333146,-98.4999999997886,1.13562951342902e-10
47.5833333333146,-95.5833333330987,1.74953533135955e-10
47.5833333333146,-95.4999999997647,2.33775032583642e-10
47.5833333333146,-95.3333333330967,2.53666384794157e-10
47.5833333333146,-94.2499999997548,7.17086839497644e-11
47.5833333333146,-94.2083333330878,6.99560652740327e-11
47.5833333333146,-93.2499999997468,8.88027120955137e-11
47.5833333333146,-92.9583333330778,1.09658372573364e-10
47.5833333333146,-92.7499999997429,2.45171552716249e-10
47.5833333333146,-92.3333333330729,2.58993164552969e-10
47.5833333333146,-92.2083333330719,2.77494234587871e-10
47.5833333333146,-91.7916666664019,5.36663079631154e-11
47.5833333333146,-91.5416666663999,5.35741968916418e-11
47.5833333333146,-90.7499999997269,2.10385491660579e-10
47.5416666666476,-122.166666666644,4.74896496021538e-08
47.5416666666476,-121.749999999974,1.27081073552016e-09
47.5416666666476,-120.666666666632,2.61459967155315e-10
47.5416666666476,-120.166666666628,7.2716641631524e-11
47.5416666666476,-120.083333333294,7.00936568527317e-11
47.5416666666476,-115.83333333326,5.57258696800119e-11
47.5416666666476,-111.916666666562,1.12393457089148e-10
47.5416666666476,-111.66666666656,2.30952028879308e-10
47.5416666666476,-111.083333333222,9.61405154916751e-11
47.5416666666476,-109.541666666543,1.20618816024656e-11
47.5416666666476,-109.041666666539,1.06737642011825e-11
47.5416666666476,-108.416666666534,8.99415455353809e-12
47.5416666666476,-107.958333333197,2.05403031727886e-11
47.5416666666476,-106.916666666522,1.77370507556882e-11
47.5416666666476,-106.749999999854,1.80877176721806e-11
47.5416666666476,-106.541666666519,1.8430696096148e-11
47.5416666666476,-105.208333333175,2.28689424400862e-11
47.5416666666476,-104.58333333317,3.07922421944405e-11
47.5416666666476,-104.333333333168,3.60284071224502e-11
47.5416666666476,-104.1666666665,3.47665729346059e-11
47.5416666666476,-103.374999999827,2.2631924064174e-10
47.5416666666476,-102.749999999822,5.39641332129129e-11
47.5416666666476,-102.166666666484,3.51483121989586e-11
47.5416666666476,-99.4166666664626,6.56535478671396e-11
47.5416666666476,-98.4583333331216,6.28142482026656e-11
47.5416666666476,-97.4166666664467,2.94620035715269e-10
47.5416666666476,-96.8749999997757,8.43709749911454e-11
47.5416666666476,-94.4583333330898,6.15126261923178e-10
47.5416666666476,-93.7499999997508,4.46940081314171e-11
47.5416666666476,-93.4583333330818,4.59223868675215e-11
47.5416666666476,-93.4166666664148,4.7017218025959e-11
47.5416666666476,-91.7083333330679,6.2848136335937e-11
47.4999999999806,-123.916666666658,1.87174904862518e-10
47.4999999999806,-123.083333333318,7.1696442983699e-10
47.4999999999806,-122.749999999982,3.2376627943032e-09
47.4999999999806,-121.208333333303,2.80666209355577e-10
47.4999999999806,-120.8333333333,2.83226391152415e-10
47.4999999999806,-119.99999999996,2.97336362061577e-10
47.4999999999806,-118.916666666618,1.22947106153242e-10
47.4999999999806,-117.833333333276,1.85206284816865e-10
47.4999999999806,-117.333333333272,4.33821489831453e-10
47.4999999999806,-117.208333333271,4.0690382131589e-10
47.4999999999806,-114.958333333253,1.76825968956275e-11
47.4999999999806,-113.499999999908,2.14425665134366e-11
47.4999999999806,-113.166666666572,4.92617406053295e-11
47.4999999999806,-112.958333333237,2.80573474372511e-11
47.4999999999806,-110.41666666655,5.24589835257278e-11
47.4999999999806,-110.208333333215,4.58488734444192e-11
47.4999999999806,-107.833333333196,2.59354164668639e-11
47.4999999999806,-106.374999999851,1.83947487251288e-11
47.4999999999806,-106.24999999985,1.19989077062136e-10
47.4999999999806,-102.791666666489,5.41425707294359e-11
47.4999999999806,-102.458333333153,3.17201675075042e-11
47.4999999999806,-102.041666666483,1.82275267880979e-11
47.4999999999806,-100.083333333135,4.77997336462114e-11
47.4999999999806,-98.3333333331206,6.12424674764936e-11
47.4999999999806,-98.0833333331186,1.32841514993763e-10
47.4999999999806,-95.0833333330948,3.09927744365684e-10
47.4999999999806,-94.9999999997608,9.18542666448489e-10
47.4999999999806,-93.4999999997488,8.83503196124072e-11
47.4999999999806,-92.9583333330778,1.64619894454836e-09
47.4999999999806,-92.6666666664089,5.65510037834975e-10
47.4999999999806,-91.9166666664029,6.16441802306853e-11
47.4999999999806,-91.7916666664019,8.05171952074438e-11
47.4999999999806,-91.2083333330639,3.52213522241944e-11
47.4999999999806,-88.0833333330391,1.83457180864451e-10
47.4583333333136,-123.208333333319,2.47149639319923e-10
47.4583333333136,-122.874999999983,1.07594139816411e-09
47.4583333333136,-122.624999999981,6.45877887052019e-09
47.4583333333136,-119.916666666626,1.67562838675917e-10
47.4583333333136,-119.416666666622,1.43188484364766e-10
47.4583333333136,-118.958333333285,1.27849398237315e-10
47.4583333333136,-118.874999999951,1.24125026275723e-10
47.4583333333136,-117.124999999937,1.67833400663217e-10
47.4583333333136,-116.874999999935,3.02474198842095e-10
47.4583333333136,-116.833333333268,2.89366876056958e-10
47.4583333333136,-116.499999999932,9.4589580407082e-11
47.4583333333136,-115.583333333258,2.35962159281927e-10
47.4583333333136,-115.333333333256,2.19953480889988e-10
47.4583333333136,-115.041666666587,1.75062368133081e-11
47.4583333333136,-114.666666666584,1.83664614304943e-11
47.4583333333136,-114.458333333249,1.38405147851912e-11
47.4583333333136,-112.666666666568,2.83331811025665e-11
47.4583333333136,-112.333333333232,3.22843303244135e-11
47.4583333333136,-112.124999999897,3.63769593998019e-11
47.4583333333136,-110.458333333217,5.39217971645458e-11
47.4583333333136,-109.041666666539,9.29945562253303e-12
47.4583333333136,-108.874999999871,9.09870044544451e-12
47.4583333333136,-108.791666666537,9.07781231332171e-12
47.4583333333136,-108.416666666534,8.96138024699709e-12
47.4583333333136,-108.291666666533,2.06869328315673e-11
47.4583333333136,-107.624999999861,2.54776915336854e-11
47.4583333333136,-107.041666666523,1.71041473524361e-11
47.4583333333136,-105.124999999841,2.41611631888644e-11
47.4583333333136,-103.583333333162,2.10479104345028e-10
47.4583333333136,-103.541666666495,2.11011088489014e-10
47.4583333333136,-103.499999999828,2.11356702076508e-10
47.4583333333136,-103.291666666493,2.09527147678078e-10
47.4583333333136,-103.041666666491,5.42204627958598e-11
47.4583333333136,-102.249999999818,3.49347403763236e-11
47.4583333333136,-101.874999999815,6.05502762252573e-11
47.4583333333136,-101.12499999981,9.28333091451587e-11
47.4583333333136,-100.833333333141,1.3690212046482e-10
47.4583333333136,-100.541666666472,1.23084543888871e-10
47.4583333333136,-100.374999999804,1.18543489207285e-10
47.4583333333136,-100.208333333136,5.20831528315823e-11
47.4583333333136,-99.0416666664596,6.76521160165484e-11
47.4583333333136,-97.7499999997826,6.98923966300047e-11
47.4583333333136,-97.3333333331127,7.91395542500181e-11
47.4583333333136,-96.3333333331047,8.12055357452005e-11
47.4583333333136,-94.2083333330878,5.25825785583464e-11
47.4583333333136,-93.6666666664168,1.1875782837798e-10
47.4583333333136,-92.4999999997409,3.66387867573375e-10
47.4583333333136,-91.4999999997329,8.82376589865707e-11
47.4583333333136,-91.0833333330629,3.37109919916927e-11
47.4583333333136,-88.0833333330391,2.82937990564046e-11
47.4166666666466,-122.749999999982,3.82474712992983e-09
47.4166666666466,-119.749999999958,8.38821166706932e-11
47.4166666666466,-117.666666666608,5.0636900200219e-10
47.4166666666466,-116.041666666595,2.75841102969476e-10
47.4166666666466,-114.958333333253,1.75379186203453e-11
47.4166666666466,-114.624999999917,1.83679803377866e-11
47.4166666666466,-114.499999999916,1.87722869160484e-11
47.4166666666466,-113.999999999912,1.34379574855844e-10
47.4166666666466,-113.291666666573,5.19461801387452e-11
47.4166666666466,-112.874999999903,2.80290980091893e-11
47.4166666666466,-111.624999999893,7.39171263435844e-11
47.4166666666466,-111.124999999889,1.67665366244321e-10
47.4166666666466,-110.291666666549,4.86064685244222e-11
47.4166666666466,-109.374999999875,1.91387719934692e-11
47.4166666666466,-106.708333333187,1.75452444877245e-11
47.4166666666466,-105.374999999843,2.14789285877246e-11
47.4166666666466,-104.749999999838,2.87949549501425e-11
47.4166666666466,-104.083333333166,2.93785341090898e-11
47.4166666666466,-103.791666666497,2.92728056339899e-11
47.4166666666466,-103.083333333158,5.37900641253146e-11
47.4166666666466,-100.083333333135,5.15294869391888e-11
47.4166666666466,-99.2916666664616,6.30869417202186e-11
47.4166666666466,-98.7083333331236,1.22442768960743e-10
47.4166666666466,-98.4999999997886,2.18574256229029e-10
47.4166666666466,-98.0833333331186,1.33730940362949e-10
47.4166666666466,-96.8333333331087,8.98334287163753e-11
47.4166666666466,-95.4999999997647,8.81480750826358e-11
47.4166666666466,-94.6249999997578,1.82611739510122e-10
47.4166666666466,-94.2916666664218,3.67842507531984e-11
47.4166666666466,-93.7499999997508,1.16997717368814e-10
47.4166666666466,-93.7083333330838,1.18399277825281e-10
47.4166666666466,-93.1666666664128,3.28913593359293e-10
47.4166666666466,-92.6666666664089,6.2147121871699e-10
47.4166666666466,-91.8749999997359,9.11017104050085e-11
47.4166666666466,-91.7499999997349,8.56386240544791e-11
47.4166666666466,-91.0416666663959,2.58908491293885e-10
47.4166666666466,-87.8333333330371,1.99968617680046e-11
47.4166666666466,-87.6666666663691,3.48880062743933e-10
47.3749999999796,-124.291666666661,2.53502710147272e-10
47.3749999999796,-123.833333333324,2.30508134020908e-11
47.3749999999796,-123.74999999999,9.28985094835573e-11
47.3749999999796,-123.499999999988,1.91857279101982e-10
47.3749999999796,-123.291666666653,7.21680102519322e-10
47.3749999999796,-122.749999999982,2.82013062189989e-09
47.3749999999796,-122.166666666644,8.44481448216359e-09
47.3749999999796,-121.24999999997,2.86573199484712e-10
47.3749999999796,-116.708333333267,2.29956111250304e-10
47.3749999999796,-115.791666666593,2.59629575778492e-10
47.3749999999796,-112.541666666567,2.9914884339723e-11
47.3749999999796,-111.749999999894,5.61102354856435e-11
47.3749999999796,-109.249999999874,1.84663395202234e-11
47.3749999999796,-108.624999999869,9.02779618773875e-12
47.3749999999796,-108.3333333332,8.89651993482253e-12
47.3749999999796,-108.083333333198,2.02999131242059e-11
47.3749999999796,-106.624999999853,1.74806135032669e-11
47.3749999999796,-105.791666666513,1.8560816823039e-11
47.3749999999796,-104.874999999839,2.50330897808703e-11
47.3749999999796,-104.374999999835,2.88625468935943e-11
47.3749999999796,-103.958333333165,2.7981225684858e-11
47.3749999999796,-103.083333333158,5.348782914935e-11
47.3749999999796,-102.374999999819,3.39534863427655e-11
47.3749999999796,-101.791666666481,7.25994692575395e-11
47.3749999999796,-101.24999999981,1.41633303148823e-10
47.3749999999796,-100.416666666471,1.33090524863369e-10
47.3749999999796,-100.374999999804,1.31182022246046e-10
47.3749999999796,-97.3333333331127,6.98735272012928e-11
47.3749999999796,-96.2499999997707,8.02728536707659e-11
47.3749999999796,-96.0416666664357,2.42981751257956e-10
47.3749999999796,-94.0416666664198,8.2255464242621e-11
47.3749999999796,-93.4999999997488,2.07965345489112e-10
47.3749999999796,-93.4166666664148,1.75898484749253e-10
47.3333333333126,-124.249999999994,2.63604273585378e-10
47.3333333333126,-123.74999999999,9.52357405546913e-11
47.3333333333126,-120.791666666633,1.3401548857852e-10
47.3333333333126,-120.666666666632,2.19573564329137e-10
47.3333333333126,-120.541666666631,2.00709464789444e-10
47.3333333333126,-112.874999999903,2.89425092202293e-11
47.3333333333126,-110.749999999886,4.78655322966201e-11
47.3333333333126,-109.374999999875,1.89087803470604e-11
47.3333333333126,-108.791666666537,9.08959549059797e-12
47.3333333333126,-108.458333333201,8.95302790557007e-12
47.3333333333126,-108.374999999867,8.90985940737974e-12
47.3333333333126,-107.249999999858,2.48593118809898e-11
47.3333333333126,-106.624999999853,1.72971938008098e-11
47.3333333333126,-106.083333333182,1.71449428223415e-11
47.3333333333126,-105.916666666514,1.23824220917999e-10
47.3333333333126,-105.41666666651,2.12397223764323e-11
47.3333333333126,-105.374999999843,4.3298200364424e-11
47.3333333333126,-103.208333333159,2.00944841139735e-10
47.3333333333126,-101.833333333148,6.96446494429235e-11
47.3333333333126,-101.374999999811,3.20790473484863e-10
47.3333333333126,-100.208333333136,1.19724468105473e-10
47.3333333333126,-100.124999999802,5.69805334543491e-11
47.3333333333126,-99.3749999997956,7.38222414257367e-11
47.3333333333126,-99.0833333331266,6.91363679448069e-11
47.3333333333126,-97.8333333331166,5.35059809144811e-11
47.3333333333126,-97.4999999997807,9.08870413228923e-11
47.3333333333126,-96.7499999997747,9.93134629315749e-11
47.3333333333126,-96.4166666664387,1.29700899185853e-10
47.3333333333126,-92.7916666664099,1.5801427139671e-10
47.3333333333126,-92.5833333330749,4.78684416654052e-10
47.3333333333126,-88.374999999708,1.75004513596066e-10
47.2916666666456,-124.208333333327,9.68838092440651e-11
47.2916666666456,-124.16666666666,3.97419119408298e-10
47.2916666666456,-123.458333333321,2.01988210544712e-09
47.2916666666456,-120.8333333333,1.34039770218512e-10
47.2916666666456,-119.874999999959,1.14758607252445e-09
47.2916666666456,-119.374999999955,4.40713584198561e-10
47.2916666666456,-117.666666666608,1.7859010909092e-10
47.2916666666456,-117.08333333327,1.53425027979492e-10
47.2916666666456,-116.874999999935,1.17950457198989e-10
47.2916666666456,-115.874999999927,2.60495279908933e-10
47.2916666666456,-115.124999999921,7.18123642747084e-11
47.2916666666456,-114.916666666586,2.10567853765684e-11
47.2916666666456,-113.74999999991,2.45781948072377e-11
47.2916666666456,-109.749999999878,2.31458254984205e-11
47.2916666666456,-109.208333333207,1.80745363186869e-11
47.2916666666456,-108.3333333332,2.0627745955813e-11
47.2916666666456,-108.208333333199,2.04405703713231e-11
47.2916666666456,-107.874999999863,4.62251175960467e-12
47.2916666666456,-107.374999999859,2.47267504724874e-11
47.2916666666456,-103.958333333165,4.82840193141502e-11
47.2916666666456,-103.708333333163,4.8707178164827e-11
47.2916666666456,-103.458333333161,8.27937268329172e-11
47.2916666666456,-103.041666666491,5.9545963800949e-11
47.2916666666456,-101.499999999812,1.08383195550195e-10
47.2916666666456,-100.583333333139,6.25535076013846e-10
47.2916666666456,-100.541666666472,6.18817317745147e-10
47.2916666666456,-98.4999999997886,5.51098210092954e-11
47.2916666666456,-97.7916666664496,5.29022881533336e-11
47.2916666666456,-97.1249999997777,8.88242529648454e-11
47.2916666666456,-95.6249999997657,1.93502528139748e-10
47.2916666666456,-94.9999999997608,1.9122866114377e-10
47.2916666666456,-93.5833333330828,4.48790080837208e-10
47.2916666666456,-92.2499999997389,2.29308730902552e-10
47.2916666666456,-92.0416666664039,1.12378016230674e-10
47.2499999999786,-123.791666666657,8.45295327804787e-11
47.2499999999786,-122.874999999983,1.35615123437543e-09
47.2499999999786,-122.08333333331,3.46698691720314e-09
47.2499999999786,-121.333333333304,6.470617931659e-11
47.2499999999786,-119.874999999959,1.14296454376248e-09
47.2499999999786,-119.791666666625,1.2975587314313e-10
47.2499999999786,-119.749999999958,1.3870027336047e-10
47.2499999999786,-118.291666666613,8.15960532874894e-11
47.2499999999786,-111.749999999894,5.01320448089926e-11
47.2499999999786,-111.583333333226,5.61863250177472e-11
47.2499999999786,-111.041666666555,5.45146348355552e-11
47.2499999999786,-109.458333333209,2.06818446623056e-11
47.2499999999786,-108.874999999871,9.13451367968534e-12
47.2499999999786,-107.333333333192,2.34550495076425e-11
47.2499999999786,-106.041666666515,1.18366586778897e-10
47.2499999999786,-104.708333333171,3.66816905743186e-11
47.2499999999786,-104.666666666504,3.70303705380162e-11
47.2499999999786,-104.58333333317,3.69988510384967e-11
47.2499999999786,-103.166666666492,8.96071690276221e-11
47.2499999999786,-102.458333333153,3.63698871775704e-11
47.2499999999786,-101.66666666648,1.05899625003257e-10
47.2499999999786,-101.24999999981,8.31129777201914e-11
47.2499999999786,-99.7916666664656,1.50482175839372e-11
47.2499999999786,-99.4583333331296,1.66811265157268e-10
47.2499999999786,-99.3749999997956,1.71478654104417e-10
47.2499999999786,-99.1666666664606,2.15171730991975e-13
47.2499999999786,-98.3333333331206,6.11317317552394e-11
47.2499999999786,-98.1249999997856,5.67980894889159e-11
47.2499999999786,-98.0833333331186,5.59116184916873e-11
47.2499999999786,-96.1249999997697,7.19968439875165e-11
47.2499999999786,-94.7083333330918,1.65302331080763e-10
47.2499999999786,-94.3749999997558,1.24035295054458e-10
47.2499999999786,-93.6666666664168,1.75365100353174e-10
47.2499999999786,-92.7916666664099,2.61014481499415e-10
47.2499999999786,-92.5833333330749,3.2414138284605e-10
47.2499999999786,-88.62499999971,1.00559583050973e-09
47.2499999999786,-69.4583333328908,1.5148570381051e-10
47.2499999999786,-69.4166666662238,1.52699814691646e-10
47.2083333333116,-123.374999999987,1.8443206432191e-10
47.2083333333116,-121.541666666639,1.26327697866755e-10
47.2083333333116,-121.124999999969,1.22508870827933e-10
47.2083333333116,-120.8333333333,1.40935522030877e-10
47.2083333333116,-120.791666666633,1.43691476274842e-10
47.2083333333116,-118.416666666614,8.80196678055432e-11
47.2083333333116,-118.041666666611,8.01220684944084e-11
47.2083333333116,-116.583333333266,1.1296905735488e-10
47.2083333333116,-114.333333333248,2.92303751096089e-11
47.2083333333116,-113.083333333238,5.33259399598489e-11
47.2083333333116,-111.999999999896,4.37143500392777e-11
47.2083333333116,-110.874999999887,4.68425415322603e-11
47.2083333333116,-110.041666666547,2.58410175841418e-11
47.2083333333116,-109.416666666542,2.0345726419937e-11
47.2083333333116,-104.666666666504,3.9035142558074e-11
47.2083333333116,-103.666666666496,3.75113229273225e-11
47.2083333333116,-102.458333333153,3.7776296205522e-11
47.2083333333116,-100.249999999803,1.20734736782039e-10
47.2083333333116,-99.8333333331326,7.79707185992197e-11
47.2083333333116,-98.7916666664576,7.26457794118155e-11
47.2083333333116,-98.2916666664536,7.95066509719536e-11
47.2083333333116,-98.1249999997856,7.41958124619448e-11
47.2083333333116,-97.2083333331117,1.46714319605476e-10
47.2083333333116,-96.7083333331077,1.51079495334752e-10
47.2083333333116,-96.2083333331037,7.92571642735891e-11
47.2083333333116,-95.5833333330987,6.73214523263693e-11
47.2083333333116,-95.4999999997647,6.83253192346904e-11
47.2083333333116,-94.3749999997558,1.2914987209684e-10
47.2083333333116,-88.166666666373,3.63229680288564e-11
47.2083333333116,-69.2499999995558,1.60466295965051e-10
47.1666666666446,-122.833333333316,1.2961364547734e-08
47.1666666666446,-122.49999999998,1.25660248207009e-08
47.1666666666446,-122.208333333311,7.33500903244057e-09
47.1666666666446,-121.874999999975,6.89874708099116e-10
47.1666666666446,-121.541666666639,1.23689281058389e-10
47.1666666666446,-120.874999999967,1.44011358628244e-10
47.1666666666446,-120.208333333295,1.71644996362394e-10
47.1666666666446,-118.249999999946,8.30503881964543e-11
47.1666666666446,-117.874999999943,2.08080787448379e-10
47.1666666666446,-116.624999999933,1.10822954516085e-10
47.1666666666446,-115.958333333261,2.65960852441667e-10
47.1666666666446,-115.708333333259,2.35356998371922e-10
47.1666666666446,-114.708333333251,2.14882319530724e-11
47.1666666666446,-111.958333333229,4.43757599198026e-11
47.1666666666446,-111.791666666561,4.71279281329245e-11
47.1666666666446,-110.999999999888,4.75863886133498e-11
47.1666666666446,-110.83333333322,4.39297520256831e-11
47.1666666666446,-108.74999999987,2.38749653242344e-11
47.1666666666446,-108.583333333202,2.09613948664594e-11
47.1666666666446,-108.458333333201,2.07990689148439e-11
47.1666666666446,-107.999999999864,2.00170727994226e-11
47.1666666666446,-106.374999999851,2.71551071419873e-11
47.1666666666446,-105.374999999843,2.79129041977202e-11
47.1666666666446,-105.124999999841,2.83717693285268e-11
47.1666666666446,-104.666666666504,4.24401862327926e-11
47.1666666666446,-104.249999999834,3.68990202446392e-11
47.1666666666446,-103.541666666495,3.77497242277975e-11
47.1666666666446,-99.7083333331316,7.47530550894314e-11
47.1666666666446,-99.5416666664636,3.83800142990166e-11
47.1666666666446,-99.2916666664616,1.79938884910614e-10
47.1666666666446,-99.2499999997946,1.82973579210144e-10
47.1666666666446,-99.1249999997936,2.24744591038029e-13
47.1666666666446,-98.0416666664516,7.2464601623438e-11
47.1666666666446,-97.1666666664447,2.29812793820695e-10
47.1666666666446,-96.1249999997697,4.51177104432212e-13
47.1666666666446,-95.0416666664278,1.06900627490804e-10
47.1666666666446,-93.6249999997498,1.60485029228708e-10
47.1666666666446,-92.9999999997448,1.57016698116571e-10
47.1666666666446,-88.249999999707,9.57285275918649e-11
47.1666666666446,-68.0833333328799,2.26985883175492e-10
47.1249999999776,-121.541666666639,1.2032005425198e-10
47.1249999999776,-121.374999999971,3.9449727595896e-10
47.1249999999776,-120.624999999965,1.584157824674e-10
47.1249999999776,-120.249999999962,1.80871019829551e-10
47.1249999999776,-119.16666666662,1.30317638455612e-10
47.1249999999776,-116.624999999933,1.07440128073951e-10
47.1249999999776,-113.041666666571,5.44605126260514e-11
47.1249999999776,-112.749999999902,9.67673712801334e-12
47.1249999999776,-111.24999999989,4.70947112416289e-11
47.1249999999776,-109.624999999877,2.16342761236355e-11
47.1249999999776,-108.374999999867,2.06888469850432e-11
47.1249999999776,-108.249999999866,2.04832880425992e-11
47.1249999999776,-106.541666666519,2.66176376110462e-11
47.1249999999776,-106.291666666517,2.7705101288251e-11
47.1249999999776,-105.583333333178,2.53242886928221e-11
47.1249999999776,-105.291666666509,4.50503757173356e-11
47.1249999999776,-102.833333333156,7.27688191367377e-11
47.1249999999776,-99.6666666664646,7.49939243321636e-11
47.1249999999776,-98.8749999997916,2.59779424502779e-13
47.1249999999776,-95.5833333330987,7.14049676439872e-11
47.1249999999776,-94.3749999997558,7.73648606151909e-11
47.1249999999776,-94.2499999997548,8.90691859172047e-11
47.1249999999776,-93.4999999997488,1.90310813139315e-10
47.1249999999776,-92.2499999997389,1.50240709886752e-10
47.1249999999776,-69.4999999995578,1.57262265989219e-10
47.1249999999776,-69.1249999995548,1.89292212019801e-11
47.0833333333106,-124.083333333326,8.09279697566641e-10
47.0833333333106,-123.791666666657,3.01388379202472e-10
47.0833333333106,-122.166666666644,2.27518967464856e-10
47.0833333333106,-121.999999999976,2.18869937452498e-10
47.0833333333106,-120.291666666629,1.91536713362034e-10
47.0833333333106,-120.083333333294,1.76657972838765e-10
47.0833333333106,-118.874999999951,7.94563020586855e-11
47.0833333333106,-117.833333333276,1.0675468544275e-10
47.0833333333106,-115.916666666594,2.51459687441995e-10
47.0833333333106,-115.499999999924,2.1312120514842e-10
47.0833333333106,-115.333333333256,2.14954603049824e-10
47.0833333333106,-114.249999999914,1.53545186519032e-10
47.0833333333106,-113.833333333244,1.39995249409371e-10
47.0833333333106,-113.458333333241,2.70929224838462e-11
47.0833333333106,-112.91666666657,5.42665492788645e-11
47.0833333333106,-111.416666666558,4.56441439616638e-11
47.0833333333106,-109.124999999873,1.9287430186253e-11
47.0833333333106,-108.3333333332,2.06370240583881e-11
47.0833333333106,-106.499999999852,2.69636811525374e-11
47.0833333333106,-105.749999999846,2.39467196513628e-11
47.0833333333106,-105.333333333176,2.8232855961123e-11
47.0833333333106,-105.166666666508,2.73510520367909e-11
47.0833333333106,-104.499999999836,3.72623372143412e-11
47.0833333333106,-104.041666666499,4.60637090295846e-11
47.0833333333106,-101.041666666476,1.13787205363228e-10
47.0833333333106,-100.333333333137,1.54955380717618e-10
47.0833333333106,-99.7083333331316,7.74142871360552e-11
47.0833333333106,-99.4583333331296,1.7099219324941e-10
47.0833333333106,-99.1249999997936,1.97824593331481e-10
47.0833333333106,-94.7499999997588,1.81900510374856e-10
47.0833333333106,-92.9999999997448,1.50437244647995e-10
47.0833333333106,-91.9999999997369,6.1924248363116e-10
47.0833333333106,-67.9999999995459,1.81713493291459e-10
47.0416666666436,-124.16666666666,1.12216991288594e-10
47.0416666666436,-121.999999999976,1.98300578239104e-10
47.0416666666436,-121.916666666642,1.78113584450462e-10
47.0416666666436,-119.99999999996,1.15332218251163e-10
47.0416666666436,-116.791666666601,1.72387601964775e-10
47.0416666666436,-116.6666666666,1.11478579071616e-10
47.0416666666436,-114.99999999992,2.06354330247219e-11
47.0416666666436,-113.499999999908,5.23170379847789e-11
47.0416666666436,-112.791666666569,1.01461637762395e-11
47.0416666666436,-112.291666666565,4.60734820823841e-11
47.0416666666436,-112.124999999897,4.78083097668023e-11
47.0416666666436,-111.333333333224,4.36600303431705e-11
47.0416666666436,-109.874999999879,1.23275362324564e-11
47.0416666666436,-108.74999999987,2.42834135925212e-11
47.0416666666436,-108.124999999865,2.02705067234161e-11
47.0416666666436,-107.999999999864,2.00151874921937e-11
47.0416666666436,-107.124999999857,1.66557490974509e-11
47.0416666666436,-105.249999999842,4.5409463667936e-11
47.0416666666436,-102.999999999824,7.2923642841026e-11
47.0416666666436,-101.624999999813,5.29660646643568e-11
47.0416666666436,-100.874999999808,2.83563654799176e-10
47.0416666666436,-99.6249999997976,3.9551428765077e-11
47.0416666666436,-98.4583333331216,7.35857430198098e-11
47.0416666666436,-97.9583333331176,6.12093963212089e-11
47.0416666666436,-97.5833333331147,1.40234689860156e-10
47.0416666666436,-92.9583333330778,1.52627997237271e-10
47.0416666666436,-92.7916666664099,2.34271244623986e-10
47.0416666666436,-69.2499999995558,1.71221015154572e-10
46.9999999999766,-123.999999999992,8.45136868858215e-11
46.9999999999766,-122.791666666649,2.83071918761559e-09
46.9999999999766,-122.666666666648,2.96997069330665e-09
46.9999999999766,-121.999999999976,1.84664654875555e-10
46.9999999999766,-120.583333333298,2.18011585721844e-10
46.9999999999766,-120.083333333294,2.41373933627836e-10
46.9999999999766,-118.249999999946,6.81001804172714e-11
46.9999999999766,-118.083333333278,6.57971199105156e-11
46.9999999999766,-117.833333333276,9.7643384040481e-11
46.9999999999766,-116.874999999935,1.05780935095082e-10
46.9999999999766,-116.583333333266,9.13557645073421e-10
46.9999999999766,-115.708333333259,2.27347648678415e-10
46.9999999999766,-114.249999999914,2.26429487824158e-10
46.9999999999766,-113.374999999907,4.97127189400776e-11
46.9999999999766,-109.458333333209,4.47358704979641e-11
46.9999999999766,-109.083333333206,2.60512642990903e-11
46.9999999999766,-109.041666666539,2.59928832999583e-11
46.9999999999766,-108.791666666537,2.46892812114328e-11
46.9999999999766,-107.124999999857,1.67876007040628e-11
46.9999999999766,-106.374999999851,2.15243714745301e-16
46.9999999999766,-103.874999999831,4.10703788414171e-11
46.9999999999766,-102.999999999824,1.07411676929584e-10
46.9999999999766,-102.708333333155,1.31560520292378e-10
46.9999999999766,-102.124999999817,5.18160482744312e-11
46.9999999999766,-101.791666666481,5.0203076191143e-11
46.9999999999766,-101.083333333143,1.52866829215367e-10
46.9999999999766,-100.041666666468,1.16228377253925e-10
46.9999999999766,-99.2499999997946,4.82969464171654e-11
46.9999999999766,-98.8333333331246,7.60754246003722e-11
46.9999999999766,-97.1249999997777,3.20149625688529e-10
46.9999999999766,-92.9999999997448,2.07694229584306e-10
46.9999999999766,-92.0416666664039,1.57236520410251e-09
46.9999999999766,-90.7083333330599,3.87090424924865e-10
46.9999999999766,-68.7499999995519,2.04311075694482e-10
46.9999999999766,-67.9166666662119,2.02782305260844e-10
46.9583333333096,-123.916666666658,9.60349790628728e-11
46.9583333333096,-121.24999999997,7.86647360712773e-11
46.9583333333096,-120.874999999967,1.0989776948613e-09
46.9583333333096,-120.166666666628,3.15657088172826e-10
46.9583333333096,-119.833333333292,4.2982925846519e-10
46.9583333333096,-119.208333333287,4.18221132502248e-10
46.9583333333096,-118.541666666615,7.54404684060337e-11
46.9583333333096,-117.49999999994,2.36006252571381e-10
46.9583333333096,-117.041666666603,3.32560860734281e-10
46.9583333333096,-116.416666666598,6.33502732142422e-10
46.9583333333096,-115.041666666587,2.27290429279521e-10
46.9583333333096,-114.708333333251,2.88731346774011e-11
46.9583333333096,-114.416666666582,8.42729977355906e-11
46.9583333333096,-112.91666666657,2.65591325194688e-11
46.9583333333096,-112.041666666563,5.47727907556812e-11
46.9583333333096,-111.124999999889,1.98610798006627e-11
46.9583333333096,-110.041666666547,2.07040155890865e-11
46.9583333333096,-109.124999999873,1.99953351482339e-11
46.9583333333096,-108.499999999868,2.16123817756668e-11
46.9583333333096,-108.041666666531,4.73792859891785e-12
46.9583333333096,-106.166666666516,2.23052432902454e-11
46.9583333333096,-105.083333333174,2.75573849293209e-11
46.9583333333096,-104.208333333167,3.37052077979345e-11
46.9583333333096,-103.624999999829,3.75163368849111e-11
46.9583333333096,-102.91666666649,1.23702402162314e-10
46.9583333333096,-102.208333333151,7.72060072851297e-11
46.9583333333096,-102.08333333315,5.22324968416841e-11
46.9583333333096,-101.374999999811,6.4123917520962e-11
46.9583333333096,-100.874999999808,2.9659336997637e-09
46.9583333333096,-100.583333333139,7.72107551730146e-10
46.9583333333096,-100.541666666472,7.12533993251147e-10
46.9583333333096,-99.7083333331316,2.05588996180149e-10
46.9583333333096,-99.1666666664606,2.45933033053139e-11
46.9583333333096,-97.5833333331147,7.68132144253289e-11
46.9583333333096,-97.3333333331127,2.65025151758027e-10
46.9583333333096,-97.2916666664457,2.83315947026971e-10
46.9583333333096,-95.3749999997637,8.52116641490957e-11
46.9583333333096,-95.1249999997618,2.14558376850261e-10
46.9583333333096,-93.9999999997528,9.07298962108804e-11
46.9583333333096,-92.0416666664039,1.86350470401736e-09
46.9583333333096,-91.9583333330699,1.47848437575873e-09
46.9583333333096,-90.8333333330609,5.8193514231972e-10
46.9583333333096,-89.083333333047,3.90863091128186e-11
46.9583333333096,-88.791666666378,7.7181357568368e-11
46.9583333333096,-69.5416666662248,1.65945427328838e-10
46.9583333333096,-69.4166666662238,1.7052894086377e-10
46.9583333333096,-69.0833333328878,1.85334340762658e-10
46.9583333333096,-68.9166666662199,1.95579835546693e-10
46.9583333333096,-68.1666666662139,1.12115209210242e-10
46.9583333333096,-67.9583333328789,2.24100149058177e-10
46.9166666666426,-123.666666666656,4.01634732929018e-10
46.9166666666426,-123.041666666651,1.46104219619828e-09
46.9166666666426,-122.291666666645,1.18510618688706e-09
46.9166666666426,-121.749999999974,5.92867710692499e-11
46.9166666666426,-120.916666666634,1.30253276624523e-09
46.9166666666426,-120.333333333296,2.80325351137746e-10
46.9166666666426,-120.208333333295,3.12034296132662e-10
46.9166666666426,-119.958333333293,6.63966977952577e-10
46.9166666666426,-115.666666666592,2.26845453085852e-10
46.9166666666426,-113.541666666575,5.58585973318358e-11
46.9166666666426,-113.124999999905,2.66737279896934e-11
46.9166666666426,-112.749999999902,1.12782672863589e-11
46.9166666666426,-111.624999999893,5.35255289231621e-11
46.9166666666426,-111.124999999889,1.95066112088313e-11
46.9166666666426,-110.541666666551,2.97647725272863e-11
46.9166666666426,-109.041666666539,2.5740576090215e-11
46.9166666666426,-108.624999999869,2.50497475580587e-11
46.9166666666426,-107.374999999859,1.72134706293427e-11
46.9166666666426,-106.874999999855,2.67448281116278e-11
46.9166666666426,-105.541666666511,2.55440343934422e-11
46.9166666666426,-105.458333333177,2.57228350226386e-11
46.9166666666426,-105.374999999843,2.66277638566374e-11
46.9166666666426,-104.749999999838,3.17943155620327e-11
46.9166666666426,-103.791666666497,4.11952369079058e-11
46.9166666666426,-102.708333333155,1.69347783095886e-10
46.9166666666426,-101.791666666481,4.9083145572078e-11
46.9166666666426,-101.291666666477,7.37286229632715e-11
46.9166666666426,-100.29166666647,2.01276384509731e-10
46.9166666666426,-99.6249999997976,1.56442335767759e-10
46.9166666666426,-98.5416666664556,2.88082992977223e-10
46.9166666666426,-94.5833333330908,2.20124905690768e-10
46.9166666666426,-94.4583333330898,2.04713049735055e-10
46.9166666666426,-94.2083333330878,1.47820132610624e-10
46.9166666666426,-91.8749999997359,2.0221150379532e-09
46.9166666666426,-90.7083333330599,4.86596969407628e-11
46.9166666666426,-68.9999999995539,1.9397454006062e-10
46.9166666666426,-68.7916666662189,2.09160134794402e-10
46.8749999999756,-123.166666666652,1.56675789722519e-09
46.8749999999756,-122.958333333317,8.49249986379569e-10
46.8749999999756,-122.874999999983,8.41334711016018e-10
46.8749999999756,-121.999999999976,2.83831749088635e-10
46.8749999999756,-121.291666666637,7.84941688754733e-11
46.8749999999756,-120.333333333296,2.83005381089435e-10
46.8749999999756,-119.249999999954,5.42626850009993e-10
46.8749999999756,-118.124999999945,1.89462699948009e-11
46.8749999999756,-117.624999999941,6.59792292757467e-11
46.8749999999756,-117.291666666605,2.31671128845339e-10
46.8749999999756,-115.541666666591,2.194057553998e-10
46.8749999999756,-114.874999999919,2.15445002593742e-11
46.8749999999756,-114.791666666585,2.80979695307713e-11
46.8749999999756,-114.083333333246,1.7179205452157e-09
46.8749999999756,-111.958333333229,6.50686917663421e-11
46.8749999999756,-111.458333333225,2.40958074427541e-11
46.8749999999756,-110.583333333218,2.94977473955432e-11
46.8749999999756,-110.083333333214,2.04881388063772e-11
46.8749999999756,-109.833333333212,1.89458531042298e-11
46.8749999999756,-108.624999999869,2.54219217684014e-11
46.8749999999756,-107.124999999857,1.73509873587879e-11
46.8749999999756,-106.999999999856,2.67786723803315e-11
46.8749999999756,-105.83333333318,2.50017241221407e-11
46.8749999999756,-105.499999999844,2.58821385169341e-11
46.8749999999756,-103.166666666492,6.25524701739512e-11
46.8749999999756,-102.833333333156,1.66348703801082e-10
46.8749999999756,-102.166666666484,5.41929958999759e-11
46.8749999999756,-102.08333333315,5.31397224230365e-11
46.8749999999756,-101.24999999981,8.16489260518697e-11
46.8749999999756,-101.208333333143,1.47956634442032e-10
46.8749999999756,-100.083333333135,1.29356025015831e-10
46.8749999999756,-98.0416666664516,6.3875454516163e-11
46.8749999999756,-95.2916666664297,1.00835229693287e-10
46.8749999999756,-94.2916666664218,9.00974885033613e-11
46.8749999999756,-92.7083333330759,2.95354290887147e-10
46.8749999999756,-92.2083333330719,9.09410227568925e-09
46.8749999999756,-89.749999999719,2.59166199441929e-10
46.8749999999756,-87.6666666663691,4.72952400951402e-10
46.8749999999756,-68.2916666662149,1.62555379105011e-10
46.8749999999756,-67.8333333328779,2.40519242194936e-10
46.8333333333086,-123.999999999992,2.34822439854155e-10
46.8333333333086,-121.791666666641,5.57948644771962e-11
46.8333333333086,-119.958333333293,4.39325703879811e-10
46.8333333333086,-119.374999999955,4.97510190656466e-10
46.8333333333086,-118.416666666614,6.06525854630808e-11
46.8333333333086,-117.749999999942,8.48957010574073e-11
46.8333333333086,-117.666666666608,8.6987501187522e-11
46.8333333333086,-117.041666666603,4.02440808146283e-10
46.8333333333086,-116.166666666596,2.95723655723286e-10
46.8333333333086,-115.791666666593,2.44234616264864e-10
46.8333333333086,-114.666666666584,2.93284037495193e-11
46.8333333333086,-114.374999999915,1.38492269441728e-10
46.8333333333086,-112.874999999903,2.92768648736263e-11
46.8333333333086,-112.041666666563,9.99876902309054e-11
46.8333333333086,-109.416666666542,2.08674301704072e-11
46.8333333333086,-106.916666666522,1.61049255963498e-11
46.8333333333086,-106.374999999851,2.19413240185212e-11
46.8333333333086,-105.666666666512,2.5997071892612e-11
46.8333333333086,-105.041666666507,7.83732637832425e-11
46.8333333333086,-104.1666666665,3.15729390808488e-11
46.8333333333086,-101.874999999815,4.64107236071949e-11
46.8333333333086,-101.24999999981,8.27815136650074e-11
46.8333333333086,-101.083333333143,2.14804084693128e-10
46.8333333333086,-98.2083333331196,6.4956147420484e-11
46.8333333333086,-97.9583333331176,6.23394329001419e-11
46.8333333333086,-97.7083333331156,6.79887919223092e-11
46.8333333333086,-97.4583333331137,2.34988489818932e-10
46.8333333333086,-95.3749999997637,1.14985920475773e-10
46.8333333333086,-95.0833333330948,1.76408558536118e-10
46.8333333333086,-94.6666666664248,2.09452821623109e-10
46.8333333333086,-94.0833333330868,1.73373697007252e-10
46.8333333333086,-94.0416666664198,1.73634320575467e-10
46.8333333333086,-93.9166666664188,6.65177231778194e-11
46.8333333333086,-93.4166666664148,1.53143408697567e-10
46.8333333333086,-92.2499999997389,6.81185613642112e-09
46.8333333333086,-90.8749999997279,7.79646730986694e-11
46.8333333333086,-89.291666666382,1.06083592769025e-10
46.8333333333086,-89.124999999714,1.33664051220044e-10
46.8333333333086,-88.458333333042,1.9037704447997e-10
46.8333333333086,-87.6249999997021,5.02019195968324e-10
46.8333333333086,-69.7916666662268,1.64444899025409e-10
46.8333333333086,-69.5416666662248,1.73632532175316e-10
46.8333333333086,-69.2916666662228,1.84208070026617e-10
46.8333333333086,-69.1249999995548,1.93184495268615e-10
46.7916666666416,-124.083333333326,2.00536377207523e-10
46.7916666666416,-123.624999999989,2.85560324893769e-10
46.7916666666416,-122.541666666647,2.42356549013989e-10
46.7916666666416,-122.333333333312,1.64243007174953e-10
46.7916666666416,-121.041666666635,1.18172466772846e-10
46.7916666666416,-120.499999999964,1.69348875752534e-09
46.7916666666416,-120.083333333294,3.57382438588331e-10
46.7916666666416,-118.74999999995,1.42282022382615e-10
46.7916666666416,-118.499999999948,6.64759294589212e-11
46.7916666666416,-116.541666666599,1.38438876124357e-10
46.7916666666416,-116.333333333264,6.5326082610771e-10
46.7916666666416,-115.624999999925,2.27015307242107e-10
46.7916666666416,-114.99999999992,2.29274337435049e-10
46.7916666666416,-114.874999999919,2.35661738441543e-10
46.7916666666416,-113.416666666574,4.64868117895304e-11
46.7916666666416,-110.999999999888,1.83354732637755e-11
46.7916666666416,-110.541666666551,2.80598325303879e-11
46.7916666666416,-110.291666666549,2.12156362485107e-11
46.7916666666416,-110.166666666548,2.04622127109795e-11
46.7916666666416,-109.249999999874,2.10850001922901e-11
46.7916666666416,-109.083333333206,2.77985641586771e-11
46.7916666666416,-105.791666666513,2.56570271361907e-11
46.7916666666416,-105.458333333177,2.66259070643573e-11
46.7916666666416,-104.958333333173,7.9004709050628e-11
46.7916666666416,-102.583333333154,1.01902539576473e-10
46.7916666666416,-102.416666666486,1.16660149295768e-10
46.7916666666416,-102.124999999817,7.70782974145226e-11
46.7916666666416,-101.833333333148,4.63800189664685e-11
46.7916666666416,-101.458333333145,5.90474608867997e-11
46.7916666666416,-99.4999999997966,1.58296250609234e-10
46.7916666666416,-97.2916666664457,3.21238310414066e-10
46.7916666666416,-96.9999999997767,8.10914508985355e-10
46.7916666666416,-96.8333333331087,2.51668360548785e-09
46.7916666666416,-95.6666666664327,3.0881086082262e-10
46.7916666666416,-95.4583333330977,1.266594235591e-10
46.7916666666416,-95.2916666664297,1.14595958611907e-10
46.7916666666416,-95.0833333330948,1.2878049796732e-10
46.7916666666416,-94.3749999997558,1.93713894608299e-10
46.7916666666416,-93.9999999997528,1.25143849846262e-10
46.7916666666416,-93.6249999997498,1.97514063923172e-10
46.7916666666416,-93.4583333330818,1.69356967869155e-10
46.7916666666416,-91.5833333330669,1.54208743944496e-09
46.7916666666416,-91.3333333330649,1.15395123558766e-10
46.7916666666416,-91.1666666663969,9.47479201554477e-11
46.7916666666416,-89.791666666386,3.55134850049893e-11
46.7916666666416,-87.8749999997041,1.02823254499413e-10
46.7916666666416,-84.9583333330142,2.19354339004124e-10
46.7916666666416,-68.9583333328869,2.08470909372968e-10
46.7916666666416,-68.3749999995489,4.8925712216781e-10
46.7499999999746,-123.791666666657,3.03000810150228e-10
46.7499999999746,-123.249999999986,1.7867485312314e-10
46.7499999999746,-121.374999999971,7.10633550566479e-11
46.7499999999746,-120.708333333299,4.18213194313324e-10
46.7499999999746,-119.541666666623,2.30722096736593e-10
46.7499999999746,-119.458333333289,2.31040713717796e-10
46.7499999999746,-115.708333333259,2.37785598349363e-10
46.7499999999746,-114.791666666585,2.39306131689648e-10
46.7499999999746,-113.791666666577,1.21466923719038e-10
46.7499999999746,-113.249999999906,4.32667226458999e-11
46.7499999999746,-112.874999999903,3.09387707160668e-11
46.7499999999746,-111.374999999891,2.44509919392034e-11
46.7499999999746,-110.666666666552,1.58765022598754e-11
46.7499999999746,-108.708333333203,2.68163206613819e-11
46.7499999999746,-108.166666666532,3.20366949151985e-11
46.7499999999746,-107.874999999863,5.85809797588352e-12
46.7499999999746,-107.416666666526,2.09404093449654e-11
46.7499999999746,-107.333333333192,2.09440874619025e-11
46.7499999999746,-106.66666666652,2.14349426715578e-11
46.7499999999746,-103.874999999831,4.21151782722535e-11
46.7499999999746,-103.833333333164,4.24804255384784e-11
46.7499999999746,-103.791666666497,4.28521314278836e-11
46.7499999999746,-103.416666666494,3.54373197759132e-11
46.7499999999746,-102.291666666485,8.08493429858624e-11
46.7499999999746,-101.708333333147,4.88788042397644e-11
46.7499999999746,-101.583333333146,2.56919275756063e-10
46.7499999999746,-101.083333333143,1.94152116845314e-10
46.7499999999746,-97.8749999997836,5.97664466993781e-11
46.7499999999746,-97.5416666664477,7.18851141434965e-11
46.7499999999746,-96.5833333331067,7.03935377450764e-10
46.7499999999746,-95.0416666664278,1.33418070348832e-10
46.7499999999746,-94.6249999997578,1.32772057585304e-10
46.7499999999746,-94.3333333330888,2.46214903615689e-10
46.7499999999746,-93.5833333330828,2.28901170809363e-10
46.7499999999746,-92.7499999997429,3.76095560202449e-10
46.7499999999746,-88.999999999713,1.29435072654184e-10
46.7499999999746,-85.4166666663512,1.96374084353705e-10
46.7499999999746,-69.6666666662258,1.73757585416097e-10
46.7499999999746,-68.8333333328859,2.23646510532179e-10
46.7083333333076,-123.166666666652,2.10000237362616e-10
46.7083333333076,-122.583333333314,5.51253458563688e-10
46.7083333333076,-122.416666666646,1.29404268022902e-10
46.7083333333076,-122.208333333311,1.64442281825026e-10
46.7083333333076,-121.999999999976,1.65077465556385e-10
46.7083333333076,-121.874999999975,1.06195060393296e-10
46.7083333333076,-121.291666666637,7.69330613330386e-11
46.7083333333076,-120.791666666633,5.86218659210039e-10
46.7083333333076,-120.41666666663,3.4794961628536e-10
46.7083333333076,-118.541666666615,1.52612222918179e-10
46.7083333333076,-117.749999999942,5.49504451147412e-11
46.7083333333076,-116.874999999935,9.94284396352402e-10
46.7083333333076,-115.708333333259,2.39291836367844e-10
46.7083333333076,-114.624999999917,4.32788881131442e-10
46.7083333333076,-113.791666666577,1.16315697217355e-10
46.7083333333076,-113.041666666571,4.51421758461169e-11
46.7083333333076,-111.041666666555,1.94719266786779e-11
46.7083333333076,-109.958333333213,1.51730239074644e-11
46.7083333333076,-109.874999999879,1.4879838092597e-11
46.7083333333076,-109.58333333321,1.44576177287685e-11
46.7083333333076,-107.624999999861,5.77102023091247e-12
46.7083333333076,-107.041666666523,1.67305450878385e-11
46.7083333333076,-106.24999999985,2.70089863157797e-11
46.7083333333076,-105.583333333178,3.09101116806696e-11
46.7083333333076,-105.208333333175,2.68767796599643e-11
46.7083333333076,-102.958333333157,1.22454348237171e-10
46.7083333333076,-102.708333333155,1.48684406520268e-10
46.7083333333076,-102.291666666485,7.94537009304253e-11
46.7083333333076,-99.7083333331316,2.25057362412766e-10
46.7083333333076,-99.2916666664616,5.15420522304413e-11
46.7083333333076,-98.9166666664586,7.14451125475318e-11
46.7083333333076,-98.8333333331246,9.68391854113317e-11
46.7083333333076,-97.1249999997777,3.6994534148819e-10
46.7083333333076,-95.9999999997687,4.74103446429048e-10
46.7083333333076,-92.7499999997429,3.72617329208577e-10
46.7083333333076,-91.9583333330699,6.85889339952485e-09
46.7083333333076,-88.958333333046,1.21139246113852e-10
46.7083333333076,-88.541666666376,6.64130447370341e-11
46.7083333333076,-87.7916666663701,9.7872316328112e-11
46.7083333333076,-85.3333333330172,3.51816235076625e-11
46.7083333333076,-85.2916666663502,3.57209711001383e-11
46.7083333333076,-67.9583333328789,3.38885403498665e-10
46.6666666666406,-123.833333333324,2.8018159773842e-10
46.6666666666406,-122.958333333317,3.46963003509674e-09
46.6666666666406,-122.708333333315,2.73560506122373e-10
46.6666666666406,-122.624999999981,5.63704566004772e-10
46.6666666666406,-119.416666666622,2.91066841960364e-10
46.6666666666406,-119.374999999955,7.0291925639492e-10
46.6666666666406,-119.041666666619,5.62032405120763e-10
46.6666666666406,-118.083333333278,7.92458233303103e-11
46.6666666666406,-117.249999999938,5.31510740236596e-10
46.6666666666406,-115.666666666592,2.36181468612456e-10
46.6666666666406,-114.499999999916,6.75403049892836e-11
46.6666666666406,-114.374999999915,4.70319351825941e-11
46.6666666666406,-111.791666666561,9.05578218938866e-10
46.6666666666406,-109.416666666542,1.46397804426911e-11
46.6666666666406,-106.999999999856,1.69360653807359e-11
46.6666666666406,-106.333333333184,2.65690024878263e-11
46.6666666666406,-102.249999999818,7.67096973008476e-11
46.6666666666406,-102.208333333151,7.58606387402042e-11
46.6666666666406,-100.374999999804,2.10879832606947e-10
46.6666666666406,-100.333333333137,1.96456186978801e-10
46.6666666666406,-100.249999999803,1.72530797248208e-10
46.6666666666406,-99.7499999997986,2.33918433149941e-10
46.6666666666406,-98.5416666664556,9.73921749234639e-11
46.6666666666406,-98.4999999997886,9.69497291042802e-11
46.6666666666406,-98.1666666664526,7.9142583624968e-11
46.6666666666406,-97.2083333331117,2.14236750813193e-10
46.6666666666406,-96.6249999997737,7.44243382297164e-10
46.6666666666406,-95.7916666664337,2.18577852882246e-10
46.6666666666406,-95.0833333330948,3.14104450245029e-10
46.6666666666406,-94.4166666664228,2.12304048103848e-10
46.6666666666406,-93.4999999997488,1.3946809010435e-10
46.6666666666406,-93.3333333330808,1.00503291195117e-10
46.6666666666406,-92.7083333330759,5.13766405466283e-10
46.6666666666406,-92.0416666664039,1.76971960941093e-09
46.6666666666406,-89.124999999714,2.53276061470009e-11
46.6666666666406,-85.2083333330162,1.05441648964426e-11
46.6666666666406,-69.2916666662228,1.95134408136761e-10
46.6666666666406,-68.7916666662189,1.0336934651074e-10
46.6249999999736,-123.74999999999,2.43654384936373e-10
46.6249999999736,-122.291666666645,4.96694764944827e-11
46.6249999999736,-121.916666666642,1.07348848292626e-10
46.6249999999736,-121.041666666635,9.55210516432575e-11
46.6249999999736,-120.333333333296,6.8976081678933e-09
46.6249999999736,-117.999999999944,2.40909014601678e-10
46.6249999999736,-117.874999999943,7.77575988698082e-11
46.6249999999736,-117.333333333272,8.05715654337952e-11
46.6249999999736,-116.624999999933,1.31434450075372e-10
46.6249999999736,-113.499999999908,4.31699770888592e-11
46.6249999999736,-112.874999999903,9.74282917195618e-11
46.6249999999736,-111.374999999891,3.79810930751832e-11
46.6249999999736,-110.166666666548,1.8891918074019e-11
46.6249999999736,-109.124999999873,2.59077219489333e-11
46.6249999999736,-109.083333333206,2.59245589555519e-11
46.6249999999736,-108.083333333198,3.31798967049347e-11
46.6249999999736,-107.541666666527,2.17110213275622e-11
46.6249999999736,-104.291666666501,3.19334937705519e-11
46.6249999999736,-103.291666666493,3.80284103034615e-11
46.6249999999736,-98.7916666664576,6.71745792014349e-11
46.6249999999736,-97.6666666664486,4.86890837218425e-11
46.6249999999736,-96.5833333331067,6.91449632413366e-10
46.6249999999736,-94.5833333330908,1.53721532916766e-10
46.6249999999736,-94.5416666664238,1.64008150900029e-10
46.6249999999736,-93.7916666664178,9.41032513075326e-11
46.6249999999736,-92.9583333330778,1.93603164498515e-10
46.6249999999736,-92.7499999997429,1.65068651907702e-10
46.6249999999736,-90.9583333330619,1.20688047575076e-10
46.6249999999736,-88.958333333046,4.0202207334203e-11
46.6249999999736,-87.5416666663681,1.91036105825957e-10
46.6249999999736,-86.2499999996911,9.64679186594517e-11
46.6249999999736,-69.7083333328928,1.79367615197193e-10
46.6249999999736,-69.4999999995578,1.87975493255946e-10
46.6249999999736,-69.0833333328878,2.11085760605519e-10
46.6249999999736,-68.5833333328839,2.68308698037125e-10
46.6249999999736,-67.9166666662119,4.5364629744745e-10
46.5833333333066,-124.041666666659,3.01377552604636e-10
46.5833333333066,-123.958333333325,9.70432051232478e-11
46.5833333333066,-118.833333333284,5.62848141620951e-10
46.5833333333066,-117.541666666607,6.11799330060378e-11
46.5833333333066,-117.08333333327,1.17622357442245e-10
46.5833333333066,-116.749999999934,3.01025799505286e-10
46.5833333333066,-116.124999999929,5.20412707214948e-11
46.5833333333066,-115.541666666591,2.24113758915662e-10
46.5833333333066,-114.041666666579,1.82036591740783e-10
46.5833333333066,-113.374999999907,2.31356464621256e-11
46.5833333333066,-112.999999999904,9.21750839598406e-11
46.5833333333066,-111.291666666557,2.44901622055997e-11
46.5833333333066,-110.333333333216,1.4333227000689e-11
46.5833333333066,-110.083333333214,1.88392025690636e-11
46.5833333333066,-107.791666666529,6.18305345519103e-12
46.5833333333066,-107.583333333194,1.23561692070363e-10
46.5833333333066,-106.624999999853,2.55779527535469e-11
46.5833333333066,-106.541666666519,2.5922690016054e-11
46.5833333333066,-105.749999999846,2.99198048961645e-11
46.5833333333066,-105.499999999844,2.85722442280661e-11
46.5833333333066,-105.374999999843,2.82395261172915e-11
46.5833333333066,-105.166666666508,2.72283985885518e-11
46.5833333333066,-104.458333333169,2.07997366010168e-11
46.5833333333066,-101.291666666477,5.8086291945816e-11
46.5833333333066,-98.2916666664536,5.39206696160835e-11
46.5833333333066,-97.2499999997787,1.29432381609959e-10
46.5833333333066,-96.9999999997767,2.72159766213717e-10
46.5833333333066,-96.4999999997727,2.07695162582476e-10
46.5833333333066,-93.2499999997468,5.33858201251475e-11
46.5833333333066,-93.2083333330798,5.16471898158093e-11
46.5833333333066,-92.6666666664089,4.1424187693902e-10
46.5833333333066,-90.5416666663919,8.12930188252105e-11
46.5833333333066,-90.4999999997249,5.53656871564057e-09
46.5833333333066,-90.458333333058,2.9389936055036e-08
46.5833333333066,-88.583333333043,2.58149955704566e-10
46.5833333333066,-85.0833333330152,1.17890926452854e-11
46.5833333333066,-69.3749999995568,1.96104673570376e-10
46.5833333333066,-69.1249999995548,2.107395725508e-10
46.5416666666396,-123.458333333321,1.09305429612038e-10
46.5416666666396,-123.33333333332,4.29138916721537e-10
46.5416666666396,-122.874999999983,6.59362033388983e-10
46.5416666666396,-122.749999999982,3.95861332455775e-10
46.5416666666396,-122.708333333315,1.26814476175023e-09
46.5416666666396,-119.791666666625,2.3216947564833e-10
46.5416666666396,-119.499999999956,2.4069119524937e-10
46.5416666666396,-118.791666666617,4.71017712422151e-10
46.5416666666396,-118.624999999949,5.44108691536468e-11
46.5416666666396,-118.041666666611,4.81412097363787e-11
46.5416666666396,-117.583333333274,6.01636866257781e-11
46.5416666666396,-115.249999999922,2.16509409665314e-10
46.5416666666396,-114.874999999919,2.22435578208386e-10
46.5416666666396,-114.124999999913,1.73591961635042e-10
46.5416666666396,-113.666666666576,4.35912610085419e-11
46.5416666666396,-112.666666666568,3.98216337971134e-11
46.5416666666396,-112.416666666566,9.53047599612545e-11
46.5416666666396,-111.708333333227,2.47923306827589e-10
46.5416666666396,-111.416666666558,5.78474045780004e-11
46.5416666666396,-110.83333333322,1.80310822990805e-11
46.5416666666396,-109.749999999878,1.77957582588306e-11
46.5416666666396,-108.74999999987,3.10944750223005e-11
46.5416666666396,-107.458333333193,1.23319771512164e-10
46.5416666666396,-105.999999999848,2.822041742236e-11
46.5416666666396,-105.41666666651,2.8344122768489e-11
46.5416666666396,-104.58333333317,2.01102818576321e-11
46.5416666666396,-102.583333333154,2.0332675200645e-10
46.5416666666396,-100.916666666475,1.12722663081724e-10
46.5416666666396,-100.791666666474,1.21888321111281e-10
46.5416666666396,-97.9999999997846,1.58904704897558e-10
46.5416666666396,-97.5833333331147,7.23573004591278e-11
46.5416666666396,-94.7499999997588,1.4402652237496e-10
46.5416666666396,-93.0416666664118,7.54020687556961e-11
46.5416666666396,-92.5833333330749,4.25785267548697e-10
46.5416666666396,-92.1666666664049,4.84738876713194e-10
46.5416666666396,-89.291666666382,3.90251427776135e-11
46.5416666666396,-84.2499999996752,9.35936484082113e-10
46.5416666666396,-68.9583333328869,2.26799505851726e-10
46.4999999999726,-123.583333333322,1.1217422529052e-10
46.4999999999726,-120.916666666634,8.50366315758068e-11
46.4999999999726,-118.958333333285,3.73344209378903e-10
46.4999999999726,-116.6666666666,1.67768493806886e-10
46.4999999999726,-116.291666666597,2.71918476233472e-10
46.4999999999726,-115.958333333261,2.89129230774616e-10
46.4999999999726,-115.83333333326,3.63406551832798e-11
46.4999999999726,-114.666666666584,3.85986925059083e-11
46.4999999999726,-113.999999999912,1.67088973372085e-10
46.4999999999726,-113.541666666575,4.19018916567679e-11
46.4999999999726,-113.291666666573,2.34798295724116e-11
46.4999999999726,-113.124999999905,4.75549906612449e-11
46.4999999999726,-111.999999999896,3.28344638055755e-10
46.4999999999726,-110.874999999887,1.87010322821971e-11
46.4999999999726,-109.083333333206,2.72533905303742e-11
46.4999999999726,-109.041666666539,2.72896326173784e-11
46.4999999999726,-108.291666666533,3.03369354045532e-11
46.4999999999726,-106.999999999856,1.79151585732468e-11
46.4999999999726,-106.916666666522,1.79154752708757e-11
46.4999999999726,-106.083333333182,7.99149225517424e-11
46.4999999999726,-104.499999999836,2.12051341151669e-11
46.4999999999726,-103.999999999832,4.59242702192187e-11
46.4999999999726,-102.541666666487,1.93505251078571e-10
46.4999999999726,-101.791666666481,3.8775695072306e-11
46.4999999999726,-101.499999999812,4.48647082832187e-11
46.4999999999726,-101.166666666477,5.83739744631974e-11
46.4999999999726,-100.499999999805,1.8622531822283e-10
46.4999999999726,-100.333333333137,1.61454217423643e-10
46.4999999999726,-100.166666666469,1.45244149425452e-10
46.4999999999726,-99.2083333331276,5.0145009512607e-11
46.4999999999726,-98.6666666664566,3.45825862482535e-11
46.4999999999726,-95.8749999997677,2.01414138923466e-10
46.4999999999726,-95.4166666664307,1.58458888020926e-10
46.4999999999726,-94.9166666664268,1.93892805377547e-10
46.4999999999726,-94.4999999997568,4.30127090988491e-10
46.4999999999726,-93.2916666664138,5.34373986456294e-11
46.4999999999726,-90.8749999997279,9.81571848764324e-11
46.4999999999726,-89.416666666383,4.16348399866957e-11
46.4999999999726,-87.8333333330371,9.87772168976312e-11
46.4999999999726,-87.6249999997021,3.68872413650388e-10
46.4999999999726,-86.3749999996921,1.01626340668772e-10
46.4999999999726,-85.9166666663551,5.85775763142671e-11
46.4999999999726,-85.7083333330201,3.96564335897947e-11
46.4999999999726,-84.6249999996782,1.08144131176652e-09
46.4999999999726,-84.2083333330082,1.55441792287897e-10
46.4999999999726,-69.5416666662248,1.9353649650872e-10
46.4999999999726,-68.9583333328869,2.29040706944277e-10
46.4999999999726,-68.8749999995529,2.36891302544172e-10
46.4999999999726,-68.7499999995519,2.50286986281149e-10
46.4999999999726,-68.5416666662169,1.22491978481646e-10
46.4583333333056,-121.749999999974,8.72178114013934e-11
46.4583333333056,-121.624999999973,8.83553590394105e-11
46.4583333333056,-120.499999999964,4.04407296314757e-09
46.4583333333056,-116.6666666666,1.53734661057307e-10
46.4583333333056,-116.624999999933,1.50446725329163e-10
46.4583333333056,-114.291666666581,6.98082960993416e-11
46.4583333333056,-114.249999999914,7.02288951606813e-11
46.4583333333056,-114.041666666579,1.61346198714351e-10
46.4583333333056,-113.624999999909,4.17456867153681e-11
46.4583333333056,-113.541666666575,4.09504324658591e-11
46.4583333333056,-112.999999999904,1.39912440614872e-10
46.4583333333056,-112.041666666563,2.63598239304634e-10
46.4583333333056,-110.458333333217,1.58840624082154e-11
46.4583333333056,-109.58333333321,3.35980699109314e-11
46.4583333333056,-109.374999999875,3.38502547221665e-11
46.4583333333056,-106.749999999854,1.814543726125e-11
46.4583333333056,-106.708333333187,1.81063420072648e-11
46.4583333333056,-105.83333333318,2.79125302387976e-10
46.4583333333056,-104.874999999839,8.8837069432762e-12
46.4583333333056,-104.58333333317,2.06075929018671e-11
46.4583333333056,-103.416666666494,3.72142583149341e-11
46.4583333333056,-101.083333333143,5.78724349798732e-11
46.4583333333056,-99.2916666664616,1.27615021253969e-10
46.4583333333056,-98.9166666664586,5.54896826594235e-11
46.4583333333056,-97.7916666664496,2.47891765633054e-10
46.4583333333056,-96.2499999997707,2.26538674060803e-10
46.4583333333056,-95.7499999997667,1.41162745270723e-10
46.4583333333056,-93.2916666664138,5.25958239807632e-11
46.4583333333056,-92.6249999997419,4.69696400246793e-10
46.4583333333056,-92.0416666664039,1.93811181539636e-10
46.4583333333056,-89.04166666638,2.12217759964173e-11
46.4583333333056,-87.7916666663701,1.80431921599216e-10
46.4583333333056,-87.7083333330361,1.68669989361645e-10
46.4583333333056,-86.2499999996911,6.73216328186938e-11
46.4583333333056,-85.5833333330192,4.00669173450828e-11
46.4583333333056,-69.6249999995588,1.96094340701021e-10
46.4166666666386,-124.083333333326,4.58517542924925e-08
46.4166666666386,-123.874999999991,6.49814325070023e-11
46.4166666666386,-123.083333333318,3.20919045737287e-10
46.4166666666386,-122.91666666665,4.81257048446495e-10
46.4166666666386,-122.708333333315,2.2318995573861e-10
46.4166666666386,-121.124999999969,2.09305707395934e-10
46.4166666666386,-120.916666666634,2.48370646887397e-10
46.4166666666386,-120.583333333298,9.64603387688679e-10
46.4166666666386,-120.041666666627,1.55915084257187e-09
46.4166666666386,-119.916666666626,1.4466157124017e-09
46.4166666666386,-117.541666666607,1.07867718892504e-10
46.4166666666386,-115.958333333261,8.43370963371239e-11
46.4166666666386,-115.499999999924,2.21038591604835e-10
46.4166666666386,-113.458333333241,4.06878242161034e-11
46.4166666666386,-112.874999999903,8.59916955313471e-11
46.4166666666386,-111.833333333228,2.28591922978901e-10
46.4166666666386,-111.24999999989,3.71428585334042e-11
46.4166666666386,-110.958333333221,2.0534985655053e-11
46.4166666666386,-110.624999999885,1.7767685868373e-11
46.4166666666386,-110.41666666655,1.60678337010229e-11
46.4166666666386,-109.708333333211,1.85586153124362e-11
46.4166666666386,-107.249999999858,2.04938337302163e-11
46.4166666666386,-106.458333333185,2.70760888557062e-11
46.4166666666386,-105.749999999846,2.51800004612624e-10
46.4166666666386,-104.291666666501,7.57765792493023e-11
46.4166666666386,-102.416666666486,3.43263206829376e-11
46.4166666666386,-101.333333333144,4.57912783683989e-11
46.4166666666386,-98.6249999997896,3.24315365140427e-11
46.4166666666386,-95.8333333331007,1.93932310463588e-10
46.4166666666386,-95.7499999997667,2.07827557926442e-10
46.4166666666386,-95.2499999997627,1.94636086977593e-10
46.4166666666386,-94.9999999997608,2.16443135223315e-10
46.4166666666386,-94.4166666664228,9.44482169233699e-10
46.4166666666386,-93.9583333330858,7.0241408593609e-10
46.4166666666386,-93.6666666664168,2.65253719258745e-10
46.4166666666386,-93.1666666664128,5.39352359144304e-11
46.4166666666386,-92.7083333330759,2.50870741164104e-10
46.4166666666386,-92.4166666664069,3.03354184119017e-10
46.4166666666386,-91.7499999997349,1.10613810863565e-10
46.4166666666386,-89.999999999721,5.09346600765272e-11
46.4166666666386,-89.583333333051,9.98081526042469e-11
46.4166666666386,-89.416666666383,4.02809489129961e-11
46.4166666666386,-89.124999999714,2.11357411180014e-11
46.4166666666386,-88.749999999711,4.22608139646354e-11
46.4166666666386,-87.6249999997021,3.83027565996252e-10
46.4166666666386,-87.5833333330351,3.22434442872715e-10
46.4166666666386,-87.4166666663671,2.57952796168749e-10
46.4166666666386,-85.5833333330192,4.10482287055805e-11
46.4166666666386,-85.3333333330172,1.07264761709164e-10
46.4166666666386,-69.6666666662258,1.99764864077279e-10
46.4166666666386,-69.5416666662248,2.01906386881697e-10
46.4166666666386,-67.9166666662119,1.09146079802391e-10
46.3749999999716,-122.749999999982,5.17280465323586e-10
46.3749999999716,-122.249999999978,3.84630653207958e-10
46.3749999999716,-119.958333333293,1.52546771681185e-09
46.3749999999716,-117.749999999942,8.24864424694668e-11
46.3749999999716,-117.041666666603,3.69086957625621e-10
46.3749999999716,-116.916666666602,1.3784050897371e-09
46.3749999999716,-116.458333333265,1.35466262530067e-10
46.3749999999716,-115.874999999927,7.99363894695801e-11
46.3749999999716,-115.41666666659,2.12784299157973e-10
46.3749999999716,-114.208333333247,6.6412842197854e-11
46.3749999999716,-113.958333333245,8.97416573166888e-11
46.3749999999716,-113.166666666572,4.62125235825005e-11
46.3749999999716,-109.874999999879,1.93188133233604e-11
46.3749999999716,-109.374999999875,8.06795054870893e-12
46.3749999999716,-108.499999999868,3.36334564241915e-11
46.3749999999716,-107.91666666653,2.67264048118618e-11
46.3749999999716,-107.291666666525,2.07050800771737e-11
46.3749999999716,-103.208333333159,3.85589621503657e-11
46.3749999999716,-102.91666666649,3.88699583563887e-11
46.3749999999716,-102.124999999817,3.32119740193843e-11
46.3749999999716,-99.9999999998006,9.99864385730356e-11
46.3749999999716,-99.7083333331316,4.92896970402376e-11
46.3749999999716,-98.5833333331226,3.1827812921569e-11
46.3749999999716,-93.2916666664138,2.33111296033615e-10
46.3749999999716,-90.333333333057,3.91641655050893e-11
46.3749999999716,-88.374999999708,8.99113183729283e-11
46.3749999999716,-88.0416666663721,3.69115845545176e-11
46.3749999999716,-84.1666666663412,1.74843508400737e-10
46.3749999999716,-69.9583333328948,1.97184540331584e-10
46.3749999999716,-69.3333333328898,2.11368494462264e-10
46.3333333333047,-122.874999999983,9.19284964312683e-10
46.3333333333047,-122.833333333316,9.37641643110227e-10
46.3333333333047,-122.291666666645,3.98184757098744e-10
46.3333333333047,-121.66666666664,2.93779195782214e-10
46.3333333333047,-121.374999999971,3.18628955903574e-10
46.3333333333047,-120.666666666632,1.14694129672554e-09
46.3333333333047,-120.083333333294,3.06167120815668e-10
46.3333333333047,-119.291666666621,1.10568921069618e-09
46.3333333333047,-118.624999999949,5.43272873074145e-10
46.3333333333047,-117.333333333272,2.37499578567288e-10
46.3333333333047,-116.083333333262,2.83529263547607e-11
46.3333333333047,-115.958333333261,8.5535897277177e-11
46.3333333333047,-115.791666666593,2.63994323579798e-10
46.3333333333047,-113.666666666576,3.90116050517668e-11
46.3333333333047,-112.791666666569,1.08882900625063e-10
46.3333333333047,-111.374999999891,6.11210263937163e-11
46.3333333333047,-110.541666666551,1.75563133147775e-11
46.3333333333047,-107.624999999861,2.61832321013624e-11
46.3333333333047,-107.249999999858,2.10187050789809e-11
46.3333333333047,-107.124999999857,2.12230931279093e-11
46.3333333333047,-103.458333333161,4.19783134719354e-11
46.3333333333047,-101.749999999814,3.55297056401496e-11
46.3333333333047,-101.083333333143,3.54998167705116e-11
46.3333333333047,-100.166666666469,5.956219654601e-11
46.3333333333047,-99.6666666664646,5.33769448634488e-11
46.3333333333047,-99.4999999997966,4.39436343719778e-11
46.3333333333047,-97.4999999997807,9.14790902877842e-11
46.3333333333047,-97.3333333331127,9.10007753653222e-11
46.3333333333047,-97.1666666664447,1.24369721102078e-10
46.3333333333047,-95.3333333330967,4.65964749341328e-10
46.3333333333047,-94.7083333330918,3.43734834056356e-10
46.3333333333047,-93.4999999997488,1.77239631732064e-10
46.3333333333047,-93.2916666664138,2.34827581060524e-10
46.3333333333047,-92.6666666664089,7.91876710136442e-11
46.3333333333047,-92.4583333330739,7.25624594993886e-11
46.3333333333047,-91.7083333330679,9.475125491236e-11
46.3333333333047,-91.2499999997309,1.33744592510147e-10
46.3333333333047,-90.6249999997259,6.21656489429135e-11
46.3333333333047,-89.45833333305,4.17107286208294e-11
46.3333333333047,-88.749999999711,3.03478994224885e-11
46.3333333333047,-88.20833333304,4.90773438893941e-11
46.3333333333047,-86.2083333330241,4.0444749254641e-11
46.3333333333047,-85.6666666663532,7.55977457012859e-11
46.2916666666377,-123.666666666656,3.16817194606949e-10
46.2916666666377,-122.666666666648,4.06914254154783e-10
46.2916666666377,-120.249999999962,3.23877824061563e-10
46.2916666666377,-117.874999999943,7.89700920096056e-11
46.2916666666377,-116.333333333264,1.02434910083705e-10
46.2916666666377,-115.666666666592,2.4246048456747e-10
46.2916666666377,-115.458333333257,2.14578661533922e-10
46.2916666666377,-115.208333333255,3.44085924576954e-11
46.2916666666377,-114.916666666586,3.44202224926055e-11
46.2916666666377,-113.958333333245,6.8375045311241e-11
46.2916666666377,-113.208333333239,4.51031392007555e-11
46.2916666666377,-111.624999999893,6.47324948936996e-11
46.2916666666377,-111.416666666558,6.57586032963471e-11
46.2916666666377,-107.124999999857,1.44097942656051e-12
46.2916666666377,-106.624999999853,1.97121316994412e-11
46.2916666666377,-105.499999999844,2.8958735239545e-11
46.2916666666377,-104.874999999839,8.88254964612965e-12
46.2916666666377,-103.791666666497,3.7397682724597e-11
46.2916666666377,-103.708333333163,3.69017630248246e-11
46.2916666666377,-102.249999999818,3.12662997667545e-11
46.2916666666377,-100.499999999805,5.8248500553332e-11
46.2916666666377,-99.8749999997996,5.23197006860687e-11
46.2916666666377,-99.0833333331266,4.26307120846044e-11
46.2916666666377,-98.9166666664586,3.49436395585951e-11
46.2916666666377,-98.7083333331236,2.94040641973804e-11
46.2916666666377,-98.6666666664566,2.97162502709647e-11
46.2916666666377,-98.3333333331206,4.95457253231195e-11
46.2916666666377,-96.8749999997757,1.50255526914797e-10
46.2916666666377,-96.1249999997697,3.01766664320973e-10
46.2916666666377,-95.7916666664337,1.66669642148861e-10
46.2916666666377,-94.4999999997568,3.27684374015453e-10
46.2916666666377,-93.1249999997458,2.13059907986676e-10
46.2916666666377,-92.9583333330778,1.67476384621561e-10
46.2916666666377,-90.29166666639,5.2806506404601e-11
46.2916666666377,-85.4999999996852,4.44631026411495e-11
46.2916666666377,-85.3749999996842,4.46001043335363e-11
46.2916666666377,-84.7083333330122,1.12360771322745e-10
46.2916666666377,-84.6666666663452,1.19924633613267e-10
46.2916666666377,-84.4999999996772,7.02967435130261e-10
46.2916666666377,-84.1249999996742,1.79287740158924e-10
46.2916666666377,-70.1666666662298,1.99104699453297e-10
46.2916666666377,-69.8333333328938,2.1065861090485e-10
46.2916666666377,-68.9166666662199,2.41486217036553e-10
46.2499999999707,-122.416666666646,4.78924044657255e-10
46.2499999999707,-122.124999999977,3.64348474181324e-10
46.2499999999707,-121.083333333302,3.54744179256782e-10
46.2499999999707,-120.083333333294,6.56062147187575e-10
46.2499999999707,-118.833333333284,2.21909475096895e-10
46.2499999999707,-117.416666666606,5.16087772854404e-11
46.2499999999707,-114.333333333248,8.35083372263889e-11
46.2499999999707,-112.208333333231,7.46378895168509e-11
46.2499999999707,-111.916666666562,8.41825701403235e-11
46.2499999999707,-109.916666666546,2.05972941504439e-11
46.2499999999707,-106.708333333187,2.03148690114854e-11
46.2499999999707,-105.708333333179,3.01308685561114e-11
46.2499999999707,-105.124999999841,8.52664150911116e-12
46.2499999999707,-104.083333333166,8.32744845442347e-11
46.2499999999707,-103.541666666495,3.61153756432349e-11
46.2499999999707,-103.083333333158,2.6262488236695e-11
46.2499999999707,-102.416666666486,3.00336454270932e-11
46.2499999999707,-99.2499999997946,1.1903660261998e-10
46.2499999999707,-99.0833333331266,3.69498182200038e-11
46.2499999999707,-97.9166666664506,1.68359982536898e-10
46.2499999999707,-97.4166666664467,8.94561978854529e-11
46.2499999999707,-96.0416666664357,7.59033332143228e-10
46.2499999999707,-93.3749999997478,3.52540570505957e-10
46.2499999999707,-92.2083333330719,7.28712236869457e-11
46.2499999999707,-91.9583333330699,5.62621623530056e-11
46.2499999999707,-91.2916666663979,8.31951292310577e-11
46.2499999999707,-90.9999999997289,5.79429608709355e-11
46.2499999999707,-90.7916666663939,6.57455667681236e-11
46.2499999999707,-89.249999999715,1.96418780636004e-11
46.2499999999707,-87.4999999997011,6.10141555184388e-11
46.2499999999707,-86.5416666663601,5.65129406308823e-11
46.2499999999707,-84.7083333330122,1.13368941076308e-10
46.2499999999707,-69.6249999995588,2.20933290135496e-10
46.2499999999707,-69.5833333328918,2.21584714184804e-10
46.2499999999707,-68.8749999995529,2.49283560597868e-10
46.2499999999707,-68.5833333328839,3.96067298221025e-11
46.2499999999707,-68.2083333328809,4.63421148755769e-11
46.2499999999707,-67.9583333328789,9.59849327183322e-11
46.2499999999707,-67.7499999995439,2.62498520001728e-10
46.2083333333037,-120.374999999963,2.66497755862442e-10
46.2083333333037,-119.708333333291,1.14835357545376e-09
46.2083333333037,-119.249999999954,1.18304878112296e-08
46.2083333333037,-117.624999999941,8.47770525672294e-11
46.2083333333037,-117.49999999994,6.19696233631068e-11
46.2083333333037,-115.666666666592,2.39758464589764e-10
46.2083333333037,-114.541666666583,3.4532666409311e-11
46.2083333333037,-114.333333333248,8.16373920475387e-11
46.2083333333037,-114.124999999913,6.85834497661883e-11
46.2083333333037,-112.166666666564,7.42271588384621e-11
46.2083333333037,-110.708333333219,1.86302423717266e-10
46.2083333333037,-109.708333333211,3.73143926607476e-11
46.2083333333037,-108.833333333204,3.30623062665158e-11
46.2083333333037,-108.124999999865,2.89540528143416e-11
46.2083333333037,-107.291666666525,2.17386293456616e-11
46.2083333333037,-106.124999999849,2.63687727549381e-11
46.2083333333037,-105.583333333178,2.83057807554691e-11
46.2083333333037,-103.74999999983,3.64522822849935e-11
46.2083333333037,-103.624999999829,3.57757851566569e-11
46.2083333333037,-102.791666666489,4.80166233480213e-11
46.2083333333037,-99.5833333331306,4.58681897245872e-11
46.2083333333037,-97.7916666664496,2.01433120276173e-10
46.2083333333037,-95.7916666664337,1.69396953314144e-10
46.2083333333037,-95.0833333330948,1.62128024263401e-10
46.2083333333037,-92.8333333330769,1.82266669922497e-10
46.2083333333037,-90.29166666639,4.69816793311091e-11
46.2083333333037,-89.708333333052,1.14619602781184e-10
46.2083333333037,-88.916666666379,3.21075658232644e-11
46.2083333333037,-87.0833333330311,7.60687408624917e-11
46.2083333333037,-86.6666666663611,1.04204890013231e-10
46.2083333333037,-85.7499999996871,2.38652911438408e-11
46.2083333333037,-85.7083333330201,6.08911368870333e-11
46.2083333333037,-84.4583333330102,5.37899015211698e-10
46.2083333333037,-68.1249999995469,9.50545617701472e-11
46.1666666666367,-123.583333333322,1.88961344276632e-10
46.1666666666367,-122.91666666665,7.25417661555363e-09
46.1666666666367,-122.541666666647,5.95782156274618e-10
46.1666666666367,-120.8333333333,3.67700131675122e-10
46.1666666666367,-120.458333333297,2.3853540941965e-10
46.1666666666367,-120.083333333294,2.36170851577447e-10
46.1666666666367,-118.458333333281,9.16664984674697e-10
46.1666666666367,-117.541666666607,6.05260516771038e-11
46.1666666666367,-116.333333333264,6.025554825273e-10
46.1666666666367,-114.833333333252,3.32259541298902e-11
46.1666666666367,-114.666666666584,3.35967967742464e-11
46.1666666666367,-114.624999999917,3.36916325102449e-11
46.1666666666367,-113.916666666578,5.87052799327129e-11
46.1666666666367,-113.416666666574,3.98140991380491e-11
46.1666666666367,-112.624999999901,6.84807626399384e-11
46.1666666666367,-108.791666666537,4.8362726723401e-11
46.1666666666367,-106.208333333183,2.92922499800442e-11
46.1666666666367,-105.499999999844,2.72276786095444e-11
46.1666666666367,-104.99999999984,8.35691212535133e-12
46.1666666666367,-102.416666666486,2.82589675980931e-11
46.1666666666367,-102.374999999819,2.83698936905938e-11
46.1666666666367,-102.166666666484,2.71322637222038e-11
46.1666666666367,-100.958333333142,5.64480773813637e-11
46.1666666666367,-99.9166666664666,1.66159518548963e-10
46.1666666666367,-99.4166666664626,7.01235009270314e-11
46.1666666666367,-97.6666666664486,7.85866760972883e-11
46.1666666666367,-97.4583333331137,8.7070392470685e-11
46.1666666666367,-94.9166666664268,3.2426949668835e-10
46.1666666666367,-94.0416666664198,3.71345368801026e-10
46.1666666666367,-89.666666666385,1.05622162648612e-10
46.1666666666367,-89.208333333048,4.19667247689909e-11
46.1666666666367,-87.3333333330331,1.74381854326552e-10
46.1666666666367,-84.3333333330092,1.88569035431127e-10
46.1666666666367,-68.8333333328859,8.97298903046498e-11
46.1249999999697,-121.083333333302,3.57097030702706e-10
46.1249999999697,-119.416666666622,8.75080743058661e-10
46.1249999999697,-118.541666666615,2.0457529252074e-10
46.1249999999697,-118.041666666611,1.91900522377708e-10
46.1249999999697,-117.291666666605,4.87462203005872e-11
46.1249999999697,-117.124999999937,7.87722060317697e-11
46.1249999999697,-116.041666666595,6.60555848267449e-11
46.1249999999697,-115.499999999924,3.57603975433195e-11
46.1249999999697,-114.749999999918,3.28687619695292e-11
46.1249999999697,-114.666666666584,3.30194904530488e-11
46.1249999999697,-113.416666666574,2.61071262260672e-11
46.1249999999697,-112.583333333234,7.55249022855352e-11
46.1249999999697,-110.958333333221,1.36835256183271e-10
46.1249999999697,-110.458333333217,3.90787192879111e-11
46.1249999999697,-110.124999999881,2.41112238925859e-11
46.1249999999697,-109.16666666654,2.23695928610134e-11
46.1249999999697,-108.166666666532,3.93855238272626e-11
46.1249999999697,-108.124999999865,3.06046536362949e-11
46.1249999999697,-107.333333333192,7.94367479671114e-11
46.1249999999697,-106.749999999854,2.26744717531642e-11
46.1249999999697,-106.458333333185,2.18805774594318e-11
46.1249999999697,-105.41666666651,1.45053724280488e-10
46.1249999999697,-104.958333333173,8.4616744165121e-12
46.1249999999697,-104.624999999837,2.0070702807417e-11
46.1249999999697,-104.541666666503,2.09853232761851e-11
46.1249999999697,-101.541666666479,3.19539223389904e-11
46.1249999999697,-101.458333333145,4.4154936585829e-11
46.1249999999697,-100.833333333141,5.4680443383972e-11
46.1249999999697,-98.9999999997926,3.402953434272e-11
46.1249999999697,-98.4166666664546,4.74715496755627e-11
46.1249999999697,-97.2916666664457,3.850866822171e-10
46.1249999999697,-96.4166666664387,5.01647151816176e-11
46.1249999999697,-94.6666666664248,3.30339771403934e-10
46.1249999999697,-94.1666666664208,4.2100802639091e-10
46.1249999999697,-92.6666666664089,2.16029983524266e-10
46.1249999999697,-91.9999999997369,1.3201852083003e-10
46.1249999999697,-90.249999999723,3.72655611715735e-11
46.1249999999697,-88.999999999713,2.05217166883311e-11
46.1249999999697,-84.1666666663412,1.52472318660775e-10
46.1249999999697,-84.1249999996742,1.47278591198252e-10
46.1249999999697,-69.9583333328948,2.29820543354026e-10
46.1249999999697,-68.8749999995529,9.15625273390623e-11
46.1249999999697,-68.6249999995509,4.1268265290518e-11
46.1249999999697,-68.4583333328829,4.11523832753685e-11
46.1249999999697,-68.1666666662139,1.05719894542728e-10
46.0833333333027,-120.874999999967,3.54425473405127e-10
46.0833333333027,-120.291666666629,2.00152809876691e-10
46.0833333333027,-119.291666666621,7.76945293671839e-11
46.0833333333027,-118.499999999948,6.1738928964462e-10
46.0833333333027,-117.041666666603,7.62532781321994e-11
46.0833333333027,-116.624999999933,7.37784245587296e-11
46.0833333333027,-112.333333333232,6.73667210602701e-11
46.0833333333027,-110.874999999887,1.35398144788761e-10
46.0833333333027,-110.291666666549,2.66109186586402e-11
46.0833333333027,-110.124999999881,2.46078740032384e-11
46.0833333333027,-109.833333333212,1.93684235268637e-11
46.0833333333027,-109.291666666541,9.1851485692083e-12
46.0833333333027,-108.958333333205,4.89931077510785e-11
46.0833333333027,-108.374999999867,4.47596687757711e-11
46.0833333333027,-107.999999999864,3.00331841283702e-11
46.0833333333027,-106.874999999855,2.2430659910528e-11
46.0833333333027,-103.708333333163,3.48502525490717e-11
46.0833333333027,-103.541666666495,3.90276252114386e-11
46.0833333333027,-99.4583333331296,6.7220744110324e-11
46.0833333333027,-98.2083333331196,6.61239384869973e-11
46.0833333333027,-97.5416666664477,8.34424714037369e-11
46.0833333333027,-97.0833333331107,1.38140282792499e-10
46.0833333333027,-93.2499999997468,2.44206842640485e-10
46.0833333333027,-92.2083333330719,6.89165142166645e-11
46.0833333333027,-91.8749999997359,1.62321839626531e-10
46.0833333333027,-91.3333333330649,1.74270113663528e-10
46.0833333333027,-90.9583333330619,2.61579682469874e-11
46.0833333333027,-88.874999999712,3.45581037948872e-11
46.0833333333027,-87.9583333330381,4.7896962260911e-11
46.0833333333027,-86.3749999996921,5.12225461787197e-11
46.0833333333027,-86.3333333330251,5.16868752881429e-11
46.0833333333027,-83.9166666663392,6.20631014455086e-10
46.0833333333027,-83.5833333330032,4.74204841909691e-11
46.0833333333027,-68.6249999995509,4.24801721914616e-11
46.0833333333027,-68.4999999995499,8.38147526665522e-11
46.0416666666357,-120.583333333298,2.03993996216411e-10
46.0416666666357,-120.208333333295,2.16960760487372e-10
46.0416666666357,-119.833333333292,1.3154316039092e-10
46.0416666666357,-118.708333333283,3.88133054847431e-10
46.0416666666357,-118.666666666616,4.15029151606651e-10
46.0416666666357,-118.291666666613,1.36007948906863e-09
46.0416666666357,-118.166666666612,1.99874671231766e-10
46.0416666666357,-117.49999999994,8.06887687505088e-11
46.0416666666357,-116.24999999993,1.30180276486868e-10
46.0416666666357,-115.541666666591,3.57970620333674e-11
46.0416666666357,-115.249999999922,1.90023621321312e-10
46.0416666666357,-113.958333333245,5.50051518617806e-11
46.0416666666357,-112.458333333233,1.17991987768363e-10
46.0416666666357,-112.208333333231,6.15222355137491e-11
46.0416666666357,-112.124999999897,5.81929434784968e-11
46.0416666666357,-111.749999999894,6.01768639684142e-11
46.0416666666357,-110.916666666554,1.44165848881994e-10
46.0416666666357,-110.666666666552,4.4799172310832e-11
46.0416666666357,-109.208333333207,2.29562569936002e-11
46.0416666666357,-109.16666666654,2.32525656010955e-11
46.0416666666357,-105.291666666509,1.40248291393418e-10
46.0416666666357,-105.083333333174,1.37269331913633e-10
46.0416666666357,-104.916666666506,8.50429242187313e-12
46.0416666666357,-103.583333333162,3.86426242260306e-11
46.0416666666357,-103.083333333158,2.32737330322546e-11
46.0416666666357,-101.374999999811,4.23252500154127e-11
46.0416666666357,-100.916666666475,4.92449542377053e-11
46.0416666666357,-100.666666666473,8.00376028288783e-11
46.0416666666357,-100.333333333137,5.18071063197264e-11
46.0416666666357,-98.7916666664576,2.34734831668598e-10
46.0416666666357,-93.9166666664188,7.20310328005016e-10
46.0416666666357,-90.333333333057,5.18452742332257e-11
46.0416666666357,-90.249999999723,4.13752432966338e-11
46.0416666666357,-90.083333333055,4.25374037913316e-11
46.0416666666357,-89.624999999718,8.61716896858172e-11
46.0416666666357,-87.5416666663681,7.6661610435269e-11
46.0416666666357,-86.5416666663601,5.23627865842237e-11
46.0416666666357,-85.0833333330152,1.59814592308325e-10
46.0416666666357,-84.2083333330082,1.67194603493001e-10
46.0416666666357,-84.1666666663412,1.46437288124134e-10
46.0416666666357,-83.5833333330032,4.79845339966365e-11
46.0416666666357,-70.1249999995628,2.35781670303836e-10
46.0416666666357,-69.7916666662268,2.51192408291392e-10
46.0416666666357,-69.4166666662238,3.6245251346406e-11
46.0416666666357,-68.7916666662189,4.32156140650311e-11
46.0416666666357,-68.2083333328809,6.05829811258233e-11
45.9999999999687,-123.666666666656,8.37298614706717e-10
45.9999999999687,-121.458333333305,2.20215074580821e-10
45.9999999999687,-120.458333333297,1.17063687130627e-10
45.9999999999687,-120.374999999963,1.26570891745096e-10
45.9999999999687,-119.458333333289,4.27690932601055e-10
45.9999999999687,-116.749999999934,6.43114809646268e-11
45.9999999999687,-116.624999999933,6.30235883147256e-11
45.9999999999687,-114.208333333247,1.67355579894599e-11
45.9999999999687,-113.583333333242,2.40548123802236e-11
45.9999999999687,-113.249999999906,2.2186652756488e-11
45.9999999999687,-112.791666666569,8.7724437214528e-11
45.9999999999687,-112.416666666566,2.32237572512216e-10
45.9999999999687,-112.208333333231,6.19186033537539e-11
45.9999999999687,-110.999999999888,2.39546536305594e-10
45.9999999999687,-110.874999999887,1.46418674276173e-10
45.9999999999687,-109.749999999878,1.95291938345972e-11
45.9999999999687,-108.874999999871,1.29991940949216e-10
45.9999999999687,-107.833333333196,2.67808865539051e-10
45.9999999999687,-107.583333333194,3.19687894002211e-11
45.9999999999687,-106.749999999854,2.73497459240468e-11
45.9999999999687,-106.458333333185,2.41212042015683e-11
45.9999999999687,-105.666666666512,2.6144599043731e-11
45.9999999999687,-102.666666666488,2.53589404182222e-11
45.9999999999687,-101.208333333143,4.47889074114491e-11
45.9999999999687,-100.999999999809,4.65943069093284e-11
45.9999999999687,-99.3749999997956,6.18648782787164e-11
45.9999999999687,-99.3333333331286,6.1034015395348e-11
45.9999999999687,-99.0416666664596,5.61716721375738e-11
45.9999999999687,-98.1666666664526,1.16592896116965e-10
45.9999999999687,-95.4999999997647,3.70055333582669e-10
45.9999999999687,-95.2916666664297,4.8270698549969e-10
45.9999999999687,-94.9166666664268,7.24645519200486e-10
45.9999999999687,-94.8749999997598,5.83749377102341e-10
45.9999999999687,-93.7083333330838,1.97005713982355e-10
45.9999999999687,-93.4583333330818,3.26537008855183e-10
45.9999999999687,-91.5833333330669,2.44684720573261e-10
45.9999999999687,-91.4166666663989,2.98656807888948e-10
45.9999999999687,-91.2916666663979,2.54275000044238e-10
45.9999999999687,-89.45833333305,3.3335949161416e-10
45.9999999999687,-89.416666666383,1.90225478746826e-09
45.9999999999687,-89.333333333049,2.47113887423257e-10
45.9999999999687,-88.916666666379,5.27228780879873e-11
45.9999999999687,-88.499999999709,1.14068441355412e-10
45.9999999999687,-88.0416666663721,1.48261212499541e-10
45.9999999999687,-84.9166666663472,2.94777799846258e-11
45.9999999999687,-84.7499999996792,8.94954822908232e-11
45.9999999999687,-84.2499999996752,1.50336415752518e-10
45.9999999999687,-84.1249999996742,1.26727146402012e-10
45.9999999999687,-68.2499999995479,3.65576964978381e-11
45.9583333333017,-123.999999999992,2.62818543581567e-09
45.9583333333017,-123.624999999989,7.80162551854421e-10
45.9583333333017,-123.499999999988,1.05151685846672e-10
45.9583333333017,-123.249999999986,5.5087386587309e-10
45.9583333333017,-122.708333333315,8.10474071801927e-10
45.9583333333017,-122.49999999998,4.88939356216502e-10
45.9583333333017,-120.124999999961,2.08676307334295e-10
45.9583333333017,-117.999999999944,7.73215381366042e-11
45.9583333333017,-117.624999999941,3.40008444569283e-10
45.9583333333017,-116.958333333269,1.0425399736225e-10
45.9583333333017,-116.874999999935,1.46386154948875e-10
45.9583333333017,-114.666666666584,3.1033882188796e-11
45.9583333333017,-112.4999999999,4.10230741430474e-10
45.9583333333017,-111.416666666558,1.63112666454227e-10
45.9583333333017,-111.208333333223,2.94503598042708e-10
45.9583333333017,-109.458333333209,2.19413733778857e-11
45.9583333333017,-108.74999999987,1.0391697879463e-10
45.9583333333017,-106.541666666519,2.70022444962537e-11
45.9583333333017,-105.83333333318,2.93976867953306e-11
45.9583333333017,-104.958333333173,8.30489390647662e-12
45.9583333333017,-103.624999999829,3.76939698666809e-11
45.9583333333017,-103.583333333162,3.76427976149454e-11
45.9583333333017,-103.541666666495,3.75931754701008e-11
45.9583333333017,-101.416666666478,3.90545543138249e-11
45.9583333333017,-100.333333333137,4.79669970992275e-11
45.9583333333017,-99.5833333331306,6.35785274789195e-11
45.9583333333017,-99.0833333331266,5.61755300724609e-11
45.9583333333017,-98.2916666664536,6.43347282151298e-11
45.9583333333017,-97.4583333331137,6.61019335127661e-11
45.9583333333017,-97.0416666664437,6.98167571301612e-11
45.9583333333017,-94.3333333330888,1.76673124239771e-09
45.9583333333017,-92.4583333330739,1.25352221825922e-10
45.9583333333017,-91.9583333330699,1.84936953020064e-10
45.9583333333017,-91.8333333330689,1.58706187558644e-10
45.9583333333017,-91.6249999997339,2.20020238311512e-10
45.9583333333017,-91.4999999997329,3.52595816582893e-10
45.9583333333017,-90.7916666663939,6.20421796201686e-11
45.9583333333017,-90.249999999723,4.12741089472012e-11
45.9583333333017,-88.62499999971,1.24770234054096e-10
45.9583333333017,-87.9166666663711,1.25719196551681e-10
45.9583333333017,-86.5416666663601,9.27773787060479e-11
45.9583333333017,-83.9583333330062,6.83434761424657e-11
45.9583333333017,-83.4999999996692,8.18993243789725e-11
45.9166666666347,-122.999999999984,7.63159620981675e-10
45.9166666666347,-122.666666666648,1.10754837843868e-09
45.9166666666347,-121.916666666642,4.74546226903808e-10
45.9166666666347,-120.791666666633,7.39049030894654e-11
45.9166666666347,-120.124999999961,2.1591811857986e-10
45.9166666666347,-119.833333333292,3.74486162804737e-10
45.9166666666347,-118.74999999995,2.51925869995749e-10
45.9166666666347,-118.499999999948,3.53344174286591e-09
45.9166666666347,-118.041666666611,3.69027157032722e-10
45.9166666666347,-116.833333333268,1.39872788075296e-10
45.9166666666347,-116.708333333267,5.54110915772802e-11
45.9166666666347,-116.124999999929,9.88710507642859e-11
45.9166666666347,-115.374999999923,1.05132822331399e-10
45.9166666666347,-113.916666666578,5.32266719830436e-11
45.9166666666347,-113.416666666574,2.00826664484569e-11
45.9166666666347,-113.124999999905,2.3497258991373e-11
45.9166666666347,-111.624999999893,6.83283904970965e-11
45.9166666666347,-111.208333333223,3.11206789582009e-10
45.9166666666347,-108.083333333198,3.43146070612009e-11
45.9166666666347,-107.374999999859,1.31340357667874e-10
45.9166666666347,-104.833333333172,2.22935029282518e-11
45.9166666666347,-102.458333333153,2.47868541786985e-11
45.9166666666347,-101.999999999816,2.33684414066069e-11
45.9166666666347,-100.416666666471,4.59524033037399e-11
45.9166666666347,-99.7083333331316,3.28051527764258e-11
45.9166666666347,-98.1249999997856,7.40799883965314e-11
45.9166666666347,-97.8749999997836,8.70161383707046e-11
45.9166666666347,-97.4999999997807,6.79896405426355e-11
45.9166666666347,-96.9166666664427,6.76397168439482e-11
45.9166666666347,-95.4166666664307,4.49948455156816e-10
45.9166666666347,-94.4999999997568,3.51378835950974e-10
45.9166666666347,-93.3333333330808,3.83516082113777e-10
45.9166666666347,-90.374999999724,2.04412723970404e-10
45.9166666666347,-87.7916666663701,1.75969340736195e-10
45.9166666666347,-87.7083333330361,3.61406082902972e-10
45.9166666666347,-87.5833333330351,1.7008774890758e-10
45.9166666666347,-87.3333333330331,1.83725721942458e-10
45.9166666666347,-86.6249999996941,7.07794844952131e-11
45.9166666666347,-86.4583333330261,9.08826434042909e-11
45.9166666666347,-84.7499999996792,8.92698929960997e-11
45.9166666666347,-84.5416666663442,3.75859455216447e-10
45.9166666666347,-84.4999999996772,3.76021475628034e-10
45.9166666666347,-84.2083333330082,7.77410050467277e-10
45.9166666666347,-83.4999999996692,8.17420344473756e-10
45.9166666666347,-70.0833333328958,2.66461160795656e-10
45.9166666666347,-68.2916666662149,3.90410273630162e-11
45.8749999999677,-121.416666666638,3.14202365329315e-10
45.8749999999677,-120.499999999964,8.79631107068403e-11
45.8749999999677,-118.999999999952,1.91384040547806e-10
45.8749999999677,-118.458333333281,6.8259200267922e-10
45.8749999999677,-118.416666666614,6.6787323175791e-10
45.8749999999677,-117.874999999943,6.1186467021036e-10
45.8749999999677,-117.041666666603,9.6878319830438e-11
45.8749999999677,-113.208333333239,4.17995740786818e-11
45.8749999999677,-112.958333333237,7.87823937894673e-11
45.8749999999677,-112.874999999903,8.45879284696409e-11
45.8749999999677,-112.416666666566,1.24839010880356e-10
45.8749999999677,-111.291666666557,3.53053852518083e-10
45.8749999999677,-108.74999999987,3.89454650231999e-11
45.8749999999677,-108.499999999868,7.29097664478943e-10
45.8749999999677,-106.416666666518,2.35345532732083e-11
45.8749999999677,-105.666666666512,2.52923088761868e-11
45.8749999999677,-104.541666666503,2.41725381957901e-11
45.8749999999677,-103.374999999827,3.32107166523562e-11
45.8749999999677,-100.874999999808,2.99866425733156e-11
45.8749999999677,-98.9583333331256,2.47168141394285e-10
45.8749999999677,-98.6666666664566,3.79068836426102e-11
45.8749999999677,-97.2083333331117,7.085460180444e-11
45.8749999999677,-96.5416666664397,6.37421370080099e-11
45.8749999999677,-96.2083333331037,1.83733739445229e-10
45.8749999999677,-95.7499999997667,2.04156399606314e-10
45.8749999999677,-93.9583333330858,1.14021369802009e-09
45.8749999999677,-92.1666666664049,1.7427559994246e-10
45.8749999999677,-92.1249999997379,1.82113276352158e-10
45.8749999999677,-89.791666666386,3.73531853755937e-10
45.8749999999677,-89.083333333047,1.83689076911308e-10
45.8749999999677,-88.916666666379,5.5336306459568e-11
45.8749999999677,-88.499999999709,7.91530115373762e-11
45.8749999999677,-88.458333333042,8.19972116584274e-11
45.8749999999677,-87.6249999997021,1.75118881085437e-10
45.8749999999677,-68.5833333328839,5.17544355522206e-11
45.8749999999677,-68.1666666662139,3.77817356430412e-11
45.8749999999677,-67.9999999995459,3.481165695126e-11
45.8333333333007,-123.916666666658,1.48583366812779e-09
45.8333333333007,-123.458333333321,8.51921061959413e-10
45.8333333333007,-123.33333333332,1.74232315374649e-09
45.8333333333007,-123.083333333318,4.26924783927749e-10
45.8333333333007,-122.833333333316,5.07703305842065e-09
45.8333333333007,-122.541666666647,2.29671193024897e-09
45.8333333333007,-121.041666666635,1.02679028771152e-10
45.8333333333007,-115.958333333261,7.1752772239798e-11
45.8333333333007,-115.541666666591,3.37068874497749e-11
45.8333333333007,-115.083333333254,1.80259984436535e-10
45.8333333333007,-113.999999999912,1.67380852649799e-11
45.8333333333007,-113.916666666578,5.38690675171056e-11
45.8333333333007,-112.624999999901,8.48214897561752e-11
45.8333333333007,-112.416666666566,1.14090385064889e-10
45.8333333333007,-112.374999999899,6.41281988662018e-11
45.8333333333007,-112.249999999898,5.86547400903657e-11
45.8333333333007,-111.833333333228,7.6596842907666e-11
45.8333333333007,-110.916666666554,1.86586671244269e-10
45.8333333333007,-110.624999999885,3.01023292098017e-11
45.8333333333007,-109.208333333207,2.44151464727224e-11
45.8333333333007,-109.124999999873,3.67703173736797e-11
45.8333333333007,-108.166666666532,7.54849054308362e-11
45.8333333333007,-107.708333333195,3.70302533957691e-11
45.8333333333007,-106.208333333183,2.73655514107725e-11
45.8333333333007,-106.124999999849,2.6658123465058e-11
45.8333333333007,-103.916666666498,4.06565518562798e-11
45.8333333333007,-103.583333333162,3.30175572027918e-11
45.8333333333007,-102.666666666488,1.89399570478725e-11
45.8333333333007,-100.499999999805,3.05550330167551e-11
45.8333333333007,-97.0416666664437,7.64641202723741e-11
45.8333333333007,-96.7083333331077,7.86022937594655e-11
45.8333333333007,-94.9166666664268,2.31129288903007e-10
45.8333333333007,-94.7916666664258,2.64240623065417e-10
45.8333333333007,-94.0833333330868,3.98325870690866e-10
45.8333333333007,-93.6249999997498,2.85237974424775e-10
45.8333333333007,-93.0833333330788,1.11673474345567e-09
45.8333333333007,-92.3333333330729,2.11744309470485e-10
45.8333333333007,-90.8333333330609,6.2770607564347e-11
45.8333333333007,-90.4999999997249,8.22410082098661e-11
45.8333333333007,-90.083333333055,4.68921284780313e-11
45.8333333333007,-89.87499999972,1.59480263250681e-10
45.8333333333007,-86.9166666663631,1.11000422693526e-10
45.8333333333007,-69.4999999995578,4.51372214192701e-11
45.8333333333007,-68.5833333328839,5.48443268081111e-11
45.8333333333007,-67.9583333328789,4.61952013454778e-11
45.7916666666337,-122.08333333331,5.00707547116342e-10
45.7916666666337,-120.749999999966,7.52881184463084e-11
45.7916666666337,-120.666666666632,5.36436674387643e-11
45.7916666666337,-120.166666666628,1.59710534203664e-10
45.7916666666337,-119.333333333288,2.90268865948119e-10
45.7916666666337,-118.416666666614,3.41134146344051e-10
45.7916666666337,-117.791666666609,3.77095700969155e-10
45.7916666666337,-117.416666666606,5.20569588022171e-11
45.7916666666337,-115.874999999927,2.29262513877562e-10
45.7916666666337,-113.874999999911,5.4459086134707e-11
45.7916666666337,-111.624999999893,4.95569702343054e-11
45.7916666666337,-111.541666666559,1.41541342549839e-10
45.7916666666337,-110.333333333216,4.98680863294762e-11
45.7916666666337,-107.874999999863,2.94532903687988e-10
45.7916666666337,-107.833333333196,2.97119317076885e-10
45.7916666666337,-107.749999999862,3.05854444994196e-10
45.7916666666337,-107.416666666526,1.11128200396321e-10
45.7916666666337,-107.208333333191,8.88512453331311e-11
45.7916666666337,-106.083333333182,2.63553596007712e-11
45.7916666666337,-103.666666666496,3.25573957510641e-11
45.7916666666337,-102.541666666487,2.06912226408105e-11
45.7916666666337,-102.458333333153,2.089706367042e-11
45.7916666666337,-102.249999999818,2.1328445161297e-11
45.7916666666337,-101.499999999812,3.21223050744471e-11
45.7916666666337,-100.958333333142,2.77056990396408e-11
45.7916666666337,-99.4999999997966,2.96726155627547e-11
45.7916666666337,-97.9583333331176,1.72392779034817e-10
45.7916666666337,-96.4583333331057,5.04154344136848e-11
45.7916666666337,-96.3749999997717,5.11105385659973e-11
45.7916666666337,-96.2083333331037,5.35544081826997e-11
45.7916666666337,-95.4999999997647,5.05133448053263e-10
45.7916666666337,-94.5416666664238,7.82029789802862e-10
45.7916666666337,-94.0833333330868,5.30226635854497e-10
45.7916666666337,-92.7083333330759,3.06697037797416e-10
45.7916666666337,-92.3333333330729,2.04625145592651e-10
45.7916666666337,-92.2083333330719,1.34768784490461e-10
45.7916666666337,-91.0833333330629,2.12763119969545e-10
45.7916666666337,-90.7083333330599,5.83104427403243e-11
45.7916666666337,-89.87499999972,1.37431639877722e-10
45.7916666666337,-88.583333333043,3.35008227141831e-10
45.7916666666337,-87.7499999997031,1.62321275399714e-10
45.7916666666337,-86.7499999996951,6.66997962779854e-10
45.7916666666337,-84.9166666663472,1.22595407516043e-09
45.7916666666337,-69.4166666662238,4.72749911117058e-11
45.7916666666337,-68.7916666662189,5.65248256701227e-11
45.7916666666337,-67.8333333328779,9.80499322532463e-11
45.7499999999667,-121.083333333302,2.69754576178526e-10
45.7499999999667,-117.999999999944,7.75097160939147e-10
45.7499999999667,-117.541666666607,4.97306623640975e-11
45.7499999999667,-116.166666666596,5.12861143311495e-10
45.7499999999667,-115.208333333255,9.87835056585789e-11
45.7499999999667,-113.666666666576,3.48175258842432e-11
45.7499999999667,-113.291666666573,3.81119006648413e-11
45.7499999999667,-110.791666666553,3.34659635729965e-11
45.7499999999667,-110.374999999883,5.47187816730535e-11
45.7499999999667,-110.083333333214,2.73215570472495e-11
45.7499999999667,-109.874999999879,2.37128684540711e-11
45.7499999999667,-107.958333333197,3.5716770747274e-11
45.7499999999667,-107.791666666529,3.03254685350451e-10
45.7499999999667,-107.08333333319,1.4934920794606e-10
45.7499999999667,-106.541666666519,2.32094903471771e-11
45.7499999999667,-105.291666666509,4.89817830189232e-11
45.7499999999667,-101.874999999815,2.10422605243363e-11
45.7499999999667,-100.083333333135,6.81587536089046e-12
45.7499999999667,-99.7083333331316,2.92064081133961e-11
45.7499999999667,-97.3333333331127,1.06412959135763e-10
45.7499999999667,-97.2083333331117,6.14641947695907e-11
45.7499999999667,-96.2916666664377,5.34989230936507e-11
45.7499999999667,-93.8749999997518,5.02200356423291e-10
45.7499999999667,-93.6249999997498,9.81186824975567e-10
45.7499999999667,-92.9999999997448,4.38740906623288e-10
45.7499999999667,-92.9166666664108,8.26342272642936e-10
45.7499999999667,-90.083333333055,4.43173614668586e-11
45.7499999999667,-89.291666666382,1.22234743360822e-10
45.7499999999667,-89.083333333047,1.38619055303563e-10
45.7499999999667,-88.458333333042,1.05165992835456e-10
45.7499999999667,-87.0833333330311,1.12871635855613e-09
45.7499999999667,-69.2499999995558,4.84397850920135e-11
45.7083333332997,-123.958333333325,1.38679545047689e-09
45.7083333332997,-122.249999999978,4.55143987773787e-10
45.7083333332997,-121.916666666642,3.53932151883479e-10
45.7083333332997,-121.333333333304,4.19958647558004e-10
45.7083333332997,-120.583333333298,7.42435500517099e-11
45.7083333332997,-120.499999999964,1.12342017055982e-10
45.7083333332997,-119.99999999996,2.42371869676564e-10
45.7083333332997,-119.958333333293,1.03414264789086e-09
45.7083333332997,-118.374999999947,9.16022783365294e-11
45.7083333332997,-117.666666666608,3.74360350853715e-10
45.7083333332997,-117.541666666607,5.11274979748511e-11
45.7083333332997,-117.291666666605,3.40168441279653e-10
45.7083333332997,-116.874999999935,9.23423689124534e-11
45.7083333332997,-115.374999999923,1.01684272981994e-10
45.7083333332997,-115.333333333256,1.00864898650404e-10
45.7083333332997,-114.416666666582,1.64179125877959e-11
45.7083333332997,-114.249999999914,1.65792500640085e-11
45.7083333332997,-113.124999999905,2.10610816543904e-11
45.7083333332997,-111.499999999892,1.93488451530228e-10
45.7083333332997,-107.624999999861,2.98927093715397e-11
45.7083333332997,-107.374999999859,1.94763159842213e-10
45.7083333332997,-106.24999999985,2.73272197671219e-11
45.7083333332997,-105.124999999841,1.36043750686874e-10
45.7083333332997,-103.624999999829,3.17715960933472e-11
45.7083333332997,-103.291666666493,1.67040555629475e-10
45.7083333332997,-101.583333333146,2.98992086044294e-11
45.7083333332997,-101.333333333144,3.31017500362287e-11
45.7083333332997,-100.458333333138,2.77562248839557e-11
45.7083333332997,-100.041666666468,6.58443807696798e-12
45.7083333332997,-99.6249999997976,2.8471670080855e-11
45.7083333332997,-93.4583333330818,3.16627178465039e-10
45.7083333332997,-92.5833333330749,1.70599544329764e-10
45.7083333332997,-92.2499999997389,1.6120642225627e-10
45.7083333332997,-69.5833333328918,5.4901597865847e-11
45.6666666666327,-123.708333333323,1.5449834085043e-09
45.6666666666327,-123.458333333321,1.64899257287006e-09
45.6666666666327,-122.708333333315,4.12531357198656e-09
45.6666666666327,-121.749999999974,2.8309180526934e-10
45.6666666666327,-121.083333333302,1.87500628678497e-10
45.6666666666327,-120.791666666633,1.12144989300291e-10
45.6666666666327,-120.208333333295,1.36725582851266e-10
45.6666666666327,-120.166666666628,1.26819652071402e-10
45.6666666666327,-119.958333333293,2.43153468435232e-10
45.6666666666327,-118.791666666617,1.02941682334543e-09
45.6666666666327,-116.708333333267,8.71246201676307e-11
45.6666666666327,-115.874999999927,2.19049231080262e-10
45.6666666666327,-114.291666666581,1.65473718066855e-11
45.6666666666327,-112.666666666568,4.96901226793111e-11
45.6666666666327,-112.08333333323,4.72037278215214e-11
45.6666666666327,-110.958333333221,5.34540337659259e-10
45.6666666666327,-109.58333333321,3.1470378183452e-11
45.6666666666327,-108.541666666535,9.41443121794654e-11
45.6666666666327,-107.416666666526,1.98797884244692e-10
45.6666666666327,-106.749999999854,1.17284292518643e-10
45.6666666666327,-106.374999999851,2.19442836723861e-11
45.6666666666327,-105.374999999843,4.8717527119713e-11
45.6666666666327,-104.58333333317,2.28741880162268e-11
45.6666666666327,-102.791666666489,4.89736484926841e-11
45.6666666666327,-102.624999999821,1.78770273329579e-11
45.6666666666327,-100.124999999802,6.3883871923287e-12
45.6666666666327,-99.2499999997946,3.94594242321872e-11
45.6666666666327,-98.7916666664576,9.1422494407085e-11
45.6666666666327,-98.0416666664516,4.3455606823295e-11
45.6666666666327,-95.2916666664297,1.59408546102285e-10
45.6666666666327,-93.9583333330858,8.22043504024939e-10
45.6666666666327,-92.8333333330769,2.50180741130797e-10
45.6666666666327,-91.6249999997339,2.16725801175674e-10
45.6666666666327,-90.5833333330589,1.3557533847016e-10
45.6666666666327,-90.374999999724,7.0129191650477e-11
45.6666666666327,-90.29166666639,9.44764809072807e-11
45.6666666666327,-90.083333333055,6.72763284185828e-11
45.6666666666327,-88.833333333045,9.12946190348675e-11
45.6666666666327,-87.3749999997001,2.4733596032053e-10
45.6666666666327,-85.5416666663522,9.86163056258931e-11
45.6249999999657,-121.833333333308,2.94281233362288e-10
45.6249999999657,-119.833333333292,2.42691514834506e-10
45.6249999999657,-118.291666666613,7.28395464722226e-11
45.6249999999657,-117.291666666605,5.78986461873412e-11
45.6249999999657,-115.249999999922,2.94951675354676e-11
45.6249999999657,-114.083333333246,1.71173983405945e-11
45.6249999999657,-113.791666666577,3.51469099265523e-11
45.6249999999657,-112.91666666657,4.36470155499981e-11
45.6249999999657,-109.749999999878,2.31314519601301e-11
45.6249999999657,-108.958333333205,6.13208382901609e-11
45.6249999999657,-107.791666666529,2.53825627447697e-11
45.6249999999657,-107.249999999858,1.65503356134496e-10
45.6249999999657,-106.416666666518,2.18531652404133e-11
45.6249999999657,-106.291666666517,1.24979716307194e-11
45.6249999999657,-105.916666666514,2.90217813472592e-11
45.6249999999657,-102.333333333152,1.95225512684221e-11
45.6249999999657,-102.124999999817,2.37491358860967e-11
45.6249999999657,-101.66666666648,2.37972434908471e-11
45.6249999999657,-100.249999999803,3.8525842637095e-11
45.6249999999657,-100.083333333135,6.23677707637123e-12
45.6249999999657,-99.6249999997976,2.71915724137769e-11
45.6249999999657,-98.7083333331236,1.02453018642685e-10
45.6249999999657,-95.7916666664337,2.41754995604657e-10
45.6249999999657,-94.7083333330918,3.80153328725089e-10
45.6249999999657,-92.4166666664069,2.74719613536288e-10
45.6249999999657,-91.6249999997339,2.28310946049658e-10
45.6249999999657,-89.166666666381,1.16010939101663e-10
45.6249999999657,-88.458333333042,9.92527639971938e-11
45.6249999999657,-87.9999999997051,4.16419807994782e-10
45.6249999999657,-87.3333333330331,2.73288872163564e-10
45.6249999999657,-86.7499999996951,5.96706331294614e-10
45.6249999999657,-84.8333333330132,3.02407712915326e-10
45.6249999999657,-84.7499999996792,2.7834369642762e-10
45.6249999999657,-70.4583333328988,4.37343157873483e-11
45.6249999999657,-68.7083333328849,1.96294440480087e-09
45.6249999999657,-68.3333333328819,8.01235595722203e-11
45.5833333332987,-122.708333333315,4.08218863505743e-08
45.5833333332987,-117.958333333277,4.13739601688135e-10
45.5833333332987,-116.208333333263,1.13446777570383e-11
45.5833333332987,-115.208333333255,2.92583700636231e-11
45.5833333332987,-112.999999999904,6.53385822747073e-11
45.5833333332987,-112.749999999902,4.65438675080837e-11
45.5833333332987,-112.583333333234,4.79162693976261e-11
45.5833333332987,-112.124999999897,4.13174837070102e-11
45.5833333332987,-109.416666666542,7.38207941987537e-11
45.5833333332987,-108.458333333201,7.05128724118504e-11
45.5833333332987,-108.249999999866,5.96905040078824e-11
45.5833333332987,-107.749999999862,2.49302168645389e-11
45.5833333332987,-107.416666666526,5.99109964159942e-11
45.5833333332987,-105.333333333176,1.92269674719682e-11
45.5833333332987,-105.124999999841,1.93000177972664e-11
45.5833333332987,-105.083333333174,1.36524226799377e-10
45.5833333332987,-104.499999999836,1.77300565565766e-11
45.5833333332987,-104.124999999833,3.64059276824134e-11
45.5833333332987,-103.083333333158,1.62196739274047e-10
45.5833333332987,-102.583333333154,1.74716856073736e-11
45.5833333332987,-99.2916666664616,3.60233692597852e-11
45.5833333332987,-98.2499999997866,4.80401773845186e-11
45.5833333332987,-95.9583333331017,3.27447913611687e-10
45.5833333332987,-95.4999999997647,1.16977315820492e-10
45.5833333332987,-95.4583333330977,1.19251731721105e-10
45.5833333332987,-95.1666666664288,1.51468373674146e-10
45.5833333332987,-94.2916666664218,6.52247443893061e-09
45.5833333332987,-94.2083333330878,8.94411199923455e-09
45.5833333332987,-94.1249999997538,2.05711716760066e-08
45.5833333332987,-93.9166666664188,8.15743642483865e-10
45.5833333332987,-92.6249999997419,3.02266325060796e-10
45.5833333332987,-91.7083333330679,3.58204379215622e-10
45.5833333332987,-91.1249999997299,1.13249391186537e-10
45.5833333332987,-90.7499999997269,3.02425893042418e-10
45.5833333332987,-89.916666666387,4.75911075093265e-10
45.5833333332987,-87.9583333330381,2.63382390228132e-10
45.5833333332987,-87.8333333330371,2.38214448278299e-10
45.5833333332987,-87.7083333330361,1.11280714877948e-10
45.5833333332987,-85.0416666663482,4.87361573766664e-10
45.5833333332987,-69.5833333328918,3.36197054032884e-11
45.5833333332987,-68.5833333328839,1.50794806539448e-10
45.5833333332987,-68.0833333328799,5.43144328062209e-11
45.5416666666317,-123.74999999999,2.13774582186811e-10
45.5416666666317,-123.583333333322,2.13006085298378e-10
45.5416666666317,-120.541666666631,1.47462789838435e-10
45.5416666666317,-119.749999999958,8.67412855474446e-11
45.5416666666317,-117.583333333274,3.25449760856732e-11
45.5416666666317,-114.416666666582,1.63614254300704e-11
45.5416666666317,-114.249999999914,1.33002276376184e-10
45.5416666666317,-114.16666666658,1.3512112206759e-10
45.5416666666317,-114.124999999913,4.44439399057478e-11
45.5416666666317,-112.541666666567,5.65537331116703e-11
45.5416666666317,-112.458333333233,4.39438778797856e-11
45.5416666666317,-111.791666666561,2.17329256572334e-11
45.5416666666317,-111.416666666558,8.41901646113868e-11
45.5416666666317,-110.916666666554,3.91062077159163e-10
45.5416666666317,-109.749999999878,3.79417365106957e-11
45.5416666666317,-109.666666666544,3.72408013806726e-11
45.5416666666317,-109.291666666541,8.09898221842085e-11
45.5416666666317,-108.74999999987,7.20633746472422e-11
45.5416666666317,-105.041666666507,1.37644705941617e-10
45.5416666666317,-104.99999999984,1.38552468558058e-10
45.5416666666317,-103.249999999826,1.60808009101211e-10
45.5416666666317,-102.291666666485,2.30338985557832e-11
45.5416666666317,-99.1249999997936,4.7378495947514e-11
45.5416666666317,-98.9166666664586,5.66718464118334e-11
45.5416666666317,-98.3333333331206,9.36372734587552e-11
45.5416666666317,-98.0833333331186,5.32941985439811e-11
45.5416666666317,-97.5833333331147,5.12793685620805e-11
45.5416666666317,-97.2083333331117,8.17903551702743e-11
45.5416666666317,-95.9583333331017,3.08382246332564e-10
45.5416666666317,-94.4583333330898,1.11331504428607e-09
45.5416666666317,-94.2916666664218,6.73157721672618e-09
45.5416666666317,-93.6666666664168,9.14517491023335e-10
45.5416666666317,-93.4999999997488,7.20516412708105e-10
45.5416666666317,-93.4166666664148,5.57447616884947e-10
45.5416666666317,-93.1666666664128,8.27800224266086e-10
45.5416666666317,-91.4166666663989,1.56821215352965e-10
45.5416666666317,-89.04166666638,1.88952151157202e-10
45.5416666666317,-88.666666666377,1.30276507219704e-10
45.5416666666317,-85.5833333330192,1.10470410388193e-09
45.5416666666317,-70.1666666662298,5.77711734779714e-11
45.4999999999647,-123.374999999987,1.97457512946077e-09
45.4999999999647,-121.458333333305,1.6295475809095e-10
45.4999999999647,-120.958333333301,5.98176114117637e-11
45.4999999999647,-120.624999999965,8.0576450072401e-11
45.4999999999647,-120.374999999963,1.04230081628207e-10
45.4999999999647,-120.333333333296,9.76102484674065e-11
45.4999999999647,-120.291666666629,1.01188652717379e-10
45.4999999999647,-119.708333333291,6.86148277878104e-11
45.4999999999647,-117.416666666606,3.36857482249269e-11
45.4999999999647,-117.124999999937,5.95007221125357e-11
45.4999999999647,-116.24999999993,2.36034968516291e-10
45.4999999999647,-115.708333333259,1.97918992650566e-10
45.4999999999647,-115.499999999924,1.03170636197989e-10
45.4999999999647,-114.99999999992,1.73913073189583e-10
45.4999999999647,-114.874999999919,1.74169319430158e-10
45.4999999999647,-113.999999999912,1.97654491762699e-10
45.4999999999647,-111.124999999889,1.96476562921024e-10
45.4999999999647,-109.708333333211,6.78289597565532e-11
45.4999999999647,-107.749999999862,2.34848457906021e-11
45.4999999999647,-107.416666666526,4.65292409231577e-11
45.4999999999647,-107.041666666523,5.06587483727191e-11
45.4999999999647,-105.083333333174,1.94359883105526e-11
45.4999999999647,-103.74999999983,2.98314701532885e-11
45.4999999999647,-103.291666666493,3.04483162134179e-11
45.4999999999647,-102.124999999817,2.26711087388074e-11
45.4999999999647,-99.7083333331316,3.73549313498145e-11
45.4999999999647,-98.7083333331236,8.1704998917041e-11
45.4999999999647,-98.2916666664536,1.31807531431987e-10
45.4999999999647,-97.9583333331176,4.29520011045127e-11
45.4999999999647,-97.5416666664477,4.80874182063906e-11
45.4999999999647,-96.7916666664417,2.49691605028317e-10
45.4999999999647,-96.4999999997727,8.06780876650526e-11
45.4999999999647,-94.4999999997568,1.20609749355307e-09
45.4999999999647,-94.3333333330888,1.52256699633744e-09
45.4999999999647,-93.8333333330848,2.84665730323151e-09
45.4999999999647,-93.4166666664148,7.04199885815134e-10
45.4999999999647,-92.3749999997399,2.24879248709199e-10
45.4999999999647,-90.374999999724,1.99688777079044e-10
45.4999999999647,-89.45833333305,2.95659773989449e-10
45.4999999999647,-86.6666666663611,5.04304422713834e-10
45.4999999999647,-84.9166666663472,1.74396384661563e-09
45.4999999999647,-69.6666666662258,1.46653375949033e-09
45.4999999999647,-69.3333333328898,7.3784479450971e-11
45.4999999999647,-68.3333333328819,8.34746973694785e-11
45.4999999999647,-68.2083333328809,8.54074785155521e-11
45.4583333332977,-123.874999999991,4.03490398594348e-10
45.4583333332977,-122.166666666644,7.10617346198994e-10
45.4583333332977,-121.749999999974,1.0248154327857e-09
45.4583333332977,-121.124999999969,1.30468788751457e-10
45.4583333332977,-119.916666666626,7.98251996901978e-11
45.4583333332977,-118.541666666615,6.26230336400829e-11
45.4583333332977,-117.291666666605,1.64703026231555e-10
45.4583333332977,-116.958333333269,3.84964274514636e-11
45.4583333332977,-113.791666666577,1.45860704407225e-10
45.4583333332977,-113.166666666572,8.75534836790411e-11
45.4583333332977,-112.249999999898,4.59544397666052e-11
45.4583333332977,-111.583333333226,6.15275602795234e-11
45.4583333332977,-110.999999999888,3.23417337258004e-10
45.4583333332977,-110.291666666549,3.64710897052049e-11
45.4583333332977,-110.041666666547,3.15302018729875e-11
45.4583333332977,-108.958333333205,9.12577376028123e-11
45.4583333332977,-108.458333333201,1.07967270326415e-10
45.4583333332977,-108.3333333332,1.03017489259842e-10
45.4583333332977,-105.999999999848,1.17589688606524e-11
45.4583333332977,-105.083333333174,1.37232888042736e-10
45.4583333332977,-104.99999999984,1.38916606306973e-10
45.4583333332977,-103.791666666497,2.94350915144078e-11
45.4583333332977,-101.708333333147,2.15942721765334e-11
45.4583333332977,-101.583333333146,2.21034567066497e-11
45.4583333332977,-100.374999999804,2.43996147132568e-11
45.4583333332977,-100.083333333135,2.56613828762858e-11
45.4583333332977,-99.9583333331336,2.56169340369585e-11
45.4583333332977,-98.7499999997906,7.51591205709576e-11
45.4583333332977,-97.1249999997777,9.17139570088257e-11
45.4583333332977,-96.9583333331097,1.15523742725657e-10
45.4583333332977,-96.1666666664367,6.48013615532967e-11
45.4583333332977,-96.0416666664357,1.05894428666086e-10
45.4583333332977,-94.6249999997578,4.18531152980905e-10
45.4583333332977,-94.3333333330888,2.40443387424645e-09
45.4583333332977,-93.1666666664128,1.13270322722146e-09
45.4583333332977,-90.29166666639,9.22245475579309e-11
45.4583333332977,-89.124999999714,1.40127130928582e-10
45.4583333332977,-88.124999999706,2.20293894093978e-10
45.4583333332977,-87.4583333330341,1.49663563095854e-10
45.4583333332977,-84.6666666663452,6.21249933846369e-08
45.4583333332977,-84.2499999996752,1.47777799102079e-10
45.4583333332977,-69.7083333328928,1.49182098919234e-09
45.4583333332977,-69.5416666662248,2.25144800211839e-10
45.4583333332977,-69.4999999995578,9.51670392494661e-11
45.4583333332977,-69.3749999995568,8.25075072574568e-11
45.4583333332977,-68.7916666662189,3.13322159796215e-10
45.4166666666307,-122.541666666647,3.22423467287444e-08
45.4166666666307,-119.916666666626,7.81495674628147e-11
45.4166666666307,-119.291666666621,1.00563968140188e-10
45.4166666666307,-115.583333333258,3.13919558675788e-11
45.4166666666307,-115.166666666588,2.88532590858033e-11
45.4166666666307,-114.708333333251,1.74950082449868e-10
45.4166666666307,-113.499999999908,3.40517523216826e-11
45.4166666666307,-113.374999999907,3.36610363215187e-11
45.4166666666307,-113.249999999906,3.47004010790415e-11
45.4166666666307,-112.999999999904,9.64576442202904e-11
45.4166666666307,-112.958333333237,9.8749252469499e-11
45.4166666666307,-112.874999999903,4.61560849023923e-11
45.4166666666307,-110.83333333322,4.78241477766886e-11
45.4166666666307,-108.249999999866,1.86114532447951e-10
45.4166666666307,-107.208333333191,2.18582015109139e-11
45.4166666666307,-107.166666666524,2.17134192397143e-11
45.4166666666307,-107.08333333319,7.76067839313822e-12
45.4166666666307,-105.999999999848,1.98829077770663e-11
45.4166666666307,-104.833333333172,2.19926980701994e-11
45.4166666666307,-104.333333333168,1.23324863627447e-11
45.4166666666307,-104.208333333167,1.49712502469497e-10
45.4166666666307,-103.958333333165,2.89476443177268e-11
45.4166666666307,-102.791666666489,4.65801095220855e-11
45.4166666666307,-102.041666666483,2.20852461487577e-11
45.4166666666307,-101.874999999815,2.18692641301812e-11
45.4166666666307,-99.4583333331296,3.26664903158454e-11
45.4166666666307,-98.9999999997926,5.22806837533352e-11
45.4166666666307,-98.7916666664576,6.79824353547132e-11
45.4166666666307,-97.5416666664477,4.77843390807424e-11
45.4166666666307,-97.0416666664437,1.26702319824881e-10
45.4166666666307,-95.9999999997687,2.17592938348687e-10
45.4166666666307,-95.4166666664307,1.29244828628326e-10
45.4166666666307,-93.6666666664168,1.57899404772782e-09
45.4166666666307,-93.5833333330828,2.27622906870363e-09
45.4166666666307,-93.3749999997478,1.10201532354693e-09
45.4166666666307,-92.9166666664108,1.7550923825327e-09
45.4166666666307,-91.8333333330689,5.14204321087766e-10
45.4166666666307,-91.7499999997349,7.47601060616758e-10
45.4166666666307,-91.1249999997299,3.79966738343459e-10
45.4166666666307,-90.7916666663939,1.91759534634811e-10
45.4166666666307,-89.999999999721,5.29866156818284e-10
45.4166666666307,-88.0833333330391,1.20349648208846e-10
45.4166666666307,-83.9583333330062,1.20300532766582e-10
45.4166666666307,-83.8749999996722,1.36052644359005e-10
45.4166666666307,-70.5416666662328,1.45480361551493e-10
45.4166666666307,-69.9999999995618,6.25939345517325e-10
45.4166666666307,-69.3333333328898,8.42847795363461e-11
45.4166666666307,-68.8749999995529,1.52056026968379e-10
45.4166666666307,-67.9166666662119,3.96270332117093e-11
45.4166666666307,-67.4166666662079,2.69476868921353e-10
45.3749999999637,-122.124999999977,7.73607335820251e-10
45.3749999999637,-120.333333333296,8.10872240264104e-11
45.3749999999637,-119.99999999996,8.06716392528256e-11
45.3749999999637,-119.874999999959,7.46622064336227e-11
45.3749999999637,-119.791666666625,7.13221503249883e-11
45.3749999999637,-119.374999999955,9.46846171851524e-11
45.3749999999637,-115.583333333258,2.2047485977418e-11
45.3749999999637,-115.458333333257,3.01452905997492e-11
45.3749999999637,-113.583333333242,3.7206953987867e-11
45.3749999999637,-111.374999999891,6.11179496342782e-11
45.3749999999637,-110.708333333219,1.85036773365752e-10
45.3749999999637,-109.874999999879,2.97019518908939e-11
45.3749999999637,-107.541666666527,2.23590701867465e-11
45.3749999999637,-106.999999999856,7.66323369907988e-12
45.3749999999637,-104.99999999984,1.40430260758986e-10
45.3749999999637,-104.083333333166,1.5014669668058e-10
45.3749999999637,-102.541666666487,2.1014484114487e-11
45.3749999999637,-102.166666666484,2.20167446292692e-11
45.3749999999637,-101.833333333148,2.10888594760219e-11
45.3749999999637,-101.708333333147,2.13318733436782e-11
45.3749999999637,-101.041666666476,2.68188495067505e-11
45.3749999999637,-100.499999999805,2.35782194896353e-11
45.3749999999637,-97.4999999997807,6.89893386909161e-11
45.3749999999637,-96.2499999997707,6.46290559385379e-11
45.3749999999637,-95.6666666664327,2.12318581900541e-10
45.3749999999637,-95.4166666664307,1.68246341289622e-10
45.3749999999637,-92.6249999997419,7.61314815427093e-10
45.3749999999637,-92.5416666664079,5.21448373915485e-10
45.3749999999637,-91.6249999997339,4.05166387958392e-10
45.3749999999637,-91.5833333330669,2.13115920803682e-10
45.3749999999637,-90.7499999997269,1.49775253881168e-10
45.3749999999637,-90.249999999723,2.65711744331363e-10
45.3749999999637,-87.9583333330381,1.42911484695921e-10
45.3749999999637,-84.8749999996802,8.81303300064822e-10
45.3749999999637,-84.1666666663412,4.59703090250747e-10
45.3749999999637,-69.7499999995598,4.89831474484176e-13
45.3749999999637,-68.6666666662179,5.55921984813938e-11
45.3749999999637,-67.7499999995439,3.93245610845322e-11
45.3333333332967,-123.249999999986,5.45533684551955e-10
45.3333333332967,-123.083333333318,1.74860716922372e-09
45.3333333332967,-121.291666666637,1.13700686394577e-10
45.3333333332967,-118.874999999951,5.35672435502016e-11
45.3333333332967,-117.249999999938,4.64115382175504e-11
45.3333333332967,-116.916666666602,8.24825041151346e-11
45.3333333332967,-116.708333333267,7.41642328575216e-11
45.3333333332967,-114.333333333248,1.9051210673375e-10
45.3333333332967,-113.708333333243,3.874161271753e-11
45.3333333332967,-113.583333333242,3.76329986095045e-11
45.3333333332967,-112.749999999902,5.26122173695511e-11
45.3333333332967,-111.874999999895,5.25665172470021e-11
45.3333333332967,-111.416666666558,7.71835775761139e-11
45.3333333332967,-109.291666666541,2.44416714125668e-11
45.3333333332967,-107.874999999863,1.5729420133249e-11
45.3333333332967,-106.958333333189,7.74307904188248e-12
45.3333333332967,-105.583333333178,1.95288449322724e-11
45.3333333332967,-104.833333333172,1.70827622256393e-11
45.3333333332967,-103.916666666498,2.60787201526821e-11
45.3333333332967,-103.708333333163,2.96830918565683e-11
45.3333333332967,-102.958333333157,1.58511799844802e-10
45.3333333332967,-102.458333333153,2.26184736538813e-11
45.3333333332967,-101.041666666476,2.6782185515121e-11
45.3333333332967,-99.4583333331296,3.20247455010217e-11
45.3333333332967,-98.4999999997886,1.12880789847859e-10
45.3333333332967,-96.7916666664417,8.27563277089849e-11
45.3333333332967,-96.4999999997727,5.55636531273833e-10
45.3333333332967,-96.4166666664387,1.41761740232626e-10
45.3333333332967,-95.3749999997637,1.23851636525074e-10
45.3333333332967,-93.9583333330858,1.23181534886129e-09
45.3333333332967,-91.7499999997349,3.40064613790439e-10
45.3333333332967,-90.5416666663919,9.43766162719602e-11
45.3333333332967,-89.791666666386,2.53256254666661e-10
45.3333333332967,-88.374999999708,8.24285399391146e-11
45.3333333332967,-85.0833333330152,1.58609612341553e-09
45.3333333332967,-83.8749999996722,7.64105474221013e-10
45.3333333332967,-70.1666666662298,7.53100989733807e-11
45.3333333332967,-69.0416666662208,3.32866576561343e-10
45.2916666666297,-123.499999999988,9.4723535027443e-10
45.2916666666297,-123.291666666653,3.52873065669097e-09
45.2916666666297,-120.41666666663,7.42118108933062e-11
45.2916666666297,-118.833333333284,3.87025687448401e-10
45.2916666666297,-117.791666666609,1.13428063309645e-10
45.2916666666297,-117.49999999994,3.00646886005891e-11
45.2916666666297,-116.124999999929,2.8253476217067e-11
45.2916666666297,-114.291666666581,1.93854433502415e-10
45.2916666666297,-112.999999999904,9.92687931376753e-11
45.2916666666297,-111.708333333227,5.30363896617183e-11
45.2916666666297,-111.24999999989,6.95626991069727e-11
45.2916666666297,-111.041666666555,6.93398452644043e-11
45.2916666666297,-110.291666666549,3.25150977483827e-11
45.2916666666297,-110.208333333215,3.15079644127079e-11
45.2916666666297,-110.124999999881,3.04744680078077e-11
45.2916666666297,-108.624999999869,9.36999494440364e-11
45.2916666666297,-108.416666666534,9.12682758798597e-11
45.2916666666297,-107.666666666528,2.16828662341387e-11
45.2916666666297,-105.41666666651,2.02326166492888e-11
45.2916666666297,-105.374999999843,2.03000368225443e-11
45.2916666666297,-99.9583333331336,2.43656728530161e-11
45.2916666666297,-99.7499999997986,5.2030000863054e-11
45.2916666666297,-97.6249999997817,4.66083692162137e-11
45.2916666666297,-96.7916666664417,9.26790766419795e-11
45.2916666666297,-96.4583333331057,2.44407597042961e-10
45.2916666666297,-94.8749999997598,6.13731729938847e-10
45.2916666666297,-92.2916666664059,2.41386478451946e-10
45.2916666666297,-91.4166666663989,2.05806005483747e-10
45.2916666666297,-91.2916666663979,3.54116899268632e-10
45.2916666666297,-90.6666666663929,8.84469084445731e-11
45.2916666666297,-89.249999999715,1.2594260455517e-10
45.2916666666297,-88.0416666663721,3.06814590396858e-10
45.2916666666297,-86.9583333330301,3.29492140191615e-08
45.2916666666297,-84.3749999996762,7.69053855388239e-10
45.2916666666297,-83.8749999996722,8.86513345842909e-10
45.2916666666297,-71.1666666662378,5.05546873772497e-10
45.2916666666297,-70.7499999995678,1.469881553457e-10
45.2916666666297,-70.4999999995658,2.32973594604471e-10
45.2916666666297,-70.2916666662308,6.64258245236462e-11
45.2916666666297,-69.3749999995568,3.37962413183194e-10
45.2916666666297,-68.7916666662189,3.00875377662971e-10
45.2916666666297,-68.4166666662159,6.36416215505774e-11
45.2916666666297,-67.8749999995449,4.22779487882049e-11
45.2916666666297,-67.4583333328749,3.13915864047535e-10
45.2499999999627,-122.583333333314,1.59718154499394e-09
45.2499999999627,-121.874999999975,2.58378706451471e-10
45.2499999999627,-120.624999999965,6.87296060174236e-11
45.2499999999627,-120.499999999964,6.64885009204591e-11
45.2499999999627,-120.374999999963,7.80363001502282e-11
45.2499999999627,-120.041666666627,8.79617720977177e-11
45.2499999999627,-119.541666666623,8.63694967380316e-11
45.2499999999627,-119.499999999956,8.48309159737485e-11
45.2499999999627,-118.666666666616,3.59943048200838e-10
45.2499999999627,-118.208333333279,6.71102413854055e-10
45.2499999999627,-117.416666666606,2.81810112056938e-11
45.2499999999627,-117.166666666604,3.93009697987812e-11
45.2499999999627,-116.958333333269,8.10657336084132e-11
45.2499999999627,-116.749999999934,7.24200464481827e-11
45.2499999999627,-116.416666666598,2.83972859371071e-11
45.2499999999627,-115.499999999924,3.0374268947962e-11
45.2499999999627,-113.499999999908,3.78182552976851e-11
45.2499999999627,-111.458333333225,5.46572788548817e-11
45.2499999999627,-110.83333333322,4.1558941288977e-11
45.2499999999627,-110.333333333216,3.21576814387568e-11
45.2499999999627,-110.124999999881,2.98818897527701e-11
45.2499999999627,-109.124999999873,4.10840536724767e-11
45.2499999999627,-108.124999999865,1.5746058519426e-11
45.2499999999627,-107.583333333194,2.16581805298557e-11
45.2499999999627,-106.916666666522,8.29176748478001e-12
45.2499999999627,-106.749999999854,2.03015404505806e-11
45.2499999999627,-105.83333333318,1.9532625572557e-11
45.2499999999627,-105.708333333179,1.99314439365298e-11
45.2499999999627,-105.666666666512,2.00532828683554e-11
45.2499999999627,-103.791666666497,2.65196966587362e-11
45.2499999999627,-102.458333333153,2.32037377421506e-11
45.2499999999627,-101.12499999981,2.63489643790684e-11
45.2499999999627,-98.0416666664516,5.56276909613502e-11
45.2499999999627,-96.2499999997707,7.17950411285998e-11
45.2499999999627,-95.2083333330958,4.74292922598678e-10
45.2499999999627,-95.1249999997618,6.13695752460062e-10
45.2499999999627,-94.2499999997548,5.59377563512516e-10
45.2499999999627,-93.8749999997518,5.16854792536021e-09
45.2499999999627,-93.6666666664168,6.74499404607719e-09
45.2499999999627,-92.1249999997379,2.78833904338978e-10
45.2499999999627,-91.9583333330699,2.99515375505797e-10
45.2499999999627,-89.999999999721,1.0362997872755e-10
45.2499999999627,-89.333333333049,2.38128151111308e-10
45.2499999999627,-89.249999999715,1.25293800264572e-10
45.2499999999627,-88.333333333041,1.44457274399442e-10
45.2499999999627,-86.9999999996971,9.31843825941765e-09
45.2499999999627,-85.5416666663522,4.65858655166848e-09
45.2499999999627,-84.9166666663472,5.2802105972354e-10
45.2499999999627,-84.0416666663402,1.64031584089305e-10
45.2499999999627,-83.7083333330042,8.00700507711973e-10
45.2499999999627,-83.4999999996692,5.51724564883125e-10
45.2499999999627,-70.3749999995648,6.31878301497373e-11
45.2499999999627,-68.5416666662169,3.55424250006671e-10
45.2499999999627,-68.2083333328809,2.84459896319471e-10
45.2083333332957,-121.24999999997,4.61252403232628e-11
45.2083333332957,-121.208333333303,4.55965261727613e-11
45.2083333332957,-120.708333333299,4.92618124964785e-11
45.2083333332957,-119.041666666619,3.38349057632626e-10
45.2083333332957,-117.249999999938,5.53909986776561e-11
45.2083333332957,-115.458333333257,2.99534063221197e-11
45.2083333332957,-114.58333333325,1.78151681585133e-10
45.2083333332957,-114.416666666582,1.85028953534604e-10
45.2083333332957,-114.333333333248,1.90639730849857e-10
45.2083333332957,-113.458333333241,3.51574352224857e-11
45.2083333332957,-113.291666666573,3.38688309394805e-11
45.2083333332957,-112.958333333237,4.5913761449184e-11
45.2083333332957,-111.041666666555,6.59462115413057e-11
45.2083333332957,-110.916666666554,4.18299053710988e-11
45.2083333332957,-109.624999999877,1.67284506887405e-11
45.2083333332957,-107.958333333197,1.50384619215568e-10
45.2083333332957,-107.583333333194,2.15146406624791e-11
45.2083333332957,-107.416666666526,2.16969417902807e-11
45.2083333332957,-106.333333333184,2.8162094226785e-11
45.2083333332957,-106.041666666515,2.64684205803543e-11
45.2083333332957,-105.624999999845,2.05710719818427e-11
45.2083333332957,-105.541666666511,2.68079103102456e-11
45.2083333332957,-103.374999999827,1.61630807119795e-11
45.2083333332957,-103.33333333316,1.62361062948746e-11
45.2083333332957,-102.749999999822,4.94748184159306e-11
45.2083333332957,-102.708333333155,2.23518705808313e-11
45.2083333332957,-102.624999999821,2.22810355821684e-11
45.2083333332957,-102.458333333153,2.32028518160013e-11
45.2083333332957,-101.624999999813,2.82484450928627e-11
45.2083333332957,-100.70833333314,4.05080359219579e-11
45.2083333332957,-98.3333333331206,6.32450462466342e-11
45.2083333332957,-97.9583333331176,5.29958444648474e-11
45.2083333332957,-97.8333333331166,4.11893654040876e-11
45.2083333332957,-97.2083333331117,9.56526846570902e-11
45.2083333332957,-96.4999999997727,8.10852765554286e-11
45.2083333332957,-95.8333333331007,8.43379749822963e-11
45.2083333332957,-95.4999999997647,1.06149815939333e-10
45.2083333332957,-93.9999999997528,1.24946943755774e-09
45.2083333332957,-93.2083333330798,9.62056959518157e-09
45.2083333332957,-92.2083333330719,2.17645007950789e-10
45.2083333332957,-91.1249999997299,3.14334018920881e-10
45.2083333332957,-89.833333333053,1.31430146349025e-10
45.2083333332957,-85.3333333330172,7.66601803355058e-10
45.2083333332957,-71.4583333329067,6.17675146763675e-10
45.2083333332957,-70.7916666662348,1.56815215761774e-10
45.2083333332957,-70.4166666662318,8.98907658250107e-11
45.2083333332957,-67.9583333328789,3.41964650568364e-10
45.2083333332957,-67.7083333328769,5.27486159821832e-11
45.1666666666287,-123.999999999992,1.09935569057652e-09
45.1666666666287,-122.958333333317,6.06549045656277e-09
45.1666666666287,-120.916666666634,4.71040558279323e-11
45.1666666666287,-120.749999999966,4.78266193932745e-11
45.1666666666287,-119.124999999953,3.23025651888814e-10
45.1666666666287,-116.874999999935,7.54756360328338e-11
45.1666666666287,-116.541666666599,2.86094272507915e-11
45.1666666666287,-114.833333333252,2.87130197371676e-11
45.1666666666287,-114.416666666582,1.85097663054899e-10
45.1666666666287,-113.874999999911,2.21800906001694e-11
45.1666666666287,-112.999999999904,4.35867062035485e-11
45.1666666666287,-109.624999999877,2.40891517276092e-11
45.1666666666287,-109.291666666541,2.39457591376989e-11
45.1666666666287,-108.999999999872,2.3809766031702e-11
45.1666666666287,-105.333333333176,2.16129777630282e-11
45.1666666666287,-104.833333333172,1.82394173912227e-11
45.1666666666287,-104.416666666502,1.23888995316609e-11
45.1666666666287,-103.833333333164,2.6523962839577e-11
45.1666666666287,-103.374999999827,1.64672532626056e-11
45.1666666666287,-102.791666666489,1.69153918776656e-10
45.1666666666287,-102.166666666484,2.2820466135815e-11
45.1666666666287,-101.791666666481,2.78167050575678e-11
45.1666666666287,-101.208333333143,2.00596164455212e-11
45.1666666666287,-100.999999999809,2.08691368081471e-11
45.1666666666287,-92.8333333330769,2.21633402528819e-09
45.1666666666287,-91.9166666664029,2.05523503553729e-10
45.1666666666287,-90.6249999997259,1.1795856016911e-10
45.1666666666287,-88.958333333046,4.56911818155556e-10
45.1666666666287,-88.166666666373,2.1170306658991e-10
45.1666666666287,-87.5416666663681,2.10846521359883e-09
45.1666666666287,-85.5416666663522,4.676345139782e-09
45.1666666666287,-85.2083333330162,6.51206109303536e-10
45.1666666666287,-85.1249999996822,9.15504305854775e-10
45.1666666666287,-84.4583333330102,2.93202355334079e-10
45.1666666666287,-83.9583333330062,3.85181325165035e-10
45.1666666666287,-71.1666666662378,7.64202751296672e-11
45.1666666666287,-70.8749999995688,7.12803822353282e-11
45.1666666666287,-69.1249999995548,9.91759429550789e-10
45.1666666666287,-68.7083333328849,4.41494723533498e-10
45.1249999999617,-123.833333333324,7.7378177670262e-10
45.1249999999617,-123.416666666654,9.35669786340886e-10
45.1249999999617,-122.166666666644,2.1463589294987e-10
45.1249999999617,-121.416666666638,4.88878361036084e-11
45.1249999999617,-121.374999999971,4.9056547656876e-11
45.1249999999617,-119.458333333289,7.38820521794624e-11
45.1249999999617,-119.374999999955,7.14946340728072e-11
45.1249999999617,-114.958333333253,2.85620152522975e-11
45.1249999999617,-114.666666666584,1.76575123545678e-10
45.1249999999617,-113.666666666576,2.66359632491768e-11
45.1249999999617,-110.374999999883,5.59250716068405e-11
45.1249999999617,-108.374999999867,2.21889846430526e-11
45.1249999999617,-107.541666666527,2.03186548050168e-11
45.1249999999617,-107.041666666523,1.39609919465997e-10
45.1249999999617,-106.374999999851,1.21458898058782e-10
45.1249999999617,-105.583333333178,2.78355210395282e-11
45.1249999999617,-105.249999999842,2.21609805646816e-11
45.1249999999617,-104.916666666506,1.29098577973709e-11
45.1249999999617,-102.333333333152,2.35637886586958e-11
45.1249999999617,-102.208333333151,2.32051186449069e-11
45.1249999999617,-101.791666666481,2.79645229559987e-11
45.1249999999617,-101.624999999813,2.85636676086134e-11
45.1249999999617,-101.208333333143,2.02127703784159e-11
45.1249999999617,-100.083333333135,3.06746783120339e-11
45.1249999999617,-98.2499999997866,5.36022612220681e-11
45.1249999999617,-94.6666666664248,3.44661929052328e-10
45.1249999999617,-92.2083333330719,1.74315657001863e-10
45.1249999999617,-87.2916666663661,9.47124499183742e-10
45.1249999999617,-87.0833333330311,1.92420938357336e-10
45.1249999999617,-85.4999999996852,5.92673527098233e-08
45.1249999999617,-84.8749999996802,2.92486496456751e-10
45.1249999999617,-84.2083333330082,1.08231591073894e-09
45.1249999999617,-84.0416666663402,3.58208966315464e-10
45.1249999999617,-83.3749999996682,5.79983313598349e-10
45.1249999999617,-70.4583333328988,9.35929646325618e-11
45.1249999999617,-69.7499999995598,7.5476883623172e-11
45.1249999999617,-67.4999999995419,1.72568023843517e-10
45.1249999999617,-67.3749999995409,1.06622019176834e-10
45.0833333332947,-123.208333333319,1.11817342720206e-09
45.0833333332947,-123.124999999985,2.14137904332929e-09
45.0833333332947,-122.333333333312,1.45484523363129e-09
45.0833333332947,-121.624999999973,3.52840982788523e-10
45.0833333332947,-121.458333333305,3.46693326518786e-10
45.0833333332947,-120.958333333301,4.96594325505579e-11
45.0833333332947,-118.249999999946,6.41112095715482e-10
45.0833333332947,-117.333333333272,3.95645767412303e-11
45.0833333332947,-116.541666666599,2.9694753341454e-11
45.0833333332947,-116.374999999931,2.26430626699277e-10
45.0833333332947,-115.958333333261,3.42542987041042e-11
45.0833333332947,-115.458333333257,3.92796036622593e-11
45.0833333332947,-114.791666666585,2.90050995703289e-11
45.0833333332947,-114.291666666581,1.91698785074934e-10
45.0833333332947,-113.499999999908,3.84835703589558e-11
45.0833333332947,-113.374999999907,3.69816385400125e-11
45.0833333332947,-112.958333333237,4.27816827843428e-11
45.0833333332947,-112.91666666657,4.39418372333572e-11
45.0833333332947,-112.416666666566,4.38688654036476e-11
45.0833333332947,-111.958333333229,3.8939931475899e-11
45.0833333332947,-110.124999999881,1.68627706390936e-11
45.0833333332947,-108.791666666537,2.35466519983001e-11
45.0833333332947,-107.749999999862,2.08998122336452e-11
45.0833333332947,-106.416666666518,1.2603019414673e-10
45.0833333332947,-104.99999999984,1.31984462760498e-11
45.0833333332947,-104.1666666665,2.58710417038137e-11
45.0833333332947,-103.958333333165,2.6376416966777e-11
45.0833333332947,-103.624999999829,2.82985845192813e-11
45.0833333332947,-100.666666666473,4.13619107984764e-11
45.0833333332947,-100.624999999806,4.16060492535298e-11
45.0833333332947,-100.083333333135,3.09931265401892e-11
45.0833333332947,-99.8333333331326,4.46355630419076e-11
45.0833333332947,-98.6666666664566,4.39167766600657e-11
45.0833333332947,-97.8749999997836,6.96930964430054e-11
45.0833333332947,-97.3749999997797,9.88213854561476e-11
45.0833333332947,-96.9166666664427,9.02491665339015e-11
45.0833333332947,-94.7083333330918,3.26637728795944e-10
45.0833333332947,-93.5833333330828,6.72922477999211e-09
45.0833333332947,-93.2083333330798,3.16757439374025e-08
45.0833333332947,-92.9583333330778,1.03702820571974e-08
45.0833333332947,-92.0416666664039,2.26265747850688e-10
45.0833333332947,-91.0833333330629,5.13508328069844e-10
45.0833333332947,-90.8333333330609,1.54433326443363e-10
45.0833333332947,-90.7916666663939,5.22713739319022e-10
45.0833333332947,-89.749999999719,3.44999834003504e-10
45.0833333332947,-89.45833333305,3.3384213059687e-10
45.0833333332947,-88.0833333330391,2.99723319274051e-10
45.0833333332947,-85.3333333330172,7.07576483523187e-09
45.0833333332947,-83.7916666663382,2.97445700793594e-10
45.0833333332947,-71.4583333329067,1.14388719923291e-10
45.0833333332947,-71.0416666662368,7.91115032611593e-11
45.0833333332947,-69.6666666662258,4.1506474179112e-10
45.0833333332947,-69.2083333328888,4.13547094008825e-10
45.0833333332947,-68.8333333328859,4.36326325043073e-10
45.0833333332947,-68.7916666662189,2.54957211854861e-10
45.0833333332947,-67.9999999995459,3.56703468612129e-10
45.0416666666277,-122.583333333314,2.64528787918087e-10
45.0416666666277,-120.541666666631,1.47670134330508e-10
45.0416666666277,-120.208333333295,5.84137194190239e-11
45.0416666666277,-118.083333333278,1.34209720840406e-10
45.0416666666277,-117.49999999994,1.45712742177909e-11
45.0416666666277,-115.666666666592,4.20026120465743e-11
45.0416666666277,-111.166666666556,6.87118552789366e-11
45.0416666666277,-109.916666666546,1.59233513702979e-11
45.0416666666277,-107.833333333196,2.06281687059082e-11
45.0416666666277,-105.749999999846,2.83472161788677e-11
45.0416666666277,-104.874999999839,1.33663928354933e-11
45.0416666666277,-100.29166666647,3.15219627179922e-11
45.0416666666277,-98.8749999997916,1.9620607823942e-11
45.0416666666277,-98.1249999997856,7.9116978266092e-11
45.0416666666277,-97.4583333331137,9.48007825101297e-11
45.0416666666277,-96.3333333331047,6.35545142448329e-11
45.0416666666277,-95.8749999997677,1.05506610231895e-10
45.0416666666277,-94.4166666664228,2.99127089868797e-10
45.0416666666277,-92.7499999997429,2.78368246753525e-09
45.0416666666277,-91.8333333330689,1.90909751754032e-10
45.0416666666277,-91.7916666664019,2.29113770820712e-10
45.0416666666277,-91.3333333330649,5.41497594752657e-10
45.0416666666277,-90.9999999997289,4.99222915612082e-10
45.0416666666277,-90.6666666663929,4.05322042976095e-10
45.0416666666277,-90.333333333057,3.48467150237366e-10
45.0416666666277,-90.208333333056,3.5647291566943e-10
45.0416666666277,-90.041666666388,3.66879787184375e-10
45.0416666666277,-87.5833333330351,1.67938390730167e-09
45.0416666666277,-85.4583333330182,5.93508995480046e-08
45.0416666666277,-85.1666666663492,1.82804232388273e-10
45.0416666666277,-84.7499999996792,4.56821814806355e-10
45.0416666666277,-83.6249999996702,5.77626833784853e-10
45.0416666666277,-74.8749999996006,3.56450363139347e-09
45.0416666666277,-72.6249999995827,2.75401721304947e-09
45.0416666666277,-71.7499999995757,6.79934659154828e-10
45.0416666666277,-71.6249999995747,8.5322066589845e-10
45.0416666666277,-71.4166666662397,1.24060841315349e-10
45.0416666666277,-69.4166666662238,2.56578972003501e-10
45.0416666666277,-68.6249999995509,8.82195514662654e-10
45.0416666666277,-68.5833333328839,8.08155580469273e-10
45.0416666666277,-67.8333333328779,6.99080733452105e-11
44.9999999999607,-122.958333333317,1.53487336717377e-08
44.9999999999607,-121.749999999974,3.52070608603119e-10
44.9999999999607,-120.916666666634,5.22004199046469e-11
44.9999999999607,-120.458333333297,5.09205787850307e-11
44.9999999999607,-119.958333333293,5.16846140746146e-11
44.9999999999607,-115.499999999924,4.03267437157301e-11
44.9999999999607,-114.99999999992,2.86803167641668e-11
44.9999999999607,-114.249999999914,1.20701950118801e-11
44.9999999999607,-113.999999999912,1.68877859584758e-11
44.9999999999607,-113.874999999911,1.80338698850283e-11
44.9999999999607,-111.791666666561,6.4699261627542e-11
44.9999999999607,-111.499999999892,6.98674454029889e-11
44.9999999999607,-111.458333333225,7.0460461335695e-11
44.9999999999607,-110.83333333322,4.22558662699304e-11
44.9999999999607,-108.958333333205,4.34510168962944e-11
44.9999999999607,-107.833333333196,2.75294901432879e-11
44.9999999999607,-103.624999999829,2.94362214493344e-11
44.9999999999607,-103.374999999827,1.78956235496421e-11
44.9999999999607,-100.541666666472,2.30512263967413e-11
44.9999999999607,-100.041666666468,3.16639439436357e-11
44.9999999999607,-98.7916666664576,9.55234886713205e-11
44.9999999999607,-98.5416666664556,4.23540940141281e-11
44.9999999999607,-96.6249999997737,6.17624697885436e-11
44.9999999999607,-94.9166666664268,2.20508625609304e-10
44.9999999999607,-93.2499999997468,4.19679761733538e-08
44.9999999999607,-93.2083333330798,4.46918329761401e-08
44.9999999999607,-91.7916666664019,3.68808960188288e-10
44.9999999999607,-90.9166666663949,8.32868684083211e-10
44.9999999999607,-89.958333333054,4.34130434201265e-10
44.9999999999607,-89.624999999718,8.20737328483536e-09
44.9999999999607,-86.0833333330231,1.24757543491389e-09
44.9999999999607,-84.4583333330102,2.30248229296258e-10
44.9999999999607,-83.7083333330042,3.53768427082044e-10
44.9999999999607,-83.5833333330032,4.96313043662606e-10
44.9999999999607,-74.7916666662666,3.69102079451556e-10
44.9999999999607,-72.8749999995847,4.00369779372376e-10
44.9999999999607,-72.2499999995797,1.44282996301278e-09
44.9999999999607,-71.7916666662427,6.36084374932097e-11
44.9999999999607,-71.5416666662407,1.70700247520954e-10
44.9999999999607,-70.8749999995688,1.02012881558525e-10
44.9999999999607,-69.5416666662248,4.75148608631944e-10
44.9999999999607,-68.8333333328859,1.17772904705866e-09
44.9583333332937,-123.416666666654,3.06541781925318e-10
44.9583333332937,-122.08333333331,7.54641695296534e-10
44.9583333332937,-119.041666666619,1.56090885737633e-10
44.9583333332937,-118.291666666613,4.28393987648581e-10
44.9583333332937,-117.874999999943,1.11937398481646e-10
44.9583333332937,-115.708333333259,3.34441919494406e-11
44.9583333332937,-114.874999999919,2.89698621426018e-11
44.9583333332937,-114.249999999914,1.19782926709549e-11
44.9583333332937,-114.16666666658,1.52827933678543e-11
44.9583333332937,-113.874999999911,1.69389889364186e-11
44.9583333332937,-113.083333333238,3.72708698381119e-11
44.9583333332937,-109.249999999874,3.10663253432996e-11
44.9583333332937,-105.291666666509,7.80193532124647e-13
44.9583333332937,-103.708333333163,2.94988360863361e-11
44.9583333332937,-102.583333333154,2.59266013682717e-11
44.9583333332937,-101.916666666482,2.30576430174004e-11
44.9583333332937,-99.9166666664666,3.21573187424713e-11
44.9583333332937,-97.9583333331176,9.76591424868294e-11
44.9583333332937,-96.1249999997697,6.5801797802548e-11
44.9583333332937,-95.9166666664347,1.36777003088923e-10
44.9583333332937,-93.9166666664188,8.02538426214745e-10
44.9583333332937,-93.5833333330828,9.13271543247988e-09
44.9583333332937,-90.7499999997269,6.32639691521476e-10
44.9583333332937,-90.5416666663919,4.21075540730393e-10
44.9583333332937,-89.999999999721,5.03214759432978e-10
44.9583333332937,-89.124999999714,5.34730292459763e-10
44.9583333332937,-88.874999999712,1.06202264488592e-09
44.9583333332937,-88.0833333330391,3.14011922395833e-10
44.9583333332937,-87.7499999997031,2.34633525075529e-09
44.9583333332937,-84.6666666663452,8.66629380475883e-10
44.9583333332937,-84.6249999996782,8.3610801696796e-10
44.9583333332937,-84.3749999996762,3.67372790079594e-10
44.9583333332937,-74.9999999996016,5.67683109429099e-10
44.9583333332937,-74.7083333329326,3.71053001075379e-10
44.9583333332937,-74.3333333329296,1.41739532767557e-09
44.9583333332937,-73.8333333329256,4.17160200170748e-10
44.9583333332937,-71.8333333329097,6.85913094726525e-11
44.9583333332937,-71.4166666662397,2.30498681669211e-10
44.9583333332937,-71.2083333329048,9.50598762651868e-11
44.9583333332937,-70.3333333328978,1.0314962498758e-10
44.9583333332937,-70.0833333328958,1.38705886377066e-10
44.9583333332937,-69.3333333328898,4.00461255887595e-10
44.9166666666267,-123.624999999989,1.39576567385439e-09
44.9166666666267,-120.916666666634,5.72832122758701e-11
44.9166666666267,-118.374999999947,3.81335292212503e-10
44.9166666666267,-117.583333333274,7.20608615320978e-11
44.9166666666267,-116.874999999935,1.54508339078483e-11
44.9166666666267,-115.958333333261,3.16712661621976e-10
44.9166666666267,-111.083333333222,5.4845935251969e-11
44.9166666666267,-108.833333333204,2.41261102591026e-10
44.9166666666267,-107.416666666526,3.72568931222926e-11
44.9166666666267,-106.66666666652,3.6595003898607e-11
44.9166666666267,-104.58333333317,3.52665072431142e-11
44.9166666666267,-104.208333333167,2.72335538807605e-11
44.9166666666267,-103.249999999826,1.90711932717649e-11
44.9166666666267,-102.791666666489,1.91356606839996e-10
44.9166666666267,-98.7083333331236,4.73138072982213e-11
44.9166666666267,-96.0416666664357,1.22946952863881e-10
44.9166666666267,-95.8749999997677,1.10945430110828e-10
44.9166666666267,-93.5833333330828,9.41760462730642e-09
44.9166666666267,-93.1249999997458,5.22322627700472e-08
44.9166666666267,-88.458333333042,4.57756203337663e-10
44.9166666666267,-87.3333333330331,2.46144602238813e-10
44.9166666666267,-85.9166666663551,1.30514199407567e-08
44.9166666666267,-85.2916666663502,4.73613799260226e-10
44.9166666666267,-84.9166666663472,6.92310386368967e-10
44.9166666666267,-75.2916666662706,1.12518096243784e-09
44.9166666666267,-74.6249999995986,7.77260293248669e-10
44.9166666666267,-74.1249999995946,3.77964179731866e-10
44.9166666666267,-74.0416666662606,3.7648331363957e-10
44.9166666666267,-70.9166666662358,1.13033210276066e-10
44.9166666666267,-70.7499999995678,2.59605376240607e-10
44.9166666666267,-68.9583333328869,1.09382511379883e-09
44.9166666666267,-68.9166666662199,1.22439732558232e-09
44.9166666666267,-67.9583333328789,3.55932126640166e-10
44.8749999999597,-121.999999999976,5.28114815928e-10
44.8749999999597,-118.999999999952,4.95319096127785e-11
44.8749999999597,-118.166666666612,8.44919504322907e-11
44.8749999999597,-118.083333333278,3.66062872401165e-11
44.8749999999597,-117.999999999944,4.18622070498765e-11
44.8749999999597,-117.041666666603,1.15278738178643e-11
44.8749999999597,-113.624999999909,1.49675747705112e-11
44.8749999999597,-113.124999999905,3.52897807571834e-11
44.8749999999597,-111.999999999896,3.89803251291628e-11
44.8749999999597,-107.708333333195,2.93327866468143e-11
44.8749999999597,-107.583333333194,3.10102287813618e-11
44.8749999999597,-107.541666666527,3.47602824704932e-11
44.8749999999597,-107.249999999858,4.02262317969461e-11
44.8749999999597,-105.958333333181,9.57371360480616e-12
44.8749999999597,-104.374999999835,1.26633625332889e-10
44.8749999999597,-104.208333333167,2.75542778590809e-11
44.8749999999597,-103.916666666498,2.90960848471444e-11
44.8749999999597,-103.791666666497,3.00644296845698e-11
44.8749999999597,-103.124999999825,1.97773372515528e-11
44.8749999999597,-102.08333333315,2.43881875208159e-11
44.8749999999597,-97.4166666664467,4.62267092782031e-11
44.8749999999597,-96.6666666664407,6.41616877236676e-11
44.8749999999597,-95.0833333330948,2.80994473680745e-10
44.8749999999597,-94.5833333330908,3.17410116042247e-10
44.8749999999597,-93.3749999997478,1.80242131765266e-08
44.8749999999597,-92.9999999997448,3.30335196740178e-09
44.8749999999597,-92.1666666664049,2.50238120527914e-10
44.8749999999597,-91.6666666664009,5.58632224665856e-10
44.8749999999597,-91.5833333330669,2.21853119017394e-09
44.8749999999597,-90.9999999997289,6.358438955327e-10
44.8749999999597,-90.9583333330619,7.2054398810786e-10
44.8749999999597,-88.916666666379,1.76035861958611e-10
44.8749999999597,-87.3749999997001,1.39175372558991e-09
44.8749999999597,-85.5833333330192,5.64498658744134e-09
44.8749999999597,-85.1249999996822,6.74988151753433e-10
44.8749999999597,-84.8333333330132,4.83952090201901e-10
44.8749999999597,-84.2499999996752,4.50450890910271e-10
44.8749999999597,-83.3749999996682,3.70152461885354e-10
44.8749999999597,-73.1666666662537,6.167967314628e-10
44.8749999999597,-72.6666666662497,3.65461918274374e-10
44.8749999999597,-70.2916666662308,1.32105535388731e-10
44.8749999999597,-69.7499999995598,2.92665689225058e-10
44.8749999999597,-69.4166666662238,4.15691099173674e-10
44.8749999999597,-68.2083333328809,8.04441015546894e-11
44.8749999999597,-67.8333333328779,3.96230398955416e-11
44.8333333332927,-123.958333333325,1.51988704221404e-10
44.8333333332927,-122.041666666643,5.1717020210076e-10
44.8333333332927,-121.458333333305,4.22206203493876e-10
44.8333333332927,-120.8333333333,5.90843955133728e-11
44.8333333332927,-120.666666666632,1.62671228329984e-10
44.8333333332927,-120.583333333298,1.53188667528634e-10
44.8333333332927,-119.958333333293,4.32153860346782e-11
44.8333333332927,-116.458333333265,8.51120161395115e-11
44.8333333332927,-116.208333333263,2.67717965968083e-10
44.8333333332927,-115.208333333255,3.0006078304055e-11
44.8333333332927,-115.083333333254,2.96096965768942e-11
44.8333333332927,-114.99999999992,2.96722196003384e-11
44.8333333332927,-114.749999999918,1.80583548977457e-10
44.8333333332927,-113.958333333245,1.52070692383676e-11
44.8333333332927,-113.666666666576,2.31190865523474e-11
44.8333333332927,-113.416666666574,1.60299260487667e-11
44.8333333332927,-110.791666666553,4.61338747625711e-11
44.8333333332927,-110.249999999882,3.42171426607256e-11
44.8333333332927,-109.333333333208,3.16615147188149e-11
44.8333333332927,-108.3333333332,4.55337897582178e-11
44.8333333332927,-107.416666666526,3.49792417124352e-11
44.8333333332927,-106.958333333189,6.61264417876749e-11
44.8333333332927,-105.291666666509,8.51770475405411e-13
44.8333333332927,-104.708333333171,3.69608868575653e-11
44.8333333332927,-102.874999999823,2.02847891915403e-10
44.8333333332927,-102.458333333153,1.89801582507e-10
44.8333333332927,-100.208333333136,2.82415866314734e-11
44.8333333332927,-99.6249999997976,2.63556961545694e-11
44.8333333332927,-97.9166666664506,7.09770821553657e-11
44.8333333332927,-94.2083333330878,7.33509655784336e-10
44.8333333332927,-93.9166666664188,8.0298802339418e-10
44.8333333332927,-93.8749999997518,2.51147982635459e-09
44.8333333332927,-91.8749999997359,3.71776954820996e-10
44.8333333332927,-87.6249999997021,1.34617583940336e-09
44.8333333332927,-87.4999999997011,4.2712442438077e-10
44.8333333332927,-85.3749999996842,1.01863491604441e-08
44.8333333332927,-85.3333333330172,1.02249584470448e-08
44.8333333332927,-74.7499999995996,6.49587369633048e-10
44.8333333332927,-74.2499999995956,8.38446108323945e-10
44.8333333332927,-72.0416666662447,7.0538560127534e-10
44.8333333332927,-71.5833333329077,1.57948990226504e-10
44.8333333332927,-70.6666666662338,7.13191061060137e-11
44.8333333332927,-68.1249999995469,4.66948805096486e-11
44.8333333332927,-66.9583333328709,6.30081377240196e-10
44.7916666666257,-120.541666666631,1.91512364930255e-10
44.7916666666257,-119.916666666626,3.47261801352596e-11
44.7916666666257,-119.041666666619,4.68345274715078e-11
44.7916666666257,-117.91666666661,1.26225180735831e-10
44.7916666666257,-117.458333333273,6.69698326248794e-11
44.7916666666257,-116.416666666598,9.02305286239597e-11
44.7916666666257,-116.083333333262,4.29121239724555e-11
44.7916666666257,-115.41666666659,3.2939964607752e-11
44.7916666666257,-115.249999999922,3.09751370095511e-11
44.7916666666257,-113.249999999906,1.56021643733741e-11
44.7916666666257,-109.833333333212,3.49449997623456e-11
44.7916666666257,-108.833333333204,4.47343119112154e-11
44.7916666666257,-108.666666666536,4.24708767878973e-11
44.7916666666257,-108.208333333199,4.41206419634842e-11
44.7916666666257,-107.416666666526,3.51837095456929e-11
44.7916666666257,-106.041666666515,9.79542982417538e-12
44.7916666666257,-105.916666666514,1.02895601376061e-11
44.7916666666257,-103.541666666495,1.96209346084277e-11
44.7916666666257,-102.624999999821,2.05202467601502e-11
44.7916666666257,-101.583333333146,2.99227138673259e-11
44.7916666666257,-100.791666666474,2.36375048694384e-11
44.7916666666257,-99.4166666664626,2.62442672275543e-11
44.7916666666257,-98.8333333331246,8.45629474013e-11
44.7916666666257,-98.7916666664576,4.35023917384895e-11
44.7916666666257,-97.4583333331137,5.28229664168271e-11
44.7916666666257,-95.3333333330967,1.26811104431684e-10
44.7916666666257,-94.1249999997538,1.21192878313709e-09
44.7916666666257,-93.9166666664188,8.72583847036167e-10
44.7916666666257,-93.7499999997508,1.70542873233538e-09
44.7916666666257,-93.2083333330798,3.54093782382176e-08
44.7916666666257,-93.0833333330788,1.20172222671876e-08
44.7916666666257,-92.8333333330769,6.10310544826637e-09
44.7916666666257,-91.2916666663979,5.31284518175464e-10
44.7916666666257,-91.1249999997299,6.15405886369243e-10
44.7916666666257,-89.249999999715,2.32732650563257e-10
44.7916666666257,-84.9999999996812,8.59556476898482e-10
44.7916666666257,-84.2083333330082,4.71796011451754e-10
44.7916666666257,-74.6249999995986,1.82434313993558e-10
44.7916666666257,-73.4583333329227,2.33028784197336e-09
44.7916666666257,-73.4166666662557,2.23749286963598e-09
44.7916666666257,-72.9999999995857,8.72891140799169e-10
44.7916666666257,-72.5833333329157,2.84132948876249e-10
44.7916666666257,-71.2916666662388,1.05880367150627e-10
44.7916666666257,-70.5416666662328,1.3735239700249e-10
44.7916666666257,-70.1249999995628,4.30502399960059e-10
44.7916666666257,-69.6249999995588,5.31542721555275e-10
44.7916666666257,-69.2499999995558,5.40725491056825e-10
44.7916666666257,-69.1666666662218,9.21139998974785e-10
44.7916666666257,-68.9583333328869,1.98146388827219e-09
44.7916666666257,-68.8749999995529,3.49034129850031e-09
44.7916666666257,-67.2916666662069,1.01029821194891e-10
44.7499999999587,-123.999999999992,8.74735243545506e-11
44.7499999999587,-122.166666666644,7.52481119794453e-10
44.7499999999587,-121.333333333304,1.11832983069678e-10
44.7499999999587,-119.99999999996,3.52863514966796e-11
44.7499999999587,-119.958333333293,3.45673478234443e-11
44.7499999999587,-115.499999999924,3.46896149082731e-11
44.7499999999587,-115.166666666588,3.05970218141121e-11
44.7499999999587,-115.124999999921,3.07293657995682e-16
44.7499999999587,-113.874999999911,1.89579621112786e-10
44.7499999999587,-113.791666666577,2.25936821595545e-11
44.7499999999587,-113.666666666576,2.23868761655997e-11
44.7499999999587,-112.374999999899,2.24644458484452e-11
44.7499999999587,-110.124999999881,3.25651809313158e-11
44.7499999999587,-110.041666666547,3.15004358425852e-11
44.7499999999587,-109.666666666544,3.5035236179868e-11
44.7499999999587,-109.541666666543,3.52728091525989e-11
44.7499999999587,-106.083333333182,9.86625461352705e-12
44.7499999999587,-104.374999999835,1.31213439745948e-10
44.7499999999587,-102.166666666484,2.58572832428979e-11
44.7499999999587,-97.7499999997826,3.9933028872077e-11
44.7499999999587,-96.2083333331037,1.27656895004979e-10
44.7499999999587,-95.4583333330977,1.64020953241419e-10
44.7499999999587,-95.3333333330967,1.28220090546998e-10
44.7499999999587,-92.6249999997419,5.30267974522975e-10
44.7499999999587,-91.9999999997369,3.37040590800488e-10
44.7499999999587,-91.0833333330629,5.54666832620984e-10
44.7499999999587,-90.208333333056,5.69063673228642e-10
44.7499999999587,-89.87499999972,4.14626466921927e-10
44.7499999999587,-88.833333333045,5.44779353309093e-10
44.7499999999587,-85.9999999996891,2.39588823842226e-10
44.7499999999587,-85.2499999996832,1.68233792573294e-09
44.7499999999587,-74.3333333329296,1.11231563287654e-09
44.7499999999587,-73.9999999995936,2.04919758109408e-10
44.7499999999587,-73.7499999995917,4.19332881062901e-09
44.7499999999587,-73.7083333329247,4.75096668231357e-09
44.7499999999587,-73.1666666662537,1.18868122192426e-09
44.7499999999587,-71.6666666662417,1.05129596047992e-10
44.7499999999587,-70.9166666662358,1.63845303231581e-10
44.7499999999587,-70.4999999995658,1.16230519897604e-10
44.7499999999587,-68.8749999995529,3.63713371204388e-09
44.7499999999587,-68.5416666662169,3.96068856088344e-10
44.7083333332917,-122.49999999998,1.57348086034436e-09
44.7083333332917,-122.08333333331,1.0922004613841e-10
44.7083333332917,-121.208333333303,1.00357796920413e-10
44.7083333332917,-119.624999999957,4.12968960680024e-11
44.7083333332917,-118.499999999948,7.53848856807522e-11
44.7083333332917,-118.083333333278,7.81986033215688e-11
44.7083333332917,-116.208333333263,3.0289637884932e-10
44.7083333332917,-114.916666666586,3.10759974397725e-16
44.7083333332917,-113.499999999908,1.54358512567379e-11
44.7083333332917,-113.249999999906,1.51948630296288e-11
44.7083333332917,-108.708333333203,1.980188323912e-10
44.7083333332917,-108.291666666533,2.55494005686195e-10
44.7083333332917,-107.583333333194,1.69479781738637e-10
44.7083333332917,-107.333333333192,2.03391453993599e-10
44.7083333332917,-106.166666666516,9.81872733511395e-12
44.7083333332917,-105.458333333177,6.9481794137682e-11
44.7083333332917,-104.041666666499,7.27066062959247e-11
44.7083333332917,-103.791666666497,3.28816558681948e-11
44.7083333332917,-103.499999999828,2.09921273309807e-11
44.7083333332917,-103.083333333158,7.79700079853249e-11
44.7083333332917,-102.416666666486,2.03601122209127e-11
44.7083333332917,-100.458333333138,5.66801103664674e-11
44.7083333332917,-100.374999999804,5.82618076900586e-11
44.7083333332917,-100.208333333136,4.66621054205433e-11
44.7083333332917,-99.6249999997976,2.84096263741503e-11
44.7083333332917,-99.5416666664636,2.79618535197886e-11
44.7083333332917,-98.4999999997886,4.87718181968722e-11
44.7083333332917,-98.2499999997866,6.86849263697081e-11
44.7083333332917,-96.0416666664357,9.37805715850812e-11
44.7083333332917,-94.3749999997558,2.30239835726986e-10
44.7083333332917,-94.1249999997538,1.0152312329319e-09
44.7083333332917,-93.9999999997528,5.34239664523337e-10
44.7083333332917,-93.7499999997508,1.32185618076274e-09
44.7083333332917,-92.9999999997448,1.48498808372188e-09
44.7083333332917,-91.9999999997369,3.32069843997099e-10
44.7083333332917,-91.2083333330639,6.52287687353778e-10
44.7083333332917,-89.374999999716,2.58064070070036e-10
44.7083333332917,-85.1249999996822,2.18563856598307e-09
44.7083333332917,-74.3749999995966,4.33358710250124e-10
44.7083333332917,-74.0833333329276,1.06333281600393e-10
44.7083333332917,-72.9583333329187,7.09539592899363e-10
44.7083333332917,-71.4166666662397,2.31354083870886e-10
44.7083333332917,-69.9583333328948,8.11955603895896e-10
44.7083333332917,-68.6666666662179,6.96513040481862e-10
44.7083333332917,-68.0833333328799,4.50005185362409e-11
44.6666666666247,-120.166666666628,4.37607646875519e-11
44.6666666666247,-119.624999999957,4.05946250726312e-11
44.6666666666247,-118.541666666615,2.26444876490545e-11
44.6666666666247,-117.291666666605,3.16518545172801e-10
44.6666666666247,-116.999999999936,2.98341572727985e-11
44.6666666666247,-115.999999999928,2.74672855173156e-10
44.6666666666247,-115.333333333256,3.3675573867274e-11
44.6666666666247,-114.916666666586,3.13699685925349e-16
44.6666666666247,-114.749999999918,3.13370448196307e-16
44.6666666666247,-114.708333333251,1.86217174577901e-10
44.6666666666247,-114.208333333247,1.16488868560413e-11
44.6666666666247,-113.041666666571,3.31804020407529e-11
44.6666666666247,-112.583333333234,2.14559640823054e-11
44.6666666666247,-111.624999999893,3.05314210637587e-11
44.6666666666247,-111.374999999891,2.8419691901914e-11
44.6666666666247,-110.624999999885,4.32791871586008e-11
44.6666666666247,-110.499999999884,3.98624806487692e-11
44.6666666666247,-110.291666666549,3.54938811933567e-11
44.6666666666247,-109.041666666539,3.60740286124601e-11
44.6666666666247,-108.208333333199,1.85883892043977e-11
44.6666666666247,-107.91666666653,4.28448974524376e-11
44.6666666666247,-107.041666666523,2.02662721607703e-11
44.6666666666247,-106.624999999853,8.48679813948921e-11
44.6666666666247,-106.416666666518,7.35216702178825e-11
44.6666666666247,-106.333333333184,7.03565661045692e-11
44.6666666666247,-103.791666666497,3.36876043180833e-11
44.6666666666247,-102.041666666483,2.54208743254531e-11
44.6666666666247,-100.791666666474,3.26395388888627e-11
44.6666666666247,-99.9166666664666,4.75723054641792e-11
44.6666666666247,-99.6249999997976,5.02831384190758e-11
44.6666666666247,-98.2916666664536,6.81051597187473e-11
44.6666666666247,-97.7499999997826,5.65598186166059e-11
44.6666666666247,-96.7083333331077,6.44017453071476e-11
44.6666666666247,-96.5833333331067,1.00497661224304e-10
44.6666666666247,-95.7499999997667,1.80206286188021e-10
44.6666666666247,-95.2916666664297,1.61771964240283e-10
44.6666666666247,-94.9166666664268,1.16028282256121e-10
44.6666666666247,-94.2916666664218,2.76752605981292e-10
44.6666666666247,-93.7916666664178,8.52525849255182e-10
44.6666666666247,-92.4166666664069,3.70297461676299e-10
44.6666666666247,-92.3749999997399,2.91271369627921e-10
44.6666666666247,-91.9166666664029,2.61180484887172e-10
44.6666666666247,-91.7499999997349,3.17776478006728e-10
44.6666666666247,-89.416666666383,5.86395437435302e-10
44.6666666666247,-88.958333333046,1.86756517110091e-10
44.6666666666247,-86.0416666663561,3.07307576817353e-10
44.6666666666247,-85.7499999996871,2.46763732832246e-09
44.6666666666247,-84.9166666663472,8.40006511732035e-10
44.6666666666247,-84.4999999996772,2.06692158660664e-10
44.6666666666247,-83.7083333330042,1.95561553666298e-11
44.6666666666247,-74.6666666662656,2.49302557464541e-10
44.6666666666247,-74.5833333329316,1.79103295309659e-10
44.6666666666247,-73.6666666662577,2.93011748083972e-09
44.6666666666247,-73.3333333329217,2.00997560020784e-09
44.6666666666247,-73.2499999995877,2.29668105021396e-09
44.6666666666247,-70.9999999995698,1.7537434182601e-10
44.6666666666247,-70.2916666662308,4.66048111292027e-10
44.6249999999577,-123.74999999999,1.74724696730196e-10
44.6249999999577,-123.166666666652,4.02701384132948e-09
44.6249999999577,-122.91666666665,7.99462764479033e-10
44.6249999999577,-122.833333333316,7.31067468987949e-10
44.6249999999577,-122.541666666647,9.54569005780709e-10
44.6249999999577,-121.291666666637,2.25913416425015e-10
44.6249999999577,-118.74999999995,2.48822916586405e-10
44.6249999999577,-116.916666666602,3.16839018922455e-11
44.6249999999577,-116.791666666601,3.40764396407684e-11
44.6249999999577,-114.99999999992,3.17173807235084e-16
44.6249999999577,-113.249999999906,1.49795376272081e-11
44.6249999999577,-112.583333333234,2.12411062259756e-11
44.625,-112.25,2.2388822209201e-11
44.625,-111.7083,2.95222642105077e-11
44.625,-110.5417,4.10408756209928e-11
44.625,-110.25,3.48255430378089e-11
44.625,-109.1667,4.09933665750322e-11
44.625,-108.625,2.36942495015513e-10
44.625,-108.4583,2.19534876502469e-10
44.625,-107.6667,4.67355438555882e-11
44.625,-106.1667,1.01022532733499e-11
44.625,-104.1667,1.34472380263264e-10
44.625,-103.2083,8.3552546819818e-11
44.625,-103,8.40268492093696e-11
44.625,-101.5,1.11260254539051e-10
44.625,-101.0833,4.60023720040868e-11
44.625,-99.83333,1.04492607862777e-10
44.625,-97.20833,1.34461682934397e-10
44.625,-97.125,1.51711985363655e-10
44.625,-96.41667,2.8977556646164e-10
44.625,-94.625,2.13363539300953e-10
44.625,-94.08333,6.47603945461115e-10
44.625,-93.16667,8.63333140391463e-09
44.625,-92.91667,1.02746360380399e-09
44.625,-91.95833,2.57157820347587e-10
44.625,-90.91667,6.5232082968667e-10
44.625,-90.875,4.38746768227899e-10
44.625,-90.58333,4.91599291989225e-10
44.625,-89.95833,3.32372676713748e-10
44.625,-89.58333,6.38914140566107e-10
44.625,-89.45833,6.80451074708535e-10
44.625,-89.25,2.63077413167714e-10
44.625,-89.20833,2.3445140791623e-10
44.625,-89.125,1.59443979340175e-10
44.625,-84.875,3.05185110467383e-09
44.625,-74.79167,1.17913081287837e-10
44.625,-74.5,1.81703745566287e-10
44.625,-74.08333,1.42626114199242e-10
44.625,-73.45833,2.19855961818331e-09
44.625,-72.625,6.12230113495355e-10
44.625,-71.66667,6.89149755299135e-10
44.625,-70.875,1.4487802222706e-10
44.625,-69.33333,4.49256997097973e-10
44.625,-68.83333,6.50717300270669e-10
44.625,-67.75,8.3210082435282e-11
44.58333,-122.7917,1.52074848789188e-10
44.58333,-119.4583,4.0002627730344e-11
44.58333,-119.0417,2.7553500212692e-11
44.58333,-118.6667,4.64071254823971e-11
44.58333,-114.7083,3.17625549743578e-16
44.58333,-114.2083,1.16341435008629e-11
44.58333,-111.9583,2.57953285684327e-11
44.58333,-109.6667,3.49752702257914e-11
44.58333,-108.5,2.92602015962008e-11
44.58333,-106.8333,2.46407506704112e-10
44.58333,-106.125,1.05337752222108e-11
44.58333,-105.75,7.4701229086361e-11
44.58333,-103.9583,2.1237203196624e-10
44.58333,-103.9167,2.16207503590272e-10
44.58333,-103.625,8.28342898646799e-11
44.58333,-101.625,1.09140158528136e-10
44.58333,-100.7917,3.34911164287433e-11
44.58333,-100.625,5.77251653936694e-11
44.58333,-100.375,6.62236983097747e-11
44.58333,-100,7.05605828558144e-11
44.58333,-99.79167,1.06778891423642e-10
44.58333,-97.83333,5.50348172771854e-11
44.58333,-97.66667,5.98657377117886e-11
44.58333,-97,1.71301599651886e-10
44.58333,-94.83333,2.7959665291198e-10
44.58333,-91.875,1.30894403203139e-10
44.58333,-90.5,4.06825408212851e-10
44.58333,-89.625,7.2408930016035e-10
44.58333,-89.33333,3.71709401080615e-10
44.58333,-89.20833,2.877062218356e-10
44.58333,-88.875,2.35629618733208e-10
44.58333,-85.66667,7.61737923043623e-10
44.58333,-83.70833,7.21599753847959e-11
44.58333,-72.75,1.07512982492321e-09
44.58333,-71.41667,6.32183790645428e-10
44.58333,-70.375,7.06614809348287e-10
44.58333,-70.25,5.03083002011279e-10
44.58333,-69.41667,4.98768974655521e-10
44.58333,-68.125,1.04925273470348e-10
44.54167,-124.0417,2.28041983309359e-10
44.54167,-122.5417,5.72801708773005e-10
44.54167,-121.2917,4.76187781562533e-10
44.54167,-120.4167,6.2042982647569e-10
44.54167,-120.375,4.21867089996442e-10
44.54167,-118,3.66193770798387e-10
44.54167,-117.7917,4.06325615990353e-10
44.54167,-117.75,1.08651560718371e-10
44.54167,-117.0833,8.93760578684329e-11
44.54167,-113.375,1.50010156501296e-11
44.54167,-111.625,3.11209167180789e-10
44.54167,-111.4583,3.04501422982172e-11
44.54167,-110.6667,4.46141282890762e-11
44.54167,-110.2917,3.55687149807706e-11
44.54167,-108.7917,2.64759696262644e-10
44.54167,-108.625,2.36070587010282e-10
44.54167,-106.9167,7.83366908558982e-11
44.54167,-106.1667,1.04499634261348e-11
44.54167,-106.125,1.07199950831867e-11
44.54167,-105.2917,7.26508596499591e-11
44.54167,-104.375,1.77277401136077e-10
44.54167,-102.3333,1.6812228061795e-10
44.54167,-101.6667,3.34479046910946e-11
44.54167,-98.45833,6.59598529700078e-11
44.54167,-98.33333,6.82654049017678e-11
44.54167,-98.29167,6.93024021668675e-11
44.54167,-98.125,3.48645762777139e-11
44.54167,-97.66667,4.66403272368997e-11
44.54167,-96.79167,1.32573690542326e-10
44.54167,-96.58333,1.29000344389525e-10
44.54167,-93.58333,1.40746592877477e-09
44.54167,-93.5,1.35650325051193e-09
44.54167,-93.16667,1.29030476050201e-09
44.54167,-93.125,1.03999503800771e-09
44.54167,-92.375,2.97238457453884e-10
44.54167,-91.91667,1.62207754341934e-10
44.54167,-90.45833,4.22138243404746e-10
44.54167,-89.16667,3.13060147862868e-10
44.54167,-87.5,3.70872602865177e-10
44.54167,-86.25,2.05440319395183e-09
44.54167,-86.16667,3.65755810739699e-10
44.54167,-86,2.6280934114055e-10
44.54167,-84.95833,1.62668408209884e-09
44.54167,-84.79167,2.65700908221331e-10
44.54167,-83.33333,2.46272178859497e-10
44.54167,-75.79167,9.02242607579242e-10
44.54167,-74.91667,1.11062625347458e-10
44.54167,-72.45833,6.13583927871076e-10
44.54167,-69.25,3.25775345555407e-10
44.54167,-67.95833,1.93878232703662e-10
44.54167,-67.91667,1.87415983615999e-10
44.5,-123.3333,3.85982905521229e-09
44.5,-123.2917,2.34363109856566e-09
44.5,-123.0417,8.90037586419658e-10
44.5,-122.7917,1.673608728385e-10
44.5,-121.1667,9.34234341735489e-10
44.5,-121.125,9.49195866052523e-10
44.5,-120.4167,6.48074498158263e-10
44.5,-119.9583,4.03605546741373e-11
44.5,-118.5833,4.59604331093077e-11
44.5,-118.5417,2.04670484903543e-11
44.5,-118.0833,3.25282032733257e-10
44.5,-116.875,5.11221366497348e-11
44.5,-116.7917,5.31485363332453e-11
44.5,-116.75,5.41991817609952e-11
44.5,-116.375,3.45487727747301e-11
44.5,-116.1667,3.31280496221254e-10
44.5,-115.4167,3.78561256635821e-11
44.5,-113.875,1.8568545787615e-10
44.5,-112.8333,6.67768857829505e-11
44.5,-112.625,2.10812704443462e-11
44.5,-112.4583,2.17520426514121e-11
44.5,-112.1667,2.22082279081228e-11
44.5,-110.2917,3.55004286236572e-11
44.5,-109.1667,4.28258127049542e-11
44.5,-108.9583,4.79476090656718e-11
44.5,-107.7917,1.49910201292164e-10
44.5,-106,6.54808585525284e-11
44.5,-105.0417,6.32881891891969e-11
44.5,-103.7917,1.50640726954404e-10
44.5,-103.75,1.53783955932014e-10
44.5,-103.5417,9.18638508279847e-11
44.5,-102.5,2.29751426674661e-10
44.5,-102.25,2.88832535769364e-11
44.5,-101.0833,4.65138174332122e-11
44.5,-100.125,8.33119132046266e-11
44.5,-100.0417,8.10564640117242e-11
44.5,-97.375,1.41913565299821e-10
44.5,-96.95833,2.30317954561491e-10
44.5,-95.875,3.11623035336623e-10
44.5,-90.75,2.15630903794201e-10
44.5,-90.5,3.23707294217172e-10
44.5,-89,7.25486168690266e-10
44.5,-88.625,3.01653880634183e-10
44.5,-86.125,3.14252363501153e-10
44.5,-85.54167,4.06571245378588e-10
44.5,-84.625,2.03469090818609e-10
44.5,-74.41667,1.94558399256573e-10
44.5,-72.04167,8.17011035961896e-10
44.5,-71.33333,5.89505555044582e-10
44.5,-71.29167,1.99979170376492e-10
44.5,-71.25,2.14652072720668e-10
44.5,-70.04167,2.41012151777362e-10
44.5,-69.08333,5.03554643245163e-10
44.5,-68.66667,3.57912373787991e-10
44.5,-68.16667,2.61143643088035e-10
44.45833,-120.9583,3.56227675235541e-10
44.45833,-120.4167,1.19462914639341e-10
44.45833,-117.1667,9.29888845007102e-11
44.45833,-113.5417,1.8242826987293e-10
44.45833,-113.125,1.56076457051093e-11
44.45833,-113.0833,1.57480976158223e-11
44.45833,-111,5.66399563456463e-11
44.45833,-110.5,3.96079860003692e-11
44.45833,-109.4167,3.60865622004557e-11
44.45833,-109.25,3.9023467203215e-11
44.45833,-109.125,4.31108854600976e-11
44.45833,-108.8333,1.90243289338435e-10
44.45833,-108.375,2.80258526708607e-11
44.45833,-106.8333,3.55499749852619e-11
44.45833,-106.0833,1.1351872769215e-11
44.45833,-105.1667,7.0884130453724e-11
44.45833,-105.0417,6.44988442774934e-11
44.45833,-103.9583,2.25570257214400e-10
44.45833,-103.7083,8.78068899915063e-11
44.45833,-103.5,9.05200531391409e-11
44.45833,-98.08333,3.6708967764327e-11
44.45833,-98,7.70134814570597e-11
44.45833,-97.79167,6.21096928533777e-11
44.45833,-97.58333,7.25149497202337e-11
44.45833,-96.91667,2.19366357086162e-10
44.45833,-96.875,2.23528366845935e-10
44.45833,-96.04167,1.61559147882471e-10
44.45833,-95.20833,9.13322598769941e-11
44.45833,-94.58333,1.81044734609847e-10
44.45833,-91.95833,1.64556781379298e-10
44.45833,-91.5,5.07041569508861e-10
44.45833,-88.66667,6.38566814973633e-10
44.45833,-87.83333,1.07020602695172e-09
44.45833,-85.45833,1.21737189948959e-09
44.45833,-84.95833,2.04373013511513e-10
44.45833,-75.83333,1.52128492242702e-09
44.45833,-73.41667,4.16205330954656e-10
44.45833,-72.625,1.06188813952446e-09
44.45833,-71.375,5.61094456620745e-10
44.45833,-71,2.52401262983943e-10
44.45833,-70.66667,3.09477789136906e-10
44.45833,-70.41667,3.79289194769583e-10
44.45833,-70.08333,3.62813800770592e-10
44.45833,-69.58333,3.89904468707206e-10
44.45833,-69.375,2.40841083788935e-10
44.45833,-68.29167,3.02771845623241e-10
44.41667,-121.9583,1.05696294047774e-10
44.41667,-121.875,1.6974088496774e-10
44.41667,-120.7917,2.71892110317448e-10
44.41667,-120.3333,6.23613833953113e-10
44.41667,-120.2083,5.3813319515623e-10
44.41667,-119.4583,3.93330170719918e-11
44.41667,-118.0833,2.98540432573993e-10
44.41667,-117.875,5.94726071387857e-11
44.41667,-116.9583,1.05384139869313e-10
44.41667,-115.2917,2.29209938726317e-10
44.41667,-114.3333,1.19139326084044e-11
44.41667,-114.0417,1.17041790266553e-11
44.41667,-113.1667,1.57853048153361e-11
44.41667,-112.7083,2.08913994303112e-10
44.41667,-111.4167,3.51192352063507e-11
44.41667,-109.75,3.48530816649425e-11
44.41667,-108.75,1.74434360355885e-10
44.41667,-107.7917,1.86059917973762e-11
44.41667,-106.75,3.38315211846875e-11
44.41667,-103.7917,1.16560608090589e-10
44.41667,-102.9583,3.8906644881965e-11
44.41667,-102.0417,2.85767239688735e-11
44.41667,-101.625,3.35968963731644e-11
44.41667,-101.25,4.98624279378448e-11
44.41667,-101.0417,4.72021756364831e-11
44.41667,-99.83333,1.2438545773306e-10
44.41667,-98.70833,4.49655952024892e-11
44.41667,-98.58333,3.16757187790837e-11
44.41667,-97.95833,4.27629878348253e-11
44.41667,-97.54167,7.39718703730988e-11
44.41667,-96.16667,1.36136736661602e-10
44.41667,-95.83333,4.23150313720675e-10
44.41667,-95.20833,8.99510756309501e-11
44.41667,-91.54167,2.97093016599764e-10
44.41667,-90.04167,3.10539752195799e-10
44.41667,-89.79167,1.06955039231841e-09
44.41667,-89.375,7.04431885493758e-10
44.41667,-87.79167,5.81118422987348e-10
44.41667,-85.91667,1.34696394221753e-10
44.41667,-85.79167,4.41829782215259e-10
44.41667,-85.29167,7.17363818041691e-10
44.41667,-84.33333,1.94865313066118e-10
44.41667,-75.66667,1.54462521210149e-10
44.41667,-72.04167,6.04770211751531e-10
44.41667,-70.625,3.64156878487592e-10
44.41667,-68.375,7.4719576171715e-10
44.375,-123.75,3.11739571715974e-10
44.375,-123.0417,6.95032154898528e-10
44.375,-122.625,1.28211395435654e-09
44.375,-119.4583,3.98425589150261e-11
44.375,-118.375,2.49051995947173e-10
44.375,-117.5,1.14829466027195e-10
44.375,-116.7917,5.73102463251538e-11
44.375,-116.375,5.5808275795126e-11
44.375,-116.125,3.40915149564978e-10
44.375,-115.9167,3.0707543272441e-10
44.375,-115.75,2.86853446433226e-10
44.375,-114,1.17613476030141e-11
44.375,-113.9583,1.17653709333508e-11
44.375,-112.625,2.1456771128483e-11
44.375,-112.5833,2.16297313008204e-11
44.375,-111.9583,2.51311737001331e-10
44.375,-109.375,3.58923707808315e-11
44.375,-107.1667,3.19725095865234e-11
44.375,-106,2.09703882654509e-10
44.375,-105.0833,6.79876272893914e-11
44.375,-104.7917,3.81629582553939e-11
44.375,-104.4167,4.8694766624555e-11
44.375,-103.1667,1.19038017035958e-10
44.375,-103,4.2344918631446e-11
44.375,-102.7917,4.15894232483208e-11
44.375,-102.625,3.70355424870733e-11
44.375,-102.375,2.49280641936815e-11
44.375,-101.8333,2.69665980665805e-11
44.375,-99.04167,4.29827033744301e-11
44.375,-96.91667,2.39745286566494e-10
44.375,-95.625,1.32183195208132e-10
44.375,-94.20833,1.78858284637814e-10
44.375,-94.08333,2.92145183680582e-10
44.375,-93.875,4.74284067738776e-10
44.375,-93.41667,4.65867899154943e-10
44.375,-92.95833,6.02453036024046e-10
44.375,-90.95833,3.37391788821236e-10
44.375,-90.75,3.46127538675048e-10
44.375,-89.41667,6.07952797481762e-10
44.375,-88.875,4.9575520751029e-10
44.375,-88.66667,8.22895433760795e-10
44.375,-86.16667,4.46706055842232e-10
44.375,-85.54167,4.09508150268413e-10
44.375,-85.08333,2.19826645981839e-10
44.375,-83.91667,4.26813569133659e-10
44.375,-75.16667,3.47919681751033e-10
44.375,-75.04167,2.15223731571006e-10
44.375,-74.29167,5.16232008266941e-10
44.375,-72.79167,1.42610921819839e-09
44.375,-71.58333,4.62242016146957e-10
44.375,-71.04167,6.12387880066508e-10
44.375,-70.91667,2.17110697083534e-10
44.375,-70.625,4.0260671102819e-10
44.375,-69.375,3.31555866579602e-10
44.33333,-123.9583,9.62080467381563e-11
44.33333,-123.375,3.17433462319302e-10
44.33333,-123.1667,6.18057625958691e-10
44.33333,-122.5833,7.03009072352636e-10
44.33333,-122.1667,3.89341239222246e-10
44.33333,-121.7917,9.57836128778523e-10
44.33333,-121.2917,1.2739901689558e-09
44.33333,-120.9167,7.79582065387894e-10
44.33333,-120.3333,1.14314355343152e-10
44.33333,-120.0833,3.44503032295593e-10
44.33333,-117.625,3.04671329687399e-10
44.33333,-116.1667,3.54198112546504e-10
44.33333,-113.9167,1.18150670912206e-11
44.33333,-113.4583,1.21919984456838e-11
44.33333,-112.125,2.39899520047785e-10
44.33333,-109.5417,3.493477701801e-11
44.33333,-109.3333,3.5666778506501e-11
44.33333,-108.5417,1.55097848964339e-10
44.33333,-107.5417,1.55429655747729e-10
44.33333,-106.6667,3.15444413771855e-11
44.33333,-106,2.10130192124191e-10
44.33333,-105.5833,7.25639422036765e-10
44.33333,-105.4167,6.84929766046567e-10
44.33333,-104.9167,4.05441813342768e-11
44.33333,-104.2917,4.82343348831893e-11
44.33333,-104.25,4.88153791340796e-11
44.33333,-103.0417,6.93972208322489e-11
44.33333,-101.2083,5.01130816018049e-11
44.33333,-101,3.10608399152091e-11
44.33333,-97.66667,7.07654342680797e-11
44.33333,-96.16667,1.80843571359706e-10
44.33333,-93.625,5.83326402660266e-10
44.33333,-93.375,5.33109906652218e-10
44.33333,-92.91667,4.01212994817855e-10
44.33333,-92.66667,1.05295446820323e-09
44.33333,-92.29167,3.55262402650128e-10
44.33333,-91.91667,1.56918923429376e-10
44.33333,-91.625,1.63586714953641e-10
44.33333,-91.33333,9.4577161515018e-10
44.33333,-89.25,4.16299059272421e-10
44.33333,-88.91667,7.61471770258767e-10
44.33333,-85.625,5.64546755657894e-10
44.33333,-75.625,1.57106437544745e-10
44.33333,-75.04167,2.18685045773676e-10
44.33333,-73.41667,4.40863805247713e-10
44.33333,-73,1.38125429208631e-09
44.33333,-72,3.60369402031894e-10
44.33333,-71.41667,5.16034907670203e-10
44.33333,-69.95833,7.30379112858658e-10
44.33333,-69.25,3.34073368997075e-10
44.29167,-123.125,1.0209591876033e-09
44.29167,-123.0417,5.42916366272564e-10
44.29167,-121.4167,8.06183524579588e-10
44.29167,-120.4167,5.28068333089753e-10
44.29167,-120.2083,3.97444734875836e-10
44.29167,-120.0833,3.47258180873676e-10
44.29167,-118.3333,2.39536794778395e-10
44.29167,-118.2083,2.54374817887705e-10
44.29167,-118.0417,4.96418161299237e-11
44.29167,-115.5417,2.83069009571331e-10
44.29167,-115.375,4.47195312737594e-11
44.29167,-115.3333,4.37360007066537e-11
44.29167,-114.9583,3.68593095379666e-16
44.29167,-114.5,1.96782807381046e-10
44.29167,-114.2083,1.19849829814762e-11
44.29167,-113.7917,1.20617162458233e-11
44.29167,-111.2917,3.20623398846132e-10
44.29167,-110.1667,3.27840572263808e-11
44.29167,-107.7083,2.81964880096416e-11
44.29167,-107.375,1.59516996053126e-10
44.29167,-107.2917,1.62485125201757e-10
44.29167,-107.2083,1.65063958683073e-10
44.29167,-105.75,8.91808282947338e-11
44.29167,-105.375,2.70053721919598e-10
44.29167,-103.875,4.24932598606903e-11
44.29167,-101.75,2.62114844888284e-11
44.29167,-101.4583,2.63868560423472e-11
44.29167,-100.75,3.46877282556101e-11
44.29167,-98.70833,4.72812701137604e-11
44.29167,-97.33333,1.26177463645466e-10
44.29167,-96.75,3.50680375204321e-10
44.29167,-96.29167,1.21541190239806e-10
44.29167,-94.625,2.97135400135641e-10
44.29167,-94.41667,3.60368416478323e-10
44.29167,-90.54167,2.46660954034758e-10
44.29167,-89.83333,2.97029531119238e-10
44.29167,-89.54167,3.61498639120895e-10
44.29167,-89.41667,3.39519044229294e-10
44.29167,-87.70833,5.01778059190442e-10
44.29167,-86,1.75827429793588e-10
44.29167,-85.58333,9.05125336600664e-10
44.29167,-84.625,1.96766979818081e-10
44.29167,-83.66667,2.37060224484744e-10
44.29167,-83.54167,2.0041779737949e-10
44.29167,-76.125,2.6553581891957e-10
44.29167,-73.91667,5.78616091776626e-10
44.29167,-73.83333,6.83363999888589e-11
44.29167,-69.95833,7.20677270937258e-10
44.29167,-69.66667,4.94728194508732e-10
44.29167,-69.29167,3.88976968969485e-10
44.29167,-68.20833,9.41985616421608e-09
44.25,-123.7083,4.4014476469116e-11
44.25,-122.75,3.03855866324275e-10
44.25,-121.5833,1.22245088583768e-09
44.25,-120.125,3.64098020369977e-10
44.25,-117.7917,5.12695679648269e-11
44.25,-117.5417,3.03205699571448e-10
44.25,-117.1667,1.01926602815397e-10
44.25,-116.625,1.92704940155303e-10
44.25,-116.5833,6.45832841984967e-11
44.25,-116.2917,9.30332453719445e-11
44.25,-116.1667,5.19491245574004e-11
44.25,-115.4583,2.79989244358887e-10
44.25,-114.3333,1.95370683311005e-10
44.25,-113.625,1.25963365972258e-11
44.25,-113.3333,1.73859745386978e-11
44.25,-112.9583,1.83007419651625e-11
44.25,-112.0833,2.57738365564172e-10
44.25,-110.875,4.6056692270171e-11
44.25,-108.375,1.45359767199196e-10
44.25,-105.9167,7.22776938012659e-11
44.25,-105.1667,7.10951943326813e-11
44.25,-104.9583,4.12247627719462e-11
44.25,-104.7083,3.7319234316167e-11
44.25,-104.6667,3.68566276118936e-11
44.25,-103.2917,2.19562943011466e-10
44.25,-102.75,4.57863060341299e-11
44.25,-102.4583,2.75525951200572e-11
44.25,-101.6667,2.54953205431036e-11
44.25,-101.5,2.60455196955311e-11
44.25,-101.125,5.07272356554232e-11
44.25,-100.625,3.70413986883335e-11
44.25,-99.79167,1.20457743309165e-10
44.25,-97.58333,7.61302975826806e-11
44.25,-97.45833,8.15595518165521e-11
44.25,-97.375,1.26062319335378e-10
44.25,-97.08333,2.07245549146006e-10
44.25,-94.20833,2.0240499627302e-10
44.25,-94.16667,2.1929173235143e-10
44.25,-93.08333,4.43262390245302e-10
44.25,-92.45833,5.11589939160214e-10
44.25,-91.83333,1.94383286916709e-10
44.25,-89.91667,1.47770762202618e-10
44.25,-89.16667,4.02212463040374e-10
44.25,-86.29167,1.099460736118e-09
44.25,-85.04167,6.31815153771653e-10
44.25,-84,1.02669745842652e-09
44.25,-75.875,5.65905789494378e-10
44.25,-75.79167,6.78500408916521e-10
44.25,-75.04167,1.2885142333028e-10
44.25,-74.79167,3.80312139857336e-11
44.25,-74.625,4.87042506021707e-11
44.25,-74.45833,2.18777906183608e-10
44.25,-73.75,6.95516090669497e-11
44.25,-73.70833,1.01255254179934e-10
44.25,-72.875,8.80279104489476e-10
44.25,-72.20833,2.41213629296903e-10
44.25,-71.25,2.5353426034404e-10
44.25,-71.04167,5.89323640608393e-10
44.25,-70.625,6.71353923426124e-10
44.25,-68.91667,8.88856791797095e-09
44.20833,-123.625,1.42615074771667e-10
44.20833,-122.7083,2.63029640441029e-09
44.20833,-122.4167,1.24681531035036e-10
44.20833,-121.5833,1.1621723935795e-09
44.20833,-121.2083,3.09198846992009e-09
44.20833,-120.875,3.16014457960915e-10
44.20833,-117.9167,4.84201141980089e-11
44.20833,-116.5,6.57435294136569e-11
44.20833,-116.25,9.50446649184156e-11
44.20833,-116.2083,1.12312784423171e-10
44.20833,-116.1667,6.52595484282575e-11
44.20833,-114.9583,3.85330024640369e-16
44.20833,-112.6667,2.46753099820076e-10
44.20833,-111,4.78971556733812e-11
44.20833,-110.9583,4.69412225912149e-11
44.20833,-108.125,1.38965425118894e-10
44.20833,-108,2.14162517855917e-11
44.20833,-107,2.96574920464875e-11
44.20833,-106,4.25367916458923e-11
44.20833,-103.7083,5.12769447027254e-11
44.20833,-103.0417,1.03140264423757e-10
44.20833,-100.125,5.24127180893323e-11
44.20833,-99.70833,1.12585286351908e-10
44.20833,-99.625,8.94781010577235e-11
44.20833,-96.25,1.23329319660426e-10
44.20833,-95.625,3.61611572890864e-10
44.20833,-94,1.05734969192257e-09
44.20833,-93.41667,3.75803419715527e-10
44.20833,-91.79167,2.29133249145249e-10
44.20833,-91.58333,3.32490666391794e-10
44.20833,-91.29167,2.85182851049335e-10
44.20833,-91.125,2.58407711604453e-10
44.20833,-89.375,2.88551573783805e-10
44.20833,-89.29167,4.14881504305349e-10
44.20833,-89.125,5.02634870148691e-10
44.20833,-88.75,9.49098823374516e-10
44.20833,-88.54167,1.05694293205964e-09
44.20833,-87.95833,4.25416932105189e-10
44.20833,-85.66667,1.79634060176341e-10
44.20833,-85.33333,5.08937418488438e-10
44.20833,-83.58333,2.16515792425623e-10
44.20833,-74.91667,1.21969043609239e-10
44.20833,-74.83333,3.89023242276061e-11
44.20833,-74.58333,4.82133416389262e-11
44.20833,-74.54167,4.92013181975562e-11
44.20833,-73.66667,1.88467043923221e-10
44.20833,-72.625,1.06473811146759e-09
44.20833,-71.66667,4.82290029032301e-10
44.20833,-71.58333,4.92559158352534e-10
44.20833,-71.25,3.54308830393673e-10
44.20833,-70.75,3.90652709308588e-10
44.20833,-70.625,6.7377452504096e-10
44.20833,-69.95833,7.96016142828642e-10
44.16667,-122.125,8.698799731332e-11
44.16667,-121.0833,2.68713883170469e-09
44.16667,-120.8333,1.76091453526461e-10
44.16667,-119.2917,2.24768091978723e-10
44.16667,-118.7917,2.11219084007066e-10
44.16667,-116.375,1.1404929252265e-10
44.16667,-116.25,8.31636437824891e-11
44.16667,-115.9583,4.53445411070938e-11
44.16667,-115.5,5.30433063545117e-11
44.16667,-114.625,2.11352601782685e-10
44.16667,-114.5833,2.08884345536204e-10
44.16667,-113.6667,1.31461005672707e-11
44.16667,-113.0417,7.22956390410279e-11
44.16667,-111.375,5.09338200889432e-11
44.16667,-111.25,5.00304140999394e-11
44.16667,-110.2083,3.47633649300949e-11
44.16667,-110,3.53672034676757e-11
44.16667,-109.0833,2.58118873631105e-11
44.16667,-108.2917,1.39907460154126e-10
44.16667,-108.0833,1.37665275409068e-10
44.16667,-107.1667,1.56136982338563e-10
44.16667,-107.0833,2.87759767280887e-11
44.16667,-104.0833,2.89975546371758e-11
44.16667,-103,1.07337758838134e-10
44.16667,-102.375,2.62889594533739e-11
44.16667,-100.625,3.73524313675625e-11
44.16667,-100.2083,4.72402036319024e-11
44.16667,-97.875,6.5947504777133e-11
44.16667,-97.54167,5.88042799576689e-11
44.16667,-97.16667,1.05037143210212e-10
44.16667,-96.625,2.09840651463845e-10
44.16667,-96.04167,1.05022925532393e-10
44.16667,-94.79167,2.01346650004617e-10
44.16667,-93.04167,4.29504681425047e-10
44.16667,-91.875,4.24168213875673e-10
44.16667,-90.66667,3.98291183074034e-10
44.16667,-90.33333,3.8196895815201e-10
44.16667,-89.58333,4.18359997663355e-10
44.16667,-87.625,1.82349279384517e-09
44.16667,-86.375,4.33907788630734e-10
44.16667,-85.45833,2.72928804958291e-10
44.16667,-74.70833,2.9320531080961e-11
44.16667,-73.66667,1.03920505241992e-10
44.16667,-69.625,3.33463483733315e-10
44.125,-122.375,1.68954839803841e-10
44.125,-121.5,1.46813936849891e-09
44.125,-121.4167,4.44529954965149e-09
44.125,-119.7083,4.86025549402207e-11
44.125,-118.6667,2.08763643837341e-10
44.125,-118.3333,2.19803374816545e-10
44.125,-117.4167,1.30835402793067e-10
44.125,-115.5,5.49605994805469e-11
44.125,-115.25,4.64400948185696e-11
44.125,-112.7917,2.12372470071601e-11
44.125,-112.3333,2.85322084668312e-10
44.125,-111.875,3.128630178732e-10
44.125,-110.8333,7.97518771428824e-11
44.125,-109.7083,3.41145699256162e-11
44.125,-109.625,3.38707946871808e-11
44.125,-109.5833,3.37593262757394e-11
44.125,-109.4583,2.63421905137815e-11
44.125,-109.2917,1.62478087123652e-10
44.125,-109.1667,1.60247599744593e-10
44.125,-109.125,2.54889473853784e-11
44.125,-109.0833,2.53162166607239e-11
44.125,-108.3333,1.3931654542962e-10
44.125,-108.1667,1.37452303762417e-10
44.125,-108.0833,1.36711725023925e-10
44.125,-107.2917,2.04834497704285e-11
44.125,-106.9167,2.86865248834282e-11
44.125,-105.7083,4.96271677182943e-11
44.125,-105.5417,1.28045299486657e-10
44.125,-101.75,2.61219189369313e-11
44.125,-101.375,4.64948719751559e-11
44.125,-100.8333,5.41401879994739e-11
44.125,-98.83333,3.05152140285687e-11
44.125,-95.04167,1.80748480971941e-10
44.125,-94.5,1.86426655446467e-10
44.125,-94.375,1.81127187779245e-10
44.125,-93.83333,1.13612769848365e-09
44.125,-93.33333,5.51265666706553e-10
44.125,-92.5,2.00949396339398e-09
44.125,-92.125,1.15433269990345e-09
44.125,-91.20833,3.6851627234171e-10
44.125,-91.125,3.69457186798847e-10
44.125,-90.41667,4.29716206693781e-10
44.125,-90.33333,3.99317972581212e-10
44.125,-87.70833,1.08157125670973e-09
44.125,-84.83333,2.61970638446981e-10
44.125,-76.33333,4.81654900607982e-09
44.125,-75.54167,4.71076079337883e-09
44.125,-75,2.1358432496571e-10
44.125,-74.66667,2.91153904743903e-11
44.125,-74.25,9.65276948373051e-10
44.125,-73.70833,6.2495495669557e-11
44.125,-69.58333,3.84973598342408e-10
44.08333,-123.875,5.76241332526057e-11
44.08333,-123.4167,8.22399348666797e-10
44.08333,-122.4583,2.00567258977772e-10
44.08333,-118.75,2.1136088350924e-10
44.08333,-118.5,2.10728246795338e-10
44.08333,-118.4167,2.13041821781703e-10
44.08333,-117.5833,5.18305138962325e-11
44.08333,-115.3333,5.05101902624747e-11
44.08333,-112.4167,3.0065422771165e-10
44.08333,-111.75,3.52320706308528e-10
44.08333,-111.7083,3.56022726470197e-10
44.08333,-111.5833,5.98866028823858e-11
44.08333,-111.25,9.60946245067151e-11
44.08333,-110.2083,3.87027660222037e-11
44.08333,-109.7083,3.39290896888196e-11
44.08333,-108.6667,1.45225276181726e-10
44.08333,-107.5,1.9562383041647e-11
44.08333,-106.6667,2.82736478832212e-11
44.08333,-105.1667,2.27167664238989e-10
44.08333,-103.8333,7.59082567552886e-11
44.08333,-103.25,7.1093538163483e-09
44.08333,-101.2083,4.7695031391275e-11
44.08333,-101,5.03604596011701e-11
44.08333,-99.16667,6.53248426902746e-11
44.08333,-98.91667,3.10729218323591e-11
44.08333,-97.54167,6.36516008574612e-11
44.08333,-97.33333,9.82052841875974e-11
44.08333,-96.79167,2.44294577638762e-10
44.08333,-95.58333,1.25827066804361e-10
44.08333,-95.375,1.19601452241137e-10
44.08333,-94.375,1.79918310856508e-10
44.08333,-93.54167,2.81610722653895e-10
44.08333,-93.375,3.77610438520446e-10
44.08333,-90.95833,3.85016350863482e-10
44.08333,-90,1.78730402049402e-10
44.08333,-88.375,8.20984562268974e-10
44.08333,-88.125,8.61735596438445e-10
44.08333,-84.58333,5.66983355951268e-10
44.08333,-75.25,1.90061393094474e-10
44.08333,-73.625,6.09532540109359e-10
44.08333,-72.91667,3.0175576555971e-10
44.08333,-72.54167,6.59578559241697e-10
44.08333,-72.41667,6.84767427804647e-10
44.08333,-71.91667,7.05005383549714e-10
44.08333,-71.5,1.93913694564501e-10
44.08333,-70.125,2.52917122216482e-09
44.08333,-70.04167,1.51456186329621e-09
44.08333,-68.95833,4.42037258694945e-08
44.04167,-121.4167,2.03881849229794e-09
44.04167,-119.4583,2.72268369376047e-11
44.04167,-119.4167,2.68810986591333e-11
44.04167,-119.0833,2.21191508947628e-10
44.04167,-118.25,2.17425139163132e-10
44.04167,-118.1667,2.56312583987931e-10
44.04167,-117.7083,2.9662298504475e-10
44.04167,-116.5833,8.47156471672215e-10
44.04167,-116.5,2.22152611155617e-10
44.04167,-116.0417,8.03493118541651e-11
44.04167,-115.7083,4.70014026380109e-11
44.04167,-115.375,5.36663351524581e-11
44.04167,-114.8333,4.03261962055283e-16
44.04167,-113.875,3.47749548222258e-11
44.04167,-111.375,1.05061378223862e-10
44.04167,-109.8333,3.42954819587069e-11
44.04167,-109.4583,2.58013465262942e-11
44.04167,-108.2083,1.71521429492291e-11
44.04167,-106.2917,1.68245047001e-10
44.04167,-106.2083,1.74476713717118e-10
44.04167,-105.2083,2.23656948739255e-10
44.04167,-103.5,1.91517627398719e-10
44.04167,-100.875,3.14317033634958e-11
44.04167,-100.0417,4.08308869756849e-11
44.04167,-98.29167,1.17919385353745e-10
44.04167,-97.45833,1.16627490964776e-10
44.04167,-96.58333,3.68212177289053e-10
44.04167,-96.41667,1.1082821331776e-10
44.04167,-94.875,1.79434820880584e-10
44.04167,-92.5,1.25599634370394e-08
44.04167,-91.625,5.27869190450359e-09
44.04167,-90.95833,4.70965786533309e-10
44.04167,-88.95833,3.49803714477927e-10
44.04167,-88.08333,5.47583703701472e-10
44.04167,-86.375,3.44262434965958e-10
44.04167,-86.25,2.53354500048261e-10
44.04167,-85.25,2.59457915456201e-10
44.04167,-84.91667,2.41095316904019e-10
44.04167,-84.375,4.624690901411e-10
44.04167,-76.125,3.70691979437655e-10
44.04167,-75.58333,6.88663742750662e-10
44.04167,-72.875,1.48494143747608e-10
44.04167,-72.79167,5.0063886969584e-10
44.04167,-72.25,2.75834559118461e-10
44.04167,-72.16667,4.56754732130701e-10
44.04167,-71.45833,2.00937629689136e-10
44.04167,-69.66667,3.2831968007002e-10
44,-123.5833,1.73875974372256e-09
44,-122.5,2.21282898493712e-10
44,-121.0417,1.85618491567867e-09
44,-120.5,6.61360099161245e-11
44,-119.625,2.8912380504732e-11
44,-119.25,2.33774490877086e-10
44,-118.3333,3.1583655129039e-11
44,-118.0833,2.61196724794757e-10
44,-116.4583,1.45965380203035e-10
44,-115.1667,1.05620212070959e-10
44,-114.3333,1.36802427694214e-11
44,-114.25,1.37265545070305e-11
44,-112.625,4.50056578262802e-11
44,-111.3333,1.04696815628158e-10
44,-110.2917,4.1646425773119e-11
44,-109.9583,3.62356901159922e-11
44,-109.75,3.37216073028645e-11
44,-109,2.37028554343282e-11
44,-108.75,1.79547526641782e-11
44,-107.125,2.67941675007972e-11
44,-105.7083,4.41038099466385e-11
44,-105.2917,4.57309661027693e-11
44,-105.25,2.19147218432558e-10
44,-105.125,6.02137335613252e-11
44,-104.375,1.86927306112995e-10
44,-103.3333,1.18154563554694e-09
44,-103.125,1.06499080436812e-09
44,-101.875,2.72843934672769e-11
44,-100.3333,5.71241516453535e-11
44,-100.125,6.06537919658115e-11
44,-99.29167,5.15521068820793e-11
44,-98.66667,3.24528173732517e-11
44,-97.83333,1.36516982928746e-10
44,-96.95833,2.78979047353951e-10
44,-94.875,2.0281396786659e-10
44,-94.25,3.73984758756605e-10
44,-93.45833,1.8477269625145e-10
44,-92.91667,4.26193141839872e-10
44,-92.875,5.52471809493956e-10
44,-92.66667,4.08513574516681e-09
44,-92.375,4.50609706679102e-09
44,-92.16667,7.81997275028629e-10
44,-90.04167,5.03323457836925e-10
44,-89.58333,2.08777575464679e-10
44,-89.29167,2.94370462046194e-10
44,-86.25,2.41066424628595e-10
44,-85.41667,3.1436412716752e-10
44,-84.79167,1.35942986276612e-09
44,-76,1.62386465755145e-09
44,-75.95833,5.53203488831729e-10
44,-73.79167,5.64900828035972e-11
44,-73.375,4.08057052678047e-10
44,-72.54167,3.78347089576235e-10
43.95833,-123.2083,8.76325575142099e-10
43.95833,-122.0833,8.19338893646399e-11
43.95833,-119.7083,2.6893010512465e-10
43.95833,-119.6667,2.65404725238852e-10
43.95833,-118.1667,2.49682969044307e-10
43.95833,-117.0417,1.00441136604473e-09
43.95833,-116.5417,1.46946099512095e-10
43.95833,-116.2083,1.47371835508813e-10
43.95833,-115.3333,3.16689278609682e-10
43.95833,-115.2083,1.09900096490488e-10
43.95833,-114.5,1.4317649090097e-11
43.95833,-112.8333,9.20514319610792e-11
43.95833,-109.625,3.28889048890201e-11
43.95833,-108.7083,1.84147755615974e-11
43.95833,-108.2083,1.68641633578719e-11
43.95833,-108.1667,1.68285250216076e-11
43.95833,-106.5833,2.72654646410501e-11
43.95833,-105,2.03395910649843e-10
43.95833,-102.5417,2.95805926885125e-11
43.95833,-102.0417,3.77840957560838e-11
43.95833,-100.4167,3.11353189784495e-11
43.95833,-100.3333,5.50800925850549e-11
43.95833,-98.16667,1.4455712145036e-10
43.95833,-97.54167,7.00781651610303e-11
43.95833,-96,1.25672918698286e-10
43.95833,-95.45833,1.20740653760767e-10
43.95833,-94.75,8.86372883810964e-11
43.95833,-94.5,1.04758699849866e-10
43.95833,-94.125,1.78338993126683e-10
43.95833,-93.375,3.19766750265778e-10
43.95833,-93.25,6.07473646617899e-10
43.95833,-93.04167,4.71428959985691e-10
43.95833,-91.91667,4.01188655070623e-10
43.95833,-91.08333,1.3116720280671e-09
43.95833,-90.25,5.70303885855106e-10
43.95833,-89.125,2.46477378969507e-10
43.95833,-86.08333,2.01442924089929e-10
43.95833,-85.20833,3.30510336318382e-10
43.95833,-84.375,5.24630647861971e-10
43.95833,-83.875,6.15769140298488e-10
43.95833,-74.95833,7.80418009934879e-11
43.95833,-74.83333,4.42713110483471e-11
43.95833,-74.45833,2.85216418333605e-11
43.95833,-72,2.91480734934941e-10
43.95833,-71.625,2.07268507726116e-10
43.95833,-71.25,6.21034053708491e-10
43.95833,-69.33333,1.18498643586212e-08
43.91667,-123.6667,8.26251066843272e-10
43.91667,-118.3333,3.14166863369901e-11
43.91667,-117.9583,2.84716236749758e-10
43.91667,-117.25,9.26749556106689e-11
43.91667,-114.7917,6.63343265358685e-11
43.91667,-114.375,3.68720674216653e-11
43.91667,-113.2917,8.39114950860885e-11
43.91667,-108.4583,1.69447383348747e-11
43.91667,-107.7917,1.32074116073926e-10
43.91667,-106.9583,2.59663851680937e-11
43.91667,-106.7917,2.68314899052765e-11
43.91667,-106.7083,2.62914689318044e-11
43.91667,-104.375,2.53194544822156e-11
43.91667,-104.0833,2.95836906505625e-11
43.91667,-103.2083,2.38990125414886e-10
43.91667,-100.0417,5.67884962118152e-11
43.91667,-100,5.69634494008738e-11
43.91667,-99.75,6.06915247076867e-11
43.91667,-98.95833,7.23564158512437e-11
43.91667,-98.16667,8.77135233926988e-11
43.91667,-97.25,1.23671928746783e-10
43.91667,-97,4.4578531520823e-10
43.91667,-94.125,1.54979261700226e-10
43.91667,-92.54167,4.75007655556238e-09
43.91667,-92.20833,8.49565305733313e-10
43.91667,-91.95833,4.22656495403711e-10
43.91667,-89.5,4.03289524864108e-10
43.91667,-89.16667,3.90969386897948e-10
43.91667,-89.04167,2.76497198078983e-10
43.91667,-88.45833,7.83814035871178e-10
43.91667,-87.875,8.46124398613964e-10
43.91667,-85.79167,1.82944466575591e-10
43.91667,-85.375,3.59209834358009e-10
43.91667,-84.20833,5.21457412479838e-10
43.91667,-83.41667,2.26137317452115e-09
43.91667,-82.875,5.24968301411381e-10
43.91667,-74.91667,7.68878760402902e-11
43.91667,-72.54167,8.77568578887046e-10
43.91667,-70.625,5.45689369483822e-10
43.91667,-69.79167,1.01876930462044e-09
43.875,-122.875,2.80649076244612e-09
43.875,-116.8333,4.53128966217924e-10
43.875,-116.6667,4.73549905623974e-10
43.875,-114.875,6.93125817554153e-11
43.875,-114.375,6.25394388066895e-11
43.875,-113.7083,3.86187570708954e-11
43.875,-111.5833,1.45372877087177e-10
43.875,-111.375,2.12447848068857e-10
43.875,-111.0833,2.34988551574811e-10
43.875,-110.0417,2.29021792043464e-11
43.875,-109.2917,2.40900904059919e-11
43.875,-107.5417,1.33561319576581e-10
43.875,-106.75,2.59829466963023e-11
43.875,-106.2917,1.64161908648262e-10
43.875,-105.5,4.18140757757197e-11
43.875,-104.2083,1.53733277179548e-10
43.875,-102.7083,2.2314450146723e-11
43.875,-102.5417,9.68064755924083e-11
43.875,-101.7917,2.5745987745232e-11
43.875,-101.5,2.54713483825637e-11
43.875,-101.0833,2.73229457726702e-11
43.875,-100.2917,5.22412231838365e-11
43.875,-96.83333,2.18879137565593e-10
43.875,-96.79167,3.24602348181216e-10
43.875,-95.45833,1.19630827784831e-10
43.875,-93.125,5.94134241838172e-10
43.875,-93,4.60954748782867e-10
43.875,-92.625,9.16935087136118e-10
43.875,-90.79167,3.98493559580967e-10
43.875,-90.25,3.06659932607423e-10
43.875,-88.91667,4.98162633726221e-10
43.875,-88.54167,5.68371300971617e-10
43.875,-86.29167,2.23176916065947e-10
43.875,-83.25,2.8331582720352e-10
43.875,-82.79167,2.65249176121581e-10
43.875,-75.20833,1.67816359592851e-10
43.875,-74.83333,9.49923853955129e-11
43.875,-74.04167,5.99507661841329e-11
43.875,-73.5,7.76704551625593e-10
43.875,-72.95833,6.03208438910492e-10
43.875,-72.08333,1.95892237832639e-10
43.83333,-122.5833,1.2667940216088e-09
43.83333,-117.2917,8.16079445585936e-11
43.83333,-116.7917,3.44044081733794e-10
43.83333,-116.2083,1.95198570032314e-10
43.83333,-115.5417,2.19453784137788e-10
43.83333,-111.6667,1.9986764219016e-10
43.83333,-110.5,5.16895717481322e-11
43.83333,-110,2.25454780942519e-11
43.83333,-109.5833,1.88416460167864e-11
43.83333,-109.0417,1.87743910464076e-11
43.83333,-108.625,1.75110484375553e-11
43.83333,-108.5,1.74819338143506e-11
43.83333,-107.7083,1.32719161272911e-10
43.83333,-106.4167,2.78335380141522e-11
43.83333,-105.2917,4.09537232788026e-11
43.83333,-104.1667,6.72832119025829e-11
43.83333,-103.5417,1.35638355625834e-10
43.83333,-102.8333,6.64860738463944e-11
43.83333,-102.7917,6.39990400549511e-11
43.83333,-102.125,2.91043531322721e-11
43.83333,-101.4167,2.54190265104416e-11
43.83333,-99.75,2.97356616146053e-11
43.83333,-99.16667,6.07852700112243e-11
43.83333,-97.79167,1.21056332855444e-10
43.83333,-96.66667,3.57269107493973e-10
43.83333,-93.66667,1.56946468822582e-10
43.83333,-93.58333,1.82157354583543e-10
43.83333,-93.41667,2.82904118342346e-10
43.83333,-91.04167,7.62795434071468e-10
43.83333,-90.95833,4.45573443555043e-10
43.83333,-90.5,5.27300334988043e-10
43.83333,-89.95833,4.80052266367848e-10
43.83333,-89.5,4.88154608920887e-10
43.83333,-89.45833,5.17972154401682e-10
43.83333,-88.875,1.19469921369304e-09
43.83333,-83.16667,3.15472092989449e-10
43.83333,-75.83333,4.44276265683584e-10
43.83333,-75.58333,3.8530656729658e-10
43.83333,-73.79167,1.56882531724552e-10
43.83333,-72.95833,5.97909485256399e-10
43.83333,-72.54167,4.12915795714492e-10
43.83333,-72.29167,7.92246714228999e-10
43.83333,-71.875,3.53551092995067e-10
43.83333,-71.66667,4.12002706051732e-10
43.83333,-70.75,1.49571538642403e-09
43.83333,-70.5,4.89149672029907e-09
43.79167,-123.3333,2.78304979283371e-10
43.79167,-122.875,1.05315259913517e-10
43.79167,-122.625,6.40794435413229e-10
43.79167,-115.9167,4.20812674547321e-10
43.79167,-115.5417,1.64091858722389e-10
43.79167,-114.7917,3.43127993093991e-11
43.79167,-113.7083,3.9833819161192e-11
43.79167,-110.7917,9.51038284504518e-19
43.79167,-106.9167,2.5388292954932e-11
43.79167,-104.3333,2.55585367550204e-11
43.79167,-103.125,7.40787409802355e-11
43.79167,-102.75,5.90328537362985e-11
43.79167,-100.5,3.1224132506708e-11
43.79167,-98.20833,1.57952582115596e-10
43.79167,-97.16667,2.45551734042599e-10
43.79167,-97,3.45095396084237e-10
43.79167,-96.875,3.72160285608683e-10
43.79167,-96.33333,1.32340909375058e-10
43.79167,-96.125,1.0590311060476e-10
43.79167,-96.04167,1.65208310316713e-10
43.79167,-93.33333,3.90126687104178e-10
43.79167,-91.95833,3.16461632570503e-10
43.79167,-91.33333,7.79069655915367e-10
43.79167,-91.29167,1.73300497324608e-09
43.79167,-91.04167,6.82789991541308e-10
43.79167,-89.83333,3.62995090269954e-10
43.79167,-88.5,2.58338899895167e-09
43.79167,-85.79167,2.195364977165e-10
43.79167,-82.66667,2.79310992427409e-10
43.79167,-74.5,2.29433262837448e-10
43.79167,-73.29167,4.04013731691028e-10
43.79167,-71.79167,9.53525096434159e-10
43.79167,-70.83333,3.75348846936301e-10
43.79167,-70.45833,5.18800319941596e-09
43.79167,-69.66667,1.82676677896123e-09
43.79167,-68.875,1.09357767139413e-09
43.75,-123.5833,7.14418209791665e-10
43.75,-123.5,7.69315112579254e-10
43.75,-122.0833,4.84074610606373e-10
43.75,-121.7917,8.64395870749498e-10
43.75,-119.9167,3.51883427710295e-11
43.75,-118.5417,3.12055547799486e-11
43.75,-114.2917,2.3925376820488e-10
43.75,-114.2083,1.94317933279734e-10
43.75,-113.3333,5.43775513499499e-11
43.75,-112.7917,3.4266981633642e-10
43.75,-109.5417,1.8361864224023e-11
43.75,-109.5,1.82160238499093e-11
43.75,-109.25,1.44511960440206e-10
43.75,-109.2083,1.8979798315949e-11
43.75,-108.9583,1.36071608335946e-10
43.75,-108.25,1.78971377561701e-11
43.75,-106.9167,2.58580374911097e-11
43.75,-106.5,2.77423633904681e-11
43.75,-105.4583,3.94233437644466e-11
43.75,-105,1.86756645826679e-10
43.75,-104.6667,2.46653440197419e-11
43.75,-104.5,2.43359127981897e-11
43.75,-103.4167,4.79279555344764e-11
43.75,-101.2083,2.55944299427004e-11
43.75,-100.7083,2.89446989766542e-11
43.75,-99.75,2.92610998891783e-11
43.75,-96.08333,1.53178663968945e-10
43.75,-95.875,1.55355099500896e-10
43.75,-95.125,1.1514114809931e-10
43.75,-94.79167,1.62802941103575e-10
43.75,-94.33333,1.18080144492744e-10
43.75,-93.33333,4.74849568648896e-10
43.75,-92.45833,9.55303666985133e-10
43.75,-91.66667,2.15767009129646e-10
43.75,-89.66667,6.64205006375787e-10
43.75,-88.91667,3.97348047401893e-10
43.75,-88.875,3.34909877628884e-10
43.75,-84.95833,3.31763730775824e-10
43.75,-84.91667,4.15867321316594e-10
43.75,-84.54167,6.22231294598305e-10
43.75,-84.375,4.03264395812112e-10
43.75,-76.04167,5.97996695818764e-10
43.75,-75.125,2.39442570331926e-10
43.75,-74.75,7.04623136276903e-11
43.75,-74.41667,7.85407050276556e-11
43.75,-73.91667,3.08430832154417e-10
43.75,-73.70833,2.0585346841003e-10
43.75,-73.58333,1.6120560964516e-10
43.75,-70.20833,8.9883814365326e-09
43.75,-69.625,5.93832351602098e-09
43.70833,-123.3333,3.23842805279905e-10
43.70833,-123.1667,1.39940244727955e-10
43.70833,-122.0417,4.85314216942936e-10
43.70833,-122,5.00327081275798e-10
43.70833,-121.8333,7.95667933711744e-10
43.70833,-120.7083,4.29614295566231e-10
43.70833,-119.2083,6.31529368486194e-11
43.70833,-119.0417,6.19041549340949e-11
43.70833,-118.875,5.55480180552672e-11
43.70833,-115.4167,4.93308118869074e-11
43.70833,-114.5,7.17794326163524e-11
43.70833,-113.0417,1.13417571880069e-10
43.70833,-112.2083,7.22788698574853e-11
43.70833,-111.625,8.66373292041685e-10
43.70833,-110.7083,1.00254432933611e-18
43.70833,-109.9167,2.17548803332939e-11
43.70833,-109.7917,2.04201269430428e-11
43.70833,-109.7083,1.9637477277309e-11
43.70833,-109.2917,1.73208148933973e-11
43.70833,-107.5,1.32913356058515e-10
43.70833,-104.5833,2.42410860734413e-11
43.70833,-104.0833,2.83867680762018e-11
43.70833,-103.2083,5.99714514238759e-11
43.70833,-103.0833,5.91367411932374e-11
43.70833,-101.75,2.58258592110262e-11
43.70833,-101.7083,2.54309134801522e-11
43.70833,-100.1667,4.81874969710674e-11
43.70833,-97.91667,2.0897098333295e-10
43.70833,-95.45833,1.24082919238121e-10
43.70833,-94.08333,1.5636525258067e-10
43.70833,-93.91667,1.56052651826642e-10
43.70833,-93.83333,1.06647751363574e-10
43.70833,-91,4.83110148052725e-10
43.70833,-90.29167,6.31887750904146e-10
43.70833,-90.04167,3.84843214254022e-10
43.70833,-88.33333,5.74070871450948e-10
43.70833,-88.04167,7.66703740991888e-10
43.70833,-87.95833,2.29499280688445e-09
43.70833,-87.70833,5.4031023272862e-09
43.70833,-86.5,2.85561630536942e-10
43.70833,-85.58333,4.3274374012747e-10
43.70833,-84.33333,8.7836427052345e-10
43.70833,-83.16667,5.93759795969474e-10
43.70833,-75.54167,2.0545771907104e-10
43.70833,-74.16667,1.51584683348197e-10
43.70833,-74.08333,1.81688941650891e-10
43.70833,-73.875,3.51335909301605e-10
43.70833,-71.83333,8.55539713512591e-10
43.70833,-70.125,1.39376520236588e-08
43.66667,-123.9167,1.19038171091763e-10
43.66667,-120.5833,3.75596950079417e-10
43.66667,-120.5,3.55896781670716e-10
43.66667,-119.6667,1.29476115663528e-11
43.66667,-119.625,1.29113230573845e-11
43.66667,-119.0417,6.62214397672386e-11
43.66667,-117.2083,8.1482693212742e-11
43.66667,-117.125,8.57437440996244e-11
43.66667,-116.125,3.35588670525732e-09
43.66667,-113.9583,1.78849851528903e-10
43.66667,-113.875,5.91945081890335e-11
43.66667,-112.25,7.51472663286874e-11
43.66667,-109.9583,2.22493225843784e-11
43.66667,-109.4583,1.77203654722897e-11
43.66667,-109.0833,1.39901516285512e-10
43.66667,-107.8333,1.79346694029351e-11
43.66667,-107.6667,1.34044789844932e-10
43.66667,-107.0833,1.45750096368306e-10
43.66667,-106.4167,1.66055248539567e-10
43.66667,-106.1667,1.68548855948782e-10
43.66667,-103.5417,4.08966858933226e-11
43.66667,-103.0833,5.56816760537181e-11
43.66667,-101.1667,2.5424273327876e-11
43.66667,-100.5833,2.7343280718677e-11
43.66667,-100.2083,2.69657150766888e-11
43.66667,-97.625,8.65905136689491e-11
43.66667,-97.41667,1.07187019143796e-10
43.66667,-96.33333,1.87111876845874e-10
43.66667,-95.5,1.3139835239002e-10
43.66667,-94.375,1.29549637196461e-10
43.66667,-94.25,1.04087646729845e-10
43.66667,-93.45833,4.44560427197545e-10
43.66667,-92.83333,4.280449416812e-10
43.66667,-92.5,6.00982091581596e-10
43.66667,-92,2.80924615813688e-10
43.66667,-91.375,2.31698156449247e-10
43.66667,-89.41667,6.69214428143462e-10
43.66667,-88.54167,4.04429448643953e-10
43.66667,-88,8.85930317199982e-10
43.66667,-86.375,4.25213217079841e-10
43.66667,-85.95833,5.06109301140288e-10
43.66667,-84.375,6.15382610573596e-10
43.66667,-84.29167,4.89418161862601e-09
43.66667,-84.20833,6.31047841058004e-09
43.66667,-75.375,5.04955025757655e-10
43.66667,-73.75,2.37129080137367e-10
43.66667,-73.66667,2.89510336695845e-10
43.66667,-73.29167,7.10452922524065e-10
43.66667,-72.70833,2.89193459195315e-10
43.66667,-72.16667,1.74154115141011e-09
43.66667,-72.08333,4.68390317802273e-10
43.66667,-71.70833,8.42324540620608e-10
43.66667,-70.91667,4.3897478794052e-10
43.66667,-70.79167,7.49341984575033e-10
43.625,-124.1667,4.32394091189727e-10
43.625,-122.8333,5.58304571611431e-10
43.625,-121.1667,4.94641642810056e-10
43.625,-121.0417,4.72899866593021e-10
43.625,-115.3333,4.6534045131555e-11
43.625,-114.7083,3.66349335872119e-11
43.625,-110.8333,1.16787595161251e-18
43.625,-110.7917,1.24034870212793e-18
43.625,-110.5,2.8538318215774e-10
43.625,-110.2083,2.16562750653059e-10
43.625,-109.5833,1.85390960947246e-11
43.625,-108.0833,1.83003404528089e-11
43.625,-106.4583,1.70036908116148e-10
43.625,-105.9167,1.74163425418939e-10
43.625,-102.7917,8.14902491754885e-11
43.625,-100.75,2.63034298397856e-11
43.625,-99.58333,7.70874162039974e-11
43.625,-99.5,3.51199339265579e-11
43.625,-99.20833,5.21977214641685e-11
43.625,-99.04167,4.23328390854117e-11
43.625,-97.5,1.77194698612189e-10
43.625,-96.66667,4.29555282593786e-09
43.625,-96.54167,2.13752044331703e-09
43.625,-92.33333,5.76132882820553e-10
43.625,-90.25,9.21693770828604e-10
43.625,-90.04167,3.38542394306951e-10
43.625,-89.5,4.88392448161027e-10
43.625,-87.70833,5.44381734842677e-09
43.625,-84.125,2.2724170982431e-09
43.625,-83.20833,8.90680352166878e-10
43.625,-82.875,3.72732627351378e-10
43.625,-75.125,9.57346860191481e-10
43.625,-72.16667,1.12118167004202e-09
43.625,-70.75,8.2937710691029e-10
43.625,-70.58333,1.83599970576669e-09
43.58333,-124.25,6.23935449334389e-09
43.58333,-120.2083,2.80402287466052e-10
43.58333,-119.4583,1.28054074968578e-11
43.58333,-118.9583,6.32690166846366e-11
43.58333,-118.3333,2.11785532858342e-10
43.58333,-116.6667,1.35719539627525e-09
43.58333,-114.9167,3.8110743884235e-11
43.58333,-114.625,7.86371963432239e-11
43.58333,-114.125,2.05951368719804e-10
43.58333,-110.7917,2.88243038073874e-10
43.58333,-109.375,1.75201119725838e-11
43.58333,-109.25,1.43868414080281e-10
43.58333,-108.9583,1.40122192345889e-10
43.58333,-107.7083,1.37143325672335e-10
43.58333,-107.625,1.36772085052814e-10
43.58333,-107.4167,1.89658218984156e-11
43.58333,-106.1667,1.43954634065112e-10
43.58333,-105.25,2.46343561138965e-11
43.58333,-105.0833,1.79209880369914e-10
43.58333,-104.0833,2.73171748634338e-11
43.58333,-103.8333,5.19011796905962e-11
43.58333,-100.625,2.65820628010575e-11
43.58333,-99.91667,4.74613319093002e-11
43.58333,-99.58333,7.53537224285459e-11
43.58333,-98.91667,3.99837138601061e-11
43.58333,-97.875,1.24771660107036e-10
43.58333,-95.375,1.33382462630333e-10
43.58333,-94.25,1.05590731653172e-10
43.58333,-93.08333,5.85712976405858e-10
43.58333,-90.5,2.24999576127295e-10
43.58333,-88.83333,6.04600082150817e-10
43.58333,-88.125,7.7743736069291e-10
43.58333,-88,1.08496206409346e-09
43.58333,-84.20833,1.34787439013302e-09
43.58333,-83.95833,1.30298665023434e-09
43.58333,-75.91667,8.78866362236989e-11
43.58333,-75.45833,9.63816059439133e-10
43.58333,-75,1.16327003025862e-10
43.58333,-74.33333,1.85509651981081e-10
43.58333,-73.625,4.77394775110998e-10
43.58333,-70.33333,7.46323810678397e-09
43.54167,-124.2083,1.36091522670721e-09
43.54167,-124,2.13252178237454e-09
43.54167,-122.4167,5.12051278763476e-10
43.54167,-122.0417,2.039252053801e-10
43.54167,-120.9583,3.96531191876436e-10
43.54167,-120.75,3.55156038851083e-10
43.54167,-120.6667,3.3883145090627e-10
43.54167,-120.2083,2.73398997700083e-10
43.54167,-120.125,2.68509479878045e-10
43.54167,-119.7917,2.54236104378638e-10
43.54167,-117.1667,3.51564099285108e-11
43.54167,-115.9583,6.65534891956388e-10
43.54167,-112.625,6.35962836303387e-11
43.54167,-111.625,7.72045152047519e-11
43.54167,-111.3333,3.64055925200505e-11
43.54167,-110.5417,2.95664193977336e-10
43.54167,-110.2083,1.72308941664034e-19
43.54167,-110.0417,1.94022140872156e-10
43.54167,-109.375,1.76321205090957e-11
43.54167,-109,1.41751579302485e-10
43.54167,-107.875,1.85333674156977e-11
43.54167,-107.6667,1.38669289246117e-10
43.54167,-107.0833,1.54977398280964e-10
43.54167,-107.0417,1.56969812709958e-10
43.54167,-106.0417,1.48034177942508e-10
43.54167,-102.6667,7.22325564587349e-11
43.54167,-100.2917,2.0885378312776e-11
43.54167,-99.04167,4.36672721589828e-11
43.54167,-98.91667,4.34049327790993e-11
43.54167,-97.875,1.64807176762953e-10
43.54167,-94.625,1.68740838167093e-10
43.54167,-94.58333,1.65140455864994e-10
43.54167,-94.16667,1.10677796566428e-10
43.54167,-93.75,2.25190198328763e-10
43.54167,-92.125,1.91969101288372e-10
43.54167,-91.75,2.15662226305848e-10
43.54167,-90.79167,3.74237506378166e-10
43.54167,-90.54167,2.86084604579573e-10
43.54167,-90.41667,3.1856079207872e-10
43.54167,-89.75,7.51519777684215e-10
43.54167,-88.75,5.41830213257683e-10
43.54167,-88.20833,1.05474197340215e-09
43.54167,-86.375,4.87876805015102e-10
43.54167,-84.08333,3.12074411889745e-09
43.54167,-83.375,3.58301218041326e-10
43.54167,-76.29167,3.55913716712272e-09
43.54167,-75.83333,1.03978922869884e-09
43.54167,-74.25,1.12602359379059e-10
43.54167,-73.5,8.04344520480322e-10
43.54167,-73.33333,1.62514874856229e-09
43.54167,-71,8.76061325567175e-10
43.5,-123.2917,2.27789666199645e-10
43.5,-122.5,3.61036579743621e-10
43.5,-121.875,2.24665852087794e-10
43.5,-121.2917,4.0371109183617e-10
43.5,-120.0417,2.58336821516403e-10
43.5,-120,2.56548970943869e-10
43.5,-118.4583,2.08164038517864e-10
43.5,-117.7917,4.13497143544961e-11
43.5,-117.5833,4.71172170393888e-11
43.5,-114.875,3.91743143228444e-11
43.5,-112.25,1.51564136979738e-10
43.5,-111.5417,4.43539746254927e-11
43.5,-109.375,1.77531645653707e-11
43.5,-108.5,1.44327930003027e-10
43.5,-107.6667,1.85998222236027e-11
43.5,-107.625,1.40802995609271e-10
43.5,-106.75,3.11760567788251e-11
43.5,-106.1667,1.90270064435043e-10
43.5,-102.5417,4.63244206560047e-11
43.5,-102.5,6.64995668783519e-11
43.5,-101.875,2.59691856153136e-11
43.5,-100.7917,2.62051153734619e-11
43.5,-100.125,2.58794878606606e-11
43.5,-99.5,3.22123803859124e-11
43.5,-99.20833,4.13209617695828e-11
43.5,-98.75,4.22313141017023e-11
43.5,-95.25,2.59873610766535e-10
43.5,-94.79167,1.09724107361438e-10
43.5,-94.375,2.37268552132352e-10
43.5,-93.79167,2.1505605938771e-10
43.5,-92.83333,2.68774876865222e-10
43.5,-91.375,2.13122448261345e-10
43.5,-90.54167,2.86852376291188e-10
43.5,-89.75,8.03736447229406e-10
43.5,-89.54167,5.79761716400124e-10
43.5,-88.70833,6.21099212893749e-10
43.5,-85.58333,6.42479141008683e-10
43.5,-85.5,9.91254473847927e-10
43.5,-84.125,2.16958753848797e-09
43.5,-75.875,6.55349236230098e-10
43.5,-75.70833,3.52998779283863e-10
43.5,-75.33333,6.96923874361382e-10
43.5,-75.29167,8.30923846653058e-10
43.5,-74.54167,1.51665724900086e-10
43.5,-74.08333,4.9845009139667e-10
43.5,-74,4.90903977596085e-10
43.5,-73.75,9.17773389339659e-10
43.5,-72.79167,3.44100515244704e-10
43.5,-72.58333,6.96712234064433e-10
43.5,-72,4.56816294146767e-10
43.45833,-123.0417,1.89280194843937e-09
43.45833,-122.4583,3.46776549384811e-10
43.45833,-122.125,1.99794092495419e-10
43.45833,-122.0417,2.01851181455173e-10
43.45833,-118.9167,5.38481935467901e-11
43.45833,-118.25,2.08644972328378e-10
43.45833,-116.4167,3.95875884984136e-10
43.45833,-115.7917,5.31655726761563e-10
43.45833,-115.625,1.46426698995811e-10
43.45833,-115.0417,4.165671425837e-11
43.45833,-114.2917,8.49735114636846e-11
43.45833,-113.25,6.41153189630375e-11
43.45833,-112.4167,6.18408415643214e-10
43.45833,-112.1667,1.00055809046008e-09
43.45833,-111.25,6.45699386326446e-11
43.45833,-109.875,1.40385183241217e-19
43.45833,-108.8333,2.60639447386559e-11
43.45833,-107.7083,3.22365107509346e-11
43.45833,-106.75,3.209008350676e-11
43.45833,-105.4167,2.9383127004765e-11
43.45833,-103.75,5.03492303503464e-11
43.45833,-103.5,1.97324739351895e-10
43.45833,-103.25,3.83092430551821e-11
43.45833,-102.875,5.15443210752433e-11
43.45833,-102.375,9.66984539167483e-11
43.45833,-102.25,9.18248825058871e-11
43.45833,-101.5417,2.79399936399009e-11
43.45833,-100.5833,1.99290563230879e-11
43.45833,-99.5,4.40253479338475e-11
43.45833,-99.08333,5.69233425466113e-11
43.45833,-98.25,1.09589767424823e-10
43.45833,-98.08333,1.77196646033454e-10
43.45833,-97.29167,1.71056537883271e-10
43.45833,-94.41667,2.48705514709902e-10
43.45833,-94.16667,4.15729866501135e-10
43.45833,-93.70833,2.69515490446707e-10
43.45833,-93.29167,3.50866200274807e-10
43.45833,-93,2.7039831123463e-10
43.45833,-91.83333,2.12150133314601e-10
43.45833,-91.41667,2.20632923643128e-10
43.45833,-91.04167,1.95943315511547e-10
43.45833,-90.25,4.55807001124695e-10
43.45833,-89.5,8.10572025408352e-10
43.45833,-87.79167,4.7206269872579e-09
43.45833,-85.95833,5.25463980020666e-10
43.45833,-85.125,6.00406724141928e-10
43.45833,-85.08333,6.5456815075634e-10
43.45833,-84.54167,6.52359490428254e-10
43.45833,-83.875,1.23707604459172e-09
43.45833,-83.08333,7.82505466735034e-10
43.45833,-82.79167,4.80899091735147e-10
43.45833,-82.625,8.706124409669e-10
43.45833,-76.20833,5.81280498686851e-10
43.45833,-73.66667,1.55224280446258e-09
43.45833,-71.66667,9.23567358442811e-10
43.45833,-71.375,6.39105148829082e-10
43.41667,-123.7917,1.29931552356512e-09
43.41667,-121.9167,2.19125987813373e-10
43.41667,-119.25,5.17664450201275e-11
43.41667,-118.7917,4.89123721952022e-11
43.41667,-118.5833,7.89388684523073e-11
43.41667,-118.4583,7.87525457204945e-11
43.41667,-116.4583,3.40445057532229e-10
43.41667,-116.125,2.84710849989769e-09
43.41667,-115.6667,1.5928295768058e-10
43.41667,-115.125,4.51452042873069e-11
43.41667,-114.8333,4.09841787348251e-11
43.41667,-114.3333,7.67437321503201e-11
43.41667,-114,9.22730726949757e-11
43.41667,-108,6.23402469801552e-11
43.41667,-107.9167,6.18527740636301e-11
43.41667,-106.4583,2.00117378383189e-10
43.41667,-104.5,1.6826872233153e-10
43.41667,-104.0833,8.53169875595501e-12
43.41667,-102.0833,6.0757660337479e-11
43.41667,-102.0417,5.97596447151549e-11
43.41667,-100.0833,1.160578186572e-10
43.41667,-99.875,2.73946410117156e-11
43.41667,-99.20833,4.38460416564487e-11
43.41667,-99.16667,4.4189779985808e-11
43.41667,-99.125,5.46874726483979e-11
43.41667,-98.125,7.95425389283372e-11
43.41667,-95.70833,3.41188455148904e-10
43.41667,-93.625,5.6208861068143e-10
43.41667,-92,1.42443991000301e-10
43.41667,-89.95833,1.58289285753968e-09
43.41667,-89.41667,9.48689798814392e-10
43.41667,-88.83333,1.72276505467235e-09
43.41667,-85.83333,5.62051963053496e-10
43.41667,-83.70833,4.38765594406937e-10
43.41667,-82.625,9.02245476922113e-10
43.41667,-76.20833,6.57846349336934e-10
43.41667,-75.125,4.99427164484426e-10
43.41667,-74.375,1.23921720856064e-10
43.41667,-72.91667,5.59723750842613e-10
43.41667,-71.58333,1.37189913082931e-09
43.41667,-71,1.14348135187684e-09
43.41667,-70.95833,4.70082672756629e-09
43.375,-123.0833,2.88663211794022e-10
43.375,-122.9167,4.46496063219552e-10
43.375,-122.375,3.24934365185089e-10
43.375,-119.3333,4.9528684531989e-11
43.375,-117.6667,4.15641629434913e-11
43.375,-116.125,2.88805682229424e-09
43.375,-115.6667,1.66100077272694e-10
43.375,-115.5417,1.43135569858267e-10
43.375,-115,3.30584249597052e-10
43.375,-113.9167,8.81802165151648e-11
43.375,-113.875,8.66387998957656e-11
43.375,-113.7083,2.6158205085685e-10
43.375,-113.5,6.14707342961895e-11
43.375,-112.125,1.18942338538385e-09
43.375,-110.5,8.65084560442005e-11
43.375,-109.7083,1.94708665135772e-11
43.375,-109.5,1.82683175446529e-11
43.375,-109.4583,1.81927529283474e-11
43.375,-107.9167,6.26990995649658e-11
43.375,-107.7917,6.19467556219412e-11
43.375,-107.3333,1.52987443273271e-10
43.375,-107.1667,1.63164588132449e-10
43.375,-105.9583,2.0711294816319e-10
43.375,-105.5,3.0984446547754e-11
43.375,-104.9583,2.84658295815408e-11
43.375,-101.2083,7.99863226868671e-11
43.375,-100.7083,4.50182008099708e-11
43.375,-100.3333,1.4491172178089e-11
43.375,-98.70833,5.55285390147881e-11
43.375,-98.16667,8.03118669126169e-11
43.375,-96.79167,8.05172656399132e-10
43.375,-96.20833,2.08413095999554e-10
43.375,-95.54167,2.57876554242994e-10
43.375,-94.625,1.00623136911333e-10
43.375,-94.45833,2.75562514209194e-10
43.375,-90.79167,1.89115750359671e-10
43.375,-90.29167,2.34732998276225e-10
43.375,-89.91667,8.09917208073795e-10
43.375,-89.66667,1.27002328579274e-09
43.375,-88.58333,6.62217655932791e-10
43.375,-87.875,1.86863978997344e-09
43.375,-86.41667,1.13510324760719e-08
43.375,-85.875,3.60533270756532e-10
43.375,-85.70833,3.97907356474782e-10
43.375,-85.25,4.55712593581088e-10
43.375,-84.45833,3.55341755130463e-10
43.375,-82.625,1.09594703252416e-09
43.375,-77.79167,1.43423498072405e-08
43.375,-75.33333,1.0016750686778e-09
43.375,-74.08333,3.72847382895438e-10
43.375,-70.79167,1.2101841286303e-09
43.375,-70.66667,1.63256857345089e-09
43.33333,-124.4167,9.27629125608402e-10
43.33333,-122.875,2.51490621628108e-10
43.33333,-122.75,2.24352068568555e-10
43.33333,-122.5,3.21957393231116e-10
43.33333,-120.625,4.74878956245461e-11
43.33333,-119.875,1.14460830477968e-11
43.33333,-119.75,1.1332219072832e-11
43.33333,-119.6667,1.12781703211964e-11
43.33333,-117.375,2.60942128568654e-11
43.33333,-115.6667,1.73493859221182e-10
43.33333,-114.7083,4.22092048499934e-11
43.33333,-113.5417,2.57089915287604e-10
43.33333,-113.0833,2.87943513530677e-10
43.33333,-111.5417,3.71129546419465e-10
43.33333,-110.2083,4.48836125017404e-11
43.33333,-106,2.15743863662263e-10
43.33333,-105.2083,2.98820838438279e-11
43.33333,-105.0417,1.78787181072293e-10
43.33333,-101.5417,2.72102225720403e-11
43.33333,-101.2083,8.01380178418446e-11
43.33333,-100.2083,2.57555895406242e-11
43.33333,-98.70833,5.41628159454865e-11
43.33333,-97.16667,2.92237369005273e-10
43.33333,-97.04167,2.1965084940107e-10
43.33333,-96.75,7.17062530852871e-10
43.33333,-96.45833,3.01885555046106e-10
43.33333,-92.75,2.2253163846314e-10
43.33333,-91.58333,1.70100351284793e-10
43.33333,-88.79167,1.94443407395975e-09
43.33333,-84.83333,8.48472996997155e-10
43.33333,-84.41667,5.97948067277293e-10
43.33333,-83.25,7.85277975681842e-10
43.33333,-77.16667,4.27246533501266e-09
43.33333,-75.875,1.07284568726121e-09
43.33333,-75.5,6.96379640584721e-10
43.33333,-75.41667,8.47177690501526e-10
43.33333,-74.95833,2.27006363488626e-10
43.33333,-74.79167,4.33751071221268e-10
43.33333,-72.91667,3.84280804685786e-10
43.33333,-72.125,1.304651837313e-09
43.33333,-71.70833,8.12863450616126e-10
43.33333,-71,1.20937221596543e-09
43.29167,-123.875,8.78990050422922e-10
43.29167,-123.8333,8.56816737182747e-10
43.29167,-122.5417,3.20159134298807e-10
43.29167,-122.1667,1.90083374619442e-10
43.29167,-122.0417,3.3072248197766e-10
43.29167,-121.1667,4.16834466329537e-11
43.29167,-120.7083,4.75058749094376e-11
43.29167,-119.4583,2.20498155918916e-10
43.29167,-119.2083,4.58801198919524e-11
43.29167,-119,2.26402130833967e-11
43.29167,-118.6667,2.13673285608434e-11
43.29167,-117.4583,2.45583597179108e-11
43.29167,-117.4167,2.52040791916651e-11
43.29167,-116.5,8.95536411733517e-11
43.29167,-116.3333,2.10122620735379e-09
43.29167,-116.125,2.99638352359999e-09
43.29167,-115.5417,1.01723351943661e-10
43.29167,-113.3333,6.222917354644e-11
43.29167,-113.2917,6.3292334563418e-11
43.29167,-112.5833,6.29258183356095e-11
43.29167,-112.0833,3.31972716783438e-10
43.29167,-112,2.25898684244214e-10
43.29167,-111.0417,6.57721858870828e-11
43.29167,-108.4167,2.19409081668253e-11
43.29167,-107.75,6.33676645508956e-11
43.29167,-107.2917,1.60534796047154e-10
43.29167,-106.5,3.15222739270931e-11
43.29167,-103.2083,6.31796713353442e-11
43.29167,-102.125,8.5812535342488e-11
43.29167,-101.8333,4.63911658348865e-11
43.29167,-100.7083,6.39869651003995e-11
43.29167,-100.3333,4.83948177818131e-11
43.29167,-99.5,7.71293552751517e-11
43.29167,-98.75,3.87217441794888e-11
43.29167,-98.70833,3.91028374613173e-11
43.29167,-98.33333,8.09217401971271e-11
43.29167,-94.75,1.85192640588563e-10
43.29167,-94.66667,1.27278422413198e-10
43.29167,-94.04167,3.06424091036053e-10
43.29167,-92.95833,2.22409563529476e-10
43.29167,-91.45833,3.48298732024153e-10
43.29167,-90.58333,6.23527158017154e-10
43.29167,-85.08333,9.69191572504235e-10
43.29167,-84.66667,5.54633076226464e-10
43.29167,-78.83333,1.80232123461967e-09
43.29167,-78.29167,1.1533941941483e-09
43.29167,-77.625,2.83254812210139e-08
43.29167,-77.45833,1.15445022630102e-08
43.29167,-76.625,5.24541780319433e-10
43.29167,-75.79167,1.3695720158841e-09
43.29167,-74.70833,1.19027624942013e-09
43.29167,-73.75,1.01871731177005e-09
43.29167,-73.29167,2.0778639102996e-10
43.29167,-71.625,2.54350267009445e-09
43.29167,-71.29167,9.90000201547288e-10
43.29167,-70.70833,3.62289796174282e-09
43.29167,-70.54167,7.75483965491376e-09
43.25,-123.2083,2.99762140699005e-10
43.25,-121.8333,4.34553209281319e-10
43.25,-121.2083,3.19143998533036e-10
43.25,-121.0833,1.00020186314436e-10
43.25,-120.6667,4.53663138739655e-11
43.25,-120.5,4.22490333067801e-11
43.25,-119.7083,2.1775313161495e-10
43.25,-119.2917,2.32196128358918e-11
43.25,-117.1667,3.01023367526002e-11
43.25,-115.3333,5.81418912993609e-11
43.25,-115.125,1.25516279001928e-10
43.25,-112.6667,6.31985731046922e-11
43.25,-112.25,5.59101882450552e-10
43.25,-106.7917,3.18684751078539e-11
43.25,-106.4583,3.33866493717773e-11
43.25,-105.8333,2.22489904541983e-10
43.25,-104.9167,2.92700894719477e-11
43.25,-103.4583,3.11188782782998e-11
43.25,-103.2083,6.38809668296985e-11
43.25,-102.9167,9.81025125997382e-11
43.25,-102.4167,5.07504244432023e-11
43.25,-102.0833,5.07398799873078e-11
43.25,-101.7083,2.72728098436975e-11
43.25,-100.375,4.85812994444415e-11
43.25,-100.25,2.59567685238349e-11
43.25,-99.875,2.90245735336214e-11
43.25,-99.83333,2.90169272521349e-11
43.25,-99.08333,9.21923670539568e-12
43.25,-96.66667,2.22174364518311e-10
43.25,-95.41667,1.31136596803097e-10
43.25,-93.875,2.87988456784641e-10
43.25,-92.16667,1.41066354312148e-10
43.25,-90.45833,2.44560019836782e-10
43.25,-90.375,3.07715370019747e-10
43.25,-90.33333,5.50582454832059e-10
43.25,-88.875,5.43866082417509e-10
43.25,-88.75,1.33245629660242e-09
43.25,-87.95833,1.28080811501405e-08
43.25,-85.75,5.54109117850549e-10
43.25,-84.79167,7.96277836886955e-10
43.25,-83.83333,1.18363343146409e-09
43.25,-83.70833,1.11875701079835e-09
43.25,-78.625,1.34732309417286e-09
43.25,-78.45833,5.54924349665933e-10
43.25,-78.16667,1.10745335638115e-09
43.25,-76.29167,1.21389803008854e-09
43.25,-74.95833,7.38995711821484e-10
43.25,-74.83333,2.78489495331816e-10
43.25,-74.66667,7.81615791134554e-10
43.25,-74.41667,2.22579413595078e-10
43.25,-72.66667,7.15437558502816e-10
43.25,-72.33333,1.25084289054269e-09
43.25,-70.58333,9.0834486967679e-09
43.20833,-122.4583,3.12651123187268e-10
43.20833,-121.7917,3.62643125392041e-11
43.20833,-119.5417,2.09964176988398e-10
43.20833,-119.25,2.23871287100176e-11
43.20833,-116.75,2.06261999355198e-10
43.20833,-116.1667,2.92968796488944e-09
43.20833,-115.875,1.98353509582363e-09
43.20833,-115.25,1.39048727402791e-10
43.20833,-114.7083,3.36753896865987e-10
43.20833,-114.375,1.25386842024038e-10
43.20833,-113.4583,2.51052229526207e-10
43.20833,-110.4167,3.48023712986106e-11
43.20833,-110.2917,3.27868988459224e-11
43.20833,-109.9583,1.4084588714787e-19
43.20833,-109.5,1.84436609753393e-11
43.20833,-108.7083,2.93003224714063e-11
43.20833,-107.2083,1.72045492764142e-10
43.20833,-107.0417,2.8716365079042e-11
43.20833,-106.625,3.59881859642725e-11
43.20833,-106.3333,3.58626537343517e-11
43.20833,-104.7917,1.7831912067821e-10
43.20833,-104.4583,1.79394124904436e-10
43.20833,-102.7917,9.3822632728817e-11
43.20833,-102.7083,9.0277855443121e-11
43.20833,-100.4167,2.84046322365343e-11
43.20833,-100.2917,2.61145084362246e-11
43.20833,-99.125,2.71765721772211e-11
43.20833,-98.91667,2.84285485569021e-11
43.20833,-97.91667,6.07493879339036e-11
43.20833,-95.95833,3.38245728744553e-10
43.20833,-94.79167,2.55630835351893e-10
43.20833,-93.16667,3.22263846615711e-10
43.20833,-92.375,6.18343880240233e-10
43.20833,-92.08333,2.04236322584078e-10
43.20833,-91.91667,3.86439090951176e-10
43.20833,-91.83333,4.83104283715259e-10
43.20833,-91.08333,1.40365457369541e-10
43.20833,-90.95833,3.05120327311967e-10
43.20833,-90.75,1.83093346091444e-10
43.20833,-89.25,9.72243306767725e-09
43.20833,-88.125,8.04313193215238e-09
43.20833,-84.54167,3.29546658026238e-10
43.20833,-83.33333,1.9481622648546e-09
43.20833,-82.54167,3.86706324302848e-10
43.20833,-76.79167,1.29634022708246e-09
43.20833,-76.125,4.16180383488658e-09
43.20833,-75.95833,7.88337868911748e-09
43.20833,-75.66667,1.50789048510375e-09
43.20833,-75.54167,1.45552187322665e-09
43.20833,-74.625,8.04290096056338e-10
43.20833,-73.79167,1.53975431048201e-09
43.20833,-73.66667,2.59890862846575e-09
43.20833,-72.125,3.9967498838921e-10
43.20833,-70.625,2.97252923660136e-09
43.16667,-123.8333,1.57751181397514e-10
43.16667,-121,3.55487795104432e-11
43.16667,-119.5833,2.05305229184624e-10
43.16667,-117.375,2.45236846590532e-11
43.16667,-114.4167,3.296301520153e-10
43.16667,-113.75,2.64613981817488e-10
43.16667,-112.7917,9.43372998930936e-11
43.16667,-112.5,6.40161562163368e-10
43.16667,-111.875,1.99116127997559e-10
43.16667,-111.3333,5.7429820473225e-11
43.16667,-111.2083,2.66453405144495e-10
43.16667,-110.4583,3.47061798124248e-11
43.16667,-110.1667,4.16494582575441e-11
43.16667,-109.5417,1.85117554346397e-11
43.16667,-106.7917,3.40438045065059e-11
43.16667,-106.5,3.6724463527846e-11
43.16667,-104.8333,2.98785119620232e-11
43.16667,-104.3333,8.20925462485834e-12
43.16667,-102.8333,9.62292533153428e-11
43.16667,-102.5,1.02793099726343e-10
43.16667,-102.2083,8.73199267032124e-11
43.16667,-102,2.95278051540763e-11
43.16667,-101.2917,2.34147324959796e-11
43.16667,-101.0417,1.24625415920246e-10
43.16667,-100.0417,2.61436066179488e-11
43.16667,-99.45833,2.63678320187184e-11
43.16667,-98.79167,3.55933237929675e-11
43.16667,-98.70833,3.62762668960698e-11
43.16667,-98.375,4.97839254948866e-11
43.16667,-98.125,7.64428741564016e-11
43.16667,-97.95833,8.13300002754457e-11
43.16667,-97.625,3.86338300437429e-10
43.16667,-97.25,1.1208483570626e-10
43.16667,-95.875,1.00646462490944e-09
43.16667,-95.75,2.43850967706616e-10
43.16667,-94.75,3.62011411857326e-10
43.16667,-93.75,2.15232382957447e-10
43.16667,-91.66667,6.8064150809868e-10
43.16667,-91.375,1.62096106552171e-10
43.16667,-91.33333,1.58509030616973e-10
43.16667,-90.91667,2.19830138741331e-10
43.16667,-90.41667,2.18266837276423e-10
43.16667,-89.875,3.69807793060233e-10
43.16667,-88,1.24180225845962e-08
43.16667,-84.91667,8.95353667447193e-10
43.16667,-84.58333,3.42728136026098e-10
43.16667,-83.58333,1.05035523142739e-09
43.16667,-78.79167,3.62879335613771e-09
43.16667,-78.33333,4.77706036395395e-10
43.16667,-77.16667,1.38624000777275e-09
43.16667,-76.33333,5.69895065506983e-09
43.16667,-76.04167,2.68043031343109e-09
43.16667,-75.5,1.65092868807197e-09
43.16667,-73.45833,1.00576829791507e-09
43.16667,-72.25,4.34240873381688e-10
43.16667,-71.58333,2.7315584929992e-09
43.16667,-71.45833,1.75639609856437e-09
43.125,-123.2917,3.74454836602744e-10
43.125,-121.9167,3.66987873074642e-10
43.125,-119.1667,1.89707415728425e-10
43.125,-118.5,2.00603877202762e-11
43.125,-118.3333,2.03940881780888e-11
43.125,-116.875,3.43418519349216e-11
43.125,-116.25,1.81959996703434e-09
43.125,-115.2917,6.23432558938638e-11
43.125,-114,3.00784512378867e-10
43.125,-112.5417,4.18820623510078e-10
43.125,-112.2917,7.88086257221237e-10
43.125,-111.1667,8.77563921046699e-11
43.125,-109.9583,1.3819365148479e-19
43.125,-109.8333,1.31379255854636e-19
43.125,-109.7083,1.25130796361932e-19
43.125,-106.7083,3.73425970571001e-11
43.125,-105.625,3.69388219062736e-11
43.125,-104.75,1.83561953761224e-10
43.125,-102.9167,6.35506837589281e-11
43.125,-102.6667,1.10774914104097e-10
43.125,-102.2083,4.85369748657693e-11
43.125,-99.08333,2.63847826503658e-11
43.125,-98.16667,6.08427012497816e-11
43.125,-98.04167,9.84946149421591e-11
43.125,-97.5,7.36225022778838e-11
43.125,-97.45833,7.62247295842386e-11
43.125,-97.04167,2.15947723394075e-10
43.125,-96.75,1.52090064341114e-10
43.125,-96.58333,1.42523410628165e-10
43.125,-96.25,4.72772111838493e-10
43.125,-96.08333,4.59586067197873e-10
43.125,-95.625,2.10261511246618e-10
43.125,-95.04167,1.36555503096722e-10
43.125,-93.83333,2.11506172959118e-10
43.125,-91.625,5.58813664603592e-10
43.125,-91.29167,1.59674402039101e-10
43.125,-91.20833,1.47644473792876e-10
43.125,-91.08333,1.19705720354212e-10
43.125,-90.875,2.12239803275334e-10
43.125,-88.04167,8.5981192779791e-09
43.125,-83.58333,3.45859170704926e-09
43.125,-78.16667,4.66901841892614e-10
43.125,-77.75,6.14520029935286e-09
43.125,-75.54167,1.54847905591715e-09
43.125,-75.33333,3.36802026949128e-09
43.125,-73.45833,9.80205890642031e-10
43.125,-73.33333,6.36512660854139e-10
43.125,-73.04167,1.36381755896905e-09
43.125,-72.91667,4.14099172503813e-10
43.125,-72.25,4.63660678059686e-10
43.125,-70.875,2.10812338774522e-08
43.08333,-124,1.44813219943178e-10
43.08333,-123.6667,7.79679514895223e-11
43.08333,-123.5,3.33499578407496e-10
43.08333,-122.3333,3.07997953394016e-10
43.08333,-121.1667,3.6169614882296e-11
43.08333,-121.125,3.55974655305582e-11
43.08333,-116.9167,3.19070317494114e-11
43.08333,-113.4167,3.57782929613633e-10
43.08333,-110.7083,5.26390126992453e-11
43.08333,-108.9167,5.95468432900476e-11
43.08333,-108.5,8.65711583304844e-11
43.08333,-106.5833,4.31541002394978e-11
43.08333,-104.7917,1.89106982080204e-10
43.08333,-104.4167,1.88327005098595e-10
43.08333,-103.3333,4.70613654631727e-11
43.08333,-103.25,4.96933275401682e-11
43.08333,-102.6667,1.10452874732491e-10
43.08333,-100.75,3.04749425156779e-11
43.08333,-100.5417,2.9560023907877e-11
43.08333,-99.91667,2.59095449177837e-11
43.08333,-97.16667,1.16515908114178e-10
43.08333,-94,1.24219824954416e-10
43.08333,-93.875,1.33235682593366e-10
43.08333,-92.08333,3.35581412680799e-10
43.08333,-91.79167,3.42623076758972e-10
43.08333,-91.25,1.70642310263078e-10
43.08333,-90.75,2.97226998064753e-10
43.08333,-89.54167,7.23491236981531e-09
43.08333,-86.25,4.04247316548812e-09
43.08333,-86,3.09561273910632e-09
43.08333,-85,1.04902451960401e-09
43.08333,-84.95833,1.45802386629803e-09
43.08333,-84.75,3.35360342230468e-10
43.08333,-84.58333,4.34855792909837e-10
43.08333,-83.08333,1.16022369823172e-09
43.08333,-82.83333,1.10180583726323e-09
43.08333,-78,1.38020224799448e-09
43.08333,-76.16667,2.27364825674309e-08
43.08333,-74.91667,7.81337156499476e-10
43.08333,-74.58333,9.06572643109311e-10
43.08333,-74,2.17951681813219e-09
43.08333,-71.125,2.51012038759783e-09
43.04167,-122.2083,3.19530723870449e-10
43.04167,-122.0833,3.28269111433195e-10
43.04167,-119.4583,1.87878058124969e-10
43.04167,-119.3333,1.84832112810323e-10
43.04167,-119.1667,1.79744260166144e-10
43.04167,-118.9167,2.7804881802551e-11
43.04167,-118.5417,1.92864843598085e-11
43.04167,-118.2917,1.98555727082918e-11
43.04167,-117.0833,2.754571776435e-11
43.04167,-116.2917,2.21578219867346e-10
43.04167,-115.6667,2.70587227084657e-10
43.04167,-113,1.26646289026696e-10
43.04167,-112.7917,1.61146691003195e-10
43.04167,-112.1667,7.64201012260146e-10
43.04167,-110.75,5.19520206592422e-11
43.04167,-110.4583,3.26231248685847e-11
43.04167,-109.875,1.31205280976245e-19
43.04167,-109.625,1.23052386328646e-19
43.04167,-107.8333,1.58209433043991e-10
43.04167,-105.9583,7.97312063754577e-11
43.04167,-105.5417,3.7596995804142e-11
43.04167,-102.6667,1.10906011364938e-10
43.04167,-102.2917,5.0248911060553e-11
43.04167,-100.4167,3.07728209851785e-11
43.04167,-100.0417,2.6287224440378e-11
43.04167,-96.70833,1.55492175036098e-10
43.04167,-95.875,3.7018987059881e-10
43.04167,-95.79167,6.7532871659167e-10
43.04167,-92.29167,1.68431044202727e-10
43.04167,-91.45833,2.83720740655351e-10
43.04167,-91.41667,1.8778091422301e-10
43.04167,-90.75,2.94249414627112e-10
43.04167,-90.29167,1.61780136920445e-10
43.04167,-90.25,1.65943300694386e-10
43.04167,-88.33333,4.00586352244729e-09
43.04167,-88.20833,7.57884464826304e-09
43.04167,-86.125,3.03945338807399e-09
43.04167,-86.08333,1.57912233392239e-09
43.04167,-85.91667,3.69275172931292e-09
43.04167,-85.45833,4.02338101784852e-09
43.04167,-85.125,1.31027870680569e-09
43.04167,-85.04167,1.09795792753164e-09
43.04167,-78.70833,1.21773831950102e-08
43.04167,-78.33333,7.6058585634726e-10
43.04167,-78.04167,9.37060680171078e-10
43.04167,-76.41667,1.46303754005583e-09
43.04167,-74.58333,9.54697984631382e-10
43.04167,-74.54167,1.08891788401464e-09
43.04167,-71.75,2.47113511864901e-09
43.04167,-71.66667,2.69868390943016e-09
43.04167,-71.375,2.45466982651739e-09
43,-124.25,4.90038444691869e-11
43,-123.5,2.64584119270406e-10
43,-122.875,2.14122458679423e-10
43,-122.5833,3.13205724682491e-10
43,-122.4583,3.15959144699507e-10
43,-121.0833,2.7121577486619e-10
43,-120.375,2.17465528668132e-10
43,-120.3333,2.15218801788092e-10
43,-119.8333,1.90279398015154e-10
43,-117.7083,1.88519720631614e-11
43,-116.0417,2.36278348239686e-10
43,-115.2083,1.50403239083912e-10
43,-114.6667,1.38398843738998e-10
43,-110.875,1.35458967465985e-10
43,-110.2083,4.41378744659173e-11
43,-110.125,4.28016607395223e-11
43,-109.7917,3.43545640053986e-11
43,-109.25,8.30618428516204e-12
43,-107.1667,1.882787586065e-10
43,-106.625,4.64483077677564e-11
43,-105.9167,8.01383775522297e-11
43,-105.5833,3.88372473405377e-11
43,-105.2917,3.58881465402511e-11
43,-105.25,3.554707457642e-11
43,-104.875,2.00931139592768e-10
43,-101.9167,2.87570185014629e-11
43,-101.7083,2.75625847094284e-11
43,-99.125,7.84437969097845e-12
43,-98.95833,2.48719097319884e-11
43,-98.58333,1.12241039603811e-10
43,-97.45833,2.5784254526662e-10
43,-96.58333,1.56625473289339e-10
43,-96.33333,2.43392253588431e-10
43,-93.29167,2.79481121727934e-10
43,-92.41667,2.86514866480008e-10
43,-90.125,1.70462219263216e-10
43,-90,1.84352122138431e-10
43,-88.41667,2.92190569807664e-09
43,-85.79167,2.85453440429124e-09
43,-85.45833,4.34377179486139e-09
43,-85.16667,1.29147654674133e-09
43,-83.70833,4.92016257508911e-09
43,-83.625,4.00917276776022e-09
43,-82.875,1.59434254408419e-09
43,-78.41667,7.05472014608193e-10
43,-75.83333,2.86839626151388e-09
43,-75.20833,6.65370464717787e-09
43,-71.45833,1.06369868720758e-08
42.95833,-123.9583,1.22547138745752e-10
42.95833,-123.9167,1.22754465962908e-10
42.95833,-123.5833,6.31292960638717e-10
42.95833,-122.1667,3.29507258637137e-10
42.95833,-121.8333,4.64784340552719e-11
42.95833,-119.6667,1.83039112096167e-10
42.95833,-118.6667,3.04489692427514e-11
42.95833,-116.4167,1.77415807004853e-10
42.95833,-115.5833,1.1901814085068e-10
42.95833,-115,1.07931915031775e-10
42.95833,-114.2083,3.50824932540702e-10
42.95833,-112.2083,1.86471505600929e-10
42.95833,-112.0417,5.67956363901664e-10
42.95833,-111.4583,2.38890440927335e-11
42.95833,-108.625,4.15261982930781e-11
42.95833,-107.2917,1.7669663015367e-10
42.95833,-106.9583,2.19567148319516e-10
42.95833,-106.5,1.49797827938616e-10
42.95833,-103.4583,3.95200843187804e-11
42.95833,-103.375,4.182875387961e-11
42.95833,-103.125,7.05999352566588e-11
42.95833,-102.7083,4.06979128327401e-11
42.95833,-102.4167,1.91556106038937e-10
42.95833,-101.8333,1.7740994606829e-11
42.95833,-101.5417,1.89592518662302e-11
42.95833,-100.4167,3.32851145400117e-11
42.95833,-100.375,3.27882086213897e-11
42.95833,-100.2917,3.16340617442464e-11
42.95833,-98.5,1.75966344071813e-11
42.95833,-98.33333,5.09879522376126e-11
42.95833,-97.25,1.09069494107745e-10
42.95833,-94.41667,1.30831485855628e-10
42.95833,-94.375,1.27049102545924e-10
42.95833,-92.58333,1.65152668750935e-10
42.95833,-92.08333,1.96981900598039e-10
42.95833,-91.25,1.67625409304991e-10
42.95833,-90.16667,5.03009052147969e-10
42.95833,-90.125,5.15298467218473e-10
42.95833,-89.79167,1.06119364082505e-09
42.95833,-88.16667,1.09965253969142e-08
42.95833,-86.16667,1.49082745043352e-09
42.95833,-84.375,8.31833058991057e-10
42.95833,-84.08333,2.74661519445017e-09
42.95833,-78.83333,3.36150905755929e-08
42.95833,-76.125,2.38034029088484e-09
42.95833,-74.66667,8.83316305839928e-10
42.95833,-74.58333,9.02081041987232e-10
42.95833,-73.79167,2.19576616146806e-09
42.95833,-73.41667,6.19517851748515e-10
42.95833,-72.91667,3.90956257759545e-10
42.95833,-72.20833,2.97149573489437e-09
42.91667,-124.3333,1.93382199287249e-11
42.91667,-124,1.16083562238062e-10
42.91667,-123.75,8.35735470195629e-10
42.91667,-120.4583,8.21087391648302e-11
42.91667,-119.9583,1.95341123346488e-10
42.91667,-119.5417,1.76435618231548e-10
42.91667,-119,1.61544901397133e-10
42.91667,-118.3333,1.88336464690399e-11
42.91667,-117.625,1.89795032964161e-11
42.91667,-116.9167,2.70470709933212e-11
42.91667,-113.375,2.7241459258283e-10
42.91667,-111.9167,9.17722835930692e-11
42.91667,-109.7917,3.3808610453412e-11
42.91667,-108.8333,2.88741650462432e-11
42.91667,-108.0417,2.14239069825162e-11
42.91667,-107,2.14510233707073e-10
42.91667,-105.9583,8.62750646932138e-11
42.91667,-105.25,3.69198329940048e-11
42.91667,-103.0417,5.40424862479337e-11
42.91667,-102.875,4.55960140530104e-11
42.91667,-101.8333,1.77925816629489e-11
42.91667,-98.33333,4.96969420797985e-11
42.91667,-97.95833,3.64727893396869e-11
42.91667,-97.08333,1.29404924039147e-10
42.91667,-96.25,4.11357395343867e-10
42.91667,-95.08333,1.02909721780442e-10
42.91667,-94.45833,1.32100842719941e-10
42.91667,-91.70833,2.20060570403312e-10
42.91667,-89.125,1.4279622716846e-09
42.91667,-89.04167,8.57223666331749e-10
42.91667,-88,2.51615775339414e-08
42.91667,-86.125,1.51554390928307e-09
42.91667,-85.79167,5.1217450272354e-09
42.91667,-85.33333,2.47142701628525e-09
42.91667,-83.29167,1.39251831665074e-09
42.91667,-78.375,2.22880037249434e-09
42.91667,-78.20833,7.30125396203011e-10
42.91667,-77.20833,1.2463987305714e-09
42.91667,-74.70833,8.23524264264793e-10
42.91667,-74.29167,1.64464195095331e-09
42.91667,-74.04167,1.53547776586448e-09
42.91667,-73.83333,5.22953473879578e-09
42.91667,-73.54167,1.3101092993965e-09
42.91667,-71.58333,1.67009481869636e-08
42.91667,-71.04167,5.61622635086512e-09
42.875,-122.9583,3.78520514025018e-10
42.875,-122.7083,5.16305821104056e-10
42.875,-121.4583,4.39962916491618e-11
42.875,-120.25,2.15902512784353e-10
42.875,-119.5,1.72061370809343e-10
42.875,-118.625,2.95816499261353e-11
42.875,-117.3333,2.13683790009628e-11
42.875,-116.625,1.43542069613837e-10
42.875,-116.5833,1.45530372339965e-10
42.875,-116,6.78176150933539e-11
42.875,-115.4583,6.55683360850509e-11
42.875,-115.2083,4.28683101363757e-10
42.875,-115.0833,4.12690067810946e-10
42.875,-114.375,1.19339206274313e-10
42.875,-113.1667,1.59919203286491e-10
42.875,-112.75,7.85031239849825e-10
42.875,-112.0417,1.09200120994599e-10
42.875,-111.4583,2.30492350495904e-11
42.875,-108.875,2.8329264709853e-11
42.875,-108.5833,3.63085812245341e-11
42.875,-107.5833,1.60437616655983e-10
42.875,-106.625,7.0725984345363e-11
42.875,-101.0833,4.04481405622613e-11
42.875,-100.5417,3.9265030832071e-11
42.875,-99.91667,2.3638048239241e-11
42.875,-98.75,2.91815336492682e-11
42.875,-98.58333,7.48075840078924e-11
42.875,-98.45833,1.21236018796405e-11
42.875,-98.20833,4.36450429846662e-11
42.875,-97.08333,2.13335274409238e-10
42.875,-96.91667,2.48246785009485e-10
42.875,-96.625,2.33130271867347e-10
42.875,-93.79167,2.08557846309019e-10
42.875,-92.41667,1.78272933268375e-10
42.875,-91.25,1.83126185377535e-10
42.875,-89.58333,1.71403400609605e-09
42.875,-85.54167,1.14073317799609e-08
42.875,-85.375,1.23487694336755e-09
42.875,-84.875,1.100667374432e-09
42.875,-84.70833,1.73944667468768e-09
42.875,-84.04167,8.80741225125165e-10
42.875,-83.83333,1.0230457488594e-09
42.875,-82.95833,1.96267689614925e-09
42.875,-78.20833,1.19313578170029e-09
42.875,-78.04167,4.39933817053765e-10
42.875,-77.45833,4.6945445570588e-10
42.875,-75.25,7.9327032244337e-10
42.875,-75.125,4.07690948815932e-10
42.875,-74.70833,6.52302730166895e-10
42.875,-73.875,1.41298296934468e-08
42.875,-72.25,1.21796754766685e-09
42.875,-70.95833,1.32757253217397e-08
42.83333,-124.5,4.53491643824009e-11
42.83333,-124.2083,2.96977820742724e-10
42.83333,-120.9583,2.72187792759789e-10
42.83333,-120.4583,8.65237824644175e-11
42.83333,-118.3333,1.82341207447379e-11
42.83333,-116.5833,1.39034326417027e-10
42.83333,-114.7083,4.36517280194671e-10
42.83333,-110.7083,2.15339541423813e-10
42.83333,-109,2.77831760777942e-11
42.83333,-108.4167,1.66541998837894e-10
42.83333,-108.3333,2.20011067152202e-11
42.83333,-105.625,4.17880448075554e-11
42.83333,-105,2.25061328875473e-10
42.83333,-104.9167,2.21372894071925e-10
42.83333,-103.75,3.95939495176601e-11
42.83333,-103.625,4.02674846177339e-11
42.83333,-103.4167,4.0455824186545e-11
42.83333,-103.0833,2.21745800696148e-10
42.83333,-102.7083,4.07243143666231e-11
42.83333,-102.5833,2.70622732932408e-11
42.83333,-101.7083,1.8992306522214e-11
42.83333,-101.3333,2.35631250499855e-11
42.83333,-97.625,8.17158182545456e-11
42.83333,-96.33333,2.52165702693172e-10
42.83333,-96.20833,2.85882149004578e-10
42.83333,-95.79167,2.17163962356468e-10
42.83333,-94.45833,4.23179300837888e-10
42.83333,-94.04167,9.22615871188949e-10
42.83333,-93,3.44762183553967e-10
42.83333,-92.25,1.5246326935891e-10
42.83333,-92.08333,2.32918367782652e-10
42.83333,-91.79167,3.20712136429582e-10
42.83333,-91.75,2.60091656781261e-10
42.83333,-91.375,1.65598613536892e-10
42.83333,-91.20833,2.20125082634979e-10
42.83333,-91.125,1.69592223802707e-10
42.83333,-90.375,2.29206326210887e-10
42.83333,-90.04167,2.89653359781959e-10
42.83333,-88.875,1.04289022857945e-09
42.83333,-86.25,9.3014640249541e-09
42.83333,-84.79167,1.0772127886042e-09
42.83333,-83.70833,3.6712732531684e-09
42.83333,-83,2.43925485436605e-09
42.83333,-78.125,8.34947818790114e-10
42.83333,-77.54167,6.23896518573748e-10
42.83333,-76.875,7.67875714143129e-10
42.83333,-74,4.57863938515927e-09
42.83333,-73.58333,1.84261599348978e-09
42.83333,-73.375,5.54193073624084e-10
42.83333,-71.16667,7.42876362892935e-09
42.79167,-124.0833,4.98471014620189e-10
42.79167,-121.4583,4.58080908910644e-11
42.79167,-117.8333,1.65155092699053e-11
42.79167,-117.75,1.70683839155209e-11
42.79167,-116.3333,1.47792307329828e-10
42.79167,-115.75,6.90790409583448e-11
42.79167,-115.5833,5.54197501843024e-10
42.79167,-113.9583,9.13138057138235e-10
42.79167,-111,5.18352983611886e-10
42.79167,-110.0417,3.67674738843201e-11
42.79167,-109.75,3.37936334441604e-11
42.79167,-105.7083,7.71553927142778e-11
42.79167,-104.9583,2.28500498899978e-10
42.79167,-103.4167,4.1211395790907e-11
42.79167,-102,1.90318246171139e-11
42.79167,-101.0417,4.11795585185022e-11
42.79167,-99.66667,2.2389699282064e-11
42.79167,-98.25,6.99340420290592e-11
42.79167,-97.45833,1.02373917642317e-10
42.79167,-97.41667,1.06240765123628e-10
42.79167,-96.79167,2.74563844672256e-10
42.79167,-96.375,2.9888010125783e-10
42.79167,-95.66667,1.37493820402661e-10
42.79167,-95.16667,2.16730470740556e-10
42.79167,-93.875,2.08295439334352e-10
42.79167,-93.79167,3.59484395521126e-10
42.79167,-92.91667,1.74589290707807e-10
42.79167,-91.83333,2.63784115690615e-10
42.79167,-89.58333,8.74076309704356e-10
42.79167,-89.375,1.31831209813844e-09
42.79167,-85.08333,8.73046965969817e-10
42.79167,-84.79167,3.83459851744813e-09
42.79167,-84.375,2.69669709957864e-09
42.79167,-83.08333,5.69147911237988e-09
42.79167,-78.875,2.71669589016575e-08
42.79167,-77.29167,2.30160793937694e-09
42.79167,-77.08333,8.56104419231558e-10
42.79167,-76.375,7.79643212908073e-10
42.79167,-76,4.23840745955497e-10
42.79167,-74.41667,4.1760935298258e-10
42.79167,-71.95833,2.85034316372859e-09
42.79167,-70.79167,1.25473939594965e-08
42.75,-123.4583,6.17548688630318e-11
42.75,-122.7083,5.06568632242994e-10
42.75,-122.0417,1.15675689052693e-10
42.75,-116.75,2.45410979499225e-11
42.75,-115.5417,6.85417599122598e-10
42.75,-114.9583,7.8696099019871e-11
42.75,-114.7917,7.55768386544757e-10
42.75,-109.25,6.32126332848788e-11
42.75,-107.6667,1.58606862064178e-10
42.75,-107.5,1.6174580970971e-10
42.75,-107.375,1.71703753768603e-10
42.75,-105.2083,3.94128932099593e-11
42.75,-105.1667,3.92110138436757e-11
42.75,-104.1667,8.58580421455195e-11
42.75,-103.2917,4.12504764890491e-11
42.75,-103.25,4.14969955522095e-11
42.75,-102.5833,3.83101271898007e-11
42.75,-102.4167,2.52212485040534e-11
42.75,-101.9167,1.84931190262095e-11
42.75,-101.7917,1.90898724070872e-11
42.75,-99.79167,2.27725177987078e-11
42.75,-99.70833,2.24418804177546e-11
42.75,-99.25,1.27781583628502e-11
42.75,-97.45833,1.01741237433248e-10
42.75,-97.29167,1.6779945635544e-10
42.75,-97.25,1.75529624427242e-10
42.75,-97.125,2.6153343785295e-10
42.75,-96.95833,8.71550067655626e-10
42.75,-96.875,1.69472546171893e-10
42.75,-96.45833,3.0176066857245e-10
42.75,-96,2.20374213578332e-10
42.75,-94.125,1.15472209256551e-09
42.75,-90.16667,2.83597198876181e-10
42.75,-88.91667,2.25283084452539e-09
42.75,-88.70833,6.74906364097271e-10
42.75,-88.33333,8.47508874063872e-10
42.75,-88,2.91536810704599e-09
42.75,-86,1.30138515614965e-09
42.75,-83.95833,1.15244940496213e-09
42.75,-82.83333,2.36219430231812e-09
42.75,-82.58333,1.10679632928027e-09
42.75,-79,8.60053678038967e-09
42.75,-78.29167,7.34925640683198e-10
42.75,-76.75,4.07785001466216e-09
42.75,-75.91667,3.53816583193198e-10
42.75,-75.83333,3.35376434933969e-10
42.75,-74.58333,3.1556993272514e-10
42.75,-74.20833,9.10440215995987e-10
42.75,-72.875,3.52427180426776e-10
42.75,-71.25,8.39741088606928e-09
42.70833,-120.8333,2.8910125843295e-10
42.70833,-118.7917,2.41835082171205e-11
42.70833,-113,1.82041983116338e-10
42.70833,-112.1667,1.11645217145334e-10
42.70833,-110.625,2.09237880381052e-10
42.70833,-110.25,2.64124986325916e-11
42.70833,-109.8333,6.71080524582425e-11
42.70833,-109.6667,6.55276490730222e-11
42.70833,-108.5417,1.52043561008305e-10
42.70833,-108.4583,1.53300035364584e-10
42.70833,-107.4167,1.68066726420082e-10
42.70833,-105.5833,4.22908993533328e-11
42.70833,-105.1667,3.99731829261495e-11
42.70833,-104.9167,2.3863574537027e-10
42.70833,-102.0417,2.72930668973387e-11
42.70833,-98.29167,4.136645751487e-11
42.70833,-95.54167,6.65365172120913e-10
42.70833,-95.5,1.75414167005055e-10
42.70833,-90.875,5.67874848749701e-10
42.70833,-90.54167,4.04681866762925e-10
42.70833,-85.79167,1.23951428829147e-09
42.70833,-84,1.15076617993353e-09
42.70833,-83.66667,1.36879367832689e-09
42.70833,-83,3.46012049004168e-09
42.70833,-82.54167,7.95880086091308e-10
42.70833,-78,5.34062410427637e-10
42.70833,-75.125,4.87838622112176e-10
42.70833,-72,1.66138153068753e-09
42.66667,-123.9583,1.29126706632947e-10
42.66667,-121.9167,5.45130740063443e-11
42.66667,-120.7917,2.94567613249465e-10
42.66667,-120.2083,3.85975372385864e-11
42.66667,-116.875,1.07945025152654e-10
42.66667,-112.3333,7.84988443175295e-10
42.66667,-112.25,1.17525317812556e-10
42.66667,-112,1.15483949035696e-10
42.66667,-110.2917,2.67580484288124e-11
42.66667,-109.7917,6.66949580641475e-11
42.66667,-109.5,6.41610820199174e-11
42.66667,-108.8333,2.67703347366616e-11
42.66667,-108.3333,1.50798125762269e-10
42.66667,-108.2917,1.50877086570389e-10
42.66667,-107.4583,1.64519150677751e-10
42.66667,-106.4167,4.83631862809894e-11
42.66667,-105.125,4.06633104862192e-11
42.66667,-104.8333,4.50016833712825e-11
42.66667,-104.5833,4.49583327033782e-11
42.66667,-101.875,1.84306454546375e-11
42.66667,-101.8333,1.94179605330971e-11
42.66667,-100.8333,2.80009569017662e-11
42.66667,-99.08333,2.05679594414362e-11
42.66667,-90.375,2.6081316538728e-10
42.66667,-89.83333,2.00067613028688e-10
42.66667,-84.58333,2.7287959123509e-09
42.66667,-82.875,1.09078576715026e-08
42.66667,-82.83333,7.83128692392747e-09
42.66667,-79.08333,6.42053009358367e-08
42.66667,-78.875,1.18020393725691e-09
42.66667,-78.41667,5.7660778602044e-10
42.66667,-77.33333,2.83785082872821e-10
42.66667,-77.08333,7.65424315207612e-10
42.66667,-76.16667,9.09001640055203e-10
42.66667,-75.66667,5.25357508968145e-10
42.66667,-74,4.14659241743501e-09
42.66667,-72.70833,3.40521320506204e-10
42.66667,-72.45833,1.2074526252166e-09
42.625,-122.5,1.23800327295362e-10
42.625,-121.0833,3.31905419474273e-10
42.625,-120.375,2.67441021861055e-10
42.625,-119.7083,1.89483264439023e-10
42.625,-117.125,1.96963403214738e-11
42.625,-116.75,1.07671358167766e-10
42.625,-115.625,4.27146390187104e-10
42.625,-115.5,4.48568884017538e-10
42.625,-114.7917,3.9386458250541e-10
42.625,-113.9167,1.48997683949059e-10
42.625,-113.875,1.82310899413505e-10
42.625,-113.6667,6.70535523387862e-10
42.625,-111.3333,2.49457435368309e-11
42.625,-108.5,2.7164113475394e-11
42.625,-108.1667,1.48823049544881e-10
42.625,-107.9583,1.51834723186863e-10
42.625,-106.3333,4.67981800874353e-11
42.625,-106.25,3.05842392336761e-10
42.625,-105.8333,7.97844588211043e-11
42.625,-105.7917,7.8955819751053e-11
42.625,-105.5,4.21821199141677e-11
42.625,-104.9167,2.53219778393289e-10
42.625,-104.4167,1.09955021797662e-11
42.625,-103.5,4.06302759909838e-11
42.625,-102.875,4.20185545530226e-11
42.625,-102.7083,3.99808116608384e-11
42.625,-102.4583,2.57474934168996e-11
42.625,-102.1667,2.06791045856448e-11
42.625,-100.3333,5.9771324633638e-11
42.625,-98.91667,3.86056244763398e-11
42.625,-98.125,4.30427630654792e-11
42.625,-97.91667,1.09824988424119e-10
42.625,-97.20833,1.70881561653615e-10
42.625,-96.58333,7.68728558259852e-10
42.625,-96.25,2.55206606351909e-10
42.625,-95.29167,1.09084397526792e-09
42.625,-94.45833,2.09789715434983e-10
42.625,-93.33333,1.00208500516095e-10
42.625,-92.79167,2.33677350345469e-10
42.625,-92.5,1.20902920287701e-09
42.625,-92.16667,2.95758996510682e-10
42.625,-92.125,4.08205406436783e-10
42.625,-90.41667,4.68370721490049e-10
42.625,-85.04167,1.09732768126713e-09
42.625,-84.08333,8.22201415427143e-10
42.625,-77.16667,6.8015068419056e-10
42.625,-76.83333,7.4252199027128e-10
42.625,-75.08333,3.50768206548697e-10
42.625,-74.625,2.52483350597367e-10
42.625,-74.375,5.28652760656291e-10
42.625,-73.45833,7.8541638097422e-10
42.625,-73.375,7.14096915280599e-10
42.625,-72.66667,1.29534788828871e-09
42.625,-72.54167,2.86006406478918e-09
42.58333,-123.5417,1.30917052808983e-10
42.58333,-122.5833,7.36259580452758e-11
42.58333,-119.5,1.72754720386153e-10
42.58333,-116.8333,1.0192049508236e-10
42.58333,-116.2917,2.67261420075061e-10
42.58333,-115.8333,3.32690739192665e-10
42.58333,-115.7917,3.45470124523412e-10
42.58333,-115,1.77132045911527e-10
42.58333,-113.0833,8.05573474880023e-11
42.58333,-112.875,4.01544292407451e-11
42.58333,-112,1.08795169819129e-10
42.58333,-111.5,3.70086726270571e-11
42.58333,-111.25,1.22790055235636e-10
42.58333,-110.6667,2.12949899821252e-10
42.58333,-109.8333,1.57974824737024e-10
42.58333,-109.5,6.3842143147704e-11
42.58333,-107.375,1.70140443046419e-10
42.58333,-105.625,4.29008558036786e-11
42.58333,-104.7917,8.88883858220821e-11
42.58333,-104.0417,4.29154972261515e-11
42.58333,-104,4.28419560628649e-11
42.58333,-103.9167,4.2718479340506e-11
42.58333,-101.125,2.5685735166596e-11
42.58333,-100.5833,2.98030448795272e-11
42.58333,-99.45833,3.1704452214221e-11
42.58333,-99.375,1.27953172287713e-11
42.58333,-98.70833,2.16245185087459e-11
42.58333,-98.04167,4.4506166334116e-11
42.58333,-97.625,5.22517836794839e-11
42.58333,-96.625,8.13845094792548e-10
42.58333,-96.5,2.51752536310697e-09
42.58333,-95.625,1.92399444531733e-10
42.58333,-95.16667,3.56382345441161e-10
42.58333,-95.04167,1.67312822814156e-10
42.58333,-94.625,3.03163317566177e-10
42.58333,-94.33333,3.24888345058276e-10
42.58333,-92.75,2.68839741978843e-10
42.58333,-91.41667,1.8435436251529e-10
42.58333,-89.41667,4.22882619127828e-10
42.58333,-89.16667,3.85827928758551e-10
42.58333,-88.875,5.54342144538938e-10
42.58333,-83.08333,1.27968144005128e-08
42.58333,-82.83333,1.19987111348368e-08
42.58333,-78.625,5.20281772246348e-10
42.58333,-77.625,9.22117772335231e-10
42.58333,-75.125,3.48799873366934e-10
42.58333,-72.41667,3.30808665746969e-09
42.54167,-124.4167,2.37558432827194e-10
42.54167,-123.7917,4.6066882374535e-10
42.54167,-122.8333,3.26057179464398e-10
42.54167,-121.8333,7.17376704824983e-11
42.54167,-121.625,7.04232463298674e-11
42.54167,-120.9583,3.3850743552233e-10
42.54167,-119.7917,4.13893788585974e-11
42.54167,-119.0417,2.32757181724441e-11
42.54167,-118.9167,2.25164356838637e-11
42.54167,-118.7917,2.27030671514371e-11
42.54167,-116.625,2.33483337803718e-10
42.54167,-116.5,2.42520349790862e-10
42.54167,-116.4167,2.48126826810896e-10
42.54167,-115.125,8.19556852800385e-11
42.54167,-114.6667,4.77055988222522e-10
42.54167,-113.0417,8.11145006221061e-11
42.54167,-112.7917,4.09853152274348e-11
42.54167,-110.4167,2.78608381983847e-11
42.54167,-109.7917,1.57116360781844e-10
42.54167,-109.2083,6.15196519059623e-11
42.54167,-108.625,1.39792522292124e-10
42.54167,-108.4583,2.63075896594289e-11
42.54167,-107.7917,1.5230976083987e-10
42.54167,-107.75,2.83732374718393e-11
42.54167,-106.7917,8.06000713431166e-11
42.54167,-106.2917,2.81275398771856e-10
42.54167,-105.9583,7.96923494971319e-11
42.54167,-104.2083,3.31100591115025e-11
42.54167,-103.8333,4.31661806208431e-11
42.54167,-100.625,2.88688111298507e-11
42.54167,-99.83333,1.94333911620464e-11
42.54167,-99.58333,3.21600975474815e-11
42.54167,-98.29167,3.47658321476814e-11
42.54167,-98.08333,5.66762802315926e-11
42.54167,-95.75,1.52074170744631e-10
42.54167,-95.33333,2.18025616916958e-10
42.54167,-94.25,9.28614778307026e-10
42.54167,-93.83333,2.0653022338916e-10
42.54167,-93.79167,1.93024284418907e-10
42.54167,-93.66667,2.40469568347477e-10
42.54167,-90.91667,7.11336179057987e-10
42.54167,-90.45833,7.86191692614764e-10
42.54167,-88.79167,5.42613793995079e-10
42.54167,-85.33333,9.70605531441184e-10
42.54167,-83.58333,8.58349530137416e-09
42.54167,-78.95833,4.85573518998204e-10
42.54167,-76.25,1.41377992750345e-09
42.54167,-76,1.70119745165941e-09
42.54167,-75.25,2.56200761195329e-10
42.54167,-74.75,3.19799043646072e-10
42.54167,-74.45833,1.91888437602138e-10
42.54167,-73.58333,2.61216822121486e-09
42.54167,-73.5,6.56519875895333e-10
42.54167,-71.95833,7.62963858315573e-09
42.5,-123.9583,1.27743931322358e-10
42.5,-122.6667,9.9107406338394e-11
42.5,-121.9167,7.59629283421718e-11
42.5,-121.6667,6.18724066528291e-10
42.5,-119.625,1.868464483842e-10
42.5,-118.125,1.37999893092133e-11
42.5,-117.375,1.85485078100436e-10
42.5,-114.5,5.18113108063384e-09
42.5,-114.2083,4.95337703703009e-10
42.5,-113.9167,3.24741302529304e-10
42.5,-112.375,1.23781361119536e-10
42.5,-112.0417,1.16581841138426e-10
42.5,-110.2083,2.56728275061323e-11
42.5,-107.1667,3.28713932890277e-11
42.5,-107.0417,3.50097796752622e-11
42.5,-106.6667,2.40374994546302e-10
42.5,-105.1667,9.09152389793215e-11
42.5,-105.125,9.16553571974077e-11
42.5,-100.5833,2.87503331572026e-11
42.5,-96.54167,9.51061551583046e-10
42.5,-96.5,3.21960456940068e-09
42.5,-96.16667,5.28842505160104e-10
42.5,-95,2.53699015625067e-10
42.5,-94.54167,2.51715900635812e-10
42.5,-92.625,9.44982213501291e-10
42.5,-92.16667,6.62445430243819e-10
42.5,-92,6.12835244973655e-10
42.5,-91.41667,1.86502847849397e-10
42.5,-90.875,7.33393888649849e-10
42.5,-89.66667,8.06427586896496e-10
42.5,-87.75,5.76763606960586e-08
42.5,-85.66667,1.17301064377343e-09
42.5,-85.45833,1.15114338049999e-09
42.5,-83.5,1.47938491480275e-08
42.5,-78.45833,1.61890425263722e-09
42.5,-77.08333,4.97307472106562e-10
42.5,-76.875,5.67851472536959e-10
42.5,-76.66667,6.19149476841854e-10
42.5,-75.20833,2.20720699656166e-10
42.5,-75.125,4.8055166772222e-11
42.5,-74.08333,7.9880202843833e-10
42.5,-73.16667,1.17406992721292e-09
42.5,-72.375,8.10989778048357e-10
42.5,-72.04167,3.43890102753413e-09
42.45833,-121.875,8.74238175218952e-11
42.45833,-119.9167,4.59360481392981e-11
42.45833,-118.5417,1.53502598112906e-11
42.45833,-117.625,1.68933021338819e-10
42.45833,-114.875,1.35867988313415e-10
42.45833,-114.125,4.15052560616875e-10
42.45833,-113.2917,5.60546768364511e-11
42.45833,-112.7917,3.75922830312881e-11
42.45833,-111.0833,1.63480888193032e-10
42.45833,-110.4583,2.85454323675063e-11
42.45833,-110.125,2.51754735839224e-11
42.45833,-108.875,2.58471378726772e-11
42.45833,-107.4167,1.64443891298324e-10
42.45833,-105.5,2.61944328012957e-10
42.45833,-104.0417,4.70249639335756e-11
42.45833,-101.2083,1.85123572715917e-11
42.45833,-101.1667,2.51804612614012e-11
42.45833,-100.7917,2.71036316077346e-11
42.45833,-99.83333,1.94736342769268e-11
42.45833,-99.29167,1.28055061487324e-11
42.45833,-98.91667,7.65905149319693e-11
42.45833,-96.79167,1.69389916738157e-10
42.45833,-96.75,2.48749536930758e-10
42.45833,-96.41667,2.73086505400834e-09
42.45833,-96.20833,6.58696467846197e-10
42.45833,-96,4.12853065205666e-10
42.45833,-95.04167,3.28706554773269e-10
42.45833,-92.91667,1.51154019218653e-10
42.45833,-92.70833,4.79385372039028e-10
42.45833,-92.16667,5.58910512256901e-10
42.45833,-91.16667,8.15646830365817e-10
42.45833,-90.91667,7.39070965905414e-10
42.45833,-90.83333,2.79915265108141e-09
42.45833,-89.66667,3.40602127095966e-10
42.45833,-88.95833,1.23248712653211e-09
42.45833,-88.79167,8.79201659720293e-10
42.45833,-85.875,8.66271635280674e-10
42.45833,-85.20833,1.00195705492914e-09
42.45833,-84.91667,4.93440035718925e-10
42.45833,-84.66667,5.52798343543715e-10
42.45833,-84.33333,5.66465380005122e-10
42.45833,-84.29167,5.34066564206443e-10
42.45833,-79.45833,5.238725302879e-09
42.45833,-78.375,1.25067538328405e-09
42.45833,-77.79167,2.63460219920074e-10
42.45833,-76.79167,4.2747579678667e-10
42.45833,-76.41667,2.08915426252891e-09
42.45833,-75.91667,1.1493191289368e-09
42.45833,-74.20833,4.80097509573412e-10
42.45833,-74.16667,1.30786623188661e-09
42.45833,-72.125,1.58019468533626e-09
42.45833,-71.125,6.31718430815547e-08
42.41667,-124.25,8.30829179789181e-11
42.41667,-123.375,4.35141521957103e-09
42.41667,-123.1667,5.56068186918617e-10
42.41667,-119.7917,2.30269091091455e-11
42.41667,-119.125,1.49026389918319e-10
42.41667,-118.7083,2.19552552917153e-11
42.41667,-117.1667,1.86726762929566e-10
42.41667,-116.2917,2.36252267489679e-10
42.41667,-116.0417,2.55923556737074e-10
42.41667,-115.25,3.84266306682355e-10
42.41667,-115.2083,3.94255741510961e-10
42.41667,-112.8333,3.55997205933954e-11
42.41667,-112.75,3.72583235496485e-11
42.41667,-111.8333,1.24792518025423e-10
42.41667,-111.4583,4.80417800737487e-11
42.41667,-111.125,1.80161500410039e-10
42.41667,-111.0833,1.72374695954239e-10
42.41667,-108.7083,2.54325323666044e-11
42.41667,-107.6667,1.51951517244781e-10
42.41667,-106,2.61173900457279e-10
42.41667,-104.4583,2.984500821393e-10
42.41667,-102.1667,2.22196156010959e-11
42.41667,-102.0417,2.09234540561483e-11
42.41667,-100.4583,2.86446731905372e-11
42.41667,-100.3333,2.87381861990961e-11
42.41667,-99.58333,3.25550555183771e-11
42.41667,-99.08333,3.85215607750585e-11
42.41667,-97,6.03351282413402e-10
42.41667,-95.66667,3.92178886198062e-10
42.41667,-95.33333,1.61031197648125e-10
42.41667,-92.66667,3.30345226831402e-10
42.41667,-91.875,6.44747319806716e-10
42.41667,-90.91667,7.24646585909742e-10
42.41667,-90.58333,2.30713278569495e-09
42.41667,-90.5,1.28474147265319e-09
42.41667,-90.41667,1.08797776084302e-09
42.41667,-90.25,2.620342165936e-10
42.41667,-89.625,3.61155010740471e-10
42.41667,-89.16667,9.68592344143334e-10
42.41667,-88.83333,8.62940317045108e-10
42.41667,-86.29167,2.84908253353943e-09
42.41667,-86.20833,4.50400218335241e-10
42.41667,-79.16667,1.21080345644845e-09
42.41667,-78.04167,3.60326367779552e-10
42.41667,-74.58333,2.88041366487815e-10
42.41667,-73.79167,7.7168137445078e-10
42.41667,-73.75,9.428048747606e-10
42.41667,-72.875,1.07271283173674e-09
42.41667,-71.91667,3.03514580669997e-09
42.41667,-71.45833,1.51711428744685e-08
42.375,-124.375,1.07856245069817e-10
42.375,-123.5833,5.62204362909104e-10
42.375,-122.7083,1.35644553408986e-09
42.375,-121.0833,6.27907289035299e-11
42.375,-120.7083,4.90235640578928e-10
42.375,-120.5,5.01127268230698e-10
42.375,-119.6667,1.94763144990328e-10
42.375,-118,1.34806881989654e-11
42.375,-117.8333,1.40081220250425e-11
42.375,-115.75,4.59498193046238e-11
42.375,-112.7917,3.57879949187268e-11
42.375,-112.625,1.05289143106465e-10
42.375,-111.875,2.2529934429738e-10
42.375,-111.8333,7.00470749582847e-10
42.375,-110.4583,2.90368422472307e-11
42.375,-110.25,2.67149464814289e-11
42.375,-109.4583,1.5301933823293e-10
42.375,-108.875,2.57932838925698e-11
42.375,-108.8333,2.57022336320587e-11
42.375,-106.7917,3.61911140782151e-11
42.375,-106.2083,2.52775343937866e-10
42.375,-106.0417,2.56143394876204e-10
42.375,-105.1667,2.79068891076566e-10
42.375,-105,1.03916073060425e-10
42.375,-104.5833,7.44893365142912e-11
42.375,-104.4583,7.02322335828611e-11
42.375,-102.5833,3.24486251275949e-11
42.375,-102.2917,2.04702033905834e-11
42.375,-97.70833,6.44933003244849e-11
42.375,-97.54167,8.0217071022625e-11
42.375,-97.33333,8.94717662382923e-11
42.375,-97.08333,1.34920223713034e-10
42.375,-95.75,1.61153188008934e-10
42.375,-95.54167,2.11634883764574e-10
42.375,-94.5,1.29273003783604e-10
42.375,-94.08333,3.95030569900277e-10
42.375,-93.70833,6.98578901876755e-10
42.375,-91.58333,1.14578674254219e-09
42.375,-91.16667,9.9897068916223e-10
42.375,-90.29167,3.74383492821459e-10
42.375,-89.41667,8.21908043482081e-10
42.375,-79.33333,9.36072985950679e-10
42.375,-77.625,1.93334016902828e-09
42.375,-77.41667,1.36183119431634e-09
42.375,-76.29167,7.43849032960705e-10
42.375,-75.625,6.42859358176705e-10
42.375,-75.04167,9.02134756951845e-11
42.375,-74.20833,4.49729557683427e-10
42.375,-73.875,1.90298157472981e-09
42.375,-72.41667,2.056245797036e-09
42.375,-72.04167,3.45402694038292e-09
42.375,-71.58333,1.4801109039268e-08
42.33333,-123.7917,3.22906179518985e-11
42.33333,-123.5,5.61992367399372e-11
42.33333,-123.2083,6.43137945996719e-10
42.33333,-122.9167,5.17331746648623e-09
42.33333,-122.25,5.12601674035254e-10
42.33333,-121.8333,1.53456984398277e-10
42.33333,-121.0417,6.1969531944428e-11
42.33333,-118.5833,1.4612221583985e-11
42.33333,-118.3333,3.40800981336412e-11
42.33333,-118.0417,5.40847195573571e-11
42.33333,-116.25,2.25069203005539e-10
42.33333,-116.1667,2.30255791427112e-10
42.33333,-115.4583,3.23851169956069e-10
42.33333,-113.2917,7.13783542287434e-11
42.33333,-112,6.47087311345119e-10
42.33333,-111.875,2.42356730982483e-10
42.33333,-111.4167,5.39937090989681e-11
42.33333,-108.0833,1.39752455839807e-10
42.33333,-105,1.05525951426862e-10
42.33333,-104.7083,9.45072378224392e-11
42.33333,-103.5,5.44294682002766e-11
42.33333,-102.8333,3.82829710556659e-11
42.33333,-101.6667,2.93544612789694e-11
42.33333,-101.5,2.88933089267603e-11
42.33333,-101.2083,2.92267618292963e-11
42.33333,-101.1667,2.92871188119839e-11
42.33333,-99.33333,3.24038189752469e-11
42.33333,-99.25,3.24750639327607e-11
42.33333,-98.33333,2.92961996809113e-11
42.33333,-97.5,1.43273060937887e-10
42.33333,-97.375,9.06676178082046e-11
42.33333,-95.91667,2.59929547535876e-10
42.33333,-95.29167,2.07160643997326e-10
42.33333,-93.75,3.32456611221834e-10
42.33333,-91.625,3.66711507954002e-10
42.33333,-90.54167,6.67293062893668e-10
42.33333,-89.91667,3.69293107474074e-10
42.33333,-89.75,3.73314752999417e-09
42.33333,-88.20833,3.8102994397838e-09
42.33333,-85.66667,3.39648002374547e-09
42.33333,-85.5,2.36762057634911e-09
42.33333,-84.08333,1.68911402881237e-09
42.33333,-83.625,3.38975028352643e-09
42.33333,-75.66667,6.01699661821788e-10
42.33333,-75.125,2.07149314350284e-10
42.33333,-75,2.8265458236042e-10
42.33333,-74.33333,2.00245668427652e-10
42.33333,-72.58333,4.62215420765866e-09
42.29167,-122.2083,7.52561307997306e-11
42.29167,-120.1667,3.00780143740925e-10
42.29167,-119.7917,2.33314433814763e-11
42.29167,-118.4167,3.31855859768018e-11
42.29167,-118.25,3.42444147515812e-11
42.29167,-118.125,5.28967491151452e-11
42.29167,-117.7917,1.39183700045067e-11
42.29167,-115.4583,3.15065608515304e-10
42.29167,-115.25,3.55373259369663e-10
42.29167,-114.5417,8.39376985372805e-11
42.29167,-114.2083,5.07744515336153e-10
42.29167,-114,6.89256605993802e-11
42.29167,-112.5417,3.60299053329444e-10
42.29167,-112.1667,8.34374815311063e-11
42.29167,-110.2083,2.69805608079611e-11
42.29167,-109.875,1.71030418865881e-10
42.29167,-109.4583,1.57002724517028e-10
42.29167,-108.2083,1.35424374554208e-10
42.29167,-106.0833,2.46147746034726e-10
42.29167,-105.4583,2.60501832645102e-10
42.29167,-105.0417,1.02423516267496e-10
42.29167,-104.75,9.84010033809924e-11
42.29167,-102.7917,4.06129577295026e-11
42.29167,-101.9167,6.38766616887196e-11
42.29167,-101.875,6.26065770416057e-11
42.29167,-101.6667,2.94825375518726e-11
42.29167,-101.2917,2.89724086617581e-11
42.29167,-100.8333,3.15074061000436e-11
42.29167,-99.16667,4.00186404152466e-11
42.29167,-98.91667,1.49146158335518e-10
42.29167,-98.75,3.02531604539064e-11
42.29167,-98.375,2.90757214799037e-11
42.29167,-96.91667,9.49110435227848e-11
42.29167,-96.41667,6.06624001794356e-10
42.29167,-95.45833,1.07215540432485e-10
42.29167,-94.70833,1.58012718981316e-10
42.29167,-94.20833,1.10301837576942e-09
42.29167,-91,2.35112082565102e-10
42.29167,-90.66667,3.35480848095755e-10
42.29167,-89.54167,5.58168350534832e-10
42.29167,-88.66667,1.10589521306615e-09
42.29167,-86.125,1.29533840652786e-09
42.29167,-85.125,8.85795497802541e-10
42.29167,-85.04167,1.15459692644546e-09
42.29167,-84.66667,6.35199333504112e-10
42.29167,-84.625,6.7780000961906e-10
42.29167,-83.95833,1.53418850925204e-09
42.29167,-79.79167,3.57803611539314e-09
42.29167,-79.20833,6.09540457716614e-10
42.29167,-74.66667,4.90642285654449e-10
42.29167,-73.125,4.07789495432079e-10
42.29167,-72.91667,6.82275293830128e-10
42.29167,-72.875,8.67296134597254e-10
42.25,-123.875,7.97131650458863e-10
42.25,-121.5,2.4048116451311e-10
42.25,-121.2083,5.15088668053817e-10
42.25,-120.4167,9.46500987127594e-11
42.25,-118.0833,5.313245505739e-11
42.25,-116.8333,1.81543839185527e-10
42.25,-116.125,2.2352282813631e-10
42.25,-114.0833,1.18707092558189e-10
42.25,-113.0417,7.30992803229088e-11
42.25,-112.625,3.43328586136519e-10
42.25,-112.25,1.01608926096196e-10
42.25,-111.6667,2.62621954044749e-10
42.25,-110.5833,2.2227667302514e-10
42.25,-106.3333,2.31978283429789e-10
42.25,-105.2917,3.47195707154504e-11
42.25,-102.4167,2.40392813998619e-11
42.25,-102.1667,1.34703609306775e-10
42.25,-101.4583,2.87015704126747e-11
42.25,-101.4167,2.87155675488774e-11
42.25,-99.33333,3.31254868602921e-11
42.25,-99.04167,1.49797661040715e-10
42.25,-97.95833,5.69356531959728e-11
42.25,-95.5,1.02197211186483e-10
42.25,-95.375,1.08137565961806e-10
42.25,-93.91667,2.55870090143873e-10
42.25,-92.45833,3.01528031149881e-10
42.25,-92.375,2.73942768754747e-10
42.25,-91.95833,2.28767247571807e-10
42.25,-90.125,3.05751292931693e-10
42.25,-89.83333,4.6062548760768e-10
42.25,-88.95833,1.33986241702963e-09
42.25,-88.25,6.71495385163275e-09
42.25,-86.25,1.74557538193675e-09
42.25,-86.16667,2.6198959035267e-09
42.25,-85.54167,8.11170689946463e-09
42.25,-78.54167,3.24282339110655e-10
42.25,-76.83333,1.46209601268938e-09
42.25,-76.375,1.01842076062516e-09
42.25,-75.5,6.58545768686174e-10
42.25,-72.45833,6.22027300321907e-09
42.25,-71.5,2.57963190582398e-08
42.25,-71.375,1.11958462649771e-08
42.25,-70.83333,2.15546876884019e-08
42.20833,-124.3333,1.11324427531693e-10
42.20833,-123.75,5.98451965295129e-10
42.20833,-119.0833,1.46803823864393e-10
42.20833,-118.1667,5.20180308218665e-11
42.20833,-116.0417,3.55238198072157e-11
42.20833,-114.7083,1.65160545594152e-10
42.20833,-114.2917,4.70395075782843e-10
42.20833,-112.7917,8.29036880287782e-11
42.20833,-111.6667,2.8251202765428e-10
42.20833,-111.5,5.32484236303292e-10
42.20833,-111,2.13916101339044e-11
42.20833,-110.9583,2.05624091797772e-11
42.20833,-109.4167,3.92603809204195e-11
42.20833,-107.75,1.44246702068922e-10
42.20833,-107.1667,1.73154369538118e-10
42.20833,-107.125,1.75912798036922e-10
42.20833,-107.0417,1.81553649428235e-10
42.20833,-106.4167,2.23203656159285e-10
42.20833,-104.75,2.00389514330264e-10
42.20833,-103.2917,3.74003715528637e-11
42.20833,-103.0417,4.40532274581773e-11
42.20833,-102.25,1.44858147741297e-10
42.20833,-101.2917,2.86656688072951e-11
42.20833,-101.125,2.95045368503231e-11
42.20833,-101,3.04445034037855e-11
42.20833,-99.45833,3.37274257722309e-11
42.20833,-97.75,6.92552173110483e-11
42.20833,-97.70833,1.15049385032801e-10
42.20833,-96.95833,1.28662553876325e-10
42.20833,-95.91667,7.41941662200524e-10
42.20833,-93.58333,3.3112354620825e-10
42.20833,-92.41667,2.79014926373398e-10
42.20833,-92.25,2.69159124578697e-10
42.20833,-91.95833,2.38780127653676e-10
42.20833,-90.25,3.02019132580901e-10
42.20833,-90.16667,3.22281302809805e-10
42.20833,-89.29167,1.17228797292233e-09
42.20833,-89.16667,4.73637659391245e-09
42.20833,-88.04167,1.45076238185574e-08
42.20833,-87.79167,1.03527031712566e-07
42.20833,-85.54167,1.0010158282251e-08
42.20833,-83.70833,1.00810039199757e-08
42.20833,-83.33333,1.85043233574841e-08
42.20833,-77.83333,3.8178694952774e-10
42.20833,-75.41667,3.94841175109121e-10
42.20833,-71.625,8.27668990891489e-09
42.20833,-71.45833,2.60493946282876e-08
42.20833,-71.29167,1.75724852150693e-08
42.16667,-123.75,9.23387341013251e-11
42.16667,-122.4583,1.62584377802579e-10
42.16667,-122.25,5.538631419374e-10
42.16667,-121.4583,1.11112908634651e-10
42.16667,-120.6667,7.88693845551624e-11
42.16667,-118.3333,3.32920636710954e-11
42.16667,-117.7083,5.64610619142191e-11
42.16667,-117.3333,1.61056077795949e-10
42.16667,-116.25,2.02714874436136e-10
42.16667,-115.8333,3.79439092655487e-11
42.16667,-114.3333,4.4750159172276e-10
42.16667,-114.1667,4.04024332083182e-10
42.16667,-113.9583,5.58631302055617e-11
42.16667,-113.8333,5.23578936790616e-11
42.16667,-113.75,4.98639692574711e-11
42.16667,-112.7917,8.35949627888447e-11
42.16667,-110.875,1.91676338868386e-11
42.16667,-110.0833,1.84874374421275e-10
42.16667,-106.6667,3.46953723748824e-11
42.16667,-106.5833,3.5590658177444e-11
42.16667,-105.25,3.5416494999855e-11
42.16667,-104.7083,1.93668792989869e-10
42.16667,-104.1667,4.25035626312406e-11
42.16667,-101.5,2.84517454667648e-11
42.16667,-99.375,3.42473209831954e-11
42.16667,-96.5,2.390564424835e-10
42.16667,-96.08333,4.2557278661307e-10
42.16667,-94.20833,2.28549480173112e-10
42.16667,-91.66667,5.61757802866421e-10
42.16667,-91.58333,4.71338445548822e-10
42.16667,-91.08333,3.5519612556009e-10
42.16667,-90.375,6.78163320219047e-10
42.16667,-90.29167,3.76674894122273e-10
42.16667,-89.75,9.80470285211489e-10
42.16667,-88.75,5.9390836339147e-10
42.16667,-87.83333,7.55661089923357e-08
42.16667,-86.41667,2.01111987498266e-08
42.16667,-85.83333,8.10382035701361e-10
42.16667,-85.79167,7.85280290378218e-10
42.16667,-85.54167,3.813917793361e-09
42.16667,-85.08333,2.08023089688904e-09
42.16667,-85.04167,1.93623684267902e-09
42.16667,-83.125,2.47886112896706e-08
42.16667,-80.16667,2.98176305246267e-08
42.16667,-78.75,1.32647424514586e-09
42.16667,-78.375,1.26417160298173e-09
42.16667,-77.29167,1.5168477723217e-09
42.16667,-76.95833,2.86511582044876e-09
42.16667,-75.29167,6.73870859688819e-10
42.16667,-75.16667,1.19087059799662e-09
42.16667,-74.41667,5.30230361897912e-10
42.16667,-73.79167,3.5671004476164e-10
42.16667,-72.75,1.81232609770791e-08
42.16667,-72.375,3.60716727456455e-09
42.125,-123.9583,1.5006749171904e-10
42.125,-120.0833,2.85298052230199e-11
42.125,-118.4583,3.23234321073049e-11
42.125,-117.375,1.58870471428005e-10
42.125,-117.0417,1.65225295312444e-10
42.125,-116.75,1.73603053912356e-10
42.125,-115.9583,3.51144192046115e-11
42.125,-113.7917,4.95464091492736e-11
42.125,-113.5,7.47004472796353e-11
42.125,-113.25,6.82602200042151e-11
42.125,-110.75,2.5299441211023e-10
42.125,-110.5417,2.96500097657632e-11
42.125,-110.1667,1.90872557207529e-10
42.125,-108.8333,1.5487963270911e-10
42.125,-108.375,1.37629432146e-10
42.125,-106.0833,2.30744730672283e-10
42.125,-105.8333,2.44241566643284e-10
42.125,-104.9583,6.77049978146038e-11
42.125,-103.375,4.12740539850807e-11
42.125,-102.7917,1.72736560735029e-10
42.125,-100.6667,9.23752134512525e-11
42.125,-99.29167,3.5530772375091e-11
42.125,-99.25,3.59259223703091e-11
42.125,-97.66667,1.24970760488149e-10
42.125,-95.25,2.39181873899268e-10
42.125,-94.33333,1.99085341897642e-10
42.125,-91.83333,7.70433179359622e-10
42.125,-91.08333,4.94782312923911e-10
42.125,-89,1.18005736696966e-09
42.125,-85.04167,1.94511381593618e-09
42.125,-84.91667,5.18253802420732e-10
42.125,-84.70833,7.22562929714341e-10
42.125,-84.58333,8.39211423410592e-10
42.125,-84.33333,1.31307133604765e-09
42.125,-80,2.12751795209678e-09
42.125,-79.125,2.06714743841542e-09
42.125,-78.625,2.29752340746392e-09
42.125,-78.25,8.93522117082259e-10
42.125,-77.41667,4.93052786646454e-10
42.125,-77.16667,1.50359093209009e-09
42.125,-76.91667,1.12820779330263e-09
42.125,-71.95833,3.07645877781044e-09
42.125,-71.79167,3.0311490889345e-09
42.08333,-124.3333,7.93000378172404e-10
42.08333,-120.9167,3.71501590983842e-10
42.08333,-120.5,7.29542609386307e-11
42.08333,-119.5833,1.84400509646333e-10
42.08333,-119.4167,1.7076125317566e-10
42.08333,-119.2917,1.6162927729875e-10
42.08333,-118.5833,3.16452173452408e-11
42.08333,-117.2917,1.59037593950042e-10
42.08333,-116.1667,7.76761691438413e-11
42.08333,-116.0833,2.08769504009196e-10
42.08333,-116.0417,2.12272015113829e-10
42.08333,-114.9583,3.50972479848317e-10
42.08333,-112.2917,9.53479605562177e-11
42.08333,-111.25,1.50721869799259e-10
42.08333,-110.7917,2.61681482438016e-10
42.08333,-110.6667,2.41577329644363e-10
42.08333,-110.5,2.93206645494488e-11
42.08333,-110.375,2.05300471629972e-10
42.08333,-109.25,1.71743108266295e-10
42.08333,-108.7083,1.52831217097614e-10
42.08333,-108,1.37142563549647e-10
42.08333,-107.0833,1.72600982220258e-10
42.08333,-106.5417,2.05120382182849e-10
42.08333,-105.5833,2.60175285418093e-10
42.08333,-105.5417,2.62546052481424e-10
42.08333,-105.5,2.64905902218625e-10
42.08333,-105.4583,2.67260118656202e-10
42.08333,-105.125,3.7875981075681e-11
42.08333,-103.4167,4.59541870913333e-11
42.08333,-103.2083,4.10937995884886e-11
42.08333,-103.0417,4.92301248314578e-11
42.08333,-102.4167,2.56760926894422e-11
42.08333,-102.2917,1.53881552057577e-10
42.08333,-102.0417,1.47236212018849e-11
42.08333,-100,1.59757500536015e-10
42.08333,-97.125,1.1784939246676e-10
42.08333,-96.20833,2.74206646991662e-10
42.08333,-95.45833,2.15239513031064e-10
42.08333,-95.29167,2.28005879281609e-10
42.08333,-94.625,1.82301011816815e-10
42.08333,-93.41667,1.18215449276441e-09
42.08333,-93,1.66675058854402e-09
42.08333,-92.25,2.44892153565842e-10
42.08333,-90.75,2.60969923007553e-10
42.08333,-90.5,1.71561402280446e-09
42.08333,-89.45833,1.10261474264595e-09
42.08333,-88.625,1.00195124689449e-09
42.08333,-88.29167,8.08391726677978e-09
42.08333,-88.20833,2.31977723822839e-08
42.08333,-86.20833,9.21757082652966e-10
42.08333,-84.79167,8.88947476796377e-10
42.08333,-84.54167,7.35881736676497e-10
42.08333,-84.375,1.20403403506912e-09
42.08333,-84.33333,1.0376325767012e-09
42.08333,-84.08333,1.1717622181676e-09
42.08333,-78.95833,1.24974253938264e-09
42.08333,-78.75,6.77513296514016e-10
42.08333,-77.625,7.31810089835179e-10
42.08333,-77.33333,7.07044630773639e-10
42.08333,-77.125,4.39550237406529e-10
42.08333,-76.54167,1.65128733754968e-09
42.08333,-75.66667,5.32625028487073e-10
42.08333,-75.125,2.72160787620707e-10
42.08333,-71.45833,7.48546720153423e-09
42.08333,-70.95833,1.13726311591812e-08
42.04167,-123.1667,3.50095676004076e-10
42.04167,-122.9583,3.7289297569423e-10
42.04167,-119.875,2.37413313155745e-11
42.04167,-117.0833,1.63426157595909e-10
42.04167,-116.4583,1.82326337413123e-10
42.04167,-115.4167,2.71625722396295e-10
42.04167,-115.25,1.00421237034497e-10
42.04167,-115.0417,1.10577118511408e-10
42.04167,-114.6667,1.27218429948082e-10
42.04167,-114.5417,1.29073772596143e-10
42.04167,-113.7917,4.6745762884977e-11
42.04167,-113,7.62859905938159e-11
42.04167,-112.2083,1.04901834393657e-10
42.04167,-111.6667,5.7903397610815e-10
42.04167,-108.3333,8.27433656141218e-11
42.04167,-107.875,1.90673736651047e-11
42.04167,-107.75,1.41297730899614e-10
42.04167,-107.2917,1.59077990346656e-10
42.04167,-107.0417,1.7304059081637e-10
42.04167,-106.875,3.23789967389231e-11
42.04167,-105.7083,2.54518695098822e-10
42.04167,-104.9583,2.257164556834e-10
42.04167,-101.75,1.81665196274425e-11
42.04167,-100.75,9.18676795201975e-11
42.04167,-98.875,4.15135476069589e-11
42.04167,-96.83333,1.35037385314533e-10
42.04167,-94.70833,1.82932182983072e-10
42.04167,-94.125,3.89030526534191e-10
42.04167,-93.66667,3.17014279280499e-09
42.04167,-88.08333,1.89076050097508e-08
42.04167,-85.33333,1.51532570670723e-09
42.04167,-85.16667,1.403936122718e-09
42.04167,-80.5,3.6978873920385e-09
42.04167,-80.08333,9.63646382323923e-09
42.04167,-78.29167,3.5866638890589e-10
42.04167,-78.125,4.41937174619808e-10
42.04167,-76.70833,1.57876769078331e-09
42.04167,-75.16667,7.47179400910591e-10
42.04167,-74.58333,6.70034816313034e-11
42.04167,-74.41667,1.13221063552859e-10
42.04167,-74.33333,3.01996866576849e-10
42.04167,-74.25,3.27864275027373e-10
42.04167,-74.04167,7.88350245690667e-10
42.04167,-73.29167,3.35141698527279e-10
42.04167,-72.70833,4.88497701017246e-09
42.04167,-71.625,3.54304269019745e-09
42.04167,-70.91667,1.27112958759658e-08
42,-123.6667,2.04598597514395e-10
42,-123.5,1.0877204067616e-09
42,-122.125,1.09263452150462e-10
42,-121.5417,4.06269988344519e-10
42,-120.2083,5.91333124134422e-11
42,-118.5417,3.15941318749926e-11
42,-118.375,3.26223951858035e-11
42,-118.2917,3.31845420521066e-11
42,-117.5833,1.52892279091498e-10
42,-116.9583,1.6603405360491e-10
42,-116.125,7.6738096366546e-11
42,-115.3333,9.36583845163396e-11
42,-114.4167,3.50043616228283e-10
42,-112.9583,7.94362232354979e-11
42,-112.375,3.43763036508975e-10
42,-111.2083,9.24894252120335e-11
42,-110.2917,2.05570174148177e-10
42,-110.0833,2.6047058242979e-11
42,-109.125,1.78922332487939e-10
42,-108.5833,1.52564989436216e-10
42,-105.8333,2.48259851424891e-10
42,-105.625,2.62148842139441e-10
42,-105.4167,3.58415550775099e-11
42,-103.625,6.10729361370698e-11
42,-102.8333,3.10254103487266e-10
42,-102.625,3.38702986538052e-11
42,-102.5,2.8116413975178e-11
42,-102.4583,2.67341111010483e-11
42,-102.1667,1.60443931419936e-11
42,-101.4583,2.82504878362718e-11
42,-100.9167,3.17554226239467e-11
42,-98.625,5.20016212008423e-11
42,-97.58333,1.47265572535024e-10
42,-95.29167,2.16537785238905e-10
42,-94.41667,1.82927510153488e-10
42,-92.875,1.10764698616101e-09
42,-90.79167,3.1696568826393e-10
42,-89.66667,6.78251873010489e-10
42,-87.91667,3.82813059023892e-08
42,-85.875,6.64180790660151e-10
42,-83.83333,7.09992222272937e-10
42,-83.79167,8.87249931210441e-10
42,-83.375,4.39502227027483e-09
42,-79.20833,2.07380897514726e-09
42,-78.5,2.13058815634302e-09
42,-77.70833,7.84963997156457e-11
42,-77.29167,6.47313747117211e-10
42,-77.125,3.51547169898848e-10
42,-75.41667,5.53415018657424e-10
42,-75.33333,4.47659812414244e-10
42,-73.66667,7.84799081906005e-10
42,-73.54167,3.79353746129538e-10
42,-73.16667,6.23177896721871e-10
42,-73.04167,7.37196999546293e-10
42,-72.75,7.5207888786225e-09
41.95833,-123.4167,4.08907709678173e-10
41.95833,-123.2917,1.96476279756848e-11
41.95833,-120.9583,3.79314304462071e-10
41.95833,-120.7083,3.15848477877213e-10
41.95833,-119.2083,1.57755535521683e-10
41.95833,-118.2917,1.34568220022249e-10
41.95833,-117.6667,1.51233579293487e-10
41.95833,-116.75,1.70300698169707e-10
41.95833,-116.5833,1.73980687180931e-10
41.95833,-115.625,2.34726055388395e-10
41.95833,-113.4583,6.95901579120973e-11
41.95833,-112.9583,5.78879903620114e-11
41.95833,-112.625,7.53211397701304e-11
41.95833,-110.875,3.0374377843242e-10
41.95833,-109.9583,1.91209337458803e-10
41.95833,-109.9167,1.89950057806191e-10
41.95833,-108.1667,1.38786032682497e-10
41.95833,-107.5833,1.97569958125884e-11
41.95833,-105.5,2.79949224213244e-10
41.95833,-104,7.29185160936892e-10
41.95833,-103.5417,1.49101760566464e-10
41.95833,-102.5,2.75657737923996e-11
41.95833,-99.875,1.63853101631165e-10
41.95833,-99.58333,4.43597915338819e-11
41.95833,-99.33333,3.87859064326876e-11
41.95833,-99.16667,4.08012215178052e-11
41.95833,-96.375,1.55826939309486e-10
41.95833,-95.625,3.0638699036367e-10
41.95833,-94.875,2.91532442093867e-10
41.95833,-93.125,4.51557599664757e-10
41.95833,-92.58333,2.03309654873864e-09
41.95833,-91.125,8.87346470593537e-10
41.95833,-89.41667,3.91950064202141e-10
41.95833,-89.08333,1.04909167045338e-09
41.95833,-86.20833,7.52307860406803e-10
41.95833,-85.33333,9.49972807214034e-10
41.95833,-84.54167,2.95210654558171e-10
41.95833,-83.45833,3.30456231236275e-09
41.95833,-83.29167,4.08047460700356e-09
41.95833,-78.70833,4.85776736099154e-10
41.95833,-77.95833,1.79527375237848e-10
41.95833,-77.83333,1.59560423725045e-10
41.95833,-77,8.93476324486809e-10
41.95833,-76.91667,5.64831723306846e-10
41.95833,-76.875,5.2227606870111e-10
41.95833,-76.29167,3.01848561573969e-10
41.95833,-75.625,5.07579170794492e-10
41.95833,-74.375,7.03743955391692e-10
41.95833,-72.91667,2.84169064163677e-09
41.95833,-72.25,1.66901193937752e-09
41.91667,-122.7083,6.76701026766005e-11
41.91667,-122.0417,1.05077634131143e-10
41.91667,-121.9583,1.14916367427165e-10
41.91667,-120,2.4073486742409e-10
41.91667,-119.9583,2.13314248121153e-12
41.91667,-119.6667,1.80327118242834e-12
41.91667,-119,1.4676608135377e-10
41.91667,-115.9167,2.09413009945548e-10
41.91667,-115.5,2.40843041796248e-10
41.91667,-114.5,3.16293369905566e-10
41.91667,-113.75,2.81752628942526e-10
41.91667,-112.2917,4.23758153344328e-10
41.91667,-112.2083,4.80647629435929e-10
41.91667,-112.125,4.6273523545058e-10
41.91667,-109.625,1.92235485983451e-10
41.91667,-109.5833,1.92511659482555e-10
41.91667,-108.5417,1.55726750982343e-10
41.91667,-107.5,1.99513415524059e-11
41.91667,-106.9167,3.07770623359049e-11
41.91667,-105.5833,2.783601599523e-10
41.91667,-105,4.05455010721695e-11
41.91667,-104.2083,7.97010778459818e-11
41.91667,-102.6667,3.22100895199977e-11
41.91667,-100.375,3.54503575405464e-11
41.91667,-99.91667,4.01110804035665e-11
41.91667,-98.625,5.5995181747278e-11
41.91667,-98.5,5.69308093440921e-11
41.91667,-98,7.8004078030709e-11
41.91667,-97.875,6.76861148483767e-11
41.91667,-97.29167,3.2978580511726e-10
41.91667,-97.25,3.13658889417155e-10
41.91667,-97.08333,1.40039275748077e-10
41.91667,-96.66667,1.31532056549697e-10
41.91667,-95.04167,2.50601776866118e-10
41.91667,-94.33333,2.14750974478792e-10
41.91667,-94,3.56289249577369e-10
41.91667,-93.41667,6.3551212635291e-10
41.91667,-92.83333,1.09892807320652e-09
41.91667,-92.33333,1.15454049639417e-09
41.91667,-91.41667,1.60496638392553e-09
41.91667,-91.33333,5.18265671480287e-10
41.91667,-91,1.84844098602187e-10
41.91667,-90.91667,2.16049273193611e-10
41.91667,-90.66667,1.71224597255004e-10
41.91667,-89.875,2.90552635146426e-10
41.91667,-89.375,2.92560908354666e-10
41.91667,-87.875,2.60168418522195e-08
41.91667,-87.625,3.50720615325593e-08
41.91667,-85.875,4.30205187698842e-10
41.91667,-85.5,2.46290825782129e-09
41.91667,-83.83333,1.16618576173749e-09
41.91667,-79.625,2.56102425325058e-09
41.91667,-79.20833,4.85215560369562e-10
41.91667,-79.16667,4.81597736645244e-10
41.91667,-79,2.31131285947668e-10
41.91667,-78.29167,4.65408383215769e-10
41.91667,-76.54167,2.67854530047953e-09
41.91667,-75,4.17605432273268e-10
41.91667,-74.83333,3.16506320673264e-10
41.91667,-74.41667,2.77568004691066e-10
41.91667,-74.29167,1.91944674176553e-11
41.91667,-72.45833,8.2154286336459e-09
41.91667,-72,2.70609892439645e-09
41.91667,-71.83333,8.49360203361815e-10
41.91667,-71.79167,1.41496466392821e-09
41.91667,-70.83333,3.25833482118957e-09
41.875,-120.625,2.93885489989264e-10
41.875,-119.6667,1.817654755388e-12
41.875,-118.5417,1.30675754435202e-10
41.875,-117.8333,5.48132136830266e-11
41.875,-116.6667,1.71422395810373e-10
41.875,-116.25,1.92496785271094e-10
41.875,-115.75,2.16617062351004e-10
41.875,-114.4583,2.99777803300068e-10
41.875,-114.4167,2.98315609493105e-10
41.875,-113.6667,6.12222417736308e-11
41.875,-113.4167,5.80131192742472e-11
41.875,-111.9167,8.72065156292596e-10
41.875,-111.7083,6.34398393221199e-10
41.875,-110.625,3.43168686396234e-11
41.875,-110.125,2.02783786389784e-10
41.875,-109.9167,1.95324908721887e-10
41.875,-109.3333,1.99673316705062e-10
41.875,-109,1.92776175816203e-10
41.875,-108.0417,1.39388177258788e-10
41.875,-107.25,7.39834879726652e-10
41.875,-106,2.40803320004991e-10
41.875,-105.9167,2.48742276921712e-10
41.875,-105.7083,2.71965352210956e-10
41.875,-105,4.12866271874009e-11
41.875,-102.5417,2.70745863441542e-11
41.875,-99.54167,4.6769018251398e-11
41.875,-97.375,1.77308632545551e-10
41.875,-96.75,2.31669510662535e-10
41.875,-96.29167,1.78614522016839e-10
41.875,-92.66667,5.33322963832189e-10
41.875,-92.20833,4.44672046470357e-10
41.875,-92.04167,5.10841730495236e-10
41.875,-91.33333,4.51246744030462e-10
41.875,-89.08333,3.00529802285965e-10
41.875,-87.875,2.79931310391807e-08
41.875,-86.45833,8.70008096785169e-10
41.875,-85.375,2.6840705358499e-09
41.875,-85.125,7.14341736289887e-10
41.875,-84.125,9.63753485547032e-10
41.875,-81.04167,3.71096913751416e-09
41.875,-80.79167,1.29099105547296e-09
41.875,-79.79167,7.09594335814707e-10
41.875,-79.70833,4.61643818913798e-10
41.875,-79.58333,2.94230047265129e-10
41.875,-78.45833,3.76438567019737e-10
41.875,-76.58333,1.40965820893454e-09
41.875,-75.83333,4.81605645273688e-10
41.875,-75.66667,5.05219285996981e-10
41.875,-75.25,4.52410263173806e-10
41.875,-75.08333,3.90609856906622e-10
41.875,-71.66667,2.36079100549803e-09
41.875,-71.33333,2.0059964888709e-08
41.83333,-122.375,1.08792568393741e-10
41.83333,-120.125,8.73425616129718e-11
41.83333,-119.2917,1.66480298134174e-10
41.83333,-118.25,1.19184170447384e-11
41.83333,-115.4167,2.35177355686607e-10
41.83333,-115,6.13973002283208e-11
41.83333,-112.0833,2.62210156738407e-09
41.83333,-111.9583,9.88981615078972e-10
41.83333,-111.625,5.79458215816162e-10
41.83333,-110.9583,2.52613852670285e-11
41.83333,-110.125,2.05398590551509e-10
41.83333,-109.7083,2.00527386793841e-10
41.83333,-109.4167,2.04801971542627e-10
41.83333,-108.7083,1.75053033195499e-10
41.83333,-108.125,8.41669264419886e-11
41.83333,-107.5,1.98693796530396e-11
41.83333,-107,1.66219254576219e-10
41.83333,-106.875,1.74045361355794e-10
41.83333,-105.4583,3.04534854773968e-10
41.83333,-103.125,9.7721168948053e-11
41.83333,-103.0417,1.00536473985231e-10
41.83333,-102.7917,4.04927303501408e-11
41.83333,-102.6667,6.59774531195006e-11
41.83333,-102.0417,6.85955054777663e-11
41.83333,-100.6667,3.65884201746581e-11
41.83333,-99.25,4.31159197444951e-11
41.83333,-98.79167,1.50174942005222e-10
41.83333,-98.66667,6.03251575907698e-11
41.83333,-98,1.01116381913509e-10
41.83333,-96.45833,1.8219796461123e-10
41.83333,-92.08333,4.71606392062351e-10
41.83333,-89.95833,4.8225572754638e-10
41.83333,-89.25,3.92662759505513e-10
41.83333,-88.66667,6.65887717529355e-10
41.83333,-85.16667,1.63653032052054e-09
41.83333,-84.58333,1.28206599879769e-09
41.83333,-79.75,1.5564421446416e-09
41.83333,-76.70833,5.2023462427259e-10
41.83333,-76.41667,4.18493590507073e-10
41.83333,-75.75,5.4371290162455e-10
41.83333,-74.91667,5.15515959832235e-10
41.83333,-74.04167,1.37703564106399e-08
41.83333,-73.125,1.33124567336455e-09
41.83333,-72.375,6.98465691580115e-09
41.83333,-71.45833,1.56787442408045e-08
41.83333,-70.95833,2.63714990217417e-09
41.79167,-122.9583,1.03481395456532e-10
41.79167,-122.75,2.37272908844465e-10
41.79167,-121.875,1.96651067197545e-10
41.79167,-119.7917,2.00889667415415e-12
41.79167,-119.5,1.84699138648753e-10
41.79167,-118.4167,1.36008368791893e-10
41.79167,-117.5417,1.55815745314498e-10
41.79167,-117.3333,1.60043469990034e-10
41.79167,-116.5,1.79675728654161e-10
41.79167,-116.2083,1.96144624833356e-10
41.79167,-115.875,2.12517604459469e-10
41.79167,-115,5.91557283412596e-11
41.79167,-114.875,6.08085531526457e-11
41.79167,-114,4.88603250910247e-11
41.79167,-113.375,5.95149094780723e-11
41.79167,-113.25,6.09458321500996e-11
41.79167,-112.625,7.90852084120484e-11
41.79167,-112.0417,2.16426453041421e-12
41.79167,-110.25,1.16819413265132e-10
41.79167,-108.4583,1.57246205500666e-10
41.79167,-108.375,1.52352994235786e-10
41.79167,-107.5,1.99301966559313e-11
41.79167,-107.1667,1.56255856755429e-10
41.79167,-106.25,2.21732548693473e-10
41.79167,-105.2917,4.14746365676679e-11
41.79167,-104.2083,3.64930418155059e-10
41.79167,-104,3.61453553004524e-10
41.79167,-102.8333,9.71420520377056e-11
41.79167,-102.0833,6.95830168237488e-11
41.79167,-100.7917,2.22486979348843e-11
41.79167,-100.25,3.93844428195515e-11
41.79167,-100.125,3.93112493629025e-11
41.79167,-99.20833,4.49871748350122e-11
41.79167,-98.91667,5.04525451598519e-11
41.79167,-98.29167,5.87905132431928e-11
41.79167,-95.70833,2.04515673736844e-10
41.79167,-92.20833,1.32223460141781e-09
41.79167,-92.16667,1.36068085482087e-09
41.79167,-90.625,8.99861511114074e-10
41.79167,-89.54167,1.45915237786679e-10
41.79167,-89.08333,8.88101320380448e-10
41.79167,-88.625,6.00246790761917e-10
41.79167,-83.75,3.39788289478989e-09
41.79167,-80.54167,5.41226423295134e-10
41.79167,-80.33333,1.36763810949163e-09
41.79167,-77.91667,1.75418984612535e-10
41.79167,-76.33333,3.41247275024611e-10
41.79167,-76,2.9271256677527e-10
41.79167,-73.625,1.3345353690636e-09
41.79167,-72.83333,3.08742992255977e-08
41.79167,-72.125,1.41053366239868e-09
41.75,-123.7083,7.05293815793381e-10
41.75,-121.125,4.04318930015491e-10
41.75,-120.375,5.24890450385751e-11
41.75,-119.8333,2.09805261992597e-12
41.75,-119.0417,1.5162104958558e-10
41.75,-118.2083,1.22490495352873e-11
41.75,-116.25,1.94679802622786e-10
41.75,-113.6667,6.12926215307036e-11
41.75,-112.9167,3.21500165803637e-10
41.75,-111.4583,4.89225940179556e-10
41.75,-111.2917,4.94818776618491e-10
41.75,-109.9167,2.06797493509778e-10
41.75,-109.4167,2.16784257767752e-10
41.75,-108.75,1.88023689848679e-10
41.75,-108.5833,1.70147129255349e-10
41.75,-108.25,8.80156123948295e-11
41.75,-108.0833,8.53221455257848e-11
41.75,-106.2083,8.27559202936194e-11
41.75,-106.1667,2.33978352886414e-10
41.75,-105.9167,3.24473373454298e-11
41.75,-105.7083,2.95854493877599e-10
41.75,-103.7917,1.25630065303834e-10
41.75,-103.2083,4.20934270913012e-11
41.75,-102.2083,3.65037955019768e-11
41.75,-98.91667,4.83399830072389e-11
41.75,-98.41667,3.66051621478169e-11
41.75,-98.25,6.15006408049421e-11
41.75,-97.16667,2.43878905966803e-10
41.75,-95.58333,1.86730398036246e-10
41.75,-94.25,8.10099946779601e-10
41.75,-94.04167,3.21299403196013e-10
41.75,-93.5,2.00056615633866e-09
41.75,-92.375,2.8011836667769e-10
41.75,-91.70833,2.12631169108807e-09
41.75,-91.33333,4.41490166111762e-10
41.75,-90.45833,1.07714556356624e-09
41.75,-89.58333,3.73112435030642e-10
41.75,-89.54167,3.84330774203822e-10
41.75,-89.375,1.03232391957253e-09
41.75,-88.66667,5.70952007712615e-10
41.75,-88.16667,2.3650746192697e-08
41.75,-85.16667,2.01385434931572e-09
41.75,-84.45833,6.71484529131686e-10
41.75,-81.16667,1.54344468596516e-09
41.75,-80.79167,9.79992303417867e-10
41.75,-80.70833,8.70711599919386e-10
41.75,-80.33333,8.72125429812999e-10
41.75,-79.66667,1.22259413383486e-09
41.75,-79.45833,2.46495045859647e-10
41.75,-74.5,9.21238305055167e-10
41.75,-73.125,2.6634628319029e-09
41.75,-72.33333,2.39155881634822e-09
41.75,-72.16667,1.07191377594375e-09
41.75,-69.95833,1.86105436235625e-08
41.70833,-121.0833,3.76169947651358e-10
41.70833,-120.875,3.26627474695577e-10
41.70833,-119.9583,2.41645091261865e-12
41.70833,-119.4583,1.6562923442241e-12
41.70833,-119.3333,1.7205375548282e-10
41.70833,-118.5833,2.58671923144345e-11
41.70833,-117.5833,1.34508721848765e-11
41.70833,-117.25,1.62588685767923e-10
41.70833,-117.0833,1.65199871696047e-10
41.70833,-113.9583,4.91097507504966e-11
41.70833,-113.3333,2.74589174450728e-10
41.70833,-113.1667,2.86482466075927e-10
41.70833,-112.75,5.98806658896549e-11
41.70833,-111.2917,4.83444750312438e-10
41.70833,-110.5833,2.54515914531845e-10
41.70833,-108.7917,1.91956176519625e-10
41.70833,-108.2083,8.82445680050416e-11
41.70833,-107.5417,1.47846390903284e-10
41.70833,-106.9167,1.71848982297894e-10
41.70833,-106.0833,2.51409830483562e-10
41.70833,-105.7917,2.96051369032898e-10
41.70833,-105.3333,4.47624907324895e-11
41.70833,-105.2083,4.58452307901712e-11
41.70833,-103.75,1.20556683946787e-10
41.70833,-103.625,1.20454766173497e-10
41.70833,-102.9583,3.48313935895954e-11
41.70833,-102.5417,5.42128696599426e-11
41.70833,-100.75,2.38838243646564e-11
41.70833,-99.79167,4.64291061303509e-11
41.70833,-96.79167,1.84472628407961e-10
41.70833,-95.875,2.55766834190646e-10
41.70833,-93.25,4.05357617029064e-10
41.70833,-92.5,2.68590227305564e-10
41.70833,-92.20833,1.14635902418344e-09
41.70833,-89.66667,6.91775418919211e-10
41.70833,-89.54167,3.75566247820091e-10
41.70833,-88.79167,6.01421727047041e-10
41.70833,-87.70833,2.3532694823133e-08
41.70833,-87.58333,1.86542193116095e-08
41.70833,-85.29167,6.97962757377009e-10
41.70833,-85.16667,1.86481436783746e-09
41.70833,-85.04167,5.51437747764044e-10
41.70833,-84.33333,7.24214960297177e-10
41.70833,-80.58333,5.25319491938439e-10
41.70833,-79.66667,1.07814790755563e-09
41.70833,-79.54167,5.62786213243562e-10
41.70833,-79.16667,6.47342529732094e-10
41.70833,-79,4.1195909638992e-10
41.70833,-78.66667,3.17476870137376e-10
41.70833,-78,1.82623599103009e-10
41.70833,-77.58333,2.22415433488531e-10
41.70833,-77,1.61762055016521e-10
41.70833,-75.16667,2.49437178570488e-09
41.70833,-73.54167,1.35581529253584e-09
41.70833,-73.25,1.13626702994353e-09
41.70833,-71.29167,8.59822728339545e-09
41.70833,-69.95833,2.39857460033766e-08
41.66667,-123.5417,3.63756359680376e-10
41.66667,-123.4167,2.04582896436769e-11
41.66667,-122.2083,7.5497383215138e-11
41.66667,-121.6667,5.11986669607434e-10
41.66667,-121.5417,5.9178668232041e-10
41.66667,-120.7917,3.22432863788264e-10
41.66667,-119.5,1.69884195146443e-12
41.66667,-119.3333,1.72551973401258e-10
41.66667,-119.125,1.57568683353015e-10
41.66667,-114.9583,5.36797861151641e-11
41.66667,-114.0417,2.81248533867973e-10
41.66667,-112.5833,8.31789871951307e-11
41.66667,-111.0833,7.16361056804914e-11
41.66667,-110.7917,3.04565927103599e-10
41.66667,-110.0833,2.13392563709903e-10
41.66667,-109.9167,2.1516792504519e-10
41.66667,-109.5833,2.21331974223459e-10
41.66667,-108.9167,3.90530965818801e-11
41.66667,-107.9167,1.46569248835043e-10
41.66667,-106,3.29892771293661e-11
41.66667,-103.9167,6.27305494830899e-11
41.66667,-103.875,6.38956817883965e-11
41.66667,-103.4167,4.99508969532146e-11
41.66667,-102.5417,5.27051247660029e-11
41.66667,-101.5833,2.81444689206261e-11
41.66667,-101.0417,2.58263603409291e-11
41.66667,-99.625,4.82054523850139e-11
41.66667,-99.20833,4.96490214304313e-11
41.66667,-98.375,4.06248564785657e-11
41.66667,-97.91667,7.10015547711875e-11
41.66667,-97.625,9.03861615197424e-11
41.66667,-97.58333,1.22138460524608e-10
41.66667,-95.70833,3.00359236948378e-10
41.66667,-93.54167,2.42022272529136e-08
41.66667,-93.29167,9.17834302816447e-10
41.66667,-93,5.75395453773083e-10
41.66667,-90.29167,8.35033071059263e-10
41.66667,-89.91667,5.48452137522887e-10
41.66667,-89.875,3.46252961085944e-10
41.66667,-89.83333,3.27356643172756e-10
41.66667,-88.29167,8.41091346269706e-09
41.66667,-88.08333,4.2720257158684e-09
41.66667,-87.91667,1.02823818149867e-08
41.66667,-86.25,6.07052425341386e-09
41.66667,-85.625,4.40658454756405e-09
41.66667,-83.95833,1.92553908026861e-09
41.66667,-83.83333,1.40083139007272e-09
41.66667,-83.625,8.91631689346408e-09
41.66667,-80.66667,2.42190513148793e-09
41.66667,-80,5.49576830941035e-10
41.66667,-78.54167,2.94435259282175e-10
41.66667,-78.45833,5.53573413900324e-10
41.66667,-78.41667,2.3279921829982e-10
41.66667,-74.45833,1.4921943770073e-09
41.66667,-71.875,3.86398729014412e-09
41.66667,-71.66667,1.96000632026892e-09
41.66667,-70.5,7.45103243205885e-09
41.66667,-70.41667,8.138508686798e-09
41.66667,-70.125,2.22120978931187e-09
41.66667,-70,9.15484213347082e-08
41.625,-123.375,1.89667302221063e-11
41.625,-122.7083,1.93369715286903e-10
41.625,-122.125,5.809341406688e-10
41.625,-121.1667,3.82158956345873e-10
41.625,-121,3.27500850894486e-10
41.625,-120.6667,1.03928809354698e-09
41.625,-120.5417,1.72852390744923e-10
41.625,-120,9.50364964578539e-11
41.625,-119.0833,1.55196844966689e-10
41.625,-117.75,1.35267987410852e-11
41.625,-115.8333,6.89629742501002e-11
41.625,-115.75,2.21320783738099e-10
41.625,-115.3333,2.25510440391372e-10
41.625,-113.75,2.87499852923258e-10
41.625,-112.5417,7.38955412158192e-11
41.625,-112.4583,1.1668970491748e-10
41.625,-111.7083,1.22162064061213e-10
41.625,-110.5,2.428935852203e-10
41.625,-109.9583,2.18858646616236e-10
41.625,-108.5833,3.00675831622162e-11
41.625,-108.3333,1.56912649935618e-10
41.625,-108.25,9.08013390954707e-11
41.625,-108.0833,8.78020617916014e-11
41.625,-107.1667,2.23120048069628e-11
41.625,-107.0417,1.69336136270976e-10
41.625,-106.7917,1.8446459027414e-10
41.625,-106.5833,1.99129552852663e-10
41.625,-106.5417,5.33154820411218e-11
41.625,-106.5,5.42058033043393e-11
41.625,-106.4167,5.67939721468514e-11
41.625,-106.3333,2.26317082467423e-10
41.625,-106.25,2.38118474397486e-10
41.625,-106.1667,3.04523464461671e-11
41.625,-105.3333,3.90798034946736e-10
41.625,-103.7083,7.54407344324885e-11
41.625,-103.125,3.5376701262575e-11
41.625,-102.7917,2.60255299919939e-11
41.625,-100.2083,4.40612570768438e-11
41.625,-98.29167,5.99586200835458e-11
41.625,-97.45833,1.33638997091143e-10
41.625,-95.95833,3.30135921429691e-10
41.625,-95.41667,3.9594362710988e-10
41.625,-95.375,4.67375606508426e-10
41.625,-93.41667,4.49022848469376e-09
41.625,-89.79167,4.41544349959378e-10
41.625,-88.66667,2.63326993282483e-09
41.625,-88,9.95117219809549e-09
41.625,-87.875,6.74734041727093e-09
41.625,-86.875,1.30391320417959e-09
41.625,-85.08333,5.38221805706355e-10
41.625,-83.25,2.49542316183428e-08
41.625,-81.125,1.75350243785102e-09
41.625,-81.04167,6.23382766479883e-10
41.625,-80.79167,1.16165237034902e-09
41.625,-78.875,5.23159502014482e-10
41.625,-78.66667,3.72037312886954e-10
41.625,-78.375,2.21124292443946e-10
41.625,-78.33333,2.11316209091484e-10
41.625,-77.66667,1.76055182132108e-10
41.625,-74.70833,1.37781067472663e-09
41.625,-73.875,8.90222465862236e-09
41.625,-73.70833,3.63531876582709e-09
41.625,-72.75,9.11432402942347e-09
41.625,-72.70833,8.97700452365662e-09
41.625,-72.5,2.40140465915317e-09
41.625,-71.45833,1.42701994762728e-08
41.625,-70.125,1.15207685871378e-08
41.625,-70.04167,9.84340857386581e-09
41.58333,-122.4583,2.01813651349797e-10
41.58333,-120.4583,4.31694274490077e-11
41.58333,-119.2917,1.6971927636347e-10
41.58333,-118.6667,2.69359503325135e-11
41.58333,-118.5833,2.71714636065265e-11
41.58333,-118.4583,2.76661507073772e-11
41.58333,-117.375,1.62984073355962e-10
41.58333,-116.5833,1.78427743421227e-10
41.58333,-116.4583,1.86230584700842e-10
41.58333,-116,6.72616662259549e-11
41.58333,-115.9167,6.84796758449038e-11
41.58333,-114.5833,2.46369897514547e-10
41.58333,-113.9167,5.177024459514e-11
41.58333,-113.3333,2.99166568212766e-10
41.58333,-112.5833,6.96267574796692e-11
41.58333,-112,7.74432131880758e-10
41.58333,-108,8.8517010895702e-11
41.58333,-106.9167,3.46998154436174e-11
41.58333,-106.25,2.94408029707932e-11
41.58333,-105.3333,4.13028107232607e-10
41.58333,-105.0417,1.21673267452057e-10
41.58333,-104.9167,1.25773008863225e-10
41.58333,-103.2917,3.96528783547689e-11
41.58333,-102.125,3.39867569251807e-11
41.58333,-100.9167,2.87995984657713e-11
41.58333,-100.4583,2.71381694271439e-11
41.58333,-99.25,4.43907015166518e-11
41.58333,-98.25,6.48166661804622e-11
41.58333,-97.08333,2.8904469843643e-10
41.58333,-94.5,1.95618161749706e-10
41.58333,-94.04167,1.59429440398319e-09
41.58333,-92.29167,4.23281951838136e-10
41.58333,-91.83333,4.26118909207911e-10
41.58333,-91.66667,6.5631370446395e-10
41.58333,-89.45833,2.56179069088344e-10
41.58333,-85.375,1.16073993936652e-09
41.58333,-85.29167,7.52280999892632e-10
41.58333,-83.375,1.06661658718596e-09
41.58333,-78.625,2.59930417618613e-10
41.58333,-75.91667,7.77279005750548e-10
41.58333,-75.66667,1.60784357761123e-09
41.58333,-74.16667,2.4076777960811e-09
41.58333,-71.04167,4.38818363331155e-09
41.54167,-123.0417,4.18582559962041e-11
41.54167,-122.4583,2.00592432271997e-10
41.54167,-121.5,4.27912238900445e-10
41.54167,-120.2083,3.80228381165594e-11
41.54167,-119.8333,2.1060714759219e-12
41.54167,-118.9167,1.48588830712364e-10
41.54167,-118.7083,2.73407445689168e-11
41.54167,-117.5833,5.41447651193588e-11
41.54167,-115.0833,5.04785213112986e-11
41.54167,-114.7083,2.33535867813278e-10
41.54167,-113.4167,3.08330451721785e-10
41.54167,-113.3333,3.08440284190612e-10
41.54167,-112.4583,1.59381791815738e-10
41.54167,-112.4167,1.67481287330669e-10
41.54167,-111.375,4.48155065042827e-10
41.54167,-110.3333,2.30492477359216e-10
41.54167,-109.2917,3.48069533930922e-10
41.54167,-108.75,2.02296173600787e-10
41.54167,-107.0417,1.73605967418153e-10
41.54167,-106.125,2.70291165263046e-10
41.54167,-104.2083,2.39084267339157e-13
41.54167,-101.5417,1.55337522597099e-11
41.54167,-101.5,1.56671342811463e-11
41.54167,-101.4167,3.11081444048436e-11
41.54167,-100.75,3.13463134482138e-11
41.54167,-100.1667,4.51474446729437e-11
41.54167,-99.25,4.59875855475163e-11
41.54167,-97.29167,1.05484664285415e-10
41.54167,-96.95833,1.27086349255803e-10
41.54167,-96.29167,6.43697628457693e-10
41.54167,-94.66667,1.07235970261529e-10
41.54167,-92.20833,1.43423990712217e-10
41.54167,-91.70833,2.73780310241098e-10
41.54167,-89.875,4.0300780518169e-10
41.54167,-89.75,3.9149183975506e-10
41.54167,-89.58333,1.44951173772948e-10
41.54167,-88.45833,1.04020487821328e-09
41.54167,-88.125,7.44931969891116e-09
41.54167,-87.25,3.91802251048901e-09
41.54167,-86.66667,4.77020846137559e-10
41.54167,-85.54167,5.85602699887715e-09
41.54167,-85.20833,4.47074320105096e-10
41.54167,-84.125,1.92606867903872e-09
41.54167,-84.08333,5.64526154755683e-10
41.54167,-81.125,2.00451337025539e-09
41.54167,-81.04167,1.72603684475725e-09
41.54167,-79.125,2.65118079192664e-10
41.54167,-78.375,1.93205908671218e-10
41.54167,-76.625,3.27017189458416e-10
41.54167,-76.33333,2.94248520786199e-10
41.54167,-76.29167,3.09194750253544e-10
41.54167,-76.16667,8.15448377819531e-10
41.54167,-75.83333,1.60494964605199e-09
41.54167,-75.375,2.4603344099082e-09
41.54167,-75.25,3.2372721107384e-09
41.54167,-75.125,7.98089103020303e-10
41.54167,-74.54167,1.01223305376482e-09
41.54167,-74.08333,5.1145858766723e-09
41.54167,-72.54167,8.15484121456509e-09
41.54167,-72.33333,2.91608698675886e-09
41.54167,-72.16667,1.66988990810547e-09
41.5,-123.4167,1.64909414002972e-11
41.5,-122.625,2.02203303576813e-10
41.5,-122,3.72842500761885e-10
41.5,-121.4583,3.90326008930008e-10
41.5,-120.3333,3.87740525781396e-11
41.5,-119.6667,2.08168372964582e-10
41.5,-119.0417,1.4147836254727e-12
41.5,-118.8333,1.47315009836691e-10
41.5,-117.0417,1.68113985586179e-10
41.5,-114.7083,2.34184353205019e-10
41.5,-113.9583,5.48843201271741e-11
41.5,-113.5,5.57599091164836e-11
41.5,-112.7917,3.65843156705743e-10
41.5,-110.9167,5.60177359387813e-10
41.5,-110.2917,2.2869385656855e-10
41.5,-107.625,1.54434663995785e-10
41.5,-106.4167,2.24430965199425e-10
41.5,-105.1667,4.89630672198029e-10
41.5,-104.8333,2.12145140971437e-10
41.5,-104.3333,2.76698259841358e-13
41.5,-104,5.91926035726247e-11
41.5,-103.125,5.98806151660103e-11
41.5,-101.7083,1.54437704940216e-11
41.5,-99.58333,4.59756526495206e-11
41.5,-97.95833,7.22327806457768e-11
41.5,-95.83333,7.95415966507356e-10
41.5,-95.58333,2.40584108057658e-10
41.5,-95.08333,1.6066042079647e-10
41.5,-94.20833,5.33373378157178e-10
41.5,-93.41667,2.80662614755187e-09
41.5,-93.375,1.44258843893607e-09
41.5,-88.125,3.25874606471519e-08
41.5,-86.83333,8.28654055639666e-10
41.5,-85.58333,3.51471006593437e-09
41.5,-83.33333,8.35553277380292e-10
41.5,-83.04167,1.14877828205376e-09
41.5,-79.625,3.69861095083306e-10
41.5,-78.04167,2.22486969042094e-10
41.5,-76.125,9.2883907241845e-10
41.5,-75.66667,5.76288479545834e-09
41.5,-71.45833,8.29084726841771e-09
41.45833,-122.5833,1.40874574640893e-10
41.45833,-121.7917,3.50338185422889e-10
41.45833,-119.2917,1.72560048602173e-10
41.45833,-117.625,5.59771657190055e-11
41.45833,-116.4167,1.92381743857525e-10
41.45833,-116.25,2.04072533936226e-10
41.45833,-114.4583,2.64517127935345e-10
41.45833,-112.3333,5.77584929345625e-10
41.45833,-112,3.50463494163521e-09
41.45833,-111.9583,8.48028652155884e-10
41.45833,-110.75,4.92674718903983e-10
41.45833,-108.9167,3.90295052593077e-11
41.45833,-106.9167,3.60459942908856e-11
41.45833,-106.5,2.19019967798364e-10
41.45833,-106,8.60210509377417e-11
41.45833,-104.25,7.47156108011694e-11
41.45833,-104.2083,7.17748943951662e-11
41.45833,-104,5.69921548179314e-11
41.45833,-102.2083,3.52208159254057e-11
41.45833,-100.4583,3.04700998923945e-11
41.45833,-100.375,4.95709156938348e-11
41.45833,-100.2917,4.88254803003446e-11
41.45833,-99.29167,5.94954093131606e-11
41.45833,-97.375,2.0276666540494e-09
41.45833,-96.45833,1.23946676944103e-09
41.45833,-95.16667,1.4657132267908e-10
41.45833,-94.125,4.73486905631458e-10
41.45833,-93.95833,8.39523232802327e-10
41.45833,-91.95833,1.81458339004753e-10
41.45833,-91.625,3.93737674878344e-10
41.45833,-91,6.9500394905532e-10
41.45833,-90.5,5.58544092506166e-09
41.45833,-90.33333,1.86572439056681e-09
41.45833,-90.04167,3.76028231596102e-10
41.45833,-86.58333,7.55767787570551e-10
41.45833,-85.95833,3.19298628091724e-09
41.45833,-83,7.99461235275196e-10
41.45833,-82.79167,6.26840762956596e-10
41.45833,-82.70833,6.51031581755512e-10
41.45833,-80.91667,1.61565149305201e-09
41.45833,-80.54167,2.5603095630897e-09
41.45833,-79.125,4.88620252459525e-10
41.45833,-78.70833,1.72171370423184e-09
41.45833,-76.45833,2.63830970820954e-10
41.45833,-75.125,5.41136668924218e-10
41.45833,-73.79167,4.11155244674826e-09
41.45833,-73.08333,4.0790878539461e-09
41.45833,-72.83333,1.428349173343e-08
41.45833,-72.375,2.07026741197035e-09
41.45833,-70.70833,4.29658529223992e-09
41.41667,-123.1667,3.18848941990807e-11
41.41667,-122.2083,1.59132712491197e-09
41.41667,-120.0417,3.73154695286044e-11
41.41667,-119.9583,2.47021127408067e-12
41.41667,-119.875,2.28539171427078e-12
41.41667,-119.8333,2.20044305291507e-12
41.41667,-117.5,3.26932853698699e-11
41.41667,-116.9583,1.703795647666e-10
41.41667,-116.625,1.80250524422355e-10
41.41667,-114.25,2.98019311587159e-10
41.41667,-114,5.86527923445912e-11
41.41667,-113.7083,6.01716394350727e-11
41.41667,-110.3333,2.35504073768187e-10
41.41667,-110.25,2.36257276052853e-10
41.41667,-109.0417,4.09471069890405e-11
41.41667,-108.9167,3.8150310281512e-11
41.41667,-107.875,1.56314725408784e-10
41.41667,-106.75,3.88321051540368e-11
41.41667,-106.4583,2.26231332181218e-10
41.41667,-105.25,5.37677359239509e-10
41.41667,-104.5,2.34124019716114e-10
41.41667,-104.0833,6.64946169381121e-11
41.41667,-103.875,5.77803925661629e-11
41.41667,-102.2083,3.5440057646258e-11
41.41667,-101.9583,1.46743006757157e-11
41.41667,-99.29167,6.16889649438586e-11
41.41667,-98.20833,4.69168645927741e-10
41.41667,-97.29167,1.39033586481683e-10
41.41667,-97.125,3.51033568750279e-10
41.41667,-96.54167,8.55577369415251e-10
41.41667,-96.45833,1.4816080754566e-09
41.41667,-96.08333,1.89360547259392e-09
41.41667,-95,2.22790837691771e-10
41.41667,-94.95833,2.41447556497405e-10
41.41667,-94.29167,3.25602290983289e-10
41.41667,-94.20833,2.85262890525256e-10
41.41667,-94.125,4.02166423534138e-10
41.41667,-94.04167,6.48929793388055e-10
41.41667,-93.875,9.3024661567917e-10
41.41667,-92.91667,2.47583426711451e-09
41.41667,-92.04167,1.08071050421227e-10
41.41667,-91.75,4.39978545292654e-10
41.41667,-89.75,2.13559692324454e-10
41.41667,-88.04167,1.33951359325867e-09
41.41667,-87.5,4.97927471265376e-09
41.41667,-87.33333,5.31814298398129e-09
41.41667,-83.04167,6.65057381734161e-10
41.41667,-81.41667,1.08368462688762e-08
41.41667,-80.25,6.23182310500297e-10
41.41667,-79.875,1.04431442344926e-09
41.41667,-78.58333,1.33076703657331e-09
41.41667,-78.04167,3.79084300683839e-11
41.41667,-78,2.1539852025873e-10
41.41667,-76.45833,2.46746620665758e-10
41.41667,-76.125,3.52805487288715e-10
41.41667,-75.91667,8.44604905168331e-10
41.41667,-75.75,2.87299661634952e-09
41.41667,-73.70833,2.84774862099522e-09
41.41667,-73.08333,3.86573841195268e-09
41.41667,-72.41667,2.49183490597971e-09
41.41667,-70.83333,1.1812456301034e-08
41.41667,-70.625,2.60090198681104e-09
41.375,-124.0417,1.03756308218941e-10
41.375,-123.5417,2.71950999020645e-10
41.375,-122.625,6.03711241347547e-11
41.375,-120.7917,3.00197515230232e-10
41.375,-119.125,1.6770317834026e-10
41.375,-117.7083,1.5192445100836e-11
41.375,-117.5,3.33075550953454e-11
41.375,-116.875,1.72271112262016e-10
41.375,-115.4583,2.36926500869053e-10
41.375,-113,3.6548123798725e-10
41.375,-112.7917,3.91302503569017e-10
41.375,-112.6667,4.07092976934576e-10
41.375,-112.125,4.4046525967614e-09
41.375,-111.75,1.92447862037838e-09
41.375,-110.375,6.65533277439726e-10
41.375,-109.9167,2.45526200971876e-10
41.375,-109.1667,4.12497156115167e-11
41.375,-106.1667,7.08924289766483e-11
41.375,-105.7083,1.94210303954352e-10
41.375,-104.8333,3.04841402690676e-10
41.375,-103.7917,9.11149462956425e-11
41.375,-101.875,1.49679827189765e-11
41.375,-101.0833,6.92715533431643e-11
41.375,-100.9167,5.13142011778038e-11
41.375,-99.33333,4.05434691959191e-11
41.375,-99.125,9.78986669081831e-11
41.375,-98.91667,1.04449225336632e-10
41.375,-98.29167,1.17326885360187e-10
41.375,-98.16667,1.55318491828883e-10
41.375,-97.70833,2.36919338622171e-10
41.375,-97.45833,1.59694981293533e-10
41.375,-96.875,3.40117515801907e-10
41.375,-96.79167,6.60886853453835e-10
41.375,-96.66667,2.68845321220507e-10
41.375,-96.41667,7.3309957942325e-10
41.375,-96.375,1.1754832484004e-09
41.375,-96.33333,1.30459495216752e-09
41.375,-96.25,4.44440559693299e-09
41.375,-94.75,1.43306927712934e-10
41.375,-93.375,7.0749115245768e-10
41.375,-92.66667,2.63973929634232e-10
41.375,-91.54167,1.58278508655937e-10
41.375,-89.20833,7.46624646366966e-10
41.375,-87.625,2.25074582536581e-09
41.375,-87.33333,1.98758164245362e-09
41.375,-85.79167,1.23262323124885e-09
41.375,-85,4.13515394706595e-10
41.375,-84.79167,2.67552228520245e-10
41.375,-84.54167,8.0552735162952e-10
41.375,-83,6.57782938743354e-10
41.375,-80.58333,3.7095474436635e-09
41.375,-80,4.18322833833402e-10
41.375,-79.625,7.7610988257496e-10
41.375,-79.29167,1.15417969219976e-09
41.375,-77.29167,2.89371234707961e-10
41.375,-73.375,4.33430811469497e-09
41.375,-72.79167,5.73573145018648e-09
41.375,-72.25,9.04722744261048e-09
41.375,-71.58333,2.95397305462587e-09
41.375,-71.54167,2.97600299722563e-09
41.375,-70.95833,7.34838787850143e-08
41.375,-70.83333,1.07899528395139e-08
41.33333,-123.0417,3.16658709780354e-11
41.33333,-122.5833,6.49834176708028e-10
41.33333,-120.1667,2.55319780567953e-11
41.33333,-119.7083,2.02345946346954e-12
41.33333,-119.25,1.60839729779076e-12
41.33333,-116,2.30027551568585e-10
41.33333,-114.5417,2.60833857760199e-10
41.33333,-113.5833,6.4932773820055e-11
41.33333,-112.375,6.35355626799115e-10
41.33333,-109.7917,2.52030340069527e-10
41.33333,-109.2083,4.09753322978291e-11
41.33333,-105.5833,1.21825539869913e-09
41.33333,-104.7083,3.22892355641433e-10
41.33333,-103.25,4.38190367739395e-11
41.33333,-101.5417,6.61507310247349e-11
41.33333,-99.58333,5.43151773464089e-11
41.33333,-98.41667,1.62343098600137e-10
41.33333,-97.79167,4.15402016579435e-10
41.33333,-97.66667,4.33123484247607e-10
41.33333,-96.91667,3.35063938257675e-10
41.33333,-96.79167,6.3983748321083e-10
41.33333,-95.33333,2.16735533286751e-10
41.33333,-95.04167,6.11804078523245e-10
41.33333,-92.45833,1.28463294372314e-10
41.33333,-92.25,2.53685014629491e-10
41.33333,-92.125,1.62682155131964e-10
41.33333,-90.95833,4.43439261293256e-10
41.33333,-90.20833,3.82719194615627e-10
41.33333,-89.75,2.49264215793546e-10
41.33333,-88.875,2.72891983276009e-09
41.33333,-87.66667,1.74632922374282e-09
41.33333,-86.125,6.55512008263914e-10
41.33333,-83.95833,6.07521489413781e-10
41.33333,-83.66667,9.26441099585058e-09
41.33333,-83.5,7.47597582615485e-10
41.33333,-81.66667,1.57071284617931e-08
41.33333,-80.54167,1.07130852954673e-09
41.33333,-80.45833,1.15733563177853e-09
41.33333,-78.20833,2.74519445499484e-10
41.33333,-77.79167,2.97766364360349e-10
41.33333,-77.25,4.3242682854425e-10
41.33333,-76.625,3.52183698721005e-10
41.33333,-74.91667,1.0297221546642e-09
41.33333,-74.08333,1.41545166156149e-08
41.33333,-73.79167,1.21580996921382e-08
41.33333,-71.83333,5.20717620026138e-09
41.33333,-71.625,6.60712635215496e-09
41.29167,-121.875,3.38381357268142e-10
41.29167,-119.0833,1.70252123203987e-10
41.29167,-118.9167,1.61417153653557e-10
41.29167,-117.9167,1.86228353608172e-10
41.29167,-117.1667,1.7480799336999e-10
41.29167,-116.4583,1.94353698358934e-10
41.29167,-114.375,2.9076941612541e-10
41.29167,-112.7917,4.17923278483646e-10
41.29167,-111.7917,3.8012504545347e-10
41.29167,-110.8333,5.1424565098124e-10
41.29167,-110.2083,2.4867535556704e-10
41.29167,-108.9167,3.6212041572674e-11
41.29167,-108.4583,1.68951307390249e-10
41.29167,-108.2917,1.6197587281089e-10
41.29167,-108.125,1.58977872449937e-10
41.29167,-106.125,7.47773977497683e-11
41.29167,-105.25,6.32614119960323e-10
41.29167,-105.2083,6.68689095057235e-10
41.29167,-104.3333,1.73754613152067e-10
41.29167,-101.7083,1.61800950057453e-11
41.29167,-101.625,6.69560895219708e-11
41.29167,-100.75,6.44710589816358e-11
41.29167,-100.6667,4.58803141844765e-11
41.29167,-98.16667,1.80022064156976e-10
41.29167,-97.83333,1.22004157905752e-10
41.29167,-97.54167,1.50579018919034e-10
41.29167,-96.25,5.21069852123423e-09
41.29167,-95.875,7.98993782644826e-09
41.29167,-95.58333,6.70855804708305e-10
41.29167,-93.625,4.76621196450941e-10
41.29167,-93.20833,2.93283792513887e-10
41.29167,-93,3.5171180540563e-10
41.29167,-90.375,4.7931297621695e-10
41.29167,-87.75,7.83261443932877e-10
41.29167,-86.83333,1.28702465462986e-09
41.29167,-84.70833,3.79665858766863e-10
41.29167,-84.54167,4.03810850399288e-10
41.29167,-83.16667,5.82696171859867e-10
41.29167,-81.41667,8.20148325275248e-09
41.29167,-80.54167,3.04150254160831e-09
41.29167,-78.875,1.05176647423368e-09
41.29167,-77.91667,7.72658987279507e-10
41.29167,-76.20833,5.68667096056612e-10
41.29167,-76,7.95914099376462e-09
41.29167,-73.04167,2.3376939365241e-08
41.29167,-72.83333,1.06475820847295e-08
41.25,-123.25,1.15258367593633e-10
41.25,-123.1667,3.33332664276222e-11
41.25,-123.0417,2.97881652831146e-11
41.25,-122,3.83774125119079e-10
41.25,-121.2083,2.18154248140769e-10
41.25,-120.25,2.67694921225597e-10
41.25,-119.625,2.13906046622119e-10
41.25,-119.3333,1.88502357327499e-10
41.25,-118.8333,1.61232020250799e-10
41.25,-118.75,1.62842558881592e-10
41.25,-118.625,1.65344678306246e-10
41.25,-118.4583,3.20661261047084e-11
41.25,-118.2083,3.40005149255666e-11
41.25,-118.125,3.47543538142156e-11
41.25,-117.9167,3.65468104100738e-11
41.25,-117.8333,3.7021521039026e-11
41.25,-117.375,1.82996750385002e-10
41.25,-115.9583,4.15830570332287e-10
41.25,-115.1667,5.30198264995732e-11
41.25,-114.4583,2.7818765917363e-10
41.25,-112.5417,5.06509475399354e-10
41.25,-112.25,9.25481463524345e-10
41.25,-111.7083,3.22439357820709e-10
41.25,-111.5833,2.26326862600074e-10
41.25,-110.9167,5.4213587174005e-10
41.25,-109.625,2.61429573848941e-10
41.25,-109.5833,1.80264816510622e-10
41.25,-108.8333,2.01419771003256e-10
41.25,-108.5417,1.74218743672173e-10
41.25,-108.3333,1.63564294975616e-10
41.25,-106.2917,2.56642659742254e-10
41.25,-105.875,1.07942995531389e-10
41.25,-105.7917,1.73845541026761e-10
41.25,-105.0417,2.86221648028692e-10
41.25,-102.4583,3.8617294759785e-11
41.25,-101.7917,1.65636800795135e-11
41.25,-101.375,3.62070865106653e-11
41.25,-100.2917,5.68896020400043e-11
41.25,-100,5.76550666331201e-11
41.25,-98.83333,2.60309288827859e-10
41.25,-98.375,1.89852708792238e-10
41.25,-97.25,2.39267498327919e-10
41.25,-97,3.14516964545463e-10
41.25,-96.54167,1.02894772905092e-09
41.25,-95.70833,9.47880056798208e-10
41.25,-94.79167,1.09811320700679e-10
41.25,-94.75,1.09600934777845e-10
41.25,-94.54167,1.83429746997066e-10
41.25,-92.5,2.0218311104586e-10
41.25,-91.83333,3.22490557523854e-10
41.25,-90,2.58404905688927e-09
41.25,-88.75,5.5415256701089e-10
41.25,-86.79167,5.4259128562133e-10
41.25,-84.04167,4.22773811356299e-10
41.25,-83,1.017317064134e-09
41.25,-81.83333,5.45174255724542e-09
41.25,-80.95833,1.63397339211637e-09
41.25,-78.45833,3.49199107390717e-10
41.25,-78.08333,4.71021386095583e-11
41.25,-77.45833,2.60089929382107e-10
41.25,-76.79167,1.56326600803068e-09
41.25,-76.5,3.96324697012486e-10
41.25,-74.66667,1.75164952876435e-09
41.25,-74.08333,3.10602427838543e-09
41.25,-74,1.05321156907262e-08
41.25,-73.91667,2.16352692111728e-08
41.25,-73.08333,1.90673828375131e-08
41.25,-72.70833,3.33474937437224e-08
41.25,-72.625,1.02675035745854e-08
41.25,-72.5,9.843215992574e-09
41.25,-72.33333,6.00088313722715e-09
41.25,-72.125,1.92243294523698e-08
41.20833,-122.4583,9.2311095790833e-11
41.20833,-122.2083,1.02136601035232e-10
41.20833,-122.1667,7.36060778585529e-11
41.20833,-120.75,2.60054038297266e-10
41.20833,-120.3333,2.67292229128679e-10
41.20833,-118.7083,1.66659328530978e-10
41.20833,-116.75,1.83211856699447e-10
41.20833,-116,4.19409483680369e-10
41.20833,-113.375,4.08852632484326e-10
41.20833,-112.375,7.00250266173846e-10
41.20833,-111.6667,3.03142801931143e-10
41.20833,-110.0417,2.61389681748464e-10
41.20833,-109.7917,2.6982959492191e-10
41.20833,-109.2083,4.00337062268599e-11
41.20833,-108.75,1.90990875947171e-10
41.20833,-106.875,4.52173614692608e-11
41.20833,-104.4167,2.02675748467086e-10
41.20833,-103.2083,4.51810745013254e-11
41.20833,-102.9583,6.62093880540485e-11
41.20833,-101.625,2.81812302204395e-11
41.20833,-96.95833,2.89712135579148e-10
41.20833,-93.66667,4.40414322862633e-10
41.20833,-92.58333,2.19817814553965e-10
41.20833,-92.54167,2.48382824627886e-10
41.20833,-92.375,1.32575725136915e-10
41.20833,-92.125,1.87755045298645e-10
41.20833,-91.66667,1.88708237021632e-10
41.20833,-89.625,1.87461235960671e-10
41.20833,-88.04167,1.44491411271285e-09
41.20833,-86.83333,6.64628895833892e-10
41.20833,-86.16667,8.7569664922782e-10
41.20833,-85.75,6.64766243559119e-10
41.20833,-84.83333,2.06518530945644e-09
41.20833,-84.41667,8.3797057550044e-10
41.20833,-82.875,4.70874738611274e-10
41.20833,-82.29167,5.02874917793806e-10
41.20833,-80.45833,2.67765812148805e-09
41.20833,-79.45833,6.81319611197703e-10
41.20833,-78.66667,6.48496558965782e-10
41.20833,-78.375,5.83234852898636e-10
41.20833,-76.5,6.4137283835576e-10
41.20833,-75.45833,1.46622508263078e-09
41.20833,-75.125,7.17616201978362e-10
41.20833,-72.16667,1.61777267460865e-08
41.20833,-70.08333,7.68349279771529e-08
41.20833,-70,6.50269720238235e-08
41.16667,-121.25,3.39247744866668e-10
41.16667,-120.3333,2.78408569071979e-10
41.16667,-117.9583,3.87916197587713e-11
41.16667,-117.8333,4.02858374466184e-11
41.16667,-113.8333,9.00492758184898e-11
41.16667,-113.2917,4.34783324848851e-10
41.16667,-112.625,4.90472343744995e-10
41.16667,-112.1667,5.22619110966049e-09
41.16667,-112,1.48617818367978e-08
41.16667,-110.9583,5.80567437323882e-10
41.16667,-110.75,7.8061163872348e-11
41.16667,-110.25,2.61880334931146e-10
41.16667,-108.2917,1.62481811426438e-10
41.16667,-108.0417,1.62906898250885e-10
41.16667,-106.875,4.63130753829733e-11
41.16667,-106.4167,5.29852343470908e-11
41.16667,-106.2917,7.1334084496353e-11
41.16667,-105.625,1.35037650364858e-10
41.16667,-105.3333,1.68091325940485e-10
41.16667,-105.2917,6.47299665436072e-10
41.16667,-105.125,2.67495810776341e-10
41.16667,-104.7083,7.20058981279002e-09
41.16667,-104.4583,2.78871816245537e-10
41.16667,-102.8333,5.56918746745671e-11
41.16667,-102.375,2.76216845209095e-11
41.16667,-101.8333,4.85556833679366e-11
41.16667,-101.5833,5.24379382287681e-11
41.16667,-99.79167,1.07390060534279e-10
41.16667,-99.16667,1.1319884504013e-10
41.16667,-95.5,6.61669348941683e-10
41.16667,-94.41667,1.47350779398179e-10
41.16667,-91.04167,3.75896998926735e-10
41.16667,-90.79167,2.56454076019413e-10
41.16667,-89.5,1.67640941939128e-10
41.16667,-88.20833,1.80241738444993e-09
41.16667,-88.04167,4.47698839768895e-10
41.16667,-87.70833,2.54348926826867e-09
41.16667,-86.125,9.1386422124296e-10
41.16667,-85.16667,4.01176957181987e-09
41.16667,-84.5,3.65124756571265e-10
41.16667,-83.16667,1.41814887999551e-09
41.16667,-81.95833,3.68139769674699e-09
41.16667,-80,6.0216984303222e-10
41.16667,-79.16667,3.86398481980589e-10
41.16667,-79.125,3.83626278387463e-10
41.16667,-78.66667,6.84524360753983e-10
41.16667,-77.33333,1.89720616993504e-09
41.16667,-75.75,5.71119298015581e-10
41.16667,-74.58333,5.9069624460768e-09
41.16667,-73.75,3.84757718000724e-09
41.16667,-73.33333,1.38483026253438e-08
41.16667,-72.16667,1.39796649478381e-08
41.125,-123.2917,3.78938916489942e-10
41.125,-122.75,3.18896897004181e-11
41.125,-122.5,4.28831221532814e-10
41.125,-121.875,5.25473187868176e-11
41.125,-119.7917,2.13875723769484e-12
41.125,-119.75,2.10048696389901e-12
41.125,-119.5833,2.15977587556524e-10
41.125,-118.7083,1.72735861874763e-10
41.125,-116.5417,1.94168180304176e-10
41.125,-114.125,8.4865360751119e-11
41.125,-113.5,7.6151572694317e-11
41.125,-113.0833,4.70292086474795e-10
41.125,-112.125,3.68244604199852e-09
41.125,-110.25,9.60625602846743e-11
41.125,-109.5833,1.93436118546841e-10
41.125,-109.125,2.24315494814408e-10
41.125,-108.9583,3.52836218587467e-11
41.125,-108.2917,1.62683178162088e-10
41.125,-105.25,1.93576879733216e-10
41.125,-104.25,8.70577977799205e-11
41.125,-104.2083,8.39325273102773e-11
41.125,-101.5417,5.34714346839899e-11
41.125,-99.20833,8.47129243058591e-11
41.125,-98.79167,3.531006872106e-10
41.125,-97.54167,2.01728334786407e-10
41.125,-96.83333,3.57346036026085e-10
41.125,-96.375,8.58419659344929e-10
41.125,-94.75,9.0726814252843e-11
41.125,-94.70833,9.15377184913034e-11
41.125,-93.83333,2.24740579823623e-10
41.125,-92.16667,1.41268692952481e-10
41.125,-90.25,3.65179756280511e-10
41.125,-89.875,5.3108681812179e-10
41.125,-89.66667,1.97231134821834e-10
41.125,-88.625,2.04472262171431e-09
41.125,-88.20833,1.65700763216035e-09
41.125,-87.25,2.16834948400131e-09
41.125,-84.5,3.65703110774307e-10
41.125,-83.625,7.87968898485676e-10
41.125,-82.70833,1.83976718884172e-09
41.125,-82.33333,1.67701940737536e-09
41.125,-80.83333,1.09681615753599e-09
41.125,-80.125,7.79506336042496e-10
41.125,-79.25,7.66156204919291e-10
41.125,-78.75,1.5560831214252e-09
41.125,-78,6.1423562758481e-10
41.125,-77.79167,2.62308182284872e-10
41.125,-76.125,1.17318246545315e-09
41.125,-74.45833,2.9540435127399e-09
41.125,-74.375,3.10773248411925e-09
41.125,-73.20833,7.14850325088467e-08
41.125,-72.29167,2.8017265647774e-08
41.08333,-123.5,5.16369631881441e-10
41.08333,-122.4167,5.25451084236364e-11
41.08333,-122.3333,5.42169046628476e-11
41.08333,-121.125,2.30675974944267e-10
41.08333,-118.875,1.71983031515332e-10
41.08333,-116.875,1.06176925769282e-11
41.08333,-115,5.32391450283139e-11
41.08333,-114.4167,6.70322739637201e-11
41.08333,-114.25,7.57326411253666e-11
41.08333,-113.7917,8.0383128532044e-11
41.08333,-109.5,2.73608083265328e-10
41.08333,-108.8333,1.94239129682735e-10
41.08333,-108.1667,1.62792735500054e-10
41.08333,-107.5,2.00199757302851e-10
41.08333,-106.8333,2.27680753945223e-10
41.08333,-104.9583,3.22285306313846e-10
41.08333,-103.6667,8.13813569787693e-11
41.08333,-103.1667,5.45808242543185e-11
41.08333,-102.0417,2.90675948057587e-11
41.08333,-101.8333,5.48423533426869e-11
41.08333,-99.125,1.09775090093165e-10
41.08333,-98.5,1.76927892202189e-10
41.08333,-97.875,3.70915204081671e-10
41.08333,-96.875,4.1934918302066e-10
41.08333,-96.79167,4.41487835032799e-10
41.08333,-96.58333,4.82199979330305e-10
41.08333,-95.375,1.31933112890289e-10
41.08333,-95.04167,1.19927148923264e-10
41.08333,-94.5,9.70098333190375e-11
41.08333,-94.20833,1.87083764232055e-10
41.08333,-93.95833,1.73530554509067e-10
41.08333,-93.75,1.96921406250959e-10
41.08333,-92.75,3.27223215780726e-10
41.08333,-91.875,1.49053145273285e-10
41.08333,-91.625,2.59318063425043e-10
41.08333,-91.375,3.19452622312112e-10
41.08333,-91,1.54216681702455e-09
41.08333,-90.45833,1.06042935043825e-09
41.08333,-90.25,5.25268607930927e-10
41.08333,-89.75,2.76172859397586e-10
41.08333,-89.25,2.35776789195326e-10
41.08333,-89.125,2.82817084435382e-10
41.08333,-87.625,1.12409661270383e-09
41.08333,-87.08333,4.82916241236202e-10
41.08333,-85.66667,1.44588509355771e-09
41.08333,-85.5,5.11667511504528e-10
41.08333,-85.29167,9.35221584376119e-09
41.08333,-83.45833,1.75563262645785e-09
41.08333,-83.125,1.20533344308316e-09
41.08333,-81.45833,8.84409012634604e-09
41.08333,-81.375,2.25533487808225e-09
41.08333,-80.83333,9.29370942554224e-10
41.08333,-79,4.56242995325946e-10
41.08333,-78.5,1.22596425266633e-09
41.08333,-76.375,5.50972972768757e-10
41.08333,-75.5,8.86255070156415e-10
41.08333,-74.70833,8.0753151829315e-09
41.08333,-74.33333,5.93599792602813e-09
41.08333,-74.125,1.97149507649673e-08
41.08333,-72.45833,5.08639723307415e-09
41.08333,-72.04167,1.5646585667384e-08
41.08333,-71.875,3.58165783279157e-09
41.04167,-123.0417,7.66730919440427e-11
41.04167,-122.4583,2.56864656513259e-11
41.04167,-121.9167,5.10545588342458e-11
41.04167,-121.7083,1.25434675990348e-10
41.04167,-121.1667,1.96140818380682e-10
41.04167,-120.625,2.94206041276793e-10
41.04167,-118.0417,4.07994702754112e-11
41.04167,-118,4.18581481429932e-11
41.04167,-116.7083,1.96818414817028e-10
41.04167,-115,5.35716361390812e-11
41.04167,-112.875,5.11812588390882e-10
41.04167,-112.7917,5.2330012263915e-10
41.04167,-111.0833,5.81850090077351e-10
41.04167,-110.5417,2.76073825750145e-10
41.04167,-107,2.28987617293766e-10
41.04167,-106.8333,2.33644833015897e-10
41.04167,-105.625,4.4231945532189e-10
41.04167,-103.75,7.99815103643287e-11
41.04167,-102.4167,2.74778704572641e-11
41.04167,-102.0833,2.87476330887102e-11
41.04167,-102.0417,2.9582979826393e-11
41.04167,-101.1667,4.40864226489663e-11
41.04167,-99.91667,4.88991473390973e-11
41.04167,-99.70833,6.44786115231071e-11
41.04167,-98.58333,2.21257453060296e-10
41.04167,-96.58333,6.48908479433216e-10
41.04167,-96.5,8.57582746623045e-10
41.04167,-95.875,7.79441403744447e-10
41.04167,-94.91667,1.02057782674319e-10
41.04167,-94.41667,9.28956094134493e-11
41.04167,-94,1.56426486177834e-10
41.04167,-93.54167,1.24648616683389e-10
41.04167,-93.5,1.06415754928812e-10
41.04167,-93,3.58642338869453e-10
41.04167,-92.16667,1.88884040467602e-10
41.04167,-91.5,3.18474063704939e-10
41.04167,-91.20833,6.64255786670865e-10
41.04167,-88.54167,3.92405114280937e-10
41.04167,-86.33333,7.40543568484145e-10
41.04167,-84.875,9.46147107120306e-10
41.04167,-84.625,4.16415560486326e-10
41.04167,-82.29167,1.56151873817928e-09
41.04167,-82.04167,2.24464577332548e-09
41.04167,-81.70833,4.36857480176159e-09
41.04167,-81.16667,1.24133352197828e-09
41.04167,-79.25,1.18391228655107e-09
41.04167,-79.20833,1.05255544039563e-09
41.04167,-76.54167,6.4052223261605e-10
41.04167,-72.91667,1.61697808371792e-08
41,-123.375,1.93118285845603e-11
41,-120,2.44825217431117e-10
41,-119.375,1.86915151589411e-12
41,-119.3333,1.84197070264205e-12
41,-118.375,3.64980586971709e-11
41,-117.9167,4.60318037374046e-11
41,-117.4583,1.2171211386933e-11
41,-116.4167,2.05694838011441e-10
41,-114.4583,6.82239870964011e-11
41,-113.7917,7.72214721386063e-11
41,-113.375,4.86721335115226e-10
41,-111.625,4.71768693437311e-10
41,-110.75,5.44729710337211e-10
41,-110.4583,2.79702456364963e-10
41,-110,2.08887878170899e-10
41,-109.625,2.39677563645602e-10
41,-109.5833,2.25591345905644e-10
41,-106.7083,4.43565932217612e-11
41,-106.3333,2.62502253547418e-10
41,-103.375,4.74535028519387e-11
41,-103.2917,4.72643919735887e-11
41,-102.7083,5.33385747842953e-11
41,-102.3333,2.49282388678094e-11
41,-101.7917,6.10196878835488e-11
41,-98.91667,1.71276030942496e-10
41,-98.33333,4.27721464783032e-10
41,-97.58333,5.72044100101797e-10
41,-96.25,8.25525760478814e-10
41,-96.20833,1.03387644340368e-09
41,-95.70833,3.03275695335299e-09
41,-95.54167,4.74895556192114e-10
41,-95.16667,1.28334950380413e-10
41,-94,1.51077453165571e-10
41,-92.20833,1.83784320783189e-10
41,-91.95833,1.34401397703671e-10
41,-91.75,1.50059664350673e-10
41,-89.83333,3.9499161373629e-10
41,-88.75,4.91602481250577e-10
41,-87.375,2.57024253201255e-10
41,-84.79167,3.53362174915935e-10
41,-84.375,6.43344375377499e-10
41,-81.91667,9.64147053464978e-10
41,-80.25,6.69451621739502e-10
41,-79.91667,8.22458921985808e-10
41,-78.41667,4.53219762777432e-10
41,-77.875,3.25648639726153e-10
41,-77.5,3.69438731515916e-10
41,-77.375,3.53635631913572e-10
41,-77.08333,5.92514009938097e-10
41,-76.75,8.50188022633053e-10
41,-75.95833,1.98091424173777e-09
41,-74.125,2.53634491283041e-08
41,-72.95833,1.6532721361879e-08
40.95833,-123.375,1.88790781139438e-11
40.95833,-117.2917,2.01072238893467e-10
40.95833,-115.2917,1.71363805975938e-11
40.95833,-114.4167,3.16836290448651e-10
40.95833,-114.3333,7.72759426617454e-11
40.95833,-114,7.79827004304807e-11
40.95833,-112.0417,1.323597124861e-09
40.95833,-111.5417,3.38639202030484e-10
40.95833,-111.125,1.45564639638424e-10
40.95833,-109.375,2.65678373482225e-10
40.95833,-108.5833,8.31635342279288e-12
40.95833,-107.875,8.85926418747349e-12
40.95833,-107.4583,2.82755059220409e-11
40.95833,-107.3333,2.30764532030783e-10
40.95833,-106.9583,8.06715853152297e-11
40.95833,-105.9167,8.82263796467047e-11
40.95833,-102.7917,5.44412678517853e-11
40.95833,-101.5833,9.48069377460619e-11
40.95833,-100.75,4.80271044118342e-11
40.95833,-99.83333,8.44198757349869e-11
40.95833,-98.125,3.11064490626517e-10
40.95833,-96.58333,5.56078244888542e-10
40.95833,-96.375,6.0552407104016e-10
40.95833,-96.16667,7.90798876770758e-10
40.95833,-96,1.01130969623049e-09
40.95833,-92.58333,9.05849877538191e-10
40.95833,-87.95833,3.85052415282225e-10
40.95833,-85.08333,2.82680863943154e-09
40.95833,-82.70833,1.56383779254796e-09
40.95833,-78.75,8.2149318790353e-10
40.95833,-77.58333,4.01420688773972e-10
40.95833,-76.25,4.28300110945267e-10
40.95833,-76.20833,2.31164427840346e-10
40.95833,-74.5,1.01832966339505e-08
40.95833,-74.33333,6.32471923662053e-09
40.91667,-123.875,3.03258303273287e-10
40.91667,-122,1.23488164645275e-10
40.91667,-121,2.79877213664521e-10
40.91667,-118.3333,3.8028284416366e-11
40.91667,-118.125,2.1446440223674e-10
40.91667,-118,4.37172769011361e-11
40.91667,-117.875,4.88565202548654e-11
40.91667,-115.5833,2.91334558073555e-10
40.91667,-113.7917,8.10525428097208e-11
40.91667,-111.7917,5.29536010192971e-10
40.91667,-111.5833,2.85252511555193e-10
40.91667,-105.5833,1.6466076513607e-10
40.91667,-102.9167,5.58548283717508e-11
40.91667,-102.875,5.4852208206306e-11
40.91667,-101.4583,5.39033428620217e-11
40.91667,-99.91667,7.50760231127491e-11
40.91667,-98.70833,2.77659344824204e-10
40.91667,-97.95833,2.58539795215201e-10
40.91667,-96.5,7.02008265857533e-10
40.91667,-95.08333,2.55503602308897e-10
40.91667,-93.75,7.47363081068867e-10
40.91667,-93.625,6.9626902750008e-10
40.91667,-92.58333,8.97319060976377e-10
40.91667,-91.25,1.07264605449166e-09
40.91667,-89.29167,5.81626759643524e-10
40.91667,-88.79167,4.77518017009076e-10
40.91667,-87.5,2.34474084254495e-10
40.91667,-84.875,1.61178914710618e-09
40.91667,-82.375,9.37853593121229e-10
40.91667,-80.95833,7.26832559711095e-10
40.91667,-80.45833,1.44258212330753e-09
40.91667,-79.70833,6.42958784917273e-10
40.91667,-79.125,2.93572243901321e-10
40.91667,-79.08333,5.24188616784041e-10
40.91667,-77.70833,1.34930211112976e-09
40.91667,-77.08333,1.48749268550212e-09
40.91667,-74.08333,2.66033442989605e-08
40.91667,-73.66667,5.0080800665033e-08
40.91667,-72.5,1.27355610418704e-07
40.91667,-72.16667,1.18366742895732e-08
40.875,-123.875,3.42650513066279e-11
40.875,-123.0833,3.9242871739576e-11
40.875,-122.875,3.82408254379455e-11
40.875,-121.375,6.25381470483427e-11
40.875,-119.2917,2.08196460613619e-10
40.875,-117.1667,2.08583614441743e-10
40.875,-116.8333,1.31450046481411e-10
40.875,-115.625,3.58601924040272e-10
40.875,-115.25,2.8991829463657e-11
40.875,-113.625,8.03025812155136e-11
40.875,-113.5,4.33643669919962e-10
40.875,-111.7917,1.46417841576423e-09
40.875,-111.0833,1.54260487723657e-10
40.875,-110.9167,1.24628525226101e-10
40.875,-109.375,2.73071030063756e-10
40.875,-108.625,8.49802687079835e-12
40.875,-103.0833,4.64415465846287e-11
40.875,-100.4167,5.80839060096346e-11
40.875,-99.70833,1.37232503051182e-10
40.875,-98.625,3.1785116838389e-10
40.875,-98.58333,3.29815191248178e-10
40.875,-97.33333,2.31467017838811e-10
40.875,-96.79167,1.77668553403823e-08
40.875,-96.33333,5.53584540593009e-10
40.875,-94.79167,9.6721982732882e-11
40.875,-94.125,1.15116871280729e-10
40.875,-93.875,5.83178044778155e-10
40.875,-93.70833,6.20926841485561e-10
40.875,-92.5,2.77077959138972e-10
40.875,-92.25,5.77347607061829e-10
40.875,-91.5,3.16135359605628e-10
40.875,-90.33333,2.27604915917184e-10
40.875,-89.66667,3.6405639939162e-09
40.875,-89.125,4.21969151137522e-10
40.875,-88.75,6.21685032064112e-10
40.875,-88.08333,2.09867778216344e-10
40.875,-88,2.27637797269698e-10
40.875,-86.91667,9.16622727150131e-10
40.875,-86.16667,7.67458273459193e-10
40.875,-85.33333,6.98268626828378e-10
40.875,-85.125,1.26963874826453e-09
40.875,-84.33333,1.0205009663412e-09
40.875,-82.54167,4.97448872816575e-09
40.875,-82.33333,3.12750136201265e-09
40.875,-81.79167,1.00552124887836e-09
40.875,-81.125,1.12307295702906e-09
40.875,-78.16667,5.05043687627173e-10
40.875,-77.70833,1.54484806588263e-09
40.875,-76.33333,3.58711656709283e-10
40.875,-75.95833,7.19682912632679e-10
40.875,-74.875,8.6284738588821e-09
40.875,-73.54167,7.87502043987123e-09
40.875,-73.45833,1.86084952957214e-08
40.83333,-123.75,1.41493597018154e-10
40.83333,-123.6667,9.1636344614748e-11
40.83333,-123.1667,3.17633064786838e-10
40.83333,-122.25,4.17066241293381e-11
40.83333,-121.7083,1.25937176536177e-10
40.83333,-120.8333,2.59109756343229e-10
40.83333,-119.8333,2.32225338729554e-12
40.83333,-119.5,2.04700155403508e-12
40.83333,-118.625,1.99129454525425e-10
40.83333,-118.3333,2.0593080881613e-10
40.83333,-117.9583,4.43146032930451e-11
40.83333,-116.625,1.31709448493311e-10
40.83333,-116.5417,2.13090221026559e-10
40.83333,-113.8333,8.99651768285427e-11
40.83333,-112.0417,1.72985707135547e-09
40.83333,-111.9583,8.83188967763731e-09
40.83333,-111.9167,2.11418069646443e-08
40.83333,-110.5833,4.76353438016027e-11
40.83333,-108.5833,8.52023887522994e-12
40.83333,-102.875,5.1407027349961e-11
40.83333,-102.5417,3.34022015301924e-11
40.83333,-100.3333,5.53824557659202e-11
40.83333,-100,1.04311195834688e-10
40.83333,-99.91667,1.1387728253874e-10
40.83333,-99.79167,1.16144305967412e-10
40.83333,-98.16667,2.41083085185368e-10
40.83333,-97.41667,1.57809803018282e-10
40.83333,-97.33333,1.88471579730804e-10
40.83333,-92.79167,2.46880234948147e-10
40.83333,-91.20833,1.09045018134357e-09
40.83333,-90.75,2.74400999649112e-10
40.83333,-90.45833,2.1416931707731e-10
40.83333,-88.25,6.80915249853993e-10
40.83333,-88.16667,6.00622550383047e-10
40.83333,-87.91667,2.24632813613162e-10
40.83333,-87.625,7.47768893707026e-10
40.83333,-83.29167,7.1409103255781e-10
40.83333,-82.79167,1.5272610703562e-09
40.83333,-82.08333,5.98241305026635e-10
40.83333,-81.58333,1.98852986836471e-09
40.83333,-81.5,4.5004939217028e-09
40.83333,-81.375,5.31519262123395e-09
40.83333,-81.16667,1.19619158950352e-09
40.83333,-80.08333,2.23290060916289e-09
40.83333,-79.70833,7.46449763659457e-10
40.83333,-78.70833,8.05306604840697e-10
40.83333,-78,2.15089754888007e-09
40.83333,-74.875,8.48677808969381e-09
40.83333,-73.625,4.86431263155675e-08
40.83333,-72.625,3.30023720972585e-09
40.79167,-123.9167,3.77385802617985e-10
40.79167,-123.75,1.13710716659429e-09
40.79167,-123.5417,3.20678140488807e-11
40.79167,-122.0833,8.02481931496534e-11
40.79167,-121.5417,4.76036535176965e-10
40.79167,-120.5417,3.1771680737206e-10
40.79167,-120.0833,3.00319245915778e-10
40.79167,-119.6667,2.22410353890189e-12
40.79167,-118.0417,2.23509077807371e-10
40.79167,-117.125,1.54905001305627e-10
40.79167,-116,4.32246271930561e-10
40.79167,-112.75,1.24471144761835e-10
40.79167,-112.4583,7.51467761436019e-10
40.79167,-111.7917,2.39703359805053e-09
40.79167,-111.375,2.177364274169e-10
40.79167,-109.5833,9.03072719747605e-11
40.79167,-108.5833,8.68277124028788e-12
40.79167,-108,2.4300172357517e-11
40.79167,-107.375,3.39888041114386e-11
40.79167,-106.8333,9.20981481279423e-11
40.79167,-105.6667,4.28810201397171e-11
40.79167,-105.2917,2.27297322963054e-10
40.79167,-105.125,6.67585391130696e-10
40.79167,-104.875,9.65665294698188e-11
40.79167,-103.8333,5.82169448702546e-11
40.79167,-103.6667,9.18442562989098e-11
40.79167,-102.75,2.77009396973127e-11
40.79167,-101.4167,5.13510143027792e-11
40.79167,-99.95833,6.75662060205535e-11
40.79167,-99.58333,1.25901343867977e-10
40.79167,-96.625,9.56144727333306e-09
40.79167,-96.5,1.73269417939158e-09
40.79167,-95.25,1.47947945867955e-10
40.79167,-95.125,1.49802894995154e-10
40.79167,-95.04167,6.9644343913991e-10
40.79167,-94.45833,7.07673746494893e-11
40.79167,-94.125,3.74780990316404e-10
40.79167,-93.25,2.70415462766374e-10
40.79167,-91.66667,3.20684664677498e-10
40.79167,-90.75,3.49748512591705e-10
40.79167,-90.41667,3.1265820354172e-10
40.79167,-89.29167,1.20936141175243e-09
40.79167,-87.95833,1.03793415574882e-09
40.79167,-87.375,2.66419848882981e-10
40.79167,-87.16667,2.59685310133224e-10
40.79167,-86.66667,2.60209185912567e-09
40.79167,-85.875,9.13448895141796e-10
40.79167,-85.375,4.8571099219309e-10
40.79167,-84.83333,9.42271971498857e-10
40.79167,-83.95833,1.04009852868472e-09
40.79167,-83.66667,8.85065768099212e-10
40.79167,-83.41667,2.74895420238635e-10
40.79167,-82.66667,1.94168964371596e-09
40.79167,-82.20833,7.35377433888448e-10
40.79167,-81.66667,9.66635608228739e-10
40.79167,-81.04167,2.15196007854967e-09
40.79167,-80.29167,1.85341034140214e-09
40.79167,-80.16667,2.77303004092199e-09
40.79167,-79.70833,9.7244646067366e-10
40.79167,-78.70833,1.28184329799486e-09
40.79167,-77.08333,7.33333676297847e-10
40.79167,-76.875,1.37659804489707e-09
40.79167,-75.375,2.30354573788355e-09
40.79167,-75.04167,1.45151948795012e-09
40.79167,-74.25,5.6909362212e-08
40.79167,-73.875,3.88793992533585e-08
40.79167,-73.16667,1.50206406195924e-08
40.75,-123.9583,5.24044404195991e-10
40.75,-122.875,3.42118126204263e-11
40.75,-121.9583,6.35842677147835e-11
40.75,-121.0417,2.7039178463314e-10
40.75,-120.75,1.19365823840282e-10
40.75,-115.25,3.09642924619528e-11
40.75,-114.2917,4.6367734336865e-10
40.75,-113.4167,7.8995842796252e-11
40.75,-112.2083,1.56261070081379e-09
40.75,-111.4583,6.38074613055646e-10
40.75,-110.9583,1.45867348480767e-10
40.75,-110.8333,6.06379818007086e-11
40.75,-110.7917,5.77009350552365e-11
40.75,-108.5417,8.69612291490549e-12
40.75,-106.9583,9.91200541946053e-11
40.75,-106.6667,8.18913487928654e-11
40.75,-105.6667,4.27699285056854e-11
40.75,-105.4167,2.03957255887091e-10
40.75,-105,5.03708178339709e-10
40.75,-103.6667,9.2065652449674e-11
40.75,-103.125,8.86745043649837e-11
40.75,-100.9583,1.76696485996522e-10
40.75,-100.4583,5.83425579258863e-11
40.75,-99.95833,6.54971683965556e-11
40.75,-99.29167,7.90973973283561e-10
40.75,-99.25,9.21582998146498e-10
40.75,-99.08333,3.36563247607834e-09
40.75,-98.91667,3.36385628908823e-10
40.75,-98.83333,3.03147726061774e-10
40.75,-96.20833,3.82780215177706e-10
40.75,-95.83333,2.77906315481812e-10
40.75,-95.79167,2.8237093167801e-10
40.75,-95.625,3.44296620704454e-10
40.75,-94.29167,1.20142176734445e-10
40.75,-93.5,2.12043268639255e-10
40.75,-91.29167,5.69077168465015e-10
40.75,-91.08333,5.34362203165573e-10
40.75,-90.83333,7.16101302884161e-10
40.75,-89.91667,8.1686988145557e-10
40.75,-89.875,1.23474024214119e-09
40.75,-89.79167,3.20247636634579e-09
40.75,-87,2.3408930755303e-10
40.75,-86.625,2.40341226989764e-09
40.75,-86.45833,1.09236365754026e-09
40.75,-85.66667,5.96242246824613e-10
40.75,-85.625,4.38802688536726e-10
40.75,-77.25,2.03999123183144e-09
40.75,-77.08333,7.30320262485155e-10
40.75,-75.91667,4.3045425045609e-10
40.75,-75.83333,4.79858337848522e-10
40.70833,-123.5,1.23048429843054e-10
40.70833,-121.0417,2.72137214715067e-10
40.70833,-120.7917,1.18644276987003e-10
40.70833,-118.0833,9.22054992181243e-11
40.70833,-117.2083,5.13776501011052e-10
40.70833,-117.125,5.42447793461671e-10
40.70833,-116.6667,1.38300250917593e-10
40.70833,-115.2917,3.12065152804791e-11
40.70833,-115.125,2.41500120612911e-10
40.70833,-113.4167,7.12890250439252e-11
40.70833,-112.5417,2.668499303344e-10
40.70833,-111.5833,3.34446703460885e-09
40.70833,-110.3333,1.60940573496652e-10
40.70833,-109.0417,1.12916100766273e-11
40.70833,-108.75,9.69843549024383e-12
40.70833,-107.7917,2.81398423323023e-11
40.70833,-107.5833,3.2221932630285e-11
40.70833,-107.5417,3.31768259024758e-11
40.70833,-106.6667,5.22042206039626e-11
40.70833,-106.5,5.02627969484137e-11
40.70833,-106.375,4.94347500438224e-11
40.70833,-105.625,1.33414737622072e-10
40.70833,-102.875,2.77367569272617e-11
40.70833,-102.6667,3.72381564351747e-11
40.70833,-101.4167,4.93573032562955e-11
40.70833,-99.83333,9.47420843223229e-11
40.70833,-99.625,1.43284337992898e-10
40.70833,-97.41667,2.04950744397017e-10
40.70833,-97.16667,3.05512035998072e-10
40.70833,-96.83333,4.01720566059472e-10
40.70833,-96.66667,5.27307029729291e-09
40.70833,-95,1.18771182516419e-10
40.70833,-94.58333,2.07857792854597e-10
40.70833,-94.41667,6.77265959897229e-11
40.70833,-93.25,1.18623006422221e-10
40.70833,-92,2.74410956941194e-10
40.70833,-89.5,5.72415237835904e-09
40.70833,-89.08333,4.83518544271429e-10
40.70833,-88.79167,7.13078354422155e-10
40.70833,-88.5,5.75273174915322e-10
40.70833,-88.41667,2.41723797085655e-10
40.70833,-87.58333,1.6826677033496e-09
40.70833,-87.5,4.34618311015876e-10
40.70833,-86.125,3.54025249585448e-09
40.70833,-84.79167,1.17753330257418e-09
40.70833,-84.75,1.01269252671814e-09
40.70833,-84,1.44118151989835e-09
40.70833,-83.54167,6.46037666038598e-10
40.70833,-81.41667,2.35782334552989e-09
40.70833,-81.125,1.13888596371935e-09
40.70833,-79,9.23854190354884e-10
40.70833,-78.83333,2.32700973338373e-09
40.70833,-78.41667,1.34338546888078e-09
40.70833,-76.83333,8.50557532381479e-10
40.70833,-75.83333,5.07834394702461e-10
40.70833,-73.95833,1.2133546283869e-07
40.70833,-73.83333,1.23672137709526e-07
40.70833,-73.66667,2.71939136465219e-08
40.66667,-123.8333,2.90163716777593e-11
40.66667,-123.7917,2.74924381048333e-11
40.66667,-122.8333,9.68785301668548e-11
40.66667,-121.25,2.90442889250804e-10
40.66667,-120.0417,3.14645187176972e-10
40.66667,-119.2083,2.27530473300488e-10
40.66667,-118.5833,2.27912482978229e-10
40.66667,-117.5417,2.16335592328716e-10
40.66667,-117.5,2.13707893139128e-10
40.66667,-116.75,1.45584337551225e-10
40.66667,-115.5417,1.32806202894314e-10
40.66667,-114.9583,2.26083149306748e-10
40.66667,-114.75,2.57484155451041e-10
40.66667,-114.2917,4.7042228754654e-10
40.66667,-111.3333,4.71899456307026e-10
40.66667,-110.625,1.7739955981178e-10
40.66667,-109.375,1.30516779462025e-10
40.66667,-109.1667,4.82797200668881e-11
40.66667,-108.4167,8.60282879468392e-12
40.66667,-106.6667,5.32857625794186e-11
40.66667,-106.375,4.98366086597731e-11
40.66667,-105.2917,2.29940601721716e-10
40.66667,-102.5,4.83004596122132e-11
40.66667,-101.625,3.37365441422919e-11
40.66667,-99.875,6.91932656583993e-11
40.66667,-97.375,2.34299312142542e-10
40.66667,-96.29167,2.63104273847911e-10
40.66667,-94.91667,1.0355101149115e-10
40.66667,-94.70833,1.66561031769539e-10
40.66667,-93.70833,9.43664908655049e-11
40.66667,-93.625,9.2480595971728e-11
40.66667,-93,1.27442958574173e-10
40.66667,-92.625,1.4471699582865e-10
40.66667,-92.33333,1.61888597092793e-10
40.66667,-90.70833,1.96501668918935e-10
40.66667,-90.41667,1.59479413489209e-10
40.66667,-90,7.34901420988818e-10
40.66667,-87.58333,3.03397009956116e-10
40.66667,-85.375,5.43433428573375e-10
40.66667,-84.54167,1.49029925349564e-09
40.66667,-83.54167,1.01919996522272e-09
40.66667,-82.125,1.83049467799527e-09
40.66667,-82.08333,1.95703853146185e-09
40.66667,-81.58333,3.01994044648117e-09
40.66667,-77.375,2.65412134185926e-09
40.66667,-77.25,9.40570858021211e-10
40.66667,-77.125,1.82311027094522e-09
40.66667,-76.70833,7.17150526722485e-10
40.66667,-74.79167,4.73315115150518e-09
40.66667,-73.04167,3.39348324531807e-08
40.625,-124.1667,5.5252850042451e-10
40.625,-123,1.88241066876362e-11
40.625,-122.2083,1.06143992083141e-09
40.625,-121.2917,3.02073168571098e-10
40.625,-120.9167,2.87088305244942e-10
40.625,-120.4583,1.45204444056086e-10
40.625,-118.875,2.3604969478342e-10
40.625,-116.75,1.4749484575493e-10
40.625,-116.5417,2.3261784719173e-10
40.625,-116.25,1.69523589879567e-10
40.625,-115.9583,3.79395522728514e-10
40.625,-115,2.25808018499983e-10
40.625,-114.875,2.32412377873797e-10
40.625,-113.6667,5.29383323489528e-10
40.625,-110.625,1.80619440302781e-10
40.625,-109.0833,3.32612248264287e-11
40.625,-106.7083,8.85877792106166e-11
40.625,-105.7917,1.12479650928698e-10
40.625,-104.75,1.17821592827272e-09
40.625,-102.9167,2.68890474440808e-11
40.625,-101.9583,2.00305476191479e-11
40.625,-101.4167,2.73753058903502e-11
40.625,-101.0417,3.77191231549063e-11
40.625,-100.4583,5.52930857725187e-11
40.625,-100.2917,5.29381167949376e-11
40.625,-99.75,5.01648675456718e-11
40.625,-99.375,1.69825273612023e-10
40.625,-98.41667,5.08111385447502e-10
40.625,-98.125,2.33860980083023e-10
40.625,-98.08333,2.23091302002973e-10
40.625,-97,7.62629333681735e-10
40.625,-94.79167,1.72823150543637e-10
40.625,-91.16667,3.26756418776608e-10
40.625,-90.29167,3.06600594357934e-10
40.625,-90.25,3.43359905769705e-10
40.625,-89.83333,1.22956059182941e-09
40.625,-89.04167,1.08408881927793e-09
40.625,-86.95833,3.58611060623778e-10
40.625,-86.625,6.01266648283066e-10
40.625,-83.66667,1.90327651806823e-09
40.625,-82.41667,7.12818844887723e-10
40.625,-80.45833,2.18584798356412e-09
40.625,-80.33333,1.40617480600284e-09
40.625,-80.29167,4.6808044236584e-09
40.625,-79.20833,1.45914493912258e-09
40.625,-78.625,5.71176396079333e-10
40.625,-76.70833,1.39310424965588e-09
40.625,-74.70833,9.46427563094214e-09
40.625,-74.58333,1.08857890538949e-08
40.625,-73.45833,5.01591936503522e-08
40.58333,-124.0417,1.18645806964517e-09
40.58333,-123.125,4.80843219179847e-11
40.58333,-122.5833,1.28231803254059e-10
40.58333,-122.4583,1.34640300528525e-09
40.58333,-122.375,3.19815188702588e-09
40.58333,-122.25,1.44108599339316e-09
40.58333,-121.7083,8.39016386228192e-11
40.58333,-120.6667,3.18941317839116e-10
40.58333,-120.3333,3.46513856740625e-10
40.58333,-117.1667,2.53883608092967e-10
40.58333,-115.7083,5.64427424045714e-11
40.58333,-113.625,5.56901855029232e-10
40.58333,-113.2083,4.42486563455391e-10
40.58333,-111.7917,1.85946369555704e-09
40.58333,-111.5833,9.77495864505639e-10
40.58333,-111.4167,6.74300274632431e-10
40.58333,-111.125,4.4291676907606e-10
40.58333,-110.0833,4.31025120787826e-10
40.58333,-108.1667,9.05057228604607e-12
40.58333,-107.375,8.63927007261082e-11
40.58333,-106.7917,9.67186956532837e-11
40.58333,-106.2917,4.98552710816288e-11
40.58333,-105.8333,1.08131151373032e-10
40.58333,-104.3333,7.62545784985494e-11
40.58333,-103.9167,6.57815097943159e-11
40.58333,-103.625,9.69881680462598e-11
40.58333,-103.2083,1.28705631141143e-10
40.58333,-101.0417,3.75370343469218e-11
40.58333,-100.8333,3.27952634186026e-11
40.58333,-99.875,6.48706748169637e-11
40.58333,-99.66667,7.58619461660891e-11
40.58333,-99.45833,1.57238813649663e-10
40.58333,-99.16667,3.66715847968166e-10
40.58333,-98.83333,1.775950255539e-10
40.58333,-97.20833,1.02072750430269e-10
40.58333,-96.08333,4.78276947059448e-10
40.58333,-96,5.1980777811218e-10
40.58333,-95.79167,1.94471315466345e-10
40.58333,-95.375,1.71079058490327e-10
40.58333,-95,1.56191114960848e-10
40.58333,-94.79167,1.80240287893888e-10
40.58333,-93.20833,1.97356661449229e-10
40.58333,-92.70833,7.39907648129158e-10
40.58333,-90.625,3.84020629654051e-10
40.58333,-88.33333,5.26753934747463e-10
40.58333,-88.125,2.11281220135806e-10
40.58333,-85.375,1.37428583431337e-09
40.58333,-84.5,1.06597477753808e-09
40.58333,-84.20833,3.36282818372079e-09
40.58333,-83.83333,1.11074136196722e-09
40.58333,-82.58333,6.18375658985014e-10
40.58333,-81.79167,2.92171976464888e-09
40.58333,-80.66667,1.89017324867729e-09
40.58333,-80.16667,5.92298175342081e-09
40.58333,-80.04167,1.10287980288659e-08
40.58333,-79.41667,5.53576975651328e-10
40.58333,-78.875,1.6906169993621e-09
40.58333,-77.79167,7.13714218631644e-10
40.58333,-76.54167,2.01739110418666e-09
40.58333,-76.20833,9.26993249253779e-10
40.58333,-75.20833,2.05030043456018e-09
40.54167,-120.875,3.07539541275543e-10
40.54167,-120.6667,3.36255504535809e-10
40.54167,-119.2083,2.47915762106636e-10
40.54167,-117.125,2.60999631400779e-10
40.54167,-116.75,1.46483680765115e-10
40.54167,-116.5417,2.29238048885046e-10
40.54167,-115.75,2.62862398000965e-10
40.54167,-114.0833,5.08495437729223e-10
40.54167,-112.75,1.10630643847245e-10
40.54167,-111.9167,2.15491326302344e-08
40.54167,-108.7083,1.0198457620542e-11
40.54167,-108.0417,9.66421322306335e-12
40.54167,-107.9583,1.0053322392109e-11
40.54167,-101,3.8149049332048e-11
40.54167,-100.4167,5.61391461262114e-11
40.54167,-100.125,5.94705579669667e-11
40.54167,-100,6.25711177915612e-11
40.54167,-99.91667,6.21806688761716e-11
40.54167,-97.58333,1.48255006031016e-10
40.54167,-95.875,1.73584757433494e-10
40.54167,-94.45833,9.30181915272336e-11
40.54167,-92.33333,2.90368040010477e-10
40.54167,-92.04167,3.71721747534148e-10
40.54167,-90.54167,7.59391072398891e-10
40.54167,-89.75,2.47673259845432e-09
40.54167,-89.33333,1.25248992704798e-09
40.54167,-86.25,6.69187774748955e-10
40.54167,-85.66667,1.89062744402733e-08
40.54167,-85.58333,1.25227665643725e-09
40.54167,-85.08333,1.23370299591561e-09
40.54167,-85,1.35872672718748e-09
40.54167,-84.54167,1.33380760308012e-09
40.54167,-84.29167,3.6664538457183e-09
40.54167,-84,1.0064247302639e-09
40.54167,-83.79167,1.07187903050295e-09
40.54167,-81.66667,3.70756642733989e-09
40.54167,-81.29167,6.47369701272647e-10
40.54167,-80.33333,1.99378073221483e-09
40.54167,-79.79167,5.57626298460009e-09
40.54167,-78.75,9.78597648310079e-10
40.54167,-78.08333,7.037470633905e-10
40.54167,-77.41667,7.03317442239948e-10
40.54167,-77,1.26255283054134e-09
40.54167,-75.875,1.0981710787921e-09
40.54167,-74.75,8.69749770114209e-09
40.5,-124.2917,9.27330287781964e-11
40.5,-123.0833,1.26686920414428e-10
40.5,-119.2083,2.55045865737781e-10
40.5,-118.625,2.71362931100142e-10
40.5,-116.625,1.34380481003118e-10
40.5,-116.5833,2.29363438056594e-10
40.5,-115.125,2.21480525866843e-10
40.5,-115.0417,2.18456338659002e-10
40.5,-114.9583,2.17196113184139e-10
40.5,-113.0417,7.61518927603972e-11
40.5,-112.6667,1.32060911003919e-10
40.5,-112.375,8.82960130011245e-10
40.5,-112.2917,7.3829022174352e-10
40.5,-111.5,9.15110235440423e-10
40.5,-110.25,3.39178622114999e-10
40.5,-109.2083,4.59358837711588e-10
40.5,-107.9167,2.80976846432316e-11
40.5,-107.875,2.87318845028821e-11
40.5,-105.625,1.13089440305538e-10
40.5,-105.5417,1.276009955351e-10
40.5,-104.4583,1.15977388649544e-10
40.5,-103.7917,5.56002485868031e-11
40.5,-102.2083,5.22484718495465e-11
40.5,-101.9583,1.88766150767904e-11
40.5,-101.5,1.99510522124836e-11
40.5,-100.625,3.54575972324167e-11
40.5,-96.5,3.02017762489147e-10
40.5,-95.04167,1.9249710414e-10
40.5,-94.66667,3.45868926025508e-10
40.5,-94.54167,9.95929153829667e-11
40.5,-94.33333,9.2161898911468e-11
40.5,-92.58333,5.7598356272508e-10
40.5,-91.70833,2.04111389552182e-10
40.5,-90.5,3.63483474878306e-10
40.5,-89.79167,1.839551877988e-09
40.5,-89.54167,2.25066749139667e-09
40.5,-89.16667,6.51296135622834e-10
40.5,-84.91667,1.02999480346125e-09
40.5,-81.125,9.09475473373323e-10
40.5,-80.5,1.22337674122965e-09
40.5,-79.54167,9.32657900216236e-10
40.5,-75.83333,8.69941805898059e-10
40.5,-75.41667,6.90316957310642e-09
40.5,-75.20833,2.00610783991083e-09
40.5,-75.08333,1.59013082715092e-09
40.5,-74.375,3.64466242024957e-08
40.5,-74.08333,5.19070790326641e-08
40.45833,-124.1667,1.48859275467196e-10
40.45833,-123.75,1.67743446887107e-10
40.45833,-121.9167,1.09707833091519e-10
40.45833,-120.875,3.37288181265597e-10
40.45833,-119.1667,2.61175122357407e-10
40.45833,-116.9167,1.53226921079614e-10
40.45833,-116.375,2.15885860458794e-10
40.45833,-114.75,2.47692925166063e-10
40.45833,-114.6667,2.64482856591757e-10
40.45833,-112.2917,6.14378976226749e-10
40.45833,-112.2083,2.38501112320964e-09
40.45833,-112.125,4.19995517766714e-09
40.45833,-110.7083,2.37635685916216e-10
40.45833,-107.125,1.38322773944012e-10
40.45833,-106.0417,5.17456847452271e-11
40.45833,-105.875,1.42599710660626e-10
40.45833,-105.2083,1.27582345508228e-09
40.45833,-105.1667,2.42196874316854e-09
40.45833,-102.2083,4.23989827959794e-11
40.45833,-102,1.85628189136594e-11
40.45833,-99.33333,1.15897500008538e-09
40.45833,-98.75,1.7065710437478e-10
40.45833,-98.45833,1.76989402925194e-10
40.45833,-97.875,1.86327408913901e-10
40.45833,-97.20833,1.26290231162645e-10
40.45833,-95.70833,1.512713888367e-10
40.45833,-94.54167,9.08820817731994e-11
40.45833,-93.91667,1.32494385383579e-10
40.45833,-93.83333,1.34268750909806e-10
40.45833,-93.20833,4.19324910818557e-10
40.45833,-92.91667,1.18751028606349e-10
40.45833,-92.5,2.48676060286595e-10
40.45833,-91.58333,3.54111775038852e-10
40.45833,-91.20833,3.61364123781305e-10
40.45833,-89.70833,7.02853344738321e-10
40.45833,-89.54167,1.05697873499628e-09
40.45833,-89.20833,3.82856302066146e-10
40.45833,-88.54167,1.76265678692878e-10
40.45833,-88.25,2.04944727151786e-10
40.45833,-87.75,5.53090377129444e-10
40.45833,-87.45833,1.71004945862858e-10
40.45833,-86.5,7.04638372701463e-10
40.45833,-85.83333,4.44122504416649e-10
40.45833,-85.33333,2.78461032293556e-09
40.45833,-85,2.20992592766244e-09
40.45833,-84.125,4.46112981296386e-10
40.45833,-82.91667,9.08326844350787e-10
40.45833,-82.375,4.94050139441165e-10
40.45833,-81.20833,1.3621200342134e-09
40.45833,-80.91667,7.6702032053868e-10
40.45833,-80.625,1.38543168904228e-09
40.45833,-79.66667,6.51945674495711e-09
40.45833,-78.29167,1.23040936115281e-09
40.45833,-77.70833,1.60443243411575e-09
40.45833,-75.91667,2.85067606145561e-09
40.45833,-75.83333,1.89304733301753e-09
40.45833,-74.95833,2.51358244624674e-09
40.45833,-74.66667,8.27246531893989e-09
40.45833,-74.20833,5.8189674857475e-08
40.41667,-122.7917,1.05149930861391e-10
40.41667,-121.625,4.78427870935215e-10
40.41667,-120.7917,1.39501600559707e-09
40.41667,-119.625,3.21724512872033e-10
40.41667,-117.1667,1.43587596809687e-10
40.41667,-117.0417,1.47811902520272e-10
40.41667,-116.4583,2.15406745129232e-10
40.41667,-116.0833,2.06374418439449e-10
40.41667,-115.5833,1.01012479913301e-10
40.41667,-114.875,2.23754140189276e-10
40.41667,-113.8333,4.58063293386559e-10
40.41667,-113.5833,5.27316369331346e-10
40.41667,-112.875,5.88263567847696e-10
40.41667,-111.8333,3.6375039578435e-09
40.41667,-111.3333,7.47310476276573e-10
40.41667,-108.4167,1.95429188357325e-10
40.41667,-105.8333,1.49211805313197e-10
40.41667,-104.1667,1.42151842639751e-10
40.41667,-102.7083,4.0756375286631e-11
40.41667,-100.5833,4.88958549240277e-11
40.41667,-97.66667,2.09068569714896e-10
40.41667,-97.08333,1.54151813930835e-10
40.41667,-96.91667,2.89468037395301e-10
40.41667,-96.20833,1.80351487093268e-10
40.41667,-95.875,3.43908711747605e-10
40.41667,-95.66667,2.96414440295862e-10
40.41667,-95.625,2.08073076706508e-10
40.41667,-95.375,1.47540475337947e-10
40.41667,-95.20833,5.18082769145513e-10
40.41667,-95.125,4.72456558108785e-10
40.41667,-93.58333,1.1106836493602e-10
40.41667,-92.83333,1.02714265747989e-10
40.41667,-92.70833,2.21498479825152e-10
40.41667,-91.54167,1.33706773703365e-10
40.41667,-90.75,3.91175228526645e-10
40.41667,-89.70833,5.9021664815154e-10
40.41667,-86.83333,4.85299600361292e-09
40.41667,-86.54167,4.39115117039911e-10
40.41667,-86.45833,8.88104861276908e-10
40.41667,-85.375,2.94715137570367e-09
40.41667,-85.20833,8.18175158422566e-10
40.41667,-84.79167,5.83946050413067e-10
40.41667,-83.16667,8.06216312022524e-10
40.41667,-81.375,4.3848897045385e-09
40.41667,-81,8.59415034429656e-10
40.41667,-79.16667,8.10524087662997e-10
40.41667,-79,4.22991035091562e-09
40.41667,-78.375,2.91321298306203e-09
40.41667,-77.95833,4.39320231819216e-10
40.41667,-77.54167,1.52852520762453e-09
40.41667,-76.91667,8.64589505328209e-10
40.41667,-75.91667,9.66205895759564e-09
40.41667,-75,2.7675093169673e-09
40.375,-122.875,9.58152496684635e-11
40.375,-122.4167,3.80974780920844e-10
40.375,-120,6.20443008070099e-10
40.375,-119.5833,3.25236938147728e-10
40.375,-118.6667,3.18748717808218e-10
40.375,-118.0833,1.05435057662692e-10
40.375,-117.0417,1.42593782990039e-10
40.375,-112.4583,7.82255473846132e-10
40.375,-110.8333,2.04941486713012e-10
40.375,-109.75,8.19270620584847e-10
40.375,-108.8333,1.82328888192484e-10
40.375,-108.6667,1.04482995570576e-11
40.375,-106.9583,1.96376726277112e-10
40.375,-106.8333,1.8217700289022e-10
40.375,-105.625,4.00990171477025e-10
40.375,-103.5833,3.02746941460196e-10
40.375,-103.1667,2.94702695838388e-11
40.375,-103,2.80428127635304e-11
40.375,-102.4167,2.95081897473359e-11
40.375,-102.25,2.95724651311279e-11
40.375,-101.6667,2.97931769141813e-11
40.375,-101.2083,5.89354928958327e-11
40.375,-100.875,3.78305526247105e-11
40.375,-99.79167,4.80840355451481e-10
40.375,-98.20833,1.47991960648537e-10
40.375,-97.91667,1.34383523027458e-10
40.375,-96.79167,2.21661909645562e-10
40.375,-95.375,1.17037883158596e-10
40.375,-94.625,2.00878164696138e-10
40.375,-94.45833,2.36044048836253e-10
40.375,-92.875,1.14360998901176e-10
40.375,-92.16667,9.3768867813667e-11
40.375,-91.04167,2.17085501530821e-10
40.375,-89.54167,4.32830179919018e-10
40.375,-88.66667,4.64984181575242e-10
40.375,-87.5,2.31554094621764e-10
40.375,-86.95833,1.78631307942097e-09
40.375,-86.33333,3.82019411854775e-10
40.375,-84.95833,9.6349608166628e-10
40.375,-83.70833,1.74002249893706e-09
40.375,-83.16667,8.03562392508567e-10
40.375,-81.5,4.54410771649761e-10
40.375,-77.54167,1.16480275074541e-09
40.375,-77.08333,1.47875600207859e-09
40.375,-76.625,2.33220608135083e-09
40.33333,-123.5417,6.9162420002737e-10
40.33333,-122.9167,1.92023748449322e-10
40.33333,-122.4167,3.63246625520775e-10
40.33333,-121.875,5.70224597162583e-11
40.33333,-120.3333,1.8198513118365e-09
40.33333,-119.0417,2.92202977402023e-10
40.33333,-118.9583,3.00632535161735e-10
40.33333,-118.125,2.66490884889727e-10
40.33333,-114.875,2.17946978926886e-10
40.33333,-114.375,3.07799338155388e-10
40.33333,-114.3333,3.17024453025774e-10
40.33333,-112.7083,3.46989214578782e-10
40.33333,-112.5,6.5711434240609e-10
40.33333,-111.9583,1.57611017429168e-09
40.33333,-109.375,5.64620147380038e-10
40.33333,-109.25,4.81169986744007e-10
40.33333,-107.3333,9.17460824538434e-11
40.33333,-106.3333,3.47600770929577e-11
40.33333,-105.7083,3.48376073403203e-10
40.33333,-105.4167,3.753136808057e-10
40.33333,-104.75,4.47193680751277e-09
40.33333,-104.4167,5.14102753178557e-10
40.33333,-104,5.86249307536112e-11
40.33333,-103.25,3.16546136897321e-11
40.33333,-102.8333,2.55125717239029e-11
40.33333,-102.0417,5.56374456557023e-11
40.33333,-99.5,1.0456238268116e-10
40.33333,-99.375,1.40306352928103e-10
40.33333,-96.66667,1.92191659994405e-10
40.33333,-95.41667,1.04458821166661e-10
40.33333,-95.08333,2.83433237464925e-10
40.33333,-92.75,2.22541243637653e-10
40.33333,-91.70833,1.97960351880834e-10
40.33333,-90.16667,4.42349634037587e-10
40.33333,-89.75,9.67057287047403e-10
40.33333,-88.375,3.97641894533435e-10
40.33333,-87.83333,1.80725782447455e-10
40.33333,-87.66667,1.81082647675464e-10
40.33333,-87.125,5.27182302594643e-10
40.33333,-84.58333,2.03960877790798e-09
40.33333,-83.04167,9.83884916706721e-10
40.33333,-82.83333,1.03043153657584e-09
40.33333,-82.375,4.59624016422747e-10
40.33333,-82.25,3.68133201297944e-10
40.33333,-81.04167,7.22590150185648e-10
40.33333,-80.33333,2.68775496068052e-09
40.33333,-79.875,5.66093258608943e-09
40.33333,-79.70833,6.67661021620866e-09
40.33333,-79.5,3.20681374883432e-09
40.33333,-79.33333,1.05690571656184e-09
40.33333,-76.83333,6.69366588281067e-09
40.33333,-75.375,4.13720205331183e-09
40.33333,-74.875,5.45596344180794e-09
40.29167,-123.7083,4.28037252956073e-10
40.29167,-123.625,4.15260520317196e-10
40.29167,-123.5833,5.24641236206678e-10
40.29167,-120.625,4.53179346361259e-10
40.29167,-119.0833,2.97305212034652e-10
40.29167,-117.625,4.04168301774618e-11
40.29167,-115.875,1.97572511489889e-10
40.29167,-115.6667,9.03454295154221e-11
40.29167,-115.375,2.03959553946998e-10
40.29167,-114.5833,2.58347747459635e-10
40.29167,-113.875,2.1932260012015e-10
40.29167,-113,5.10713945824352e-10
40.29167,-112.9583,5.23093729620927e-10
40.29167,-112.3333,3.05285495429895e-09
40.29167,-111.75,4.30314396162622e-08
40.29167,-111.25,1.60366043930832e-10
40.29167,-110.25,2.4507809914214e-10
40.29167,-109.875,2.00667854595219e-10
40.29167,-109.4583,3.97803216525689e-10
40.29167,-107.4583,2.85526914064599e-10
40.29167,-105.9583,1.09640956911056e-10
40.29167,-105.4167,3.11410698124548e-10
40.29167,-105.125,1.67792228321436e-09
40.29167,-105,1.89900422975934e-09
40.29167,-101.9583,5.66566946588423e-11
40.29167,-101.9167,5.71332062017771e-11
40.29167,-101.375,2.72249948865219e-11
40.29167,-99.125,1.20072245151869e-10
40.29167,-97.83333,1.20646946442713e-10
40.29167,-96.91667,1.34623340025042e-10
40.29167,-96.54167,2.55381310626095e-10
40.29167,-96.125,1.11230746235978e-10
40.29167,-95.95833,1.5143242313085e-10
40.29167,-95.75,1.66392737373993e-10
40.29167,-95.16667,2.26319054900033e-10
40.29167,-93.83333,1.84439585070522e-10
40.29167,-90.75,1.14505151630039e-10
40.29167,-87.375,1.15103638617781e-09
40.29167,-86,5.67544894912907e-10
40.29167,-85.70833,9.28372955445739e-10
40.29167,-83.5,7.42455021976266e-10
40.29167,-83.41667,7.58385960265129e-10
40.29167,-83.125,2.59547620272048e-09
40.29167,-82.70833,5.49525924152966e-10
40.29167,-82.45833,1.53678960042634e-09
40.29167,-81.66667,1.55931142029221e-09
40.29167,-81.625,1.4348380052315e-09
40.29167,-80.75,1.61672422193868e-09
40.29167,-79.16667,1.88422958446021e-09
40.29167,-76.83333,1.05657314479041e-08
40.29167,-76.375,3.21030158316325e-09
40.29167,-75.58333,9.86861499651911e-09
40.29167,-74.29167,5.08121476729348e-09
40.25,-124.3333,2.84426162666119e-09
40.25,-123.8333,1.28568238554096e-10
40.25,-123.7083,4.12002210687083e-10
40.25,-122.9167,1.3514696655633e-10
40.25,-121.7917,3.85867367463208e-10
40.25,-121.4583,3.59686640668595e-10
40.25,-120.2917,7.83943298819264e-10
40.25,-119.6667,5.66691874072365e-11
40.25,-119.4583,4.82423357970093e-11
40.25,-119,3.15419593103424e-10
40.25,-117.75,2.18759649873243e-10
40.25,-117.5,4.0402490132519e-11
40.25,-117.2083,1.31624854509329e-10
40.25,-116.5833,2.09385357969382e-10
40.25,-113.0417,5.02146662931305e-10
40.25,-111.9583,3.65725338811664e-09
40.25,-111.8333,4.30426181745168e-09
40.25,-110.4167,1.62328345554471e-10
40.25,-109.0417,2.93881159230886e-10
40.25,-108.5833,1.63053328054201e-10
40.25,-108.3333,3.10521631570529e-11
40.25,-108.1667,3.25726088579288e-11
40.25,-107.7917,3.76644669985707e-11
40.25,-105.7083,1.75676197397813e-10
40.25,-105.25,1.73764714721688e-09
40.25,-103.8333,3.09697923504515e-10
40.25,-103.5417,3.09452859649389e-11
40.25,-101.9167,5.79557811399588e-11
40.25,-98.75,1.40077770356008e-10
40.25,-95.625,1.31417315493305e-10
40.25,-93.5,3.85306035090221e-10
40.25,-92.58333,1.37526499329531e-09
40.25,-91.16667,1.18379960922228e-09
40.25,-90.75,1.12334696295793e-10
40.25,-89.20833,4.98887112274182e-10
40.25,-88.29167,9.8957737666968e-10
40.25,-86.95833,5.9385245316109e-10
40.25,-84.375,8.85394449080603e-10
40.25,-83,2.4558845986423e-09
40.25,-81.75,1.48889245782024e-09
40.25,-81.125,5.761107778959e-10
40.25,-75.45833,9.12455163581946e-09
40.25,-75.20833,1.21793984926339e-08
40.20833,-124.2917,2.28282538732187e-10
40.20833,-123.4583,2.46155344169841e-10
40.20833,-123.125,2.74004641991352e-10
40.20833,-117.5833,4.03132758538984e-11
40.20833,-116.4167,1.85195042515962e-10
40.20833,-115.9167,1.83960344612886e-10
40.20833,-113.8333,3.49283162769143e-10
40.20833,-113.6667,3.6036781111081e-10
40.20833,-113,4.94047743574943e-10
40.20833,-111.5,2.50055631860778e-10
40.20833,-111.4167,1.8444199257147e-10
40.20833,-107.5,4.5294929385854e-11
40.20833,-107.3333,5.03770268836648e-11
40.20833,-106.7917,1.50755137417967e-10
40.20833,-105.9167,1.18997366790013e-10
40.20833,-105.75,1.74129272386774e-10
40.20833,-104.875,5.66814396602232e-10
40.20833,-103.7083,1.37954447403546e-10
40.20833,-103,2.83104417739109e-11
40.20833,-102.3333,2.19726912074658e-11
40.20833,-101.7083,1.61554294808324e-10
40.20833,-100.9583,3.8987614162772e-11
40.20833,-100.7917,4.44086935268324e-11
40.20833,-100.4583,4.5558260086683e-11
40.20833,-98.95833,1.5737869042943e-10
40.20833,-98.54167,9.88006074496756e-11
40.20833,-97.875,4.39220532872208e-10
40.20833,-97.16667,8.2037119036675e-11
40.20833,-94.70833,2.02427510450876e-10
40.20833,-93.5,4.17088789948995e-10
40.20833,-93.08333,6.50312674010407e-10
40.20833,-91.58333,3.76942484291617e-10
40.20833,-91.45833,2.80411405622185e-10
40.20833,-90.41667,2.16958300562346e-10
40.20833,-89.375,4.24941625719399e-10
40.20833,-89.125,1.06892753063538e-09
40.20833,-89.08333,9.74844808130565e-10
40.20833,-88.16667,6.09101960627183e-10
40.20833,-87.45833,2.48711250221415e-10
40.20833,-87.20833,4.29660473532087e-10
40.20833,-85.375,3.55289011836063e-09
40.20833,-85.20833,6.95093072911161e-10
40.20833,-80.875,1.53675507641549e-09
40.20833,-80.33333,1.25226640855688e-09
40.20833,-78.5,1.42920623879208e-09
40.20833,-76.875,1.60285918115308e-08
40.20833,-76.75,2.37904734228131e-08
40.20833,-76.66667,3.55745136747869e-09
40.20833,-76.125,8.39741543639799e-09
40.20833,-75.95833,3.71196577094084e-09
40.20833,-75.70833,5.1906096352664e-09
40.16667,-123.75,1.87681104801151e-10
40.16667,-122.9167,3.1399604499796e-10
40.16667,-121.8333,4.17085369034993e-10
40.16667,-120.7083,3.71480353119106e-10
40.16667,-119.9583,2.41230289345496e-10
40.16667,-116.375,1.80575979759851e-10
40.16667,-112.9583,4.81292332508727e-10
40.16667,-109.875,1.30866478723807e-10
40.16667,-108.9583,4.78505206432188e-11
40.16667,-108.25,3.28783224471069e-11
40.16667,-108,3.54821717034867e-11
40.16667,-107.0417,5.22122535932478e-11
40.16667,-104.2917,1.93991932878441e-10
40.16667,-101.25,1.5263056330534e-11
40.16667,-100.2083,5.8401498520931e-11
40.16667,-99.83333,5.15122079407684e-11
40.16667,-98.45833,8.48711420787445e-11
40.16667,-97.875,9.12295816207565e-11
40.16667,-96.08333,7.77806603481107e-11
40.16667,-95.375,8.90460001637288e-11
40.16667,-93.45833,1.23443571566403e-10
40.16667,-92.54167,8.30047887938986e-10
40.16667,-91.75,7.46147785806311e-10
40.16667,-89.66667,2.86699659469062e-10
40.16667,-87.95833,7.3573568970327e-10
40.16667,-86.58333,4.42293586744403e-10
40.16667,-85.29167,1.27310564427623e-09
40.16667,-84.91667,1.17491423717351e-09
40.16667,-83.41667,8.1724488931667e-10
40.16667,-83.29167,1.63635741161724e-09
40.16667,-81.20833,3.97486961110797e-10
40.16667,-80.125,2.63051562206992e-09
40.16667,-78.16667,2.2400040897455e-09
40.16667,-77.5,2.23214097286986e-09
40.16667,-75.16667,1.65435108491077e-08
40.125,-123.75,5.75929269166466e-11
40.125,-123.5,4.72908095258133e-10
40.125,-122.8333,3.30149755353271e-10
40.125,-122,8.66162517438352e-11
40.125,-118.25,3.51760964369009e-10
40.125,-116.1667,1.78010291075789e-10
40.125,-115.625,3.66247123618259e-10
40.125,-115.4167,1.86366558787122e-10
40.125,-113.5833,3.61965862136542e-10
40.125,-112.375,3.25484115541459e-10
40.125,-112.0833,2.81563963511154e-09
40.125,-111.8333,4.35705178875388e-10
40.125,-109.5,4.05968364068732e-11
40.125,-108.5833,4.03170223471946e-11
40.125,-105.9583,1.41017699232662e-10
40.125,-105.5833,4.63315097226362e-11
40.125,-105.0833,9.53231270652173e-09
40.125,-102.1667,2.27470937525965e-11
40.125,-101.1667,1.62638893256283e-11
40.125,-100.8333,4.30620051873699e-11
40.125,-99.91667,4.91497644744218e-11
40.125,-99.375,1.18769256656662e-10
40.125,-99.25,8.67956771121733e-11
40.125,-97.91667,8.65176387829096e-11
40.125,-96.95833,1.898189015381e-10
40.125,-96.79167,5.1748681858242e-10
40.125,-95.79167,2.28099728427547e-10
40.125,-93.41667,3.6439103285171e-10
40.125,-93,2.98398805799016e-10
40.125,-92.25,1.61260270925739e-10
40.125,-92,2.99549333885346e-10
40.125,-89.58333,3.07035979092482e-10
40.125,-88.83333,2.23890066493179e-10
40.125,-88.45833,1.66694943131956e-09
40.125,-88.08333,1.38173334782876e-09
40.125,-87.875,8.07647594883477e-10
40.125,-87.16667,1.03294308764797e-09
40.125,-87,2.38296279709398e-10
40.125,-85.95833,1.104882851093e-09
40.125,-85.29167,1.20415407294088e-09
40.125,-84.66667,1.33492743218641e-09
40.125,-84.54167,7.84432960564321e-10
40.125,-84.41667,1.87146867927299e-09
40.125,-84,1.19045135586278e-09
40.125,-83.66667,6.81237708963652e-10
40.125,-83.45833,5.54956632222966e-10
40.125,-83.375,1.23102074607694e-09
40.125,-82.75,2.90809402740373e-09
40.125,-82.70833,2.6700049670979e-09
40.125,-80.91667,1.57581798213704e-10
40.125,-79,9.41033321884473e-10
40.125,-78.625,2.19435412721217e-09
40.125,-78.08333,6.39171819043624e-10
40.125,-76.45833,2.6015725689621e-09
40.125,-74.16667,7.71962849327244e-09
40.08333,-124.1667,4.27939090540763e-10
40.08333,-123.7917,5.66020259159841e-11
40.08333,-123.5833,5.53703289149812e-11
40.08333,-122.9583,2.99502051695165e-10
40.08333,-122,1.17298594460451e-09
40.08333,-121.9583,5.00403947423336e-10
40.08333,-121.9167,4.72412908319978e-10
40.08333,-119.7917,1.9640553865186e-10
40.08333,-119.6667,4.28031606476506e-10
40.08333,-119.3333,3.32442307495058e-10
40.08333,-119.2083,3.25994561038331e-10
40.08333,-117.5417,2.08984293001648e-10
40.08333,-117.1667,1.23438299572507e-10
40.08333,-115.6667,1.84530582714468e-10
40.08333,-115.125,1.86487293267612e-10
40.08333,-113.5833,3.5238861426145e-10
40.08333,-113.5,3.83770188436117e-10
40.08333,-113.4167,4.25966322304498e-10
40.08333,-112.9167,4.45565791897062e-10
40.08333,-110.125,3.51336842437469e-10
40.08333,-109.875,1.29033595085968e-10
40.08333,-109.8333,3.95680480918982e-11
40.08333,-109.4583,3.87930026526319e-11
40.08333,-109,4.81871496917677e-11
40.08333,-108.625,4.12003179196433e-11
40.08333,-107.8333,3.85380730400507e-11
40.08333,-107.7083,3.9711660543203e-11
40.08333,-107.4583,4.44150279969151e-11
40.08333,-104.375,2.18625738557526e-10
40.08333,-104.0833,1.24848438094688e-10
40.08333,-103.9167,1.03089847917963e-10
40.08333,-102.625,4.0017140456119e-11
40.08333,-102.125,2.31245986410139e-11
40.08333,-101.9167,6.16901114962698e-11
40.08333,-100.7083,5.4322178330719e-11
40.08333,-99.45833,1.3999864976328e-10
40.08333,-98.95833,1.43249792546856e-10
40.08333,-98.91667,1.36515594167816e-10
40.08333,-98.20833,5.78767343441042e-11
40.08333,-98.16667,7.86769629586093e-11
40.08333,-96.29167,1.30418414054725e-10
40.08333,-95.875,2.20881982254046e-10
40.08333,-95.08333,1.72334222226002e-10
40.08333,-93.08333,2.5453671064121e-10
40.08333,-92.29167,2.36117062511333e-10
40.08333,-92.125,8.05832212064003e-11
40.08333,-91.5,3.25249304446128e-10
40.08333,-91.29167,3.75860289170627e-10
40.08333,-91,9.14621174292692e-10
40.08333,-90.95833,8.54381394364149e-10
40.08333,-88.79167,9.25531102908002e-10
40.08333,-87.95833,4.93264820753401e-10
40.08333,-87,5.48206100160674e-10
40.08333,-85.875,1.66639968300735e-09
40.08333,-84.83333,8.73078151309901e-10
40.08333,-84.08333,1.81640419246003e-09
40.08333,-83.91667,1.57320991272444e-09
40.08333,-83,9.05736832940966e-09
40.08333,-82.91667,1.95162747914447e-08
40.08333,-82,3.11616945184313e-10
40.08333,-80.83333,3.51650199707379e-10
40.08333,-80.66667,2.01662490480879e-09
40.08333,-80.33333,1.15735885941213e-09
40.08333,-79.66667,3.24188146278568e-09
40.08333,-78.875,7.6731877051894e-10
40.08333,-76.91667,2.3760076368746e-09
40.04167,-123.9583,4.50125258337154e-11
40.04167,-123.7917,5.60766382203936e-11
40.04167,-121.25,5.3373630270771e-10
40.04167,-121.2083,5.46164305209984e-10
40.04167,-121,4.21073971320693e-10
40.04167,-120.8333,3.79618054034586e-10
40.04167,-118.6667,4.18124345433029e-10
40.04167,-118.2917,3.91403996027643e-10
40.04167,-117.5417,2.10942485394061e-10
40.04167,-114.6667,6.85734007006445e-11
40.04167,-113.0417,4.23774179362847e-10
40.04167,-106.9583,3.29630519495049e-10
40.04167,-105.2083,1.00562628664237e-08
40.04167,-104.875,1.52483094984333e-09
40.04167,-104.5,3.43647263364954e-10
40.04167,-103.8333,2.55488351913671e-10
40.04167,-103.375,3.37229498397711e-11
40.04167,-103.3333,3.26932491268405e-11
40.04167,-101.7083,3.65975493389214e-11
40.04167,-101.5417,3.74577452738459e-11
40.04167,-101.0833,3.57447256176645e-11
40.04167,-98.875,1.36671766106844e-10
40.04167,-97.41667,1.23520341617439e-10
40.04167,-97.125,5.1849175080364e-10
40.04167,-97.08333,5.39957391661913e-10
40.04167,-96.91667,1.66976436841872e-10
40.04167,-93.04167,1.61821109738751e-10
40.04167,-92.5,4.22537196104459e-10
40.04167,-92.20833,1.26436957654382e-10
40.04167,-91.625,4.15355321709781e-10
40.04167,-90.70833,2.2517848979483e-10
40.04167,-90.5,2.28921348013722e-10
40.04167,-90.41667,5.03089716155656e-10
40.04167,-89.95833,3.4979594140605e-10
40.04167,-89.875,1.11563917949842e-09
40.04167,-89.54167,7.53125976528483e-10
40.04167,-89.33333,5.41451184935076e-10
40.04167,-88.70833,2.79751406093033e-10
40.04167,-86.20833,3.97923210958818e-09
40.04167,-85.91667,1.18875916102957e-09
40.04167,-84.58333,1.34082810970093e-09
40.04167,-84.41667,1.97776930664148e-09
40.04167,-83.16667,1.30481604529632e-08
40.04167,-82.16667,8.27374229475447e-10
40.04167,-81.66667,6.13260920342727e-10
40.04167,-79.66667,1.21208287218578e-09
40.04167,-79.29167,6.92961345894651e-10
40.04167,-77.75,2.83633938234155e-09
40.04167,-77.375,8.37276068773377e-10
40.04167,-77.33333,1.3426006552508e-09
40.04167,-74.5,4.03721752652772e-09
40,-122.625,4.96843332744772e-11
40,-122.0833,2.4119372946247e-10
40,-121.375,6.43787018782198e-10
40,-120.7917,3.84139076950667e-10
40,-120.4167,6.88582894812914e-10
40,-118.125,3.28465173523622e-10
40,-113.625,3.18995918496506e-10
40,-113.5,3.51420714189059e-10
40,-112,1.72895741874414e-09
40,-111.5417,8.27298275554138e-10
40,-110.7083,1.22673541988716e-10
40,-110.625,1.21613600432887e-10
40,-110.5417,1.21701541030581e-10
40,-107.375,4.64859370755131e-11
40,-107.2083,1.33573924460924e-10
40,-105.9583,1.51962052892958e-10
40,-102.625,4.02092018443501e-11
40,-102.0417,3.28109849514457e-11
40,-100.2917,8.85795573204219e-11
40,-98.33333,5.39659756106712e-11
40,-97.45833,1.40950434485729e-10
40,-97.04167,1.55198368651167e-10
40,-96.20833,1.13416117466872e-10
40,-95.875,1.38027373667506e-10
40,-95.83333,1.36500441054662e-10
40,-94.08333,2.39283941005443e-10
40,-93.08333,1.29470769598327e-10
40,-91.58333,9.59717986061402e-10
40,-91.5,1.15929147871171e-09
40,-91.45833,7.24283112077803e-10
40,-91.41667,7.24175078866453e-10
40,-91.16667,4.75699197908721e-10
40,-90.41667,5.36677759565018e-10
40,-88.58333,6.61450275160829e-10
40,-88.54167,6.96912446146843e-10
40,-87.70833,4.60514049813589e-10
40,-86.04167,9.03369995675495e-09
40,-85.5,6.62100634957322e-10
40,-85.29167,2.00669927110961e-09
40,-82.58333,1.98511561150285e-09
40,-81.79167,4.43602601651722e-10
40,-80.45833,7.15295362598773e-10
40,-79.70833,1.02753644927818e-09
40,-79.25,7.58442046669762e-10
40,-78.20833,7.46389925981068e-10
40,-77.41667,1.14481243643598e-09
40,-75.33333,1.99479940867349e-08
40,-74.16667,1.08581284923147e-08
39.95833,-123.4583,5.54901528137104e-11
39.95833,-122.75,3.42952828798485e-10
39.95833,-120.0833,5.18496413053968e-10
39.95833,-119.7083,1.92486274335105e-10
39.95833,-118.1667,3.52229534701905e-10
39.95833,-117.375,1.29862443800159e-10
39.95833,-116.6667,1.27632260106348e-10
39.95833,-114.25,2.40357897915695e-10
39.95833,-113.9583,1.53520560861598e-10
39.95833,-113.375,3.6297996836385e-10
39.95833,-113.2083,3.8274531545778e-10
39.95833,-112.2917,1.36903479418257e-10
39.95833,-111.375,1.03944710226062e-10
39.95833,-110.4167,3.62008485479733e-10
39.95833,-107.3333,4.94040989830125e-11
39.95833,-107.125,1.44823276937202e-10
39.95833,-106.75,3.22020406636875e-10
39.95833,-105.3333,1.88944040879181e-09
39.95833,-104.625,1.44340655707123e-09
39.95833,-103.8333,7.74752980664962e-11
39.95833,-102.625,4.03721224476901e-11
39.95833,-101.3333,4.18089196278216e-11
39.95833,-100.125,8.08639555740579e-11
39.95833,-98.70833,3.19526606419596e-11
39.95833,-98.125,5.08152275214066e-11
39.95833,-96.54167,3.79147928896396e-10
39.95833,-95.83333,3.07390378931687e-10
39.95833,-95,2.54834356604306e-10
39.95833,-93.16667,1.57513240260005e-10
39.95833,-93.125,1.60375780570807e-10
39.95833,-91.79167,3.046160798984e-10
39.95833,-89.58333,1.93123781433428e-09
39.95833,-88.16667,8.06141615752505e-10
39.95833,-86.91667,1.06285830225331e-09
39.95833,-85.25,1.35308288509907e-09
39.95833,-85.04167,1.50318788923098e-09
39.95833,-82.54167,7.95949853846533e-10
39.95833,-82.375,1.07496089637528e-09
39.95833,-80.29167,5.20559851021355e-10
39.95833,-80.20833,3.70988343172344e-10
39.95833,-80.16667,4.06444597522154e-10
39.95833,-79.58333,1.54672833727475e-09
39.95833,-79.29167,4.12809890907934e-10
39.95833,-79.125,8.41861403045283e-10
39.95833,-78.79167,8.1625064200343e-10
39.95833,-78.5,2.14581961732969e-10
39.95833,-75.25,3.33037884345135e-08
39.95833,-74.70833,2.79621766800373e-09
39.95833,-74.66667,1.747373674549e-09
39.95833,-74.54167,4.26751495734427e-09
39.91667,-123.0417,2.84927873503239e-10
39.91667,-122.8333,3.17823225013588e-10
39.91667,-122.75,3.37266676852034e-10
39.91667,-121.8333,1.06138220995352e-10
39.91667,-121.4167,2.12175628339666e-09
39.91667,-121,7.06740958650887e-11
39.91667,-120.625,6.13044737760595e-10
39.91667,-119.9583,1.05509123021308e-10
39.91667,-119.625,6.97076121789127e-11
39.91667,-117.9583,2.75571143500484e-10
39.91667,-117.75,2.3056373350231e-10
39.91667,-116.0833,3.08461510449775e-11
39.91667,-115.9583,3.07999126278051e-11
39.91667,-115.6667,1.86283920638263e-10
39.91667,-113.75,1.60527528836358e-10
39.91667,-113.3333,3.48185893229968e-10
39.91667,-112.125,1.39161410374337e-10
39.91667,-112,9.57193396795799e-10
39.91667,-111.1667,8.01089525714716e-11
39.91667,-109.625,2.87186297633149e-10
39.91667,-109.3333,2.75485526281913e-10
39.91667,-107.4583,4.94059004430633e-11
39.91667,-105.9583,2.43807542086475e-10
39.91667,-105.8333,2.6783754556943e-10
39.91667,-104.4583,3.7297831107261e-10
39.91667,-103.75,7.24238039478027e-11
39.91667,-101.4583,4.15546053705853e-11
39.91667,-101.4167,4.12635130050671e-11
39.91667,-98.75,5.40626960519397e-11
39.91667,-97.375,1.25452936405622e-10
39.91667,-97.25,1.44381668104123e-10
39.91667,-97.16667,1.3584363786794e-10
39.91667,-97.08333,1.35002904525888e-10
39.91667,-95.58333,1.02326678259785e-10
39.91667,-95.16667,7.29528971547395e-10
39.91667,-93.04167,1.52571492411776e-10
39.91667,-92.83333,1.65773700578483e-10
39.91667,-92.5,3.74224079728275e-10
39.91667,-91.54167,1.18708229655018e-09
39.91667,-89.875,4.23599961056673e-10
39.91667,-89.625,4.34462353674449e-09
39.91667,-89.20833,3.71554437959732e-10
39.91667,-86.25,4.70800108468366e-09
39.91667,-81.54167,8.89841904161236e-10
39.91667,-80.83333,7.92259724639072e-10
39.91667,-79.5,1.03956753708212e-09
39.91667,-78.95833,1.9784223330707e-09
39.91667,-78.91667,1.79244183593891e-09
39.91667,-78.79167,3.65049019924958e-10
39.91667,-77.54167,1.98562522996047e-09
39.91667,-77.04167,2.39829375458091e-09
39.91667,-76.95833,1.48266944569841e-09
39.91667,-76.54167,3.06008944715309e-09
39.91667,-75.75,2.69367211962472e-09
39.91667,-74.125,6.61327644253866e-09
39.875,-122.8333,3.17721227497289e-10
39.875,-120.75,3.88087552749297e-10
39.875,-120.4167,2.43850446477616e-10
39.875,-120.1667,3.95650193425115e-10
39.875,-117.9167,2.63880705612419e-10
39.875,-115.5,1.85429487503062e-10
39.875,-114.375,2.24401346668036e-10
39.875,-112.7083,3.56911673494513e-10
39.875,-112.6667,3.63345150638556e-10
39.875,-110.875,4.35391283650565e-10
39.875,-110.5417,3.84998647592711e-10
39.875,-107.5417,4.9508815449272e-11
39.875,-105.4167,1.77957755727963e-09
39.875,-103.3333,3.14906034765741e-11
39.875,-102.5417,3.86454162534719e-11
39.875,-102.0417,3.39962668886405e-11
39.875,-101.9167,3.60652132409439e-11
39.875,-100.2917,9.08945494978657e-11
39.875,-97.83333,1.69805317348956e-10
39.875,-97.41667,7.27961956718348e-11
39.875,-95.125,4.11588746567522e-10
39.875,-95.04167,5.09760419898681e-10
39.875,-94.08333,4.41186899654628e-10
39.875,-93.95833,1.93333143149213e-10
39.875,-93.83333,1.82277671585794e-10
39.875,-93.75,1.08917693994598e-10
39.875,-93.125,1.93393736824178e-10
39.875,-92,8.29567273804706e-11
39.875,-91.79167,1.76787460957214e-10
39.875,-91.08333,2.81455369920392e-10
39.875,-90.91667,4.42764129426846e-10
39.875,-89.79167,2.24944387970912e-09
39.875,-89.04167,4.71680714056875e-10
39.875,-83.66667,1.12920550531514e-09
39.875,-83.25,9.64339556863933e-10
39.875,-80.41667,2.02385131621934e-10
39.875,-80.25,2.7482829575731e-10
39.875,-78.95833,1.19299979321766e-09
39.875,-78.58333,2.22624968661343e-10
39.875,-78.04167,1.07718323970373e-09
39.875,-77.375,1.98679535281821e-09
39.875,-77.16667,1.15284112405171e-09
39.875,-76.58333,2.25445683826644e-09
39.875,-76.41667,2.64822857074881e-09
39.875,-75.375,4.89029049767763e-08
39.875,-74.29167,1.63912680828896e-09
39.83333,-123.75,6.94206776665111e-12
39.83333,-123.0833,5.17168714287763e-11
39.83333,-122.9167,3.01634710726009e-10
39.83333,-121.8333,3.8493138416873e-10
39.83333,-121.6667,9.2904623332634e-10
39.83333,-121.125,8.87425516006235e-11
39.83333,-120.6667,4.26911023279535e-10
39.83333,-120.4583,3.24928316707061e-10
39.83333,-119.875,1.12841553611355e-10
39.83333,-119.5417,2.23700973450444e-10
39.83333,-119.125,1.3678571887007e-10
39.83333,-118.9583,1.31720507234915e-10
39.83333,-118.625,3.97126464538398e-10
39.83333,-117.8333,3.07580529356511e-11
39.83333,-113.9583,1.40242344375359e-10
39.83333,-113.75,2.61480550357986e-10
39.83333,-112.8333,3.36825464808608e-10
39.83333,-109,4.67910180350154e-11
39.83333,-107.6667,4.77414409180299e-11
39.83333,-106,2.48817793711505e-10
39.83333,-105.5417,6.34365999834267e-10
39.83333,-105.375,2.49764412587705e-09
39.83333,-105.0417,1.81859706899128e-08
39.83333,-104.3333,1.85748798521708e-10
39.83333,-103.9583,1.00298610627165e-10
39.83333,-103.8333,7.4638013300531e-11
39.83333,-103.375,1.17959117479985e-10
39.83333,-102.6667,4.09568491301317e-11
39.83333,-101.6667,4.66948430776937e-11
39.83333,-101.5,5.52896269694487e-11
39.83333,-100.5417,1.49571137466048e-10
39.83333,-99.41667,5.35937628102912e-11
39.83333,-98.66667,3.8184398346084e-11
39.83333,-96.16667,3.54442383503723e-10
39.83333,-94.75,2.07553992091632e-09
39.83333,-93.41667,1.4939124286224e-10
39.83333,-93.25,1.97403119857796e-10
39.83333,-91.58333,2.95098175000097e-10
39.83333,-87.58333,2.57621256293156e-10
39.83333,-87.04167,8.1877484328437e-10
39.83333,-85.875,1.34415253005122e-09
39.83333,-84.04167,6.28832634200593e-09
39.83333,-83.66667,1.05677641475804e-09
39.83333,-79.625,1.21078661375552e-09
39.83333,-79.04167,1.10624017146015e-09
39.83333,-78.16667,1.15986290988841e-09
39.83333,-78.04167,2.13035951234003e-09
39.83333,-76.83333,2.1393328728775e-09
39.83333,-76.66667,2.79260499393092e-09
39.83333,-76.5,2.71235493966983e-09
39.83333,-76.45833,1.087351488961e-09
39.83333,-76,1.38690450299841e-09
39.79167,-123.375,4.93965419510138e-11
39.79167,-123.2917,5.0527970691883e-11
39.79167,-122,2.93635827806773e-10
39.79167,-121.5417,4.82032001483169e-10
39.79167,-119.5833,2.54670513297328e-10
39.79167,-119.5417,2.46514425175367e-10
39.79167,-119.4583,2.31772019007622e-10
39.79167,-119.0833,2.75588282971318e-10
39.79167,-118.7083,3.76896258175574e-10
39.79167,-117.4167,2.24621860080997e-10
39.79167,-117.1667,2.21110829936935e-10
39.79167,-115.5417,1.86618860708087e-10
39.79167,-113.8333,2.46725403853738e-10
39.79167,-112.2083,4.96242108851473e-10
39.79167,-111.2083,1.18779636521491e-10
39.79167,-110.7917,8.75061901981165e-10
39.79167,-110.4167,4.06390021068212e-10
39.79167,-110.2083,3.67691271405321e-10
39.79167,-107.875,1.79344235221528e-10
39.79167,-107.8333,1.81647128976026e-10
39.79167,-107.4167,3.04339645614893e-10
39.79167,-106.3333,5.77998256648586e-10
39.79167,-105.9167,1.04473373183874e-10
39.79167,-105.875,1.23339791076383e-10
39.79167,-105.5417,3.58580068583893e-10
39.79167,-104.0417,1.57886970139393e-10
39.79167,-103.25,7.59422835942086e-11
39.79167,-103.0417,6.73220896207377e-11
39.79167,-102.7917,4.18132103996214e-11
39.79167,-101.625,6.87559160898685e-11
39.79167,-98.58333,3.15437423615919e-11
39.79167,-96.70833,1.00804129350184e-10
39.79167,-94.29167,1.72080801760656e-09
39.79167,-93.79167,4.68719612381075e-10
39.79167,-93.66667,1.27871999725276e-10
39.79167,-92.79167,8.06939053831637e-10
39.79167,-92.125,1.90159677087144e-10
39.79167,-91.625,2.19097542300471e-10
39.79167,-91.375,1.63895725876422e-09
39.79167,-91.33333,2.50932463857431e-09
39.79167,-90.375,3.67836431167236e-10
39.79167,-90.04167,4.31115915008276e-10
39.79167,-89.91667,5.54358020207453e-10
39.79167,-89.54167,4.25060807196616e-09
39.79167,-89.41667,1.40590099794083e-09
39.79167,-88.29167,3.48500640660592e-10
39.79167,-86.75,8.22888098340094e-10
39.79167,-86.125,2.81614635701549e-08
39.79167,-82.625,2.73654260342901e-09
39.79167,-82.125,2.68349684903646e-09
39.79167,-81.58333,3.72095750734435e-10
39.79167,-80.95833,8.27985347748435e-10
39.79167,-80.91667,1.0265707131438e-09
39.79167,-80.5,9.00524903452949e-10
39.79167,-79.91667,1.00579159820443e-09
39.79167,-79.875,1.64451959666702e-09
39.79167,-78.66667,3.76767245972581e-10
39.79167,-77.58333,2.30367919454755e-09
39.79167,-76.70833,2.91515030285268e-09
39.79167,-75.125,2.67332495852403e-08
39.79167,-75.04167,1.69695688189309e-08
39.75,-123.125,5.31185808777765e-11
39.75,-122.7083,3.47207272811459e-10
39.75,-121.75,4.82316868627969e-10
39.75,-121.5,4.78752057729493e-10
39.75,-121.4167,8.81861615459778e-10
39.75,-121.375,8.38571287909866e-10
39.75,-120.5,1.3311448234209e-10
39.75,-120.375,8.22584664555501e-10
39.75,-120.3333,8.12592718492639e-10
39.75,-120.0833,5.08527579990254e-10
39.75,-120,1.96091855454359e-10
39.75,-118.5833,3.77629775543605e-10
39.75,-118.0833,2.96997639381381e-10
39.75,-118.0417,2.8543745718731e-10
39.75,-117.9583,2.64928777672302e-10
39.75,-117.75,3.00530044228393e-11
39.75,-117.7083,2.96964818102044e-11
39.75,-116.25,1.91182780324359e-10
39.75,-115.5833,1.88272599704021e-10
39.75,-114.8333,6.53107425980413e-11
39.75,-114.7917,6.59718038160974e-11
39.75,-112.3333,4.25747540754239e-10
39.75,-112,1.07697371370317e-09
39.75,-111.375,1.243069922004e-10
39.75,-111.2917,6.80157552754945e-10
39.75,-110.7917,9.7955011851918e-10
39.75,-110.7083,9.40400141661697e-10
39.75,-109.9167,3.19599144442446e-10
39.75,-109.8333,3.05801835284882e-10
39.75,-109.4583,2.65236876009551e-10
39.75,-108.9583,4.74729821078354e-11
39.75,-107.7083,1.95024928206213e-10
39.75,-103.125,2.69594977839321e-11
39.75,-102.8333,2.40909253175135e-11
39.75,-99.16667,4.39691357363907e-11
39.75,-98.91667,2.60143157141202e-11
39.75,-96.75,1.00543844275507e-10
39.75,-95.625,6.60532069372842e-11
39.75,-95.375,2.85411629014745e-10
39.75,-95.20833,6.30973237061658e-10
39.75,-94.91667,3.41403505086354e-09
39.75,-93.58333,1.27446888082724e-10
39.75,-93.04167,5.17798240872847e-10
39.75,-92.375,1.94184331863215e-10
39.75,-90.08333,3.12672082736876e-10
39.75,-89.58333,4.43180291001181e-09
39.75,-88.5,8.13973748813301e-10
39.75,-87.79167,3.89881197786299e-10
39.75,-84.75,4.35601080152994e-10
39.75,-82.29167,1.11070381357865e-09
39.75,-81.70833,5.8394018598901e-10
39.75,-81,8.5901065875248e-10
39.75,-80.75,6.70880385814636e-10
39.75,-79.45833,1.39453751098909e-09
39.75,-79.125,2.68985796908888e-09
39.75,-78.625,6.91940934084391e-10
39.75,-77.5,8.17827029095773e-10
39.75,-75.70833,1.35808120497547e-08
39.70833,-123.6667,7.07613755349907e-11
39.70833,-121.0833,3.95691966647008e-10
39.70833,-120.75,3.98042954707806e-10
39.70833,-120.5,1.2372146581261e-10
39.70833,-118.5,3.65409457220339e-10
39.70833,-116.2917,3.21047535699286e-11
39.70833,-111.5833,1.89782428925664e-10
39.70833,-110.0417,3.48960310460013e-10
39.70833,-104.2083,2.01026409406249e-10
39.70833,-101.7917,4.12656694702409e-11
39.70833,-100.7917,3.50388417885229e-11
39.70833,-98.625,2.91371772991091e-11
39.70833,-97.29167,9.67750433683412e-11
39.70833,-95.375,2.85093801678336e-10
39.70833,-92.79167,8.0470313475874e-10
39.70833,-91.95833,1.77022489478306e-10
39.70833,-90.29167,3.02826954712142e-09
39.70833,-88.54167,5.34393066460569e-10
39.70833,-88.16667,5.30449909227697e-10
39.70833,-87.375,2.90903360172737e-09
39.70833,-87.125,1.29444360541405e-09
39.70833,-86.70833,4.99890862834855e-10
39.70833,-86.5,2.93262654976933e-09
39.70833,-85.5,6.04873834185954e-10
39.70833,-85.41667,8.01371694036968e-10
39.70833,-84.66667,1.90166177907351e-09
39.70833,-84.5,2.26641014311373e-09
39.70833,-81.08333,1.2257849355649e-09
39.70833,-79.91667,1.33844465678211e-09
39.70833,-78.25,1.3128743198518e-09
39.70833,-75.83333,2.4691428681659e-09
39.70833,-75.79167,7.1991410825848e-09
39.70833,-75.58333,2.62449997860291e-08
39.70833,-75.125,1.06581100245034e-08
39.70833,-74.16667,1.50313659504359e-08
39.66667,-120.9583,3.99394643131512e-10
39.66667,-120.7917,3.90384698268503e-10
39.66667,-117.9167,3.17029289722946e-11
39.66667,-116,3.58490502360329e-11
39.66667,-115.8333,3.45882442742726e-11
39.66667,-114.875,6.55007212374895e-11
39.66667,-113.8333,2.32481470316053e-10
39.66667,-113.625,2.41965522159464e-10
39.66667,-111.5833,9.82444659540823e-10
39.66667,-111.5417,9.47476780560333e-10
39.66667,-110.4583,4.96755548766269e-10
39.66667,-110.125,3.77000259505499e-10
39.66667,-108.0417,4.26662854609357e-11
39.66667,-107.5,1.77228088455227e-10
39.66667,-106.7917,5.75683179285361e-10
39.66667,-106.2917,2.03633713708788e-10
39.66667,-103.8333,1.13978638478713e-10
39.66667,-102.75,2.54016952074063e-11
39.66667,-101.7083,4.21001935588799e-11
39.66667,-101.4167,5.0438488250487e-11
39.66667,-99.58333,3.82833978250129e-11
39.66667,-98.33333,6.11701861136779e-11
39.66667,-97.625,5.44222774489514e-11
39.66667,-97.125,9.12067583459664e-11
39.66667,-94.95833,8.11007988994828e-10
39.66667,-94.625,5.44736804823591e-10
39.66667,-94.375,5.22225947952066e-10
39.66667,-92.45833,2.72425847785322e-10
39.66667,-91.5,7.09230274433301e-10
39.66667,-90.41667,2.9907742662201e-10
39.66667,-89.54167,8.15070014559742e-10
39.66667,-89.04167,3.48822415533889e-10
39.66667,-85.25,6.72435102857766e-10
39.66667,-80.375,2.2006467296075e-09
39.66667,-80.29167,8.64077828796924e-10
39.66667,-79.54167,7.12904779092232e-10
39.66667,-77.45833,5.91588693571283e-10
39.66667,-77,3.46187925739484e-09
39.66667,-75.79167,9.32412606607759e-09
39.66667,-74.5,2.40161529065394e-09
39.66667,-74.29167,1.44915200635446e-08
39.625,-123.7083,4.10689575362674e-10
39.625,-119.75,3.48748829184439e-10
39.625,-119.4167,3.006562383896e-10
39.625,-118.7083,1.03778542823538e-10
39.625,-118.375,3.34830370644168e-10
39.625,-117.2917,2.44820627198285e-10
39.625,-117.0417,1.70918809869618e-10
39.625,-116.4583,1.85531569991184e-10
39.625,-116.1667,2.06481162886577e-10
39.625,-115.5417,1.86697654940988e-10
39.625,-115.375,1.79620447132177e-10
39.625,-115.3333,1.78321217871323e-10
39.625,-114.9167,6.54293659423937e-11
39.625,-114.7083,6.83367216471398e-11
39.625,-112.0833,8.35968194155688e-10
39.625,-110.5,5.51975911920575e-10
39.625,-109,7.25745295200782e-11
39.625,-107.3333,1.96716937963642e-10
39.625,-106.0417,5.95210869118371e-10
39.625,-105.7917,3.22364622514759e-10
39.625,-104.1667,1.76074284710224e-10
39.625,-103.625,5.05948783868512e-11
39.625,-101.75,3.87579371862902e-11
39.625,-101.375,5.09962200573204e-11
39.625,-100.7083,3.17250312140432e-11
39.625,-100.25,3.67163667262778e-11
39.625,-99.875,4.66565498479734e-11
39.625,-97.33333,7.69483401355382e-11
39.625,-96.83333,1.77902819712431e-10
39.625,-96.75,9.70587879712111e-11
39.625,-95.375,2.35270117554991e-10
39.625,-94.79167,5.71383630854909e-10
39.625,-94.33333,4.90917101177531e-10
39.625,-94.25,5.54033778862677e-10
39.625,-91.45833,1.15680586913968e-09
39.625,-90.54167,2.11123428757068e-10
39.625,-90.08333,2.98679849680343e-10
39.625,-90,4.35490308385206e-10
39.625,-89.625,2.23882978521103e-09
39.625,-87.41667,1.19628181304167e-09
39.625,-86.95833,7.23579682533111e-10
39.625,-86.25,2.81949589317443e-09
39.625,-85.33333,5.27642538225539e-10
39.625,-84.79167,8.79595531302606e-10
39.625,-83.45833,3.76471817809165e-10
39.625,-83.08333,3.28567350794419e-10
39.625,-82.04167,2.28017620106161e-09
39.625,-81.95833,1.35666264239333e-09
39.625,-80.70833,3.58373700321858e-10
39.625,-79.95833,5.68538667617887e-09
39.625,-79.41667,1.42533197726385e-09
39.625,-75.45833,1.37016334028368e-09
39.625,-75.20833,1.60414268528895e-09
39.625,-74.25,1.42258384629573e-08
39.625,-74.16667,5.2409636424759e-08
39.58333,-123.625,4.34949934174776e-10
39.58333,-123.0417,3.18201601432101e-10
39.58333,-121.5,4.08892342229381e-10
39.58333,-121.4167,8.31401541964492e-10
39.58333,-120.0833,2.05268144280786e-10
39.58333,-117.7917,3.05564761313836e-11
39.58333,-117.375,1.69551522321192e-10
39.58333,-116.9167,1.61651457072279e-10
39.58333,-113.75,2.25315938061811e-10
39.58333,-113.625,2.30960609258202e-10
39.58333,-112,8.37742379780292e-10
39.58333,-105.5,6.01115916996604e-10
39.58333,-104.0417,9.79972964881858e-11
39.58333,-101,3.29079313749803e-11
39.58333,-100.7917,5.00830648914301e-11
39.58333,-100.5833,3.22069180106278e-11
39.58333,-99.83333,4.73232703853355e-11
39.58333,-99.29167,1.16480939161893e-10
39.58333,-98.25,5.12900727621412e-11
39.58333,-96.75,1.32223255629576e-10
39.58333,-95.625,1.46088101369317e-10
39.58333,-95.58333,1.24000043361368e-10
39.58333,-94.41667,3.80807888780102e-10
39.58333,-94.33333,3.94857938886357e-10
39.58333,-93.29167,3.69176470009692e-10
39.58333,-93.08333,1.63691350671865e-10
39.58333,-92.04167,1.08885251857078e-10
39.58333,-90.83333,1.51195512616158e-10
39.58333,-89.20833,2.33870434971393e-10
39.58333,-88.29167,1.21667217317944e-09
39.58333,-87.58333,1.40177667101301e-09
39.58333,-86.875,8.3009575583251e-10
39.58333,-86.83333,7.77958223941595e-10
39.58333,-84.125,4.62944543242446e-09
39.58333,-84.08333,2.35237396880942e-09
39.58333,-82.91667,9.804800608836e-10
39.58333,-82.375,1.2271636239393e-09
39.58333,-82.04167,2.60690544222807e-09
39.58333,-81.04167,5.11054004889954e-10
39.58333,-80.95833,7.1509210268567e-10
39.58333,-80.66667,7.22817380189808e-10
39.58333,-80.54167,6.53523556478729e-10
39.58333,-80.45833,6.40974075081041e-10
39.58333,-79.41667,1.44422378009524e-09
39.58333,-79.25,7.89156242926917e-10
39.58333,-77.125,1.93156254636924e-09
39.58333,-74.54167,1.55237614605939e-09
39.54167,-123.0417,3.31628303173079e-10
39.54167,-121.6667,6.71119339587895e-10
39.54167,-121.4583,8.939831229551e-10
39.54167,-121.0417,1.36680874142766e-09
39.54167,-118.5417,5.21940789885037e-11
39.54167,-116.7917,1.47827693928219e-10
39.54167,-114.6667,6.99054907011591e-11
39.54167,-114.4583,2.16810358446239e-10
39.54167,-114.125,2.17060812876396e-10
39.54167,-113.375,2.44791161971985e-10
39.54167,-111.75,2.54902242579169e-10
39.54167,-111.2917,5.41004510558326e-10
39.54167,-109.9583,3.55634047839426e-10
39.54167,-109.8333,3.2596223078068e-10
39.54167,-107.3333,1.43309004919434e-09
39.54167,-107.2083,5.69150027844069e-10
39.54167,-106.9583,3.94197808436606e-10
39.54167,-106.2083,2.69416189789075e-10
39.54167,-105.6667,1.33703253080743e-09
39.54167,-105.4167,5.06619979343933e-10
39.54167,-105.375,2.55654268153537e-09
39.54167,-103.5417,4.69226559639527e-11
39.54167,-102.5,3.50686707955789e-11
39.54167,-101.5,3.1013563074564e-10
39.54167,-101.2917,5.05008383478343e-11
39.54167,-100,4.63961324547472e-11
39.54167,-99.25,3.23709105889779e-11
39.54167,-96.66667,3.52051832907945e-10
39.54167,-95.25,7.50490716835012e-10
39.54167,-93,1.63351796725104e-10
39.54167,-92.125,1.44443541975221e-10
39.54167,-91.66667,2.01483530021963e-10
39.54167,-91.08333,8.55100216144202e-10
39.54167,-89.45833,4.1457696322172e-10
39.54167,-88.66667,3.75162252219232e-10
39.54167,-88.16667,5.13492269050956e-10
39.54167,-87.875,2.60451132679387e-10
39.54167,-87.66667,6.49189443892211e-10
39.54167,-87.45833,2.37449300595869e-09
39.54167,-87.41667,2.46259958214002e-09
39.54167,-87.29167,1.22325065180226e-09
39.54167,-86.16667,7.20415219900519e-09
39.54167,-85.45833,5.26026137284044e-10
39.54167,-85.25,5.80946086412366e-10
39.54167,-84.83333,4.31864926310005e-10
39.54167,-84.33333,2.52451522551549e-09
39.54167,-83.33333,4.14931733623481e-10
39.54167,-83,8.53148773926506e-10
39.54167,-81.95833,1.81773190511156e-09
39.54167,-81.54167,1.6690959102848e-09
39.54167,-79.79167,6.12754467641975e-10
39.54167,-79.33333,1.38993085362653e-09
39.54167,-76.79167,3.33456858896457e-09
39.54167,-75.45833,2.2317022146652e-09
39.54167,-74.33333,2.06812573916563e-09
39.5,-123.375,1.53189107243196e-10
39.5,-123,7.14253578534309e-11
39.5,-121.625,6.46402480651398e-10
39.5,-117.2917,1.82997088433683e-10
39.5,-117.0833,2.43788373788758e-10
39.5,-114.4167,2.158666191774e-10
39.5,-113.875,2.15595849490126e-10
39.5,-112.9167,2.89294979779486e-10
39.5,-112.75,3.17657262380403e-10
39.5,-108.2917,9.40322887507565e-11
39.5,-107.1667,7.21656995211241e-10
39.5,-106.625,4.1959613469724e-10
39.5,-105.875,7.34445175172411e-10
39.5,-104.8333,8.01862203612658e-09
39.5,-104.2917,1.22437728992546e-10
39.5,-99.875,5.01934775867641e-11
39.5,-99.58333,3.59219659658891e-11
39.5,-97.16667,8.46790369479665e-11
39.5,-94.45833,3.74868025198665e-10
39.5,-94.16667,5.41604105776865e-10
39.5,-92.95833,8.17350090876809e-11
39.5,-91.08333,1.26025257869928e-09
39.5,-91,7.55242011900643e-10
39.5,-90.41667,7.09273614326668e-10
39.5,-90.20833,6.88076972101547e-10
39.5,-89.58333,5.01120348559904e-10
39.5,-89,2.19299552812645e-10
39.5,-88.70833,2.52987004058859e-10
39.5,-87.79167,3.32742393698203e-10
39.5,-87.66667,5.73852220426539e-10
39.5,-84.54167,1.00255823487192e-09
39.5,-82.25,9.93425333709120e-10
39.5,-80,8.79765521300678e-10
39.5,-79.83333,3.2756238544769e-09
39.5,-79.25,6.39517863108649e-10
39.5,-78.66667,7.84646730580756e-10
39.5,-78.58333,3.8240754987354e-10
39.5,-76.875,7.4605089937232e-09
39.5,-76.83333,9.01770086892074e-09
39.5,-75.875,2.12625708191772e-09
39.45833,-120.7917,4.49159671993482e-10
39.45833,-120.5833,1.07425664684139e-10
39.45833,-120.3333,6.08898755283754e-10
39.45833,-120.2083,7.83571711760232e-10
39.45833,-118.7083,4.53473948812526e-10
39.45833,-118.3333,3.44950534016294e-10
39.45833,-117.5,1.69819378594405e-10
39.45833,-115.875,3.85920706384629e-11
39.45833,-115.4583,1.7772236019976e-10
39.45833,-113.7083,2.12330109936953e-10
39.45833,-113.4167,2.30696816570126e-10
39.45833,-112.875,2.92474516747606e-10
39.45833,-110.9583,2.79871074765927e-10
39.45833,-109.9583,3.70180533883113e-10
39.45833,-109.9167,3.59466501050232e-10
39.45833,-109.4167,2.85315227577072e-10
39.45833,-109.25,3.0084488232823e-10
39.45833,-109.0417,8.34247790950947e-11
39.45833,-108.2917,9.75007768874947e-11
39.45833,-106.7917,6.12473756575286e-10
39.45833,-106.625,3.92110856200642e-10
39.45833,-106.0417,3.77640340052465e-10
39.45833,-104.75,4.52574102718204e-09
39.45833,-103.6667,2.22384717057385e-10
39.45833,-103.5833,2.1045534918534e-10
39.45833,-100.25,4.51613888629409e-11
39.45833,-99.95833,2.76899446926049e-10
39.45833,-99.875,5.28676442732893e-11
39.45833,-99.58333,3.0261768697398e-11
39.45833,-97.70833,6.61048617824556e-11
39.45833,-97.58333,1.32955593177842e-10
39.45833,-96.5,1.12367178325468e-10
39.45833,-96.04167,1.97999682867356e-10
39.45833,-95.33333,3.41600701482119e-10
39.45833,-93.04167,2.11605219426756e-10
39.45833,-90.41667,7.24472802459567e-10
39.45833,-88.66667,4.07878843430201e-10
39.45833,-87.70833,2.32684409966822e-10
39.45833,-87,8.48995064821791e-10
39.45833,-86.875,1.45038320846062e-09
39.45833,-85.625,7.70774331091715e-10
39.45833,-83.875,1.95340205698145e-09
39.45833,-83.83333,1.9534140642403e-09
39.45833,-82.875,7.12486685291434e-10
39.45833,-82.04167,1.81386931417965e-09
39.45833,-79.625,8.40108788060707e-10
39.45833,-77.33333,6.56816684898734e-09
39.45833,-76.83333,8.37542758583076e-09
39.45833,-76.33333,7.73927683784043e-09
39.45833,-76.08333,4.94673776051632e-09
39.45833,-75.91667,1.40820188069638e-09
39.45833,-75.16667,2.73450272921717e-09
39.41667,-123.75,1.42004891233417e-10
39.41667,-123.5417,1.48261802311151e-10
39.41667,-122.5833,4.27258211146141e-11
39.41667,-121.0833,3.33373256846926e-10
39.41667,-120.8333,2.4048432942685e-10
39.41667,-120.7917,1.17146964506881e-10
39.41667,-117.8333,3.25773591150475e-11
39.41667,-116.5833,1.8495729438968e-10
39.41667,-116.5,1.8059621674326e-10
39.41667,-116.4583,1.82113341562872e-10
39.41667,-116.125,3.45434182233746e-11
39.41667,-114.0417,1.3571407049575e-10
39.41667,-113.7083,2.08075159004886e-10
39.41667,-112.2083,1.65831512242324e-10
39.41667,-110.75,1.33604901217695e-10
39.41667,-110.6667,5.1610382160527e-10
39.41667,-110.2917,4.86642874435661e-10
39.41667,-109.1667,3.22145925530769e-10
39.41667,-108.6667,1.04327259602393e-10
39.41667,-108.2917,1.009809233529e-10
39.41667,-107.7917,2.3582409857166e-10
39.41667,-107.0833,6.79839162378213e-10
39.41667,-104,5.75479692484321e-11
39.41667,-100.5417,4.25112221169931e-11
39.41667,-100.2917,4.39860519559504e-11
39.41667,-98.08333,2.14752851403156e-10
39.41667,-97.91667,1.81591884720693e-10
39.41667,-97.45833,1.50315743752745e-10
39.41667,-96.79167,2.85003407326644e-10
39.41667,-96.20833,1.67498780478758e-10
39.41667,-96.16667,1.69174722086053e-10
39.41667,-95.54167,1.74826633589568e-10
39.41667,-95.125,1.9767053282644e-10
39.41667,-94.04167,9.6010907521824e-10
39.41667,-92.875,2.72118430410748e-10
39.41667,-92.20833,2.86764206049649e-10
39.41667,-91.375,9.95743471868992e-10
39.41667,-91.125,3.563743673324e-10
39.41667,-90.79167,5.12981727295483e-10
39.41667,-90,5.91268303044339e-10
39.41667,-88.20833,6.03101457610431e-10
39.41667,-87.125,1.09926249736837e-09
39.41667,-86,7.7204905473016e-10
39.41667,-85.25,2.13999864277574e-09
39.41667,-85.04167,3.5832185026364e-10
39.41667,-84.75,6.8289791688455e-10
39.41667,-82.83333,7.05456798719742e-10
39.41667,-80.125,1.38213212816218e-09
39.41667,-79.54167,7.17318097442936e-10
39.41667,-79.375,6.22428402986273e-10
39.41667,-77.91667,2.36365676676555e-09
39.41667,-77.625,2.27491386512922e-09
39.41667,-77.29167,9.81964748503993e-09
39.41667,-77,8.94520672296209e-09
39.41667,-76.95833,9.06629635762464e-09
39.41667,-76.54167,7.41233211599428e-09
39.41667,-76.16667,5.70189160866992e-09
39.41667,-74.54167,6.5938829552291e-09
39.41667,-74.375,3.37446550506274e-09
39.375,-123.6667,1.74617092391469e-10
39.375,-123.4167,1.90418259823013e-10
39.375,-122.625,1.04356697605027e-10
39.375,-121.25,7.07895006918942e-10
39.375,-120.0417,3.43219597796718e-09
39.375,-119.0417,1.50099211149246e-09
39.375,-116.0833,3.38205275088005e-11
39.375,-115.8333,3.36383619754918e-11
39.375,-115.5,1.75843733826367e-10
39.375,-114.5,6.9656881148176e-11
39.375,-113.4167,2.20476647879644e-10
39.375,-112.9583,2.70198017700789e-10
39.375,-111.4167,1.25407855007391e-09
39.375,-110,3.94268794809211e-10
39.375,-109.125,3.3982514676491e-10
39.375,-107.4583,1.93698371119806e-10
39.375,-107.3333,4.53809848423974e-10
39.375,-105.625,1.03946577879454e-09
39.375,-105.375,4.93882295025343e-10
39.375,-100.9167,3.7843026700957e-11
39.375,-100.8333,3.37930866745762e-11
39.375,-100.5417,4.26224360581582e-11
39.375,-100.2083,4.52124873650929e-11
39.375,-98.125,8.03918557952971e-11
39.375,-96.375,1.20136583218602e-10
39.375,-96,5.22925032947633e-10
39.375,-93.70833,1.0339701284841e-10
39.375,-93,9.52079234413498e-10
39.375,-92.79167,2.75459891435285e-10
39.375,-92.70833,2.86244608310715e-10
39.375,-91.16667,7.43973903348816e-10
39.375,-91,1.49035330398159e-10
39.375,-90.70833,5.82569511595024e-10
39.375,-89.29167,6.24873796805361e-10
39.375,-89.125,2.88095995665412e-10
39.375,-89,2.15170360789472e-10
39.375,-87.79167,2.13348720060173e-10
39.375,-85.70833,9.40989625058192e-10
39.375,-83,2.1182028944204e-09
39.375,-80.83333,1.07090524733378e-09
39.375,-79.625,6.07172298226957e-10
39.375,-79.04167,2.25647991195783e-09
39.375,-77.83333,1.33695773176022e-09
39.375,-76.375,9.4566143611685e-09
39.33333,-122.875,5.50620715413209e-10
39.33333,-122.7083,6.02297851072569e-10
39.33333,-121.9583,2.89407035016812e-10
39.33333,-121.25,7.08168547769994e-10
39.33333,-118.875,3.95260436313189e-10
39.33333,-118.8333,2.87493917304381e-10
39.33333,-118.6667,1.20600617655673e-09
39.33333,-118.5,5.58720615744941e-11
39.33333,-116.1667,3.18448994210701e-11
39.33333,-115.7083,1.83739444811918e-10
39.33333,-114.2917,3.17181789107842e-11
39.33333,-113.4583,2.12974721351189e-10
39.33333,-113.1667,2.3784881100513e-10
39.33333,-112.6667,2.60558958578254e-11
39.33333,-110.5833,6.7622770761969e-10
39.33333,-109.8333,3.59572873052451e-10
39.33333,-109.0833,5.06266560136314e-10
39.33333,-108.7083,3.38983533618581e-10
39.33333,-108.2917,1.08191258692015e-10
39.33333,-107.2917,4.42539656694234e-10
39.33333,-106.7917,6.24217610334507e-10
39.33333,-106.3333,1.59322123826149e-10
39.33333,-105.9583,6.00952724140241e-11
39.33333,-105.3333,4.95513240432262e-10
39.33333,-105.1667,2.52512064356825e-10
39.33333,-103.5833,6.55136344777104e-11
39.33333,-103,2.5983228733418e-11
39.33333,-102.7917,3.59997730419005e-11
39.33333,-102.2083,7.54919104014061e-11
39.33333,-101.4583,4.73099420528439e-11
39.33333,-101.1667,6.22406597459685e-11
39.33333,-101.0417,2.06153058456358e-10
39.33333,-100.2917,4.47845076820375e-11
39.33333,-98.95833,8.97101303495994e-11
39.33333,-96.875,3.72846346954971e-10
39.33333,-91.83333,2.77892202935546e-10
39.33333,-91.75,2.82954394897573e-10
39.33333,-90.625,6.11734939546035e-10
39.33333,-90.54167,1.01678932986579e-10
39.33333,-89.66667,3.33249656829442e-10
39.33333,-89.5,5.71248837153062e-10
39.33333,-88.91667,3.34943903029003e-10
39.33333,-88.83333,6.66920095025278e-10
39.33333,-87.875,4.54335959135111e-10
39.33333,-87.79167,2.42686860449184e-10
39.33333,-86.25,7.39002042636472e-10
39.33333,-85.25,1.24773167455691e-09
39.33333,-84.45833,1.83036523746345e-08
39.33333,-82.54167,5.75805413672525e-10
39.33333,-81,2.57343656145284e-10
39.33333,-80.625,1.58444112214164e-10
39.33333,-79.16667,7.64672576670858e-10
39.33333,-78.41667,1.45256006160397e-09
39.33333,-78.375,1.84259451772564e-09
39.33333,-75.95833,7.8056071671901e-10
39.29167,-121.375,6.16922330562096e-10
39.29167,-120.9583,1.11236088771759e-09
39.29167,-120.5417,1.11146074945366e-09
39.29167,-117.125,1.64740204836688e-10
39.29167,-115.9583,3.17790391335511e-11
39.29167,-115.5417,1.72215916601634e-10
39.29167,-115.2917,1.8500374834041e-10
39.29167,-114.4583,6.89117390335626e-11
39.29167,-113.9167,1.28968318187847e-10
39.29167,-112.125,3.17723767014426e-10
39.29167,-110.9167,4.58590589429383e-10
39.29167,-109.625,3.2900207091352e-10
39.29167,-108.625,4.30940609351018e-10
39.29167,-107.7917,5.03380890477364e-11
39.29167,-106.125,6.47341578596476e-11
39.29167,-105.5417,1.10371963546707e-10
39.29167,-104,5.59886662366674e-11
39.29167,-101.625,4.10016547902933e-11
39.29167,-101.25,5.50050942203065e-11
39.29167,-100.75,4.72598062959719e-11
39.29167,-100.5417,4.34110719058733e-11
39.29167,-99.79167,6.48628575629276e-11
39.29167,-98.20833,7.43513268749733e-11
39.29167,-97.58333,8.02401860341503e-11
39.29167,-96.58333,1.84070146787636e-09
39.29167,-94.75,8.09424786365032e-09
39.29167,-93.79167,2.72011188976053e-10
39.29167,-93.125,9.12280085165258e-11
39.29167,-91.83333,3.75062938753347e-10
39.29167,-90.25,3.67024733189299e-10
39.29167,-89.125,2.8253532202975e-10
39.29167,-89,3.42074105860013e-10
39.29167,-88.75,5.20556732494489e-10
39.29167,-88.125,4.80292714361023e-10
39.29167,-84.875,1.10522385389363e-09
39.29167,-84.45833,8.27551755434856e-09
39.29167,-84.29167,8.53157144454891e-09
39.29167,-84.125,2.79661881632819e-09
39.29167,-79.16667,4.07155905745252e-10
39.29167,-78.41667,9.50706267449583e-10
39.29167,-77.83333,1.57425518782331e-09
39.29167,-77.25,6.73058525666434e-09
39.29167,-76.33333,1.60212100814219e-07
39.29167,-75.70833,7.88493273530062e-10
39.29167,-75.25,5.33979177428236e-09
39.25,-123,4.07333829033788e-10
39.25,-121.75,5.98404874422676e-10
39.25,-120.3333,4.74437063240406e-10
39.25,-120.1667,1.88322138924539e-09
39.25,-119.75,3.62944767678293e-09
39.25,-118.7917,1.60586836783768e-09
39.25,-118.0417,4.13962456405233e-11
39.25,-116.5,1.72597944038531e-10
39.25,-113.3333,2.12434718476322e-10
39.25,-109.7083,3.45490520078789e-10
39.25,-109.2917,3.31695705160432e-10
39.25,-109.0833,6.53615176947962e-10
39.25,-108.7917,4.00364465413318e-10
39.25,-107.4583,5.90825386819235e-11
39.25,-105.875,5.748715854665e-11
39.25,-105.6667,1.01281215313294e-10
39.25,-105.2917,1.99706472533492e-10
39.25,-99.95833,2.86882823873385e-10
39.25,-99.66667,4.66255518962017e-11
39.25,-98.20833,7.40739693820013e-11
39.25,-97.375,1.26372772962419e-10
39.25,-96.45833,6.30259875088966e-10
39.25,-95.16667,3.93756231634335e-10
39.25,-94.70833,7.81036918475401e-09
39.25,-92.66667,1.93400098078277e-10
39.25,-90.54167,2.00200414034503e-10
39.25,-89.79167,3.13922319733718e-10
39.25,-89.29167,5.6623873963256e-10
39.25,-87.375,6.82661024228311e-10
39.25,-86.70833,7.08072229368468e-10
39.25,-86.625,1.96073279663098e-09
39.25,-85.91667,4.72277905962381e-09
39.25,-83.79167,1.30338000861608e-09
39.25,-83.25,1.75072211610654e-09
39.25,-82.75,1.03190259028146e-09
39.25,-82.41667,8.22131656437987e-10
39.25,-82.125,4.00855118717786e-10
39.25,-81.625,1.96650227012277e-09
39.25,-81.54167,7.11822510172002e-09
39.25,-77.29167,1.23114863927886e-08
39.25,-76.70833,2.2502637241195e-08
39.25,-75.25,5.51521820721907e-09
39.25,-74.91667,1.0892032013272e-09
39.20833,-121.7083,6.29404688632842e-10
39.20833,-120.7917,3.8827191083105e-10
39.20833,-120.5833,1.08407714814275e-09
39.20833,-116.7917,1.92257099700082e-10
39.20833,-114.6667,7.44818580697206e-11
39.20833,-113.7917,1.93535325477106e-10
39.20833,-111.7917,1.7295580041869e-10
39.20833,-110.7083,6.21595717632299e-10
39.20833,-110.2083,9.08526339664331e-11
39.20833,-108.875,3.80055326503839e-10
39.20833,-108.5,1.58823563182666e-10
39.20833,-106.2083,8.63284485224275e-11
39.20833,-104.6667,7.8896032071444e-10
39.20833,-103.5833,9.5074751677452e-11
39.20833,-102.3333,7.51833288957845e-11
39.20833,-102,4.12698828978113e-11
39.20833,-101.6667,4.67239723994621e-11
39.20833,-101.625,4.39244312917214e-11
39.20833,-100.25,3.41510152597874e-11
39.20833,-100.125,7.55422098646932e-11
39.20833,-99.08333,1.08110924355997e-10
39.20833,-98.70833,7.27162746555227e-11
39.20833,-98.16667,4.90632845098991e-11
39.20833,-98,5.90685745216152e-11
39.20833,-97.20833,1.42723781688783e-10
39.20833,-96.875,3.73209944633582e-09
39.20833,-96.5,4.80131736768331e-10
39.20833,-94.16667,1.6326211535462e-09
39.20833,-91.375,6.58736986636382e-10
39.20833,-91.20833,2.82066813130651e-10
39.20833,-90,2.42340090725436e-10
39.20833,-89.54167,2.55173943896105e-10
39.20833,-89.04167,4.66116540773599e-10
39.20833,-88.625,7.81228909020911e-10
39.20833,-88.58333,4.20881337875667e-10
39.20833,-87.25,1.02427653282565e-09
39.20833,-85.91667,6.65807812158304e-09
39.20833,-85.75,8.36792733046161e-10
39.20833,-85.08333,8.49110529146435e-10
39.20833,-84.41667,1.48065355156879e-08
39.20833,-84.125,3.47912068607577e-09
39.20833,-83.41667,1.8750250295513e-09
39.20833,-83.33333,1.87030634785228e-09
39.20833,-81.625,2.02916092764058e-09
39.20833,-81.16667,7.39869039975917e-10
39.20833,-79.45833,1.46302610136305e-09
39.20833,-77.79167,2.22399596593687e-09
39.20833,-77.125,7.48248463124274e-09
39.20833,-76.79167,3.49680578328693e-08
39.20833,-75.54167,4.02065017977671e-09
39.20833,-74.95833,2.1627386222677e-09
39.16667,-123.5,1.03832626874999e-09
39.16667,-123.4583,1.95013327538682e-09
39.16667,-121.7917,3.79113660623147e-10
39.16667,-120.9167,6.28858874729892e-10
39.16667,-120.4167,8.95028822888288e-10
39.16667,-119.1667,4.66106048982345e-10
39.16667,-117,2.04319242317722e-10
39.16667,-116.7917,1.88234299592102e-10
39.16667,-116.4583,1.68176058862217e-10
39.16667,-114.3333,2.04374537973535e-10
39.16667,-114.25,3.08314212389861e-11
39.16667,-113.9167,1.94453668679727e-10
39.16667,-112.4167,3.12461646007631e-10
39.16667,-111.0417,6.48109011181562e-10
39.16667,-110.125,9.15019428426339e-11
39.16667,-109.7083,3.63732355423645e-10
39.16667,-109.6667,3.58251043230202e-10
39.16667,-108,5.08644806764752e-11
39.16667,-106.7917,2.67516398994687e-10
39.16667,-106.5833,1.62519912983078e-10
39.16667,-105,1.87290483557749e-09
39.16667,-104.7917,2.79339194853104e-09
39.16667,-104.7083,2.65200216841229e-09
39.16667,-103.2917,3.18786176975301e-11
39.16667,-103,2.72402441104468e-11
39.16667,-101.5417,4.02139390889455e-11
39.16667,-100.0833,2.41591133949602e-10
39.16667,-98.45833,1.63513793831352e-10
39.16667,-96.625,2.53861306881118e-09
39.16667,-93.79167,4.88343635095742e-10
39.16667,-92.08333,3.64904100754058e-10
39.16667,-91.08333,2.97477822062767e-10
39.16667,-90.95833,3.21292642955822e-10
39.16667,-88.875,5.41089600038586e-10
39.16667,-86.20833,4.39787543505177e-10
39.16667,-85.83333,1.46800607423594e-09
39.16667,-85.79167,9.94394069125485e-10
39.16667,-85,8.39495663843672e-10
39.16667,-82.95833,1.82929838642006e-09
39.16667,-82.70833,4.60127932753815e-10
39.16667,-78.45833,8.13229430341885e-10
39.16667,-78.20833,1.98011065439413e-09
39.16667,-77.79167,5.1289486112856e-09
39.16667,-77.625,2.43370179540846e-09
39.16667,-77.58333,4.71295300249561e-13
39.125,-122.9583,1.48159065935736e-10
39.125,-121,2.30640966788797e-09
39.125,-120.4167,8.59101055687e-10
39.125,-119.75,2.5387183639652e-09
39.125,-118.875,1.05885377816274e-09
39.125,-118.8333,1.11008947162553e-09
39.125,-118.6667,1.33310073803474e-09
39.125,-117.5833,2.314416456562e-10
39.125,-115.5,1.64058552889176e-10
39.125,-114.3333,3.09600046842033e-11
39.125,-112.8333,2.49077388727686e-10
39.125,-112.7083,2.65358661919874e-10
39.125,-112.0417,2.95790434367991e-10
39.125,-111.8333,1.77154979118981e-10
39.125,-111.5417,5.84945913929053e-10
39.125,-110.6667,4.18941975950903e-10
39.125,-109.2083,3.63356825656294e-10
39.125,-109,6.46455585462529e-11
39.125,-108,9.16392490858216e-11
39.125,-107.6667,6.23174774291282e-11
39.125,-107.125,2.60881522769205e-10
39.125,-107,4.57662311898565e-10
39.125,-106.625,1.65045288977561e-10
39.125,-104.4583,6.64267519290608e-10
39.125,-102.5417,3.85376478228317e-11
39.125,-101.6667,6.48887556943661e-11
39.125,-100.9167,6.13437515290934e-11
39.125,-100.5,3.09018173230995e-11
39.125,-99,1.32395643208116e-10
39.125,-98.5,8.55436326949454e-11
39.125,-97.875,1.88353784143727e-10
39.125,-97.58333,1.46706418639348e-10
39.125,-97.5,1.41530386314812e-10
39.125,-95.41667,5.15957825205363e-10
39.125,-95.16667,1.69839632081182e-09
39.125,-95,1.66432056238619e-09
39.125,-94.83333,1.1974623874734e-09
39.125,-94.70833,1.26559479339009e-08
39.125,-94.5,4.01044460878098e-09
39.125,-93.625,5.19279407119708e-10
39.125,-93.58333,4.97502023331393e-10
39.125,-92.79167,3.0419807972844e-10
39.125,-91.83333,1.42659924404312e-09
39.125,-90.66667,3.89425556791943e-10
39.125,-90.41667,5.55809215906559e-10
39.125,-88,2.71659498201109e-10
39.125,-87.875,3.13222107779168e-10
39.125,-87.75,2.80101596764678e-10
39.125,-87.58333,2.91771282914407e-10
39.125,-86.91667,6.44315097062405e-10
39.125,-86.66667,1.25481446643583e-09
39.125,-85.75,1.04380534157999e-09
39.125,-85.45833,3.37301162554674e-10
39.125,-85,1.47174920349592e-09
39.125,-84.66667,1.66712075871441e-08
39.125,-84.41667,4.99657659570167e-08
39.125,-84.20833,3.56539384607227e-09
39.125,-83.95833,7.20669762812885e-10
39.125,-83.91667,1.54571256797305e-09
39.125,-80.20833,1.5968727847441e-09
39.125,-79.25,7.59888587206147e-10
39.125,-77.875,2.61890464232449e-09
39.125,-77.16667,3.50344593392541e-08
39.08333,-123.0833,2.18655772893205e-09
39.08333,-121.8333,1.90235867130907e-10
39.08333,-121.625,1.79950114972708e-09
39.08333,-119.9583,4.14327569462092e-09
39.08333,-119.3333,2.05465572837502e-09
39.08333,-116.625,1.72505142799706e-10
39.08333,-116.2083,8.92338433751117e-11
39.08333,-112.0417,2.87404239794287e-10
39.08333,-110.1667,9.8035861879491e-11
39.08333,-108.375,1.47640120196457e-10
39.08333,-108.125,8.27082382073779e-11
39.08333,-106.3333,1.851509548165e-10
39.08333,-104.5833,8.29576249960621e-10
39.08333,-104.2083,2.20396112705606e-10
39.08333,-103.4167,4.46631506533894e-11
39.08333,-103.2917,4.15198769296123e-11
39.08333,-100.5,3.15172638875703e-11
39.08333,-99.95833,3.60144845080319e-11
39.08333,-99.83333,7.45439375511056e-11
39.08333,-99.54167,9.5275576052407e-11
39.08333,-99.33333,1.26348115831988e-10
39.08333,-99.25,9.19058118770884e-11
39.08333,-98,6.40405165777251e-11
39.08333,-97.625,2.00799044883439e-10
39.08333,-97.54167,1.18654802301667e-10
39.08333,-97.16667,2.14986802023176e-10
39.08333,-96.875,2.56258073736812e-09
39.08333,-96.625,3.91471537150649e-10
39.08333,-95.875,1.35234517666238e-09
39.08333,-94.08333,7.08413440998309e-10
39.08333,-93.16667,1.41961882033384e-10
39.08333,-92.70833,2.53875715357473e-10
39.08333,-91.66667,6.34680824911578e-11
39.08333,-90.20833,5.26575066842536e-10
39.08333,-89.20833,3.86195768886915e-10
39.08333,-87.04167,1.07819456236937e-09
39.08333,-85.83333,1.21548492212705e-09
39.08333,-81.95833,8.25754951585596e-10
39.08333,-80.91667,1.8005700099933e-10
39.08333,-80.75,1.00626007204164e-10
39.08333,-80.04167,5.85357721972789e-10
39.08333,-78.29167,1.70938436012989e-09
39.08333,-78.20833,2.16213017597734e-09
39.08333,-76.875,1.76120407804763e-08
39.08333,-76.41667,3.4905489356181e-08
39.08333,-75.83333,2.85745649442605e-09
39.04167,-123.2917,1.41427246875255e-10
39.04167,-120.7083,1.88979032067391e-10
39.04167,-119.2917,1.05340124985924e-09
39.04167,-118.9167,1.0238930429235e-09
39.04167,-117.875,2.57034421767852e-10
39.04167,-115.5417,1.61243565508919e-10
39.04167,-115.3333,1.72301743432623e-10
39.04167,-114.4167,6.43593355520177e-11
39.04167,-113.8333,1.94635981750516e-10
39.04167,-113.1667,2.18516841088007e-10
39.04167,-111.7083,1.00381786741144e-10
39.04167,-111.6667,5.94488075677965e-10
39.04167,-107.375,7.01038786135551e-11
39.04167,-104.75,2.99876711556755e-09
39.04167,-102.9167,3.71962112603011e-11
39.04167,-100.125,1.64557881562225e-10
39.04167,-98.75,1.76028090057123e-11
39.04167,-96.79167,1.64761355298292e-10
39.04167,-96.125,2.16863005364792e-10
39.04167,-96.04167,2.5720366050297e-10
39.04167,-95.66667,2.55598434742916e-08
39.04167,-94.95833,8.88924834223208e-10
39.04167,-94.41667,9.59228897470819e-09
39.04167,-94.16667,1.47741325982134e-09
39.04167,-94,4.51792174243832e-10
39.04167,-93.33333,2.62357946755257e-10
39.04167,-93,1.38982510217718e-10
39.04167,-91.5,3.12709567216446e-10
39.04167,-91.04167,3.09950235187283e-10
39.04167,-90.75,8.21270389533789e-10
39.04167,-89,4.93328809106003e-10
39.04167,-88.125,1.92583159260219e-10
39.04167,-87.95833,3.02013428338068e-10
39.04167,-87.25,6.1856479026268e-10
39.04167,-86.75,7.1113554647015e-10
39.04167,-86.29167,2.56099526942749e-10
39.04167,-85.66667,3.47267197422193e-09
39.04167,-84.91667,1.79526605598932e-09
39.04167,-84.66667,7.06981851118599e-09
39.04167,-83.5,5.19778131393764e-10
39.04167,-83.08333,1.5781079056868e-09
39.04167,-82.41667,1.25646941573394e-09
39.04167,-81.58333,1.57689554244205e-09
39.04167,-81.33333,8.14088574838089e-10
39.04167,-81.08333,9.9262947418409e-10
39.04167,-80.95833,2.94395490862447e-10
39.04167,-80.58333,4.30714834238317e-10
39.04167,-79.5,1.5713463574834e-10
39.04167,-79.16667,1.16920843435743e-09
39.04167,-79,9.22217404969094e-10
39.04167,-77.79167,3.03408170993961e-09
39.04167,-77.29167,1.50058055527832e-08
39.04167,-77,2.42391768103096e-08
39.04167,-76.08333,1.10050805465396e-09
39,-120.875,2.30363543929748e-10
39,-118.0833,2.98454792021312e-10
39,-117.7083,2.41225048639629e-10
39,-117.25,1.33404126949815e-10
39,-116,1.59699718364449e-10
39,-115.8333,1.61178060556058e-10
39,-115.7917,1.61219949511383e-10
39,-115.0833,1.87049206446581e-10
39,-114.2917,3.0248789353214e-11
39,-114.2083,3.01407623665903e-11
39,-114.1667,3.00963388108753e-11
39,-114.0417,1.2776271376376e-10
39,-113.4167,2.06806489436974e-10
39,-107.4167,6.49004662278431e-11
39,-106.25,7.25032426321414e-11
39,-105.8333,7.98450377740193e-11
39,-105.625,9.09004565845764e-11
39,-105.5833,9.4801886732081e-11
39,-105.4167,5.80319786064059e-11
39,-105.2083,3.68613474928111e-10
39,-104.9167,3.24689406304883e-09
39,-104.75,3.72730336332951e-09
39,-104.5833,1.06563065138341e-09
39,-103.7917,1.40449718006255e-10
39,-101.7917,4.19626126401826e-11
39,-101.5417,5.44936728419853e-11
39,-99.66667,5.83291901623366e-11
39,-99.625,5.8023801327227e-11
39,-99.08333,1.03109495310892e-10
39,-98.5,9.00728135898828e-11
39,-97.375,2.1251463850484e-10
39,-97.25,2.09870580017246e-10
39,-97.04167,1.93568512127445e-10
39,-96.20833,1.53172458390873e-10
39,-96.125,2.02993852832065e-10
39,-95.25,2.08562571809353e-09
39,-95.16667,1.28556674352452e-09
39,-94.375,1.56390386400393e-08
39,-92.91667,1.94168058701671e-10
39,-92.83333,1.94515847664266e-10
39,-92.41667,8.88080580458665e-10
39,-90.29167,1.25285675391676e-09
39,-90.04167,5.19495217259083e-10
39,-89.75,6.8178597053788e-10
39,-89.41667,4.3530005291641e-10
39,-89.33333,7.36033187707372e-10
39,-88,3.03097379075341e-10
39,-84.83333,2.12595607028258e-09
39,-84.70833,3.52487317861042e-09
39,-81.16667,1.16109116754011e-09
39,-81.08333,9.34582050620377e-10
39,-80.83333,5.20425653329315e-10
39,-79.95833,2.28170986934781e-09
39,-79.70833,4.53098304749162e-10
39,-79.66667,4.01737547664274e-10
39,-78.33333,8.22362913960001e-10
39,-76.95833,2.5089143311257e-08
39,-76.45833,1.40374382123956e-07
39,-75.875,1.04512447642106e-09
39,-75.25,8.22020815212556e-08
38.95833,-123.5417,2.51944778513569e-10
38.95833,-123.0833,1.53169561087534e-10
38.95833,-120.9583,4.7188774612727e-10
38.95833,-119.4583,2.07955659708241e-09
38.95833,-118.3333,3.30999330283709e-10
38.95833,-117.9583,3.05628775778194e-10
38.95833,-114.9167,1.92705983752262e-10
38.95833,-114.5417,1.98687045928017e-10
38.95833,-114.25,3.01268735688342e-11
38.95833,-114.0833,3.00442563251967e-11
38.95833,-113.9167,1.96155207798025e-10
38.95833,-113.2083,2.1728874327321e-10
38.95833,-112.875,2.30328023702733e-10
38.95833,-111.5,6.50602399073459e-11
38.95833,-111.4583,5.02129547605044e-10
38.95833,-111.2917,2.94675929777832e-10
38.95833,-111.0417,3.39607459045763e-10
38.95833,-105.7083,8.48725683991404e-11
38.95833,-104.4167,2.69901040072921e-10
38.95833,-103.0833,2.51233120438119e-11
38.95833,-102.3333,4.3023332211248e-11
38.95833,-102.2917,4.33450314263488e-11
38.95833,-101.4583,5.429085893711e-11
38.95833,-100.9583,2.89993620370149e-11
38.95833,-99.29167,2.78560986229268e-10
38.95833,-99.20833,2.93467827115508e-10
38.95833,-98.54167,6.5879928480408e-11
38.95833,-97.25,9.46781008300933e-10
38.95833,-97.04167,1.66139470480971e-10
38.95833,-95.70833,3.14642692049966e-09
38.95833,-93.41667,3.22212664276198e-10
38.95833,-93,2.38151043717756e-10
38.95833,-92.875,1.71998012017698e-10
38.95833,-92.83333,1.66690211746625e-10
38.95833,-91.54167,3.9366698306764e-10
38.95833,-90.875,6.13545255936056e-10
38.95833,-90.20833,3.10067023762773e-09
38.95833,-89.375,3.68094597911876e-10
38.95833,-86,5.31796560151773e-10
38.95833,-84.58333,4.43274238055043e-09
38.95833,-84.29167,8.25515480552397e-09
38.95833,-84,9.79442008182856e-10
38.95833,-83.33333,7.48437375908232e-10
38.95833,-81.54167,2.65113882597365e-10
38.95833,-81.5,2.3919378454991e-10
38.95833,-81.25,1.42833686685953e-10
38.95833,-80.41667,1.1329016311292e-09
38.95833,-78,1.08089556061156e-09
38.95833,-77.54167,7.39148836960685e-09
38.95833,-77.5,1.46026328148307e-08
38.95833,-77.45833,1.94294898007841e-08
38.95833,-76.875,9.56719057880703e-09
38.95833,-76.54167,2.46787212650749e-08
38.95833,-75.95833,1.84532218556593e-09
38.95833,-75.79167,9.50239518858443e-10
38.91667,-123.5,4.21483747106578e-10
38.91667,-123.4167,5.01229848147381e-10
38.91667,-123.1667,1.56311395773219e-10
38.91667,-122.75,8.63639459338985e-10
38.91667,-122.7083,5.42507106061951e-10
38.91667,-122.25,5.68819401100026e-10
38.91667,-120.4583,5.67607833955982e-10
38.91667,-120.2917,1.41197931110798e-10
38.91667,-119.75,5.06827401171576e-10
38.91667,-118.3333,3.15575583370062e-10
38.91667,-118.1667,2.90921743411575e-10
38.91667,-117.875,2.49554736605885e-10
38.91667,-117.4583,1.39717936617329e-10
38.91667,-117.125,1.40620995753682e-10
38.91667,-115.875,1.57531100783993e-10
38.91667,-114.6667,1.95747521562909e-10
38.91667,-114.625,1.96142207817563e-10
38.91667,-110.8333,3.50330108647656e-10
38.91667,-110.375,4.12914238376784e-10
38.91667,-110.1667,1.0716306007915e-10
38.91667,-110,5.25981134405178e-10
38.91667,-109.75,4.35863660220569e-10
38.91667,-108.6667,2.01643518368222e-10
38.91667,-107.9167,1.28860943909893e-10
38.91667,-106.7083,9.3080092644339e-11
38.91667,-106.5833,8.81680772720141e-11
38.91667,-106.5417,8.6428496483444e-11
38.91667,-106.4583,1.19476345191377e-10
38.91667,-106.0417,8.23446875344338e-11
38.91667,-105.1667,4.07191340717299e-10
38.91667,-104.625,6.0127317197007e-09
38.91667,-104.2083,1.99257669466478e-10
38.91667,-104.125,1.68495860872254e-10
38.91667,-101.7083,4.93738586145947e-11
38.91667,-99.75,8.85654001164793e-11
38.91667,-99.08333,1.08995726026831e-10
38.91667,-97.75,3.84893417834963e-10
38.91667,-95.58333,1.31411556268421e-09
38.91667,-95,1.04472592420872e-09
38.91667,-93.625,5.07690701676224e-10
38.91667,-93.04167,1.68739927974365e-10
38.91667,-92.91667,2.29125607658278e-10
38.91667,-90.91667,6.96725823468347e-10
38.91667,-90.70833,1.04719975325711e-09
38.91667,-90.41667,1.60319930906144e-09
38.91667,-89.83333,5.76074631901632e-10
38.91667,-89.70833,6.59850290352624e-10
38.91667,-86.95833,1.36533539323373e-09
38.91667,-80.54167,6.15802751193991e-10
38.91667,-80,1.13345214778119e-08
38.91667,-79.33333,4.65896490127348e-10
38.91667,-78.70833,1.06800677785388e-09
38.91667,-78.625,3.95815718564842e-10
38.91667,-78.125,8.67172307066627e-10
38.91667,-77.91667,1.84665469719328e-09
38.91667,-77.25,4.84906778382143e-08
38.91667,-76.5,5.42647562451136e-08
38.875,-122.6667,2.26703359390957e-10
38.875,-120.9583,8.02617130161864e-10
38.875,-120.6667,1.27935384134552e-10
38.875,-119.75,7.87283110159831e-10
38.875,-117.7917,2.43690667964499e-10
38.875,-117.2083,1.4805516457806e-10
38.875,-116.6667,1.81241332141575e-10
38.875,-115.875,1.56082538144931e-10
38.875,-114.6667,1.92980611102992e-10
38.875,-113.9583,1.97133666924523e-10
38.875,-112.4583,2.27368276447179e-10
38.875,-111.125,3.02475363975774e-10
38.875,-111.0833,3.08388457040307e-10
38.875,-109.75,4.52413631572887e-10
38.875,-109.7083,4.40888650952969e-10
38.875,-108.6667,1.35748272095007e-10
38.875,-105.5417,6.41341855958902e-11
38.875,-100,3.65389993718397e-11
38.875,-98.08333,7.78559459281186e-11
38.875,-97.16667,1.86160835509332e-10
38.875,-96.875,8.33781745299966e-11
38.875,-96.375,1.19383437664375e-10
38.875,-94.95833,1.64609770164806e-09
38.875,-94.41667,7.36870484496888e-09
38.875,-93.58333,3.87707060046094e-10
38.875,-92.91667,2.37162341497853e-10
38.875,-90.08333,2.92766520820022e-09
38.875,-89.5,3.97600727299392e-10
38.875,-88.5,1.33700115467259e-10
38.875,-86.29167,3.29833371749835e-10
38.875,-84.125,9.68401414441848e-10
38.875,-83.66667,2.63356995099254e-10
38.875,-81.45833,7.70163441177634e-10
38.875,-81,1.60890823863746e-10
38.875,-80.58333,9.20996941475358e-10
38.875,-79.08333,1.86380019318377e-10
38.875,-78.79167,4.76242288298664e-10
38.875,-78.20833,3.86091566746982e-10
38.83333,-122.3333,2.85300582604776e-10
38.83333,-122.25,2.32621872108993e-10
38.83333,-120.125,1.19787027527945e-14
38.83333,-119.5,3.12141584992609e-09
38.83333,-119.1667,3.30297174037784e-10
38.83333,-117.375,1.44593260594515e-10
38.83333,-117.25,1.52066320727991e-10
38.83333,-115.9167,1.54424287559493e-10
38.83333,-113.7083,1.99978112892243e-10
38.83333,-113.5833,2.06770304745089e-10
38.83333,-113.0417,2.28909947571284e-10
38.83333,-112.5833,2.28117984367436e-10
38.83333,-111.2083,5.15315584757104e-11
38.83333,-111.0833,2.97742815459793e-10
38.83333,-110.875,3.22205074204083e-10
38.83333,-109.3333,3.67533300930287e-10
38.83333,-107.625,1.74693939774108e-10
38.83333,-107.3333,6.1569805613078e-11
38.83333,-105.9167,1.26075131460999e-10
38.83333,-105.8333,7.70436114864449e-11
38.83333,-105.5,6.76303964355492e-11
38.83333,-105.25,2.7408589815628e-10
38.83333,-105.2083,9.09540083869887e-10
38.83333,-103.25,4.43665604075383e-11
38.83333,-103.125,2.63840262741588e-11
38.83333,-102.8333,3.43780084709329e-11
38.83333,-102.5,4.34470360726722e-11
38.83333,-102.4583,4.35801819333124e-11
38.83333,-102.25,2.9421822647434e-11
38.83333,-100.7917,2.73787873084782e-11
38.83333,-99.5,1.19874476260392e-10
38.83333,-98.91667,1.40217554525901e-10
38.83333,-93.08333,2.94053096151125e-10
38.83333,-92.29167,1.44650725244206e-09
38.83333,-87.875,5.85941182853365e-10
38.83333,-85.79167,1.2986234704939e-09
38.83333,-84.91667,1.13274956963898e-09
38.83333,-84.41667,1.30127106311492e-09
38.83333,-83.91667,1.22711495498141e-09
38.83333,-83.54167,3.89167722283315e-10
38.83333,-82.95833,1.02762581596138e-09
38.83333,-82.58333,4.21875003640576e-10
38.83333,-81.83333,1.32648997922847e-09
38.83333,-79.91667,3.6807071975405e-09
38.83333,-79.70833,1.84913305007033e-10
38.79167,-122.625,4.92303882156674e-10
38.79167,-122.2917,2.52246335690036e-10
38.79167,-121.25,1.28532200886832e-08
38.79167,-118.9167,3.82392187181156e-10
38.79167,-118.5833,3.72371659177623e-10
38.79167,-117.0833,1.75884863765441e-10
38.79167,-116.625,1.78543172118177e-10
38.79167,-114.625,1.89305841636483e-10
38.79167,-112.5833,2.30966607557681e-10
38.79167,-109.9167,4.53992129327096e-10
38.79167,-109.5833,6.875214627887e-11
38.79167,-105.5833,6.162809870277e-11
38.79167,-105.25,6.01640950883153e-10
38.79167,-101.2917,3.98520547807063e-11
38.79167,-101.0417,3.8491952658884e-11
38.79167,-100.875,3.62137379562549e-11
38.79167,-100.625,3.52231128179699e-11
38.79167,-100.5,3.72178528224537e-11
38.79167,-99.91667,1.15162906386843e-10
38.79167,-99.70833,5.5935292235129e-11
38.79167,-99.625,5.70909147563485e-11
38.79167,-99.54167,1.01162131511076e-10
38.79167,-98.625,7.33751744043663e-11
38.79167,-98.125,6.8487010319477e-11
38.79167,-94.66667,2.5795457536759e-09
38.79167,-93.83333,5.73824774271039e-10
38.79167,-93,2.86490075289245e-10
38.79167,-92.54167,3.41663421644926e-10
38.79167,-91.16667,4.6839451291824e-10
38.79167,-90.95833,2.09805119652388e-09
38.79167,-90.83333,2.10637977954057e-09
38.79167,-90.625,8.8030641113438e-09
38.79167,-88.5,1.52711249960026e-10
38.79167,-88.125,1.82498136676582e-10
38.79167,-86.95833,1.28716341793297e-09
38.79167,-86.375,6.45053165153517e-10
38.79167,-86.08333,4.51388530460945e-10
38.79167,-85.83333,2.00803050420674e-09
38.79167,-83.70833,2.36415928311109e-09
38.79167,-81.5,5.41942378880135e-10
38.79167,-81.125,5.62211061915119e-10
38.79167,-81.04167,3.66548081944691e-10
38.79167,-80.875,2.04868266294078e-10
38.79167,-80.83333,1.50167382543476e-10
38.79167,-79.375,2.23696821270105e-10
38.79167,-77,4.49351920706149e-09
38.79167,-76.91667,4.29285797818243e-09
38.79167,-76.58333,2.5513616800031e-09
38.79167,-75.125,7.1320833926851e-09
38.75,-123.3333,7.34916315273516e-10
38.75,-123.0833,1.07220126958418e-09
38.75,-122.9583,6.57840137366284e-10
38.75,-122.2083,2.66113435188918e-10
38.75,-122,2.06229829168455e-10
38.75,-121.6667,1.56008943080922e-09
38.75,-121.5,7.14467541897611e-10
38.75,-121.2083,2.1428830328024e-08
38.75,-119.875,7.8741725603904e-11
38.75,-119.5,1.99260987502438e-10
38.75,-119.0833,1.10903261601076e-10
38.75,-118.75,4.11854525512965e-10
38.75,-118.625,4.04471869409662e-10
38.75,-118.4167,3.47823746740139e-10
38.75,-118.375,3.34893896102804e-10
38.75,-117.5833,2.37056405539168e-10
38.75,-116.875,1.29736893865218e-10
38.75,-113.7917,2.00514127737555e-10
38.75,-113.125,2.37548907958793e-10
38.75,-112.5417,2.35416119796481e-10
38.75,-112.2917,3.41873902018148e-10
38.75,-110.9583,2.92908727381072e-10
38.75,-110.875,3.0141767076224e-10
38.75,-110.2083,3.89595242132517e-10
38.75,-109.2083,5.88227673095822e-11
38.75,-108,2.9531261488094e-10
38.75,-107.2083,6.3297107764919e-11
38.75,-106.5417,7.91367436248027e-11
38.75,-105.25,1.91933568249374e-10
38.75,-105.1667,6.69685638757315e-10
38.75,-104.625,5.47797145472286e-09
38.75,-102.4583,4.41546118173855e-11
38.75,-101.7917,4.62114917401354e-11
38.75,-101.5417,5.83866868593688e-11
38.75,-99.70833,3.98260162897873e-11
38.75,-96.95833,1.05677160376093e-10
38.75,-96.75,1.5985503869463e-10
38.75,-95.16667,8.19797509903055e-10
38.75,-94.70833,1.15898595469129e-09
38.75,-93.125,3.17948539859864e-10
38.75,-92.70833,2.18785032800381e-10
38.75,-92.08333,6.07753787506171e-10
38.75,-91.04167,6.26114772921647e-10
38.75,-90.70833,9.99846113223188e-09
38.75,-88.58333,1.59503036706885e-10
38.75,-87.625,5.8705215031049e-10
38.75,-86.41667,1.77342625029038e-09
38.75,-84.08333,1.14699910333607e-09
38.75,-83.16667,9.76171344537715e-10
38.75,-83.04167,1.60278632408723e-09
38.75,-81.33333,5.51651558131403e-10
38.75,-80.45833,6.49487020497087e-10
38.75,-79.70833,1.61474083821548e-10
38.75,-78.04167,3.69609321932406e-10
38.75,-77.04167,5.10209260304247e-08
38.75,-76.91667,5.31236972470374e-09
38.75,-75.70833,8.32861480902906e-10
38.70833,-122.9583,1.11764410232374e-09
38.70833,-122.0833,5.94198948248742e-10
38.70833,-119.375,1.23424604029525e-10
38.70833,-119.3333,1.21446160146089e-10
38.70833,-118.6667,4.4527624117488e-10
38.70833,-118.625,4.39459661147209e-10
38.70833,-117.6667,2.34757011220847e-10
38.70833,-114.25,1.94368073482258e-10
38.70833,-113.4167,2.27534032498157e-10
38.70833,-112.3333,2.40627259521099e-10
38.70833,-111.6667,2.66956967493706e-10
38.70833,-110.5833,3.20838513773214e-10
38.70833,-109.25,5.77782672614818e-11
38.70833,-107.5417,9.40321748853035e-11
38.70833,-107.3333,9.67701455676204e-11
38.70833,-106.6667,8.28985552687666e-11
38.70833,-106.0833,5.84285948570527e-11
38.70833,-105,6.14922202031927e-10
38.70833,-101.875,4.081031477182e-11
38.70833,-100.8333,3.53318537300882e-11
38.70833,-100.2083,1.93172903502781e-11
38.70833,-90.16667,1.37516333389087e-08
38.70833,-88.20833,5.65086038519762e-10
38.70833,-86.75,1.21937565777845e-09
38.70833,-84.83333,4.56503279981679e-10
38.70833,-84.70833,1.57613571743422e-09
38.70833,-82.625,4.59419121095375e-10
38.70833,-82.5,8.56153338593057e-10
38.70833,-81.625,9.98657755159444e-10
38.70833,-80.95833,1.07586446908485e-09
38.70833,-80.79167,1.42613734447582e-10
38.70833,-79.70833,1.02308790873975e-10
38.70833,-79.08333,4.41317147647414e-10
38.70833,-78.91667,5.56063869777699e-10
38.70833,-76.54167,4.14815860659274e-09
38.70833,-76.16667,1.09772532665095e-09
38.70833,-76.04167,1.89027425645856e-09
38.66667,-121.3333,1.4476971842e-08
38.66667,-120.9167,2.81333771620285e-09
38.66667,-120.1667,2.19568918019003e-10
38.66667,-119.6667,6.68994848881859e-11
38.66667,-119.625,6.89083361448052e-11
38.66667,-116.7083,1.88336363702148e-10
38.66667,-116.5417,1.70334708068772e-10
38.66667,-112.8333,2.60244475231737e-10
38.66667,-112.125,6.66751621851733e-11
38.66667,-112.0417,9.60956955996874e-11
38.66667,-111.6667,2.59255018215824e-10
38.66667,-111.3333,2.53313898151573e-10
38.66667,-111.0417,2.67502285291905e-10
38.66667,-109.5833,6.34602972498793e-11
38.66667,-107.25,9.85298486810155e-11
38.66667,-106.3333,4.86948169370263e-11
38.66667,-105.4583,6.64369991923459e-11
38.66667,-101.6667,4.29983642416594e-11
38.66667,-101.625,4.22708051236238e-11
38.66667,-100.5417,2.88798524421562e-11
38.66667,-99.875,1.21351131864935e-10
38.66667,-98.08333,1.32440134491143e-10
38.66667,-97.25,1.96382427657257e-10
38.66667,-96.95833,3.75673589454207e-10
38.66667,-96.91667,3.71191981314788e-10
38.66667,-94.54167,6.8122368122332e-10
38.66667,-93.95833,2.39093524507962e-10
38.66667,-91.41667,4.34881682884753e-10
38.66667,-91.20833,4.17442880143377e-10
38.66667,-91.04167,5.14781869255848e-10
38.66667,-90.91667,7.8445837569135e-10
38.66667,-88.625,2.08197545214226e-10
38.66667,-83.58333,6.09031592493957e-10
38.66667,-83.08333,1.25740204374444e-09
38.66667,-79.16667,6.16511349113791e-10
38.66667,-78.70833,1.17875902943659e-09
38.66667,-78.41667,2.37877946962371e-09
38.66667,-78.08333,4.88114895211524e-10
38.66667,-77.08333,3.64729512984994e-09
38.66667,-76.16667,1.36919093261197e-08
38.66667,-75.58333,1.16470722043738e-09
38.625,-123.2917,4.63434039208545e-10
38.625,-123.1667,4.58768395928162e-10
38.625,-119.5833,5.44221449912385e-10
38.625,-119.0417,1.12142074160879e-10
38.625,-117.5417,2.3146039741225e-10
38.625,-117.1667,2.54823278080732e-10
38.625,-116.8333,1.20874626713434e-10
38.625,-115.5,1.58483691068329e-10
38.625,-115.4167,1.61580625257374e-10
38.625,-115.3333,1.64649755041292e-10
38.625,-111.25,2.49611131909771e-10
38.625,-109.625,6.16279141900142e-11
38.625,-108.2083,9.61088329557422e-11
38.625,-108,2.66350284927955e-10
38.625,-107.6667,9.2626620132877e-11
38.625,-106.9583,1.13373885293284e-10
38.625,-106.5417,9.52384477731313e-11
38.625,-106.375,4.86946719808981e-11
38.625,-103.9167,5.6462940601236e-11
38.625,-103.375,2.57079936603293e-11
38.625,-102.2917,2.98905358636943e-11
38.625,-102.2083,3.03420223275015e-11
38.625,-101.3333,3.85205515718038e-11
38.625,-97.54167,2.70951356879333e-10
38.625,-96.66667,9.63759562011667e-11
38.625,-96.29167,1.97540401797902e-10
38.625,-91.04167,6.98873533493224e-10
38.625,-90.83333,8.43669083350898e-10
38.625,-90.45833,2.07459554400645e-08
38.625,-90.08333,1.10300743310819e-08
38.625,-89.625,2.22759945762207e-09
38.625,-87.5,3.23412284364272e-10
38.625,-87.29167,1.63326246883609e-09
38.625,-86.08333,3.55953801217509e-09
38.625,-86,1.1229159580932e-09
38.625,-85.625,1.08588685557678e-09
38.625,-85.125,3.32643667366546e-09
38.625,-84.625,1.35347394035761e-09
38.625,-84.375,1.35618846310508e-09
38.625,-84,7.82516338446616e-10
38.625,-81.5,2.51211542822685e-10
38.625,-81.08333,7.0362851304526e-10
38.625,-80.33333,1.24612081100549e-09
38.625,-79.625,5.38335287234164e-10
38.625,-76.58333,4.61265113308866e-09
38.625,-76.33333,9.66016227208274e-09
38.625,-75.58333,1.20319558293945e-09
38.58333,-122.5,2.19122692975036e-09
38.58333,-121.7917,6.12675266324795e-09
38.58333,-117.0417,1.3720331349551e-10
38.58333,-116.4583,9.12556442522169e-11
38.58333,-114.875,1.78758699362596e-10
38.58333,-113.9167,2.07529252839767e-10
38.58333,-112.6667,3.92823393480326e-10
38.58333,-111.375,2.43220737744215e-10
38.58333,-110.7083,2.79787659479071e-10
38.58333,-110.1667,3.228616692217e-10
38.58333,-109.1667,5.31170506526409e-11
38.58333,-107.25,9.81849453610758e-11
38.58333,-105.4167,7.01425121756839e-11
38.58333,-105.2917,2.75318532246906e-10
38.58333,-104.2083,2.67949114403215e-10
38.58333,-103.5,2.81424075891387e-11
38.58333,-101.375,4.10806220254011e-11
38.58333,-99.91667,1.43241653396753e-10
38.58333,-98.70833,1.38759028748427e-10
38.58333,-98.25,5.37764541561858e-11
38.58333,-97.66667,1.35370596788983e-09
38.58333,-97.29167,1.85107387741385e-10
38.58333,-94.5,5.17562773552804e-10
38.58333,-91.33333,3.82678230783302e-10
38.58333,-89.70833,2.43799581888829e-09
38.58333,-89.58333,1.87647610593554e-09
38.58333,-87,2.44257815416823e-09
38.58333,-86.25,1.77108615014916e-09
38.58333,-85.29167,1.37619197335985e-09
38.58333,-83.08333,1.07921706661269e-09
38.58333,-82.41667,1.67845779256668e-09
38.58333,-81,7.03895748559853e-10
38.58333,-78.66667,7.16991799088204e-10
38.58333,-78.5,3.78484999837736e-09
38.58333,-77.70833,1.39855486478814e-09
38.58333,-77.29167,5.26547583400485e-09
38.58333,-76.95833,2.8697372612222e-09
38.54167,-122.6667,2.83559650476262e-09
38.54167,-121.9167,1.13074156156556e-09
38.54167,-120.8333,1.72014406606629e-09
38.54167,-118.25,3.28818433744095e-10
38.54167,-118.1667,3.00017682527975e-10
38.54167,-117.7083,2.26306821813327e-10
38.54167,-117.5833,2.24459363174788e-10
38.54167,-116.0417,1.52889326584432e-10
38.54167,-115.9583,1.50907247715428e-10
38.54167,-115.5,1.59060497137174e-10
38.54167,-115.3333,1.64799712705461e-10
38.54167,-114.875,1.7857979761156e-10
38.54167,-114.4167,2.6124915478842e-11
38.54167,-113.9583,2.11942177965184e-10
38.54167,-110.9583,2.52194961030955e-10
38.54167,-110.3333,2.98209737883448e-10
38.54167,-109.7917,3.33511366896994e-10
38.54167,-108.7917,1.21621256995789e-10
38.54167,-106.6667,9.5204806147343e-11
38.54167,-106.4167,5.02298379136107e-11
38.54167,-105.4583,6.58248955219482e-11
38.54167,-104.3333,2.0328200522508e-10
38.54167,-102.7083,3.09639576695523e-11
38.54167,-101.625,4.89381294580955e-11
38.54167,-100.8333,4.87362694889428e-11
38.54167,-99.95833,1.44772416369439e-10
38.54167,-99.91667,1.94308699816121e-10
38.54167,-98.875,2.2388242808296e-10
38.54167,-98.625,1.5666036032213e-10
38.54167,-98.125,1.09267580820058e-10
38.54167,-96.91667,9.63762491233509e-11
38.54167,-96.20833,1.62056305897046e-10
38.54167,-94.625,5.50491968683211e-10
38.54167,-93.91667,6.68995002257946e-10
38.54167,-91.79167,4.02336458074274e-10
38.54167,-90.33333,1.54942850284989e-08
38.54167,-90.16667,8.94474272094363e-09
38.54167,-90.125,7.70862865555831e-09
38.54167,-89.625,1.43954261603389e-09
38.54167,-88.79167,1.0472793747082e-09
38.54167,-86.625,1.57348459356652e-09
38.54167,-85.33333,1.49096326785995e-09
38.54167,-85.04167,1.51418031457978e-09
38.54167,-83.75,4.53768258479358e-10
38.54167,-82.08333,3.03971552759e-10
38.54167,-81.83333,2.3298638337079e-09
38.54167,-81.625,1.68327224609241e-09
38.54167,-80.79167,2.0608225299588e-10
38.54167,-80.625,1.49390422729483e-09
38.54167,-80.54167,1.17932325297105e-09
38.54167,-77.91667,1.6953975673597e-09
38.54167,-77.45833,2.347256785055e-09
38.54167,-77.41667,1.93880576387685e-09
38.54167,-76.70833,1.24148804925461e-09
38.54167,-75.83333,5.10407906097575e-10
38.54167,-75.16667,1.06544010437469e-09
38.5,-122.75,3.80487011212812e-09
38.5,-121.5833,6.4506403284363e-09
38.5,-121.0417,2.7620404686652e-09
38.5,-120.0833,9.71109151105168e-11
38.5,-119.9583,5.18448856405507e-11
38.5,-117.1667,2.21675765811937e-10
38.5,-115.9167,8.27464118918468e-11
38.5,-112.0833,1.19249670955942e-10
38.5,-109.8333,3.14222401196371e-10
38.5,-108.5417,8.05311994624991e-11
38.5,-108.25,9.04915137324988e-11
38.5,-108.0833,2.77484773951548e-10
38.5,-107.25,9.57084710363381e-11
38.5,-105.5,6.1597251116805e-11
38.5,-104.9167,4.6287376707507e-09
38.5,-103.8333,1.96489438588589e-10
38.5,-100.4583,3.02295141191814e-11
38.5,-99.125,1.10274110468517e-10
38.5,-99.04167,1.03790282380729e-10
38.5,-99,1.29994513816507e-10
38.5,-98.79167,1.44370457082139e-10
38.5,-97.83333,1.81550199253049e-10
38.5,-96.25,1.57831459125533e-10
38.5,-95.75,1.59127112349046e-10
38.5,-95.5,3.45662871465467e-10
38.5,-94.875,4.32414422732209e-10
38.5,-93.79167,4.43528244157591e-10
38.5,-91.91667,4.09315935774478e-10
38.5,-91.83333,4.0112326458379e-10
38.5,-90.20833,2.25360965115268e-08
38.5,-89.66667,1.5179946726547e-09
38.5,-87.5,2.6141984726739e-10
38.5,-86,5.14743474928191e-10
38.5,-83.5,6.49542331908447e-10
38.5,-83.41667,6.85180005700084e-10
38.5,-83.33333,8.90299851994681e-10
38.5,-81.95833,7.20453154444826e-10
38.5,-80.83333,4.53136594242818e-10
38.5,-80.04167,1.67692467462811e-10
38.5,-79.79167,2.09833034783685e-10
38.5,-79.25,5.26891613269408e-10
38.5,-77.33333,3.62137606972221e-09
38.5,-76.83333,1.63251690797696e-09
38.5,-76.29167,2.56492109543648e-10
38.5,-76.04167,2.84910715705412e-09
38.5,-75.75,1.2756322117918e-09
38.5,-75.625,1.93669313224045e-09
38.5,-75.20833,9.886773132248e-10
38.45833,-122.2917,1.00186259936436e-09
38.45833,-121.0833,2.0623966593683e-09
38.45833,-120.875,8.51032605049e-10
38.45833,-120.3333,2.12445123062866e-10
38.45833,-118.1667,2.01196268478543e-10
38.45833,-116.9167,1.97159935975588e-10
38.45833,-116.4167,9.25628753294244e-11
38.45833,-115.7083,8.3634752899296e-11
38.45833,-113.4583,2.63760637647869e-10
38.45833,-113.0417,3.06633460478681e-10
38.45833,-112.9167,3.20876131672289e-10
38.45833,-112.4583,2.96061710771466e-10
38.45833,-109.9583,4.93067975857269e-11
38.45833,-108.6667,1.55226404042785e-10
38.45833,-108.125,3.92758022220059e-10
38.45833,-106.8333,1.01728524920906e-10
38.45833,-106.625,8.61159557797712e-11
38.45833,-106.1667,4.78347744879507e-11
38.45833,-105.7083,2.40523033041594e-11
38.45833,-105.4167,6.78070897024781e-11
38.45833,-104.7917,1.72233860940331e-09
38.45833,-104.5,1.45716448749643e-10
38.45833,-103.4583,1.2412475471209e-10
38.45833,-102.875,3.28758573255782e-11
38.45833,-102.625,3.07974170661176e-11
38.45833,-102.125,6.15504325844758e-11
38.45833,-101.7917,5.99549021800984e-11
38.45833,-101.5833,4.80587203647986e-11
38.45833,-101.0833,6.01563352251677e-11
38.45833,-99.75,1.31726209129684e-10
38.45833,-99.29167,9.52119006636088e-11
38.45833,-98.95833,1.33382460078979e-10
38.45833,-98.125,1.72468649850158e-10
38.45833,-96.625,4.52984264508582e-11
38.45833,-95.875,1.43661494257502e-10
38.45833,-94.79167,3.08450263920736e-10
38.45833,-93.29167,7.17077101457601e-10
38.45833,-93.20833,7.05193889967987e-10
38.45833,-92.25,8.5262581415391e-10
38.45833,-90.79167,1.45497165516684e-09
38.45833,-90.25,5.18430792774166e-09
38.45833,-89.70833,7.87444179744083e-10
38.45833,-89.125,5.69407652420837e-10
38.45833,-87.375,3.26966820093317e-10
38.45833,-86.79167,1.44379301766805e-09
38.45833,-85.95833,2.74975449760806e-09
38.45833,-84.95833,2.66099124638371e-09
38.45833,-84.45833,1.6329270781899e-09
38.45833,-81.25,6.22646358147876e-10
38.45833,-80.79167,1.71078274154549e-10
38.45833,-80.375,2.00688712599245e-10
38.45833,-80.16667,9.74420796656991e-10
38.45833,-79.70833,4.62582508196269e-10
38.45833,-76.70833,1.11953453532269e-09
38.45833,-75.45833,4.44591503452627e-09
38.41667,-123.0417,5.91849162530809e-10
38.41667,-122.625,7.34384064925341e-09
38.41667,-122.5,2.60986096115123e-09
38.41667,-122.3333,1.07507611368778e-09
38.41667,-121,4.13871931625056e-10
38.41667,-120.2917,1.4718334351394e-09
38.41667,-120,1.28340357897211e-09
38.41667,-119.625,7.88252882932774e-11
38.41667,-118.4583,4.27220985757901e-10
38.41667,-117.5417,2.18140728849277e-10
38.41667,-116.625,1.78255176291715e-10
38.41667,-115.2083,1.69159566818795e-10
38.41667,-113.4167,6.53698715392596e-11
38.41667,-112.2917,6.64824614121872e-11
38.41667,-109.4167,4.96150492684964e-11
38.41667,-108.7083,1.53195338120402e-10
38.41667,-108.5,7.83255422360203e-11
38.41667,-105.25,1.769522690803e-09
38.41667,-104.0417,3.37322151467035e-10
38.41667,-103.7083,2.74515107322891e-10
38.41667,-103.4167,1.24416012035636e-10
38.41667,-102,4.5663059328117e-11
38.41667,-100.7083,4.91865551739996e-11
38.41667,-100.6667,3.00267344047999e-11
38.41667,-100.2083,1.05117593262397e-10
38.41667,-99.16667,9.59638145956631e-11
38.41667,-98.08333,1.1360576167519e-10
38.41667,-97.75,3.45927105259573e-10
38.41667,-97.70833,3.6483150086286e-10
38.41667,-97.58333,2.98355194442106e-10
38.41667,-97.16667,2.58693280212139e-10
38.41667,-96.95833,1.31198938448957e-10
38.41667,-94.29167,4.38284417165642e-10
38.41667,-93.45833,7.74558158717429e-10
38.41667,-93.29167,6.51111996102564e-10
38.41667,-92.5,9.55043874098042e-10
38.41667,-91.125,6.51601027266584e-10
38.41667,-90.625,3.50589943520786e-09
38.41667,-89.75,7.50153583023036e-10
38.41667,-89.45833,2.82517003779661e-10
38.41667,-87.875,1.58236723696458e-10
38.41667,-87.125,7.23411551564532e-10
38.41667,-85,2.76795153426854e-09
38.41667,-81.625,2.13453564351074e-09
38.41667,-79.79167,4.7895293911749e-10
38.41667,-79,3.81009075652998e-09
38.41667,-77.95833,1.14058997861428e-09
38.41667,-77.20833,2.90645785515806e-09
38.41667,-76.75,1.07528756756796e-09
38.375,-122.7083,4.76880541606722e-09
38.375,-122.2083,1.16165185564838e-09
38.375,-121.125,5.57568358383548e-10
38.375,-121.0417,6.46217540861767e-10
38.375,-120.9583,5.49460292896256e-10
38.375,-120,7.97715552626698e-10
38.375,-119.3333,6.07029068514617e-11
38.375,-118.5833,6.3247218195531e-11
38.375,-117.6667,2.24673457800835e-10
38.375,-115.2917,1.66853044033536e-10
38.375,-114.4583,2.76978192530424e-11
38.375,-114.2083,3.03002460301335e-11
38.375,-113.375,2.91953232512393e-10
38.375,-111.6667,6.19129010867521e-11
38.375,-109.9583,4.62817989141382e-11
38.375,-109,3.4450437431441e-10
38.375,-107.0417,5.79328244524885e-11
38.375,-106.2917,4.54080268909741e-11
38.375,-104.6667,1.41760263085065e-09
38.375,-103.4167,1.28264977308418e-10
38.375,-101.3333,4.80516037450933e-11
38.375,-100.0417,4.82559943349644e-11
38.375,-98.5,8.74537717791189e-11
38.375,-96.70833,4.91194074049077e-11
38.375,-96.54167,6.07381012423291e-11
38.375,-96.45833,6.03646859049102e-11
38.375,-96.25,1.39861645802866e-10
38.375,-93.875,1.44988896000766e-10
38.375,-93.25,6.59825487288756e-10
38.375,-89.75,6.99024015593419e-10
38.375,-89.58333,4.19749641958274e-10
38.375,-89.375,6.87425385524361e-10
38.375,-87.83333,1.64118438501774e-10
38.375,-86.95833,2.71079631729313e-09
38.375,-85,1.31843308271896e-09
38.375,-84.875,4.12625620248898e-10
38.375,-83.58333,5.79452262332204e-10
38.375,-82,9.61477023181665e-10
38.375,-80.54167,4.11182685097012e-10
38.375,-80.29167,1.23228891687992e-10
38.375,-80.125,1.5420012574236e-10
38.375,-78.20833,9.87652611838116e-10
38.375,-78.125,1.53080147210245e-09
38.375,-77.875,7.57766166408236e-10
38.375,-76,1.31395241847767e-10
38.375,-75.625,5.78973546552896e-09
38.375,-75.29167,1.06400327009618e-09
38.33333,-123,5.12719834913193e-10
38.33333,-122.125,1.28561458270676e-09
38.33333,-120.7083,5.30673571775294e-10
38.33333,-120.4167,1.24457797035264e-09
38.33333,-119.375,4.92502822721488e-10
38.33333,-119.0417,3.67193751169223e-10
38.33333,-118.7083,4.50639926230792e-10
38.33333,-116.875,1.97536991272059e-10
38.33333,-115.2083,1.69509973214143e-10
38.33333,-114.75,1.86772674994001e-10
38.33333,-114.5,2.79037407028036e-11
38.33333,-114,2.45137718514436e-10
38.33333,-113.0833,3.41897802035954e-10
38.33333,-111.9167,2.31091785674691e-10
38.33333,-111,3.71523646871525e-11
38.33333,-110.8333,3.90164705170266e-11
38.33333,-110.6667,2.36833503762157e-11
38.33333,-110.3333,2.50415476558588e-11
38.33333,-109.9167,4.51097877400938e-11
38.33333,-107.9583,2.43057519279944e-10
38.33333,-107.6667,1.80160894613492e-10
38.33333,-107.3333,3.8601762195682e-11
38.33333,-105.25,3.90707063191484e-10
38.33333,-105.125,1.11816045830463e-09
38.33333,-104.875,1.1911584055512e-09
38.33333,-103.5,1.40899617141425e-10
38.33333,-103.4167,1.32386754267493e-10
38.33333,-102.9583,3.4892770245466e-11
38.33333,-101.4583,4.27494014195245e-11
38.33333,-100.875,5.30219216060263e-11
38.33333,-99.66667,1.15844799578694e-10
38.33333,-99.5,6.37587222165154e-11
38.33333,-98.33333,3.64521611419504e-10
38.33333,-98.08333,1.1306436521132e-10
38.33333,-97.91667,1.42595439123558e-10
38.33333,-97.83333,1.86145013943897e-10
38.33333,-97.41667,2.43689665228904e-10
38.33333,-97.125,3.54337832496458e-10
38.33333,-96.25,1.40754635424215e-10
38.33333,-95.08333,2.58714833433224e-10
38.33333,-91.83333,1.90099686968307e-10
38.33333,-91.25,5.1479126725634e-10
38.33333,-91.20833,5.26026661318261e-10
38.33333,-91,2.23678186303494e-09
38.33333,-88.04167,4.76688439387714e-10
38.33333,-84.45833,1.23117348333145e-09
38.33333,-83.20833,9.17613179259557e-10
38.33333,-82.625,1.86312332105404e-09
38.33333,-78.70833,2.59588599139643e-09
38.33333,-78.45833,9.54152723462741e-10
38.33333,-77.08333,1.84280233529614e-09
38.33333,-76.83333,4.19589302194238e-09
38.33333,-75.54167,5.06169605795564e-09
38.29167,-122.875,7.31458081998341e-10
38.29167,-122.75,3.43329573836037e-09
38.29167,-122.0833,8.79911497779349e-09
38.29167,-121.875,1.03569722281712e-09
38.29167,-121,4.92012221479133e-10
38.29167,-120.9583,6.56966485638304e-10
38.29167,-120.0417,8.04313935340421e-10
38.29167,-119.4167,4.84026808706087e-10
38.29167,-118.375,3.44204304479529e-10
38.29167,-115.875,9.04470631340578e-11
38.29167,-115.1667,1.70895695924818e-10
38.29167,-113.875,2.62911884535447e-10
38.29167,-113.8333,2.65865017379183e-10
38.29167,-112.4583,1.01156130146082e-10
38.29167,-112.0833,2.4546723250799e-10
38.29167,-110.2917,2.58903678509073e-10
38.29167,-108.5833,5.78185024803883e-11
38.29167,-108.5417,5.88315397814781e-11
38.29167,-106.9583,8.41554885294232e-11
38.29167,-106.4167,4.39054714963397e-11
38.29167,-104.5,9.99748136226411e-10
38.29167,-100.8333,3.9091535687712e-11
38.29167,-96.75,2.5608110024305e-11
38.29167,-95.625,2.34436596652254e-10
38.29167,-95.54167,1.52136671171755e-10
38.29167,-94.95833,4.34387296438577e-10
38.29167,-94.66667,2.94489861798569e-10
38.29167,-92.625,4.9758352717376e-10
38.29167,-92.45833,3.04232234595901e-10
38.29167,-92.25,3.05967351944698e-10
38.29167,-92.125,2.54320252405726e-10
38.29167,-90.41667,5.5206773702866e-09
38.29167,-90.125,7.95082671323163e-10
38.29167,-89.54167,2.87766400942336e-10
38.29167,-88.75,4.81139404737195e-10
38.29167,-87.75,2.39592333936612e-10
38.29167,-87.5,5.09859380830469e-10
38.29167,-87.29167,3.90669283595195e-10
38.29167,-86.66667,7.95244574335938e-10
38.29167,-84,1.2646335461694e-09
38.29167,-79.29167,9.29452025894247e-10
38.29167,-79.125,8.44226280628456e-10
38.29167,-77.66667,1.73938248458147e-09
38.29167,-77.29167,1.96147968896736e-09
38.29167,-76.54167,2.90850912881925e-09
38.25,-122.3333,1.25271015932238e-09
38.25,-121.1667,4.94654820422923e-10
38.25,-120.8333,1.59973189830584e-09
38.25,-119.7083,9.16897395824832e-10
38.25,-118.5833,3.82528349355813e-10
38.25,-117.8333,2.34373894296609e-10
38.25,-117.3333,1.28338667239373e-10
38.25,-117.25,1.28785177696564e-10
38.25,-116.25,1.00031616450889e-10
38.25,-114.75,1.93544777940197e-10
38.25,-114.375,3.09101313682135e-11
38.25,-113.5833,3.03662792804951e-10
38.25,-113.2917,3.38600931120457e-10
38.25,-112.4583,1.02630616978937e-10
38.25,-112.2083,2.07939565556679e-10
38.25,-112,2.43562664866158e-10
38.25,-111.6667,2.19083618928502e-10
38.25,-110.7083,2.42025979179631e-10
38.25,-110.4167,2.52456178386323e-10
38.25,-109.0833,2.78218071160464e-10
38.25,-108.9167,3.35225455984445e-10
38.25,-108.2083,6.03739672264965e-11
38.25,-107.9583,8.37745216461008e-11
38.25,-107.7083,7.87361720976254e-11
38.25,-106.7083,7.60161909867917e-11
38.25,-103.8333,3.34291732338716e-10
38.25,-102.875,5.1335569098445e-11
38.25,-102.2917,4.29715913502873e-11
38.25,-102.0417,5.96174003894778e-11
38.25,-100.9167,4.01002661864933e-11
38.25,-100.5417,3.72926092097812e-11
38.25,-100.3333,4.63155725813978e-11
38.25,-99.83333,5.16307299225256e-11
38.25,-99.58333,4.38945175986185e-11
38.25,-99.41667,2.08402295713465e-10
38.25,-96.75,2.59878820603876e-11
38.25,-96.70833,2.47767156685318e-11
38.25,-93.91667,1.81507149745726e-10
38.25,-93.625,2.8187859405989e-10
38.25,-93.29167,1.81774223698135e-10
38.25,-92.83333,2.69874814645647e-10
38.25,-92.54167,3.1204197187136e-10
38.25,-91.25,1.0299109872802e-09
38.25,-88.83333,2.48878855766264e-10
38.25,-88.20833,6.33831742595757e-10
38.25,-88.16667,1.46241035785398e-10
38.25,-87.125,2.41719306103e-09
38.25,-84.25,1.30635769479904e-09
38.25,-84.08333,3.12105777478519e-10
38.25,-82.79167,8.04001428620863e-10
38.25,-80.125,1.3153215613682e-10
38.25,-79.41667,1.93821284029865e-10
38.25,-78.66667,1.40114441118943e-09
38.25,-78.54167,7.40432796037543e-10
38.25,-77.25,5.21594315816873e-09
38.25,-75.875,5.56793265344413e-10
38.25,-75.25,2.26761140497904e-08
38.20833,-121.5833,6.7344685657472e-10
38.20833,-118.4583,3.41120312214594e-10
38.20833,-117.7083,2.32943278867262e-10
38.20833,-117.25,1.34350200513233e-10
38.20833,-116.625,1.08678959873513e-10
38.20833,-116.2083,1.01822672320885e-10
38.20833,-115.9167,9.52622054773072e-11
38.20833,-115.4583,1.65813703164861e-10
38.20833,-113.9167,2.79169843510239e-10
38.20833,-113.4583,3.35985813630116e-10
38.20833,-113.4167,3.4120614878675e-10
38.20833,-110.0833,2.49393230744314e-10
38.20833,-109.375,2.61850467240107e-10
38.20833,-108.7083,1.57452021283829e-10
38.20833,-108.625,1.74948127795995e-10
38.20833,-108.125,5.48758503636092e-11
38.20833,-108,8.07954073709524e-11
38.20833,-107.9167,8.12251460385834e-11
38.20833,-105.5833,5.95235730515631e-11
38.20833,-105.0417,9.24756573169195e-11
38.20833,-104.5833,1.75070492549483e-09
38.20833,-103.5,1.04585307505699e-10
38.20833,-102.3333,4.34220810788508e-11
38.20833,-101.1667,1.2881588144381e-10
38.20833,-100.2917,4.78269381507043e-11
38.20833,-99.875,6.22641982527785e-11
38.20833,-99.25,2.63571529249006e-11
38.20833,-95.45833,1.12442483404721e-10
38.20833,-95.25,5.57157538144812e-10
38.20833,-92.20833,2.61046465809929e-10
38.20833,-90.125,1.36361068355783e-09
38.20833,-89.79167,2.21975172577804e-09
38.20833,-89.54167,3.95381285650387e-10
38.20833,-89.04167,5.19140717260664e-10
38.20833,-88.875,6.2059820069266e-10
38.20833,-87.16667,4.19003613200866e-10
38.20833,-86.25,6.78354746150737e-10
38.20833,-83.95833,3.67910079698721e-10
38.20833,-83.29167,4.65547826909918e-10
38.20833,-80.66667,2.98967397579448e-10
38.20833,-78.45833,6.31303488145316e-09
38.20833,-77.58333,2.89759975511156e-09
38.20833,-76.79167,5.62104955609256e-08
38.20833,-75.5,3.51135026567613e-10
38.16667,-121.7917,5.54306024481325e-10
38.16667,-119.25,4.91448235854195e-11
38.16667,-118.875,3.68154510616156e-10
38.16667,-118.6667,3.56537115197938e-10
38.16667,-118.0417,2.60171289359298e-10
38.16667,-117.9167,2.41358659909253e-10
38.16667,-117.0833,2.56010999245646e-10
38.16667,-115.75,1.7215149233657e-10
38.16667,-115.3333,1.70600693409906e-10
38.16667,-114.2917,3.39679483270228e-11
38.16667,-112.1667,2.18338777222558e-11
38.16667,-111.9167,1.97296803863064e-11
38.16667,-111.7083,2.30050482518712e-10
38.16667,-109.5417,2.49742919342559e-10
38.16667,-108.7083,1.57142661981796e-10
38.16667,-108.4583,7.96896087906742e-11
38.16667,-106.25,5.9727808620202e-11
38.16667,-105.625,5.71480954296101e-11
38.16667,-105.1667,9.85114718040716e-11
38.16667,-102.1667,6.34798454476147e-11
38.16667,-101.4583,5.38915014968732e-11
38.16667,-101.375,1.34849745889404e-10
38.16667,-101.0417,3.97923770553222e-11
38.16667,-100.9583,4.08061900468803e-11
38.16667,-100.625,4.19704675310659e-11
38.16667,-99.83333,6.82848304598226e-11
38.16667,-98.83333,1.04408802349885e-10
38.16667,-98.41667,6.29567174105903e-11
38.16667,-97.5,3.97995602485302e-10
38.16667,-96.70833,2.52195146964023e-11
38.16667,-96.125,8.42709946199727e-11
38.16667,-95.75,8.03579045220082e-10
38.16667,-94.20833,1.25944173930659e-10
38.16667,-93.625,1.37131669999229e-10
38.16667,-93.29167,1.9335710374089e-10
38.16667,-92.79167,4.78682153738715e-10
38.16667,-92.54167,6.03959357628771e-10
38.16667,-92.375,5.35474041047513e-10
38.16667,-92.33333,5.27624543996767e-10
38.16667,-91.91667,3.84910662724957e-10
38.16667,-91.375,8.59023042522283e-10
38.16667,-90.20833,1.13762031621665e-09
38.16667,-88.33333,2.90260085216624e-10
38.16667,-87.875,4.03175339486023e-10
38.16667,-87.625,9.04326326732744e-10
38.16667,-87,8.01774422949738e-10
38.16667,-86.41667,7.40298968404083e-10
38.16667,-86.375,7.78506443547186e-10
38.16667,-85.33333,2.05529809880835e-09
38.16667,-82.70833,5.19708519213061e-10
38.16667,-82.5,8.26856446635414e-10
38.16667,-82.45833,5.4579645665516e-10
38.16667,-81.75,6.85878259469218e-10
38.16667,-81.5,2.20045526722909e-09
38.16667,-80.91667,2.92493407256247e-10
38.16667,-80.04167,1.51922010694724e-10
38.16667,-77.16667,6.60545870512387e-10
38.16667,-76.33333,1.39507941132578e-09
38.125,-122.25,7.07742834043301e-09
38.125,-122.0833,7.25018093147632e-10
38.125,-121.0417,6.55049252378208e-10
38.125,-120.9583,7.30223345375202e-10
38.125,-120.7917,1.62886616916333e-09
38.125,-120.625,2.74585798236618e-10
38.125,-119,3.81360140522291e-10
38.125,-117.875,2.36971266688186e-10
38.125,-117.7917,2.35020992278532e-10
38.125,-117.375,2.4998339027353e-10
38.125,-116.125,1.92100642921457e-10
38.125,-115.875,1.79891530012472e-10
38.125,-111.9583,2.61505017184543e-10
38.125,-110.625,2.40495717309683e-10
38.125,-110.4167,2.43244869569465e-10
38.125,-109.6667,3.97577809431475e-11
38.125,-109.0833,3.84674101780496e-11
38.125,-107.4167,5.49709574959717e-11
38.125,-103.9167,1.10309179691184e-10
38.125,-103.4583,1.11866603773538e-10
38.125,-101.9583,2.96643733497385e-11
38.125,-99.54167,4.58650640184786e-11
38.125,-99.16667,2.10219374122976e-10
38.125,-97.83333,4.6104121995958e-10
38.125,-97.20833,3.62177149214136e-10
38.125,-95.91667,2.94547331465638e-10
38.125,-95.41667,1.03770929017406e-10
38.125,-94.79167,2.37084330245877e-10
38.125,-94.5,3.43091284087311e-10
38.125,-92.375,5.6618722290654e-10
38.125,-91.625,3.04447083671216e-10
38.125,-89.08333,8.1531539210995e-10
38.125,-86.625,2.79411869325684e-10
38.125,-82.75,4.73556521603206e-10
38.125,-82.33333,7.45141554170931e-10
38.125,-79.54167,5.45123855439128e-11
38.125,-79,2.31023824382392e-09
38.125,-78,5.96995266454702e-10
38.125,-76.29167,6.42294310858977e-08
38.125,-75.20833,6.6530226620656e-08
38.08333,-121.125,1.21316722313046e-09
38.08333,-120.75,4.64731639725157e-10
38.08333,-120.1667,2.84357508053418e-10
38.08333,-119.0833,1.15921895957282e-10
38.08333,-119.0417,1.14641961765045e-10
38.08333,-117.875,2.38318836844674e-10
38.08333,-116.4167,1.16514407075425e-10
38.08333,-115.9583,1.88096610907147e-10
38.08333,-112.7083,1.22347873998154e-10
38.08333,-111.125,3.51536077145277e-11
38.08333,-110.5,2.41023957630066e-10
38.08333,-110.0417,2.3638151247523e-10
38.08333,-109.75,3.86666157171361e-11
38.08333,-107.1667,5.13944498413228e-11
38.08333,-106.7083,6.74542304684807e-11
38.08333,-106.5833,5.71807755785312e-11
38.08333,-106.0417,6.37206717086413e-11
38.08333,-105.625,5.55017968351688e-11
38.08333,-104,5.00153825863917e-11
38.08333,-102.75,2.7675446958443e-10
38.08333,-101.625,3.49772845834762e-11
38.08333,-100.4583,4.83692336020412e-11
38.08333,-100,6.66966145195523e-11
38.08333,-99.375,3.52846086334474e-11
38.08333,-96.45833,7.83412269043958e-11
38.08333,-95.875,3.70082607147094e-10
38.08333,-93.66667,3.0104632966539e-10
38.08333,-92.29167,5.9453507576898e-10
38.08333,-91,6.14221179136875e-10
38.08333,-90.875,2.76251706578809e-10
38.08333,-87.83333,5.96235834911775e-10
38.08333,-85.875,3.75606843140968e-09
38.08333,-84.29167,1.03097707962e-09
38.08333,-83.41667,4.99487152614062e-10
38.08333,-83.16667,8.00095335951487e-10
38.08333,-82.41667,4.8763825753027e-10
38.08333,-80.33333,8.37732588773246e-11
38.08333,-78.95833,8.81803881605272e-09
38.08333,-77.95833,5.48528820391538e-10
38.08333,-76.16667,7.74290061373216e-10
38.04167,-121.375,5.39423152025109e-09
38.04167,-120.5833,3.65379887170969e-10
38.04167,-120.5,4.03871183108792e-10
38.04167,-118.5,3.57107842567796e-10
38.04167,-118.0833,2.74008742581091e-10
38.04167,-117.8333,2.35028989092715e-10
38.04167,-117.5,2.40051594412054e-10
38.04167,-117,1.42652186394688e-10
38.04167,-116.3333,2.14756281312628e-10
38.04167,-115.375,1.77025929452068e-10
38.04167,-114.8333,2.041549758044e-10
38.04167,-113.3333,9.10694116628701e-10
38.04167,-113.2917,1.21470587546697e-09
38.04167,-112.4583,5.47352460387062e-11
38.04167,-111.875,2.66032464016978e-10
38.04167,-109.5417,2.30529164481939e-10
38.04167,-109.4583,2.33485469574074e-10
38.04167,-108.25,5.65758911399681e-11
38.04167,-105.9167,1.7971277790756e-11
38.04167,-105.8333,1.86909886776682e-11
38.04167,-105.625,2.46681534003881e-11
38.04167,-105.25,6.50182125122843e-11
38.04167,-103,5.15118728252649e-11
38.04167,-102.4583,9.9565130700907e-11
38.04167,-102.4167,9.97542005529768e-11
38.04167,-101.5417,4.08440687088571e-11
38.04167,-101.0833,4.21527777591886e-11
38.04167,-97.41667,1.87566059378516e-09
38.04167,-95.625,2.06177080768082e-10
38.04167,-95.45833,1.00436692803562e-10
38.04167,-95.41667,1.00416774606195e-10
38.04167,-94.95833,1.69083915738199e-10
38.04167,-92.16667,6.23527015961722e-10
38.04167,-90.83333,3.3117601865424e-10
38.04167,-89.5,1.85836417293491e-09
38.04167,-89,3.95708086334208e-10
38.04167,-88.58333,1.95408911535288e-10
38.04167,-85.70833,3.30877557140817e-09
38.04167,-84.45833,3.8543131731999e-09
38.04167,-82.375,3.16851634129795e-10
38.04167,-82.04167,7.27491521957712e-10
38.04167,-81.875,4.56687482126654e-11
38.04167,-81.83333,1.82620319828809e-09
38.04167,-80.79167,2.10001674718753e-10
38.04167,-80.25,6.94879402466417e-11
38.04167,-78.66667,5.91635287034049e-09
38.04167,-78.45833,1.03563271137168e-08
38.04167,-78.20833,5.76807394053036e-10
38.04167,-77.04167,6.08216251656228e-10
38,-121.875,1.72297418450214e-09
38,-118.125,2.84803392962072e-10
38,-117.375,2.5097917199472e-10
38,-114.25,3.95928377212807e-11
38,-113.4167,8.41660531127494e-11
38,-112.5417,3.79789499948388e-10
38,-111.2917,2.15303671417964e-10
38,-110.5833,2.39072643202483e-10
38,-109.7083,3.68929333401139e-11
38,-108.9167,2.10225487899471e-10
38,-108.1667,7.78701229792541e-11
38,-107.625,9.7826572697952e-11
38,-106.4583,5.47660308531405e-11
38,-104.7917,1.3905353511187e-10
38,-104.4167,8.3126873823564e-11
38,-103.5833,1.81757762068359e-10
38,-103.3333,2.18914307526373e-10
38,-101.125,6.23183075252716e-11
38,-100.5833,6.01981427881628e-11
38,-100.0833,6.48418820532238e-11
38,-99.5,3.55884758531863e-11
38,-98.70833,7.79711815942566e-11
38,-98.41667,1.03689705045143e-10
38,-98.125,7.24191594536831e-10
38,-97.95833,6.15703978484409e-09
38,-97.875,1.59815565968357e-09
38,-97.58333,5.14066235144436e-10
38,-97.54167,7.48589266584611e-10
38,-97.16667,3.97479246452534e-10
38,-97.125,3.62524303870924e-10
38,-95.91667,2.02637796488541e-10
38,-95.41667,8.31746195247671e-11
38,-94.16667,8.33114724168633e-10
38,-93.125,3.14181157789836e-10
38,-92.91667,2.20555444397329e-10
38,-92.83333,2.32504908125183e-10
38,-92.66667,6.32338628749356e-10
38,-89.125,4.55872246849141e-10
38,-88.125,4.80895017541434e-10
38,-85.5,1.00257245950757e-09
38,-85.125,1.32793373649723e-09
38,-84.375,2.53094575124279e-09
38,-82.66667,6.35800595530414e-10
38,-82.375,3.05287962577187e-10
38,-81.95833,6.59652982244507e-10
38,-81.75,3.2126453200209e-10
38,-81.625,9.01673207530442e-10
38,-81.41667,2.34973275632341e-09
38,-80.58333,2.3191351040164e-10
38,-80.54167,2.43686083968308e-10
38,-79.875,2.9380591127721e-10
38,-78.91667,6.05976627961411e-09
38,-78.54167,4.46546197998437e-09
38,-78.45833,7.0435501820632e-09
38,-78.29167,8.36909353522108e-10
38,-78.125,4.94021207367102e-10
37.95833,-118.125,2.90296744088324e-10
37.95833,-116.25,2.21315310981204e-10
37.95833,-113.3333,1.41936831970131e-09
37.95833,-113.2917,1.46286539968022e-09
37.95833,-111.375,2.40077820342465e-11
37.95833,-111.2083,2.20448514062811e-10
37.95833,-110.5,2.38048068979111e-10
37.95833,-110.3333,2.32828154278859e-10
37.95833,-110,2.24330106947599e-10
37.95833,-108.0833,8.64063350910075e-12
37.95833,-108.0417,8.9115211729489e-12
37.95833,-107.75,1.29730103122452e-10
37.95833,-107.2917,4.90253318193889e-11
37.95833,-107.0833,2.4472834770846e-11
37.95833,-105.875,1.8161374502687e-11
37.95833,-104.0833,4.64627284883708e-11
37.95833,-102.2083,3.28863098198018e-11
37.95833,-101.5833,3.46517730467769e-11
37.95833,-99.95833,7.17845812248538e-11
37.95833,-99.625,3.83146936780898e-11
37.95833,-99.41667,2.18584700317214e-10
37.95833,-96.41667,4.46391911439128e-11
37.95833,-96.25,8.15954007345758e-11
37.95833,-95.20833,3.64610599887707e-10
37.95833,-94.20833,5.5794984351197e-10
37.95833,-92.75,1.8808590598123e-10
37.95833,-92.625,3.72713824321106e-10
37.95833,-92.08333,1.40550332683061e-09
37.95833,-91.20833,2.53436091498697e-10
37.95833,-89.54167,6.46670995392311e-10
37.95833,-87.5,1.89743852523809e-09
37.95833,-87,1.40816764923892e-09
37.95833,-84.83333,6.00129864496451e-10
37.95833,-84.79167,7.07296337512144e-10
37.95833,-82.29167,1.35971020586735e-09
37.95833,-82,6.25388678658767e-10
37.95833,-81.91667,6.55314688962811e-10
37.95833,-79.875,3.05652183674874e-10
37.95833,-79.25,4.59743422835189e-10
37.95833,-79.04167,7.53532559703576e-10
37.95833,-76.75,3.76461095229634e-10
37.91667,-121.1667,6.99975626881845e-09
37.91667,-120.7917,2.91799953607073e-09
37.91667,-119.9583,2.46926759231556e-10
37.91667,-117.0833,2.59333778593094e-10
37.91667,-116.4583,1.35234593823236e-10
37.91667,-115.75,1.96237506898016e-10
37.91667,-115.125,1.96461040382653e-10
37.91667,-114.375,5.32235424229978e-11
37.91667,-111.9167,3.08696910702093e-10
37.91667,-111.5417,2.58998148811064e-11
37.91667,-110.1667,2.24811648455928e-10
37.91667,-108.7083,2.19777856743301e-10
37.91667,-108.5417,5.03050348218624e-11
37.91667,-108.4583,5.11256750630767e-11
37.91667,-107.9167,5.64688783912084e-11
37.91667,-107.8333,4.89005237025794e-11
37.91667,-107.4583,5.15638178606362e-11
37.91667,-106.2083,3.19983098543478e-11
37.91667,-105.9583,7.79838187615144e-11
37.91667,-105.625,2.37349675550306e-11
37.91667,-105,1.53827221015416e-10
37.91667,-100.6667,1.21682868262814e-10
37.91667,-99.33333,3.6153650739247e-11
37.91667,-99.29167,3.52769326256143e-11
37.91667,-98.83333,9.42227859855943e-11
37.91667,-98.66667,4.35478762093406e-11
37.91667,-95.83333,5.8402036824876e-11
37.91667,-94.75,1.56048556587932e-10
37.91667,-91.91667,9.32348218127354e-10
37.91667,-91.54167,3.53220656512096e-10
37.91667,-89.29167,1.23511731153099e-09
37.91667,-88.95833,1.64523629243639e-09
37.91667,-88.91667,1.57261185724219e-09
37.91667,-88.20833,3.33840944084186e-10
37.91667,-86.29167,6.27377789194087e-10
37.91667,-86.125,7.65919164726497e-10
37.91667,-84.875,1.44802840167084e-09
37.91667,-84.79167,6.67845888520682e-10
37.91667,-84.16667,8.70200256317954e-10
37.91667,-84.04167,5.46273926025886e-10
37.91667,-81.08333,6.92844325373261e-10
37.91667,-80.91667,5.41579110229802e-10
37.91667,-80.08333,4.77820767011438e-10
37.91667,-79.95833,6.54167517432032e-10
37.91667,-78.66667,1.03463970166968e-09
37.91667,-76.29167,4.18589670230242e-09
37.875,-121.5417,1.76057547074401e-09
37.875,-121.4167,8.31040580043998e-10
37.875,-120.6667,3.60298091644249e-10
37.875,-120,2.46886468431196e-10
37.875,-119.8333,6.36075030293716e-11
37.875,-119.75,3.46123252775325e-10
37.875,-119.5833,4.91629978500168e-10
37.875,-118.9583,4.7978114739825e-10
37.875,-117.0833,2.51250363549978e-10
37.875,-116.125,2.23068917636614e-10
37.875,-114.5,2.67541953775796e-10
37.875,-113.4167,5.97517219858109e-10
37.875,-113.0417,3.3829291388327e-10
37.875,-111.5833,3.11092948865101e-11
37.875,-111.2917,2.23810462763188e-10
37.875,-110.375,3.41279587077191e-11
37.875,-110.2083,2.23404825272441e-10
37.875,-109.0833,3.33953367119245e-11
37.875,-107.0417,2.40771667045685e-11
37.875,-106.125,1.01492129149803e-10
37.875,-105.4167,1.81911575020247e-10
37.875,-105.0833,2.04287392990764e-10
37.875,-104.5833,6.28869991621467e-11
37.875,-104.5,6.29007448801002e-11
37.875,-104.125,4.37326394251274e-11
37.875,-103.5,5.81594937113152e-11
37.875,-103.0417,5.26491203645954e-11
37.875,-103,5.13953156555727e-11
37.875,-102.875,4.82476790451841e-11
37.875,-102.0833,3.37024012377205e-11
37.875,-100.1667,7.85993476216557e-11
37.875,-99.25,3.62016256539583e-11
37.875,-99.08333,2.17000519611101e-11
37.875,-98.91667,6.96581379439523e-11
37.875,-97.83333,2.88141495839718e-10
37.875,-96.25,4.3247823738108e-11
37.875,-95.70833,2.48576590516142e-10
37.875,-95,2.11161152559446e-10
37.875,-94.125,5.81207167521116e-10
37.875,-92.33333,1.38990290187443e-09
37.875,-91.79167,5.03513737073232e-10
37.875,-89.625,2.93915544870981e-10
37.875,-88.54167,1.85015855321798e-10
37.875,-85.25,3.54310731003893e-10
37.875,-82.41667,7.67021675743199e-10
37.875,-80.83333,1.56142952895342e-09
37.875,-80.54167,1.65947645507118e-10
37.875,-80.04167,4.81421230369515e-10
37.875,-79.16667,8.75227524173209e-10
37.875,-78.75,3.80277980349098e-10
37.875,-77.5,9.54983055010648e-10
37.875,-75.5,1.79312472428717e-09
37.83333,-122.5417,3.10380605668413e-09
37.83333,-121.7917,3.63845770675208e-09
37.83333,-121,1.13481499330706e-09
37.83333,-120.9583,9.62147108949333e-10
37.83333,-120.7917,5.43522936248826e-10
37.83333,-120.4167,2.17493637596865e-09
37.83333,-119.5417,4.99325937931368e-10
37.83333,-118.9583,4.7214414434062e-10
37.83333,-117.9167,2.58274021615788e-10
37.83333,-117.375,2.7782035426055e-10
37.83333,-116.875,3.01217538326681e-10
37.83333,-116.2917,2.43063796202891e-10
37.83333,-115.875,2.12435370325755e-10
37.83333,-115.6667,2.00717170097593e-10
37.83333,-113.375,7.0046694389462e-10
37.83333,-112.8333,7.96906763055791e-11
37.83333,-112.5833,4.14443440514091e-10
37.83333,-110.2083,2.21028118143217e-10
37.83333,-108.9167,5.71822943886682e-11
37.83333,-108.5,2.16254552134263e-10
37.83333,-108.2083,4.83640299155494e-11
37.83333,-107.875,4.32204190056196e-11
37.83333,-105,9.92822035922317e-11
37.83333,-103.6667,5.91280472880506e-11
37.83333,-103.1667,7.7165959096061e-11
37.83333,-103.0417,5.2215380430012e-11
37.83333,-102.625,5.58633502889728e-11
37.83333,-102.5833,5.56600687813905e-11
37.83333,-101.2917,1.53230441375342e-10
37.83333,-100.1667,7.96258673900675e-11
37.83333,-100,1.09383338456335e-10
37.83333,-99.125,3.60214064767917e-11
37.83333,-97.95833,1.68481642755621e-10
37.83333,-97.41667,1.63400256583989e-09
37.83333,-93.95833,2.93490656109207e-10
37.83333,-93.91667,2.72407606396898e-10
37.83333,-93.45833,2.89365262758124e-10
37.83333,-90.70833,2.20459612951535e-10
37.83333,-90.625,2.44579629437076e-10
37.83333,-89.83333,2.04806231917599e-10
37.83333,-89.375,5.45462004667857e-10
37.83333,-89.29167,6.63159320654933e-10
37.83333,-89,2.53440590714361e-09
37.83333,-88.25,1.40281754914716e-10
37.83333,-86.625,1.1844627542895e-09
37.83333,-86.29167,4.09211652328803e-10
37.83333,-85.125,5.32101384058551e-10
37.83333,-84.625,1.60990070130265e-09
37.83333,-83.58333,1.64249287299681e-10
37.83333,-82.58333,1.59282835069628e-09
37.83333,-82.45833,4.7181399129897e-10
37.83333,-82.08333,1.75186644913214e-09
37.83333,-81.54167,3.28323993836112e-10
37.83333,-79.83333,5.67797247852222e-10
37.83333,-79.70833,4.20841665200116e-10
37.83333,-79.5,3.57608722764846e-10
37.83333,-77.625,9.4410356826915e-10
37.83333,-76.08333,3.90728367185638e-08
37.79167,-122.4583,4.13748393754281e-08
37.79167,-121.2083,4.04647132353756e-09
37.79167,-120.125,1.49304000570432e-10
37.79167,-118.875,9.54413564406646e-11
37.79167,-118.25,4.14942331190773e-11
37.79167,-117.7917,2.50031043642082e-10
37.79167,-117.5833,2.55538413131224e-10
37.79167,-116.7083,3.63461691284458e-10
37.79167,-116.6667,3.27898527920817e-10
37.79167,-116.2083,2.41389720109557e-10
37.79167,-116.125,2.34187047462872e-10
37.79167,-115.1667,2.02192777502229e-10
37.79167,-112.6667,6.98828631151469e-11
37.79167,-110.2917,2.22502570726729e-10
37.79167,-108.4583,2.09171219677529e-10
37.79167,-108.1667,4.09830828527384e-11
37.79167,-107.8333,1.6345470613369e-11
37.79167,-106.7917,2.4960870222321e-11
37.79167,-103.2917,8.5462226093198e-11
37.79167,-101.875,3.31572825094197e-11
37.79167,-101.4167,4.67161670124411e-11
37.79167,-101.2083,1.01704556138014e-10
37.79167,-99,4.05331877348938e-11
37.79167,-98.58333,7.21618496404536e-11
37.79167,-96.66667,1.50125160158779e-10
37.79167,-96.375,4.41477963974636e-11
37.79167,-93.70833,2.42317652583744e-10
37.79167,-90.58333,8.09959538757464e-10
37.79167,-89.25,3.07203316739416e-09
37.79167,-88.91667,2.14187217353987e-09
37.79167,-88.25,1.66309812685152e-10
37.79167,-88.20833,1.73032679674225e-10
37.79167,-88.08333,1.00718686783756e-09
37.79167,-85.875,3.43887771513401e-09
37.79167,-85.58333,7.78016242168007e-10
37.79167,-84.95833,7.12067490406312e-10
37.79167,-84.91667,7.39106489561173e-10
37.79167,-84.66667,7.59403444176007e-10
37.79167,-84.125,8.0768526031872e-10
37.79167,-84,1.44087266217097e-09
37.79167,-81.33333,3.4168259313706e-09
37.79167,-80.20833,5.8843101056239e-10
37.79167,-79.20833,6.44639002054286e-10
37.79167,-78.45833,4.38507915005953e-10
37.79167,-78.41667,4.55700467610102e-10
37.79167,-78.29167,1.06487718299748e-09
37.79167,-77.375,1.62567808553293e-09
37.79167,-76.45833,4.25314649646306e-10
37.75,-119.8333,1.9163965221059e-10
37.75,-119.5417,1.17920355027022e-10
37.75,-118.2083,3.98690067087392e-11
37.75,-116.6667,3.21544322398512e-10
37.75,-115,6.68461702950365e-12
37.75,-114.4583,5.61032532373306e-11
37.75,-114.375,6.10490333301451e-11
37.75,-113.75,3.3051780292903e-10
37.75,-111.9583,5.78657262347937e-11
37.75,-111.8333,3.86729365344163e-11
37.75,-111.5,2.38291999737594e-10
37.75,-111.375,2.91695268621063e-11
37.75,-109.375,2.91791936713383e-11
37.75,-108.7083,1.63930412970952e-11
37.75,-108.4583,2.01112921426895e-10
37.75,-106.75,2.49064448151157e-11
37.75,-106.375,3.17153825277096e-11
37.75,-106.2917,4.57406075082939e-11
37.75,-104.7917,4.80587788133015e-11
37.75,-104.5,3.21969140971481e-11
37.75,-103.5417,5.18185943447144e-11
37.75,-102.2083,3.22790980723458e-11
37.75,-101.9167,3.38759860050042e-11
37.75,-101.25,4.58764758152805e-11
37.75,-100.4167,7.23710036799238e-11
37.75,-99.29167,4.22529971412455e-11
37.75,-98.75,4.23720217413907e-11
37.75,-98.70833,4.25899661701191e-11
37.75,-97.04167,8.09225138254539e-10
37.75,-95.54167,1.46834147946519e-10
37.75,-95.29167,9.10827095186146e-10
37.75,-94.83333,1.45243011636006e-10
37.75,-93.625,2.33807379009229e-10
37.75,-89.91667,2.48366189354129e-10
37.75,-89.08333,1.40974224844137e-09
37.75,-87,1.02680216825554e-09
37.75,-86.625,9.75603823103498e-10
37.75,-85.125,4.22847609961816e-10
37.75,-84.375,2.38764302771809e-09
37.75,-84.29167,1.68561179874631e-09
37.75,-84.20833,1.33233415338775e-09
37.75,-84.16667,1.13443355444738e-09
37.75,-83.66667,5.19705891150412e-10
37.75,-81.08333,7.34801870779491e-10
37.75,-78.54167,3.79984023759979e-10
37.75,-78.04167,3.13220299886512e-10
37.75,-76.375,5.13501830772785e-10
37.75,-75.79167,5.12598923236795e-10
37.70833,-122.2083,4.88800731892381e-08
37.70833,-121.75,5.39113167329127e-09
37.70833,-121.2917,1.24975390082496e-09
37.70833,-119.7917,1.51160451458957e-10
37.70833,-118.9167,5.40973233947978e-10
37.70833,-117.4167,2.94993538604249e-10
37.70833,-115.75,2.19823015550204e-10
37.70833,-115.0833,6.58081596721599e-12
37.70833,-114.0833,4.96643141265411e-10
37.70833,-111.4167,2.30598847388895e-10
37.70833,-109.5833,1.89465511539869e-10
37.70833,-109.375,2.84634973433524e-11
37.70833,-109.3333,2.86023351400604e-11
37.70833,-109,5.14214045619516e-11
37.70833,-108.9583,5.20423709887051e-11
37.70833,-108.125,3.7635305407311e-11
37.70833,-107.7917,6.56425510861806e-11
37.70833,-107.7083,6.36031239886167e-11
37.70833,-107.375,2.49267317092809e-11
37.70833,-105.4167,1.70838412411266e-10
37.70833,-105.2083,1.73263078114168e-10
37.70833,-103.5833,5.14540676057995e-11
37.70833,-102.5,9.9111427454268e-11
37.70833,-99.33333,4.55310612047755e-11
37.70833,-98.83333,6.2269422192195e-11
37.70833,-98.25,9.2779945081718e-11
37.70833,-98.08333,8.3985547067182e-11
37.70833,-97.95833,1.27279354735738e-10
37.70833,-96.95833,6.90690851685175e-10
37.70833,-96.75,1.6026295824581e-10
37.70833,-95.95833,6.16722456797297e-11
37.70833,-95.91667,6.28867183788734e-11
37.70833,-95.04167,2.66967641688801e-10
37.70833,-94.41667,7.63674482475776e-10
37.70833,-93.41667,2.85005842271544e-10
37.70833,-93.16667,1.23364192873893e-09
37.70833,-92.95833,5.22235135603068e-10
37.70833,-92.5,3.25765235297229e-10
37.70833,-92,1.58803420201397e-09
37.70833,-91.66667,5.00320754973934e-10
37.70833,-90.29167,3.48979650032301e-10
37.70833,-87.5,7.98924573679769e-10
37.70833,-86.79167,6.22842743947751e-10
37.70833,-86.375,4.32153129443291e-10
37.70833,-85.70833,4.5802703925916e-09
37.70833,-85.66667,2.35316988375422e-09
37.70833,-84.70833,1.32605077196933e-09
37.70833,-82.91667,5.48329392745488e-10
37.70833,-81.625,1.15718945549849e-09
37.70833,-80.04167,9.99146969969362e-10
37.70833,-78.75,2.16408982437882e-10
37.70833,-76.70833,2.76692780363752e-10
37.70833,-75.54167,2.89088963740724e-09
37.66667,-122.25,7.33404223544167e-08
37.66667,-119.7083,1.94800092575375e-10
37.66667,-119.1667,5.73887238968373e-10
37.66667,-115.1667,6.50457980110472e-12
37.66667,-115.0417,6.73179523404917e-12
37.66667,-114.5417,1.30517074385408e-10
37.66667,-114.5,1.3580566223425e-10
37.66667,-112.375,2.48884317380808e-11
37.66667,-112.25,3.78951135495366e-10
37.66667,-111.2917,2.35550510332175e-10
37.66667,-109.8333,1.94319542792451e-10
37.66667,-107,2.40103912250277e-11
37.66667,-104.375,3.23044241581592e-11
37.66667,-102.7917,5.74706979445566e-11
37.66667,-100.2917,7.73017029973741e-11
37.66667,-99.91667,8.99196357259213e-11
37.66667,-99.45833,4.35061494132379e-11
37.66667,-99.16667,6.99805893137811e-11
37.66667,-98.66667,7.12645259866371e-11
37.66667,-96.125,5.25788863826245e-11
37.66667,-95.58333,1.7298438096482e-10
37.66667,-95.08333,3.25785509213687e-10
37.66667,-94.41667,6.64017046277352e-10
37.66667,-93.29167,9.38452010334053e-10
37.66667,-93.25,9.19373126880857e-10
37.66667,-90.95833,9.74112939496969e-11
37.66667,-88.75,2.59486873294719e-10
37.66667,-88.45833,3.07363515916029e-10
37.66667,-86.41667,1.12748807815709e-09
37.66667,-86,1.05804929584903e-09
37.66667,-83.58333,4.19614545434142e-10
37.66667,-83,2.26710457193358e-10
37.66667,-82.375,1.41382677316382e-09
37.66667,-82.125,3.95524910133776e-10
37.66667,-81.875,6.64212990478193e-10
37.66667,-81.45833,6.90272291016518e-10
37.66667,-78.29167,1.41566585775043e-09
37.66667,-77.25,2.85665301704125e-09
37.66667,-76.79167,9.68308628587048e-10
37.625,-121.9167,4.68179284494702e-09
37.625,-121.6667,2.28292969615453e-09
37.625,-121.125,3.33563529402325e-09
37.625,-117.2083,2.11953096130081e-11
37.625,-115.2917,6.4771437488119e-12
37.625,-114.75,2.48509905141798e-10
37.625,-113.125,7.06429638343675e-10
37.625,-112.1667,5.84704006365094e-11
37.625,-112.0417,4.88848084735131e-11
37.625,-110.2917,3.15623120281759e-11
37.625,-109.6667,1.85293133897409e-10
37.625,-109.4167,2.69861964797111e-11
37.625,-107.8333,8.95025165246265e-11
37.625,-107.375,4.3194114844254e-11
37.625,-107.25,2.45466730917644e-11
37.625,-106.5,3.17613296596924e-11
37.625,-102.0417,4.64320427165062e-11
37.625,-94.58333,6.22911044392736e-10
37.625,-94.41667,6.08612354138274e-10
37.625,-92.625,1.37713250475926e-09
37.625,-91.625,5.17189666778656e-10
37.625,-90.875,9.76619535294021e-11
37.625,-90.54167,4.3158644684768e-10
37.625,-85.33333,1.04986073065535e-09
37.625,-85,5.14989142723859e-10
37.625,-83.875,6.4432216183266e-10
37.625,-83.75,1.09891044022557e-09
37.625,-83.625,9.25705010138161e-10
37.625,-80.70833,2.06561036323036e-10
37.625,-80.16667,7.61175465825811e-10
37.625,-79.83333,4.89357348211686e-10
37.625,-76.79167,6.5450447625124e-10
37.625,-76.45833,7.87637069797321e-09
37.58333,-122.4583,2.28663501775513e-08
37.58333,-120.875,1.20331737436897e-09
37.58333,-120.8333,1.0598501300407e-09
37.58333,-120.125,1.47510946232692e-10
37.58333,-119.75,1.08475803032311e-09
37.58333,-118.0417,6.52994707365042e-11
37.58333,-117.7917,2.81374049732802e-10
37.58333,-117.4583,2.73222490964026e-10
37.58333,-117.375,2.82917020200178e-10
37.58333,-115.9583,2.55050329264173e-10
37.58333,-115.9167,2.50908390150417e-10
37.58333,-115.8333,2.4274939788545e-10
37.58333,-115.2917,6.58042572297169e-12
37.58333,-115.0833,2.1788123357222e-10
37.58333,-114.9583,2.26445757275426e-10
37.58333,-114.5417,1.33904292941823e-10
37.58333,-114.0417,4.89390307999385e-10
37.58333,-113.9167,9.85494587280143e-11
37.58333,-112.4167,3.87463448572928e-10
37.58333,-111.7083,2.71293865034856e-10
37.58333,-111.625,2.58329570660275e-10
37.58333,-109.4167,2.63555645390132e-11
37.58333,-109.2917,2.69745839516256e-11
37.58333,-107.875,1.63600351307411e-10
37.58333,-107.4167,4.35479696996322e-11
37.58333,-106.2917,1.55293289436628e-10
37.58333,-104.875,3.27116114102306e-11
37.58333,-102.9167,6.28718479894543e-11
37.58333,-101.3333,3.33895686008932e-10
37.58333,-98.45833,6.34811043215985e-11
37.58333,-96.66667,1.28255641624411e-10
37.58333,-96.33333,8.37262648270076e-11
37.58333,-94.91667,1.93664816632097e-10
37.58333,-94.29167,4.12985728877948e-10
37.58333,-93.79167,1.57420238525534e-10
37.58333,-91.45833,3.88906012152351e-10
37.58333,-91.125,3.50818038154389e-10
37.58333,-90.91667,2.57503725255041e-10
37.58333,-87.08333,6.28409094370387e-10
37.58333,-87.04167,6.07043189540169e-10
37.58333,-86.45833,2.08067866291098e-10
37.58333,-85.125,6.60098300475802e-10
37.58333,-84.33333,6.79563105720645e-10
37.58333,-84.125,5.50154604370373e-10
37.58333,-84.08333,7.11901810351562e-10
37.58333,-83.95833,7.41756539231383e-10
37.58333,-83.20833,2.52531568000992e-10
37.58333,-82.45833,4.89607069853906e-10
37.58333,-77.58333,1.31840795322754e-08
37.58333,-77.29167,3.37503727688512e-09
37.58333,-75.66667,1.69698880078175e-09
37.54167,-120.3333,9.22840275912846e-11
37.54167,-119.9167,1.72101149337069e-10
37.54167,-119.5833,8.82864613537556e-10
37.54167,-114.625,1.25292944166953e-10
37.54167,-114.25,4.14671749797814e-10
37.54167,-113.4583,2.08702126054135e-10
37.54167,-111.5417,3.16389157738585e-11
37.54167,-110.9167,2.71676943298985e-10
37.54167,-109.9167,2.75486768810403e-11
37.54167,-109.0833,4.57042399258632e-11
37.54167,-108.5833,6.19101635004898e-11
37.54167,-107.9583,1.62851621551382e-10
37.54167,-107.2083,4.48132389525839e-11
37.54167,-104.25,3.17379497750116e-10
37.54167,-103.8333,4.09378939265256e-10
37.54167,-103.3333,2.62226807599971e-11
37.54167,-102.2083,4.32702674417425e-11
37.54167,-101.3333,3.3486685704186e-10
37.54167,-100.875,1.10485042527964e-10
37.54167,-100.0417,5.40919694471117e-11
37.54167,-97.625,5.65715427121637e-10
37.54167,-96.95833,5.82385353290215e-10
37.54167,-96.79167,4.07775893805807e-10
37.54167,-96,6.53662380888228e-11
37.54167,-94.79167,4.28234745249759e-10
37.54167,-92,1.13155919105735e-09
37.54167,-91.16667,3.56710432934634e-10
37.54167,-90.29167,2.60834139703267e-10
37.54167,-89.54167,4.20583066757426e-10
37.54167,-89.41667,4.45140050950834e-10
37.54167,-88.41667,6.63025191528668e-10
37.54167,-85.20833,1.00492998350827e-09
37.54167,-85,1.48118491958243e-09
37.54167,-84.41667,6.7168631375984e-10
37.54167,-84.08333,9.87347293247273e-10
37.54167,-83.91667,1.06001894425194e-09
37.54167,-83.29167,2.63133698466686e-10
37.54167,-81.70833,1.99378214049422e-09
37.54167,-80.79167,1.12439193165174e-09
37.54167,-79.875,4.66067860714408e-10
37.54167,-79.58333,4.04364525119421e-10
37.54167,-78.70833,3.05046765819938e-10
37.54167,-75.70833,5.14639043561054e-10
37.5,-121.8333,6.16521826662585e-09
37.5,-120.375,1.01132787888713e-10
37.5,-119.25,5.13389425508332e-10
37.5,-119.1667,5.37137224663975e-10
37.5,-118.4167,1.0744512252557e-10
37.5,-117.6667,2.69565591119466e-10
37.5,-117.4583,2.63256505194148e-10
37.5,-116.9583,2.55339379637818e-10
37.5,-115.9167,2.64830985582397e-10
37.5,-115.8333,2.54383614274151e-10
37.5,-115.7083,2.41416025477361e-10
37.5,-115.4583,6.99743364700767e-12
37.5,-113.7083,1.04029680321758e-10
37.5,-113.625,2.36225471191505e-10
37.5,-112.9167,3.03266687565418e-09
37.5,-110.4167,3.2706178087914e-11
37.5,-109.4583,2.72850140768114e-11
37.5,-107.7917,1.69071379048464e-10
37.5,-107.375,4.56914369024386e-11
37.5,-107.2917,4.60921555089794e-11
37.5,-106.25,1.62287272779233e-10
37.5,-106.1667,1.68007996418569e-10
37.5,-103.5833,4.19639396101274e-11
37.5,-103.1667,6.69701959643869e-11
37.5,-99.75,4.50333909976975e-11
37.5,-99.45833,4.08913233279458e-11
37.5,-98.20833,6.79314167187612e-11
37.5,-97.45833,1.44813508192477e-09
37.5,-97.375,7.71197255215049e-09
37.5,-94.125,2.83969031713276e-10
37.5,-93.70833,2.29074903394545e-10
37.5,-92.79167,4.75697286567871e-10
37.5,-91.375,2.73429914488089e-10
37.5,-91.29167,9.94464268172237e-11
37.5,-90.33333,3.45003354511967e-10
37.5,-89.29167,3.46751244231372e-10
37.5,-88.04167,6.14894980794347e-10
37.5,-87.75,7.96456651474107e-10
37.5,-86.58333,6.63775555226121e-10
37.5,-85.29167,3.95374443927839e-10
37.5,-82.41667,1.21693448835966e-09
37.5,-80.54167,1.31671093725024e-09
37.5,-79.29167,5.53937070684e-10
37.5,-78.79167,3.17521963390291e-10
37.5,-78.125,1.07150300152413e-09
37.5,-77.75,1.63926997562192e-09
37.45833,-122.125,3.22706559924685e-08
37.45833,-120.0833,1.18044835702757e-10
37.45833,-118.9167,8.19879823706049e-11
37.45833,-117.7917,3.07414732814467e-10
37.45833,-116.5833,2.83415214263642e-10
37.45833,-116.2917,3.08360584977557e-10
37.45833,-114.8333,2.44206613570946e-10
37.45833,-114,1.15098226394227e-09
37.45833,-113.875,7.00641197914638e-10
37.45833,-111.3333,2.39396625870452e-10
37.45833,-110,2.71028040287988e-11
37.45833,-109.6667,1.72142670555068e-10
37.45833,-108.875,9.46231239340944e-11
37.45833,-107.6667,1.71840762612497e-10
37.45833,-104.625,1.82184211920229e-11
37.45833,-103.9583,4.24025846556574e-10
37.45833,-103.125,2.24302089529807e-11
37.45833,-101.9583,2.57381174040951e-11
37.45833,-101.0417,5.28144118855811e-11
37.45833,-98.45833,7.39223596044389e-11
37.45833,-97.54167,4.77834880146333e-10
37.45833,-94.79167,8.56457668505219e-10
37.45833,-94.08333,2.29432955733978e-10
37.45833,-89.33333,2.26997405862411e-10
37.45833,-87.20833,5.0119548683353e-10
37.45833,-86.41667,1.87161964709313e-09
37.45833,-85.58333,6.59433204016786e-10
37.45833,-84.08333,1.12960022836186e-09
37.45833,-83.625,4.6858895782456e-10
37.45833,-83.375,6.25554452542084e-10
37.45833,-80.29167,2.9288021222593e-10
37.45833,-79.16667,4.83558653442904e-09
37.45833,-77.66667,1.16360663984093e-08
37.45833,-77.04167,1.72153499965396e-09
37.45833,-76.08333,1.83797188908563e-08
37.41667,-122.3333,8.42220187051728e-09
37.41667,-122,2.73911513938224e-08
37.41667,-121.3333,5.06981961669447e-10
37.41667,-120.9167,1.2463397573263e-09
37.41667,-116.2083,3.34669880969321e-10
37.41667,-115.4583,2.25052557121341e-10
37.41667,-114.7917,2.50824045524778e-10
37.41667,-113.125,2.69220888262239e-10
37.41667,-111.1667,2.44538016335498e-10
37.41667,-111,3.68665348437981e-11
37.41667,-110.2083,2.87631555450064e-11
37.41667,-108.4583,1.36691547418291e-10
37.41667,-108.4167,1.39117443958632e-10
37.41667,-106.5833,2.87929020924337e-11
37.41667,-104.5417,1.84561579744305e-11
37.41667,-104,3.54629762443758e-10
37.41667,-103.1667,2.230214368306e-11
37.41667,-102.125,4.28869427240701e-11
37.41667,-99.29167,1.52318386620759e-10
37.41667,-95.91667,7.64711363082131e-11
37.41667,-95.66667,8.87602589665113e-10
37.41667,-94.95833,2.31228023858104e-10
37.41667,-94.625,1.2208359621903e-09
37.41667,-94.33333,2.96859309997658e-10
37.41667,-93.54167,9.41174978810356e-10
37.41667,-91.79167,2.17528315837155e-10
37.41667,-91.58333,1.0495871795892e-09
37.41667,-91.54167,2.7616177818053e-10
37.41667,-90.83333,9.93810243872942e-11
37.41667,-89.375,2.5976334002412e-10
37.41667,-89.29167,5.5258942458633e-10
37.41667,-89.25,5.61291770421333e-10
37.41667,-89.08333,1.97274176417658e-10
37.41667,-88.625,1.01442115877428e-10
37.41667,-88,4.57332979951066e-10
37.41667,-83.41667,5.26606498074101e-10
37.41667,-83.125,2.47934721100495e-10
37.41667,-82.91667,6.1174959770909e-10
37.41667,-81.95833,6.72456883518165e-10
37.41667,-80.79167,1.47668085407742e-09
37.41667,-80.25,3.33233692533932e-10
37.41667,-80.16667,5.47975524613163e-10
37.41667,-79.20833,7.50166308453493e-09
37.41667,-79,4.47118088439627e-10
37.41667,-78.58333,1.07085017083817e-09
37.41667,-75.91667,5.42183545517695e-10
37.375,-122.0833,7.7824676274777e-08
37.375,-121.2917,1.95374750204385e-10
37.375,-120.7083,2.25418835049773e-09
37.375,-119.5417,2.00563941052487e-10
37.375,-119.3333,5.10568614597969e-10
37.375,-118.875,7.45989359698093e-11
37.375,-118.25,1.63450115851238e-10
37.375,-117.5833,1.8679064320427e-11
37.375,-117.2917,1.77294314488539e-11
37.375,-116.2083,3.69471990977205e-10
37.375,-116.0417,3.16422866612226e-10
37.375,-115.0417,2.32654080594846e-10
37.375,-114.0833,2.0407668583359e-10
37.375,-113.75,1.53025853602136e-09
37.375,-112.5,8.26530366179237e-11
37.375,-112.4583,4.48783270760133e-10
37.375,-111.1667,2.43704764484763e-10
37.375,-110.7917,3.62977670418502e-11
37.375,-109.5833,1.66736612973723e-10
37.375,-107.625,1.44846432284362e-10
37.375,-107.5833,1.42174156975229e-10
37.375,-106.5417,1.82438520743963e-11
37.375,-103.6667,3.9833828482692e-11
37.375,-103.5833,3.75520569696926e-11
37.375,-102.3333,4.07272936589002e-11
37.375,-101.2083,3.49600985142253e-11
37.375,-98.04167,1.31909991189334e-10
37.375,-97.29167,5.39029221158754e-10
37.375,-96.79167,6.32684808307463e-11
37.375,-96.58333,2.03673669101516e-10
37.375,-95.79167,1.72187934804036e-10
37.375,-95.625,2.08201907148396e-10
37.375,-95.375,3.3327465914139e-10
37.375,-94.5,3.89049687779867e-10
37.375,-94.16667,2.92004951493148e-10
37.375,-93.20833,8.82718169759543e-10
37.375,-90.45833,3.90956207612914e-10
37.375,-90.375,2.7271137423656e-10
37.375,-90.16667,4.65929162831145e-10
37.375,-89.16667,1.92913801146815e-10
37.375,-88.29167,3.48415970164454e-10
37.375,-87.29167,8.4251756294829e-10
37.375,-86.41667,8.75186928882896e-10
37.375,-84.45833,7.47994574633436e-10
37.375,-83.625,1.19789817819216e-09
37.375,-82.75,6.42939458198346e-10
37.375,-81.91667,5.08451570065463e-10
37.375,-81.54167,1.71442183052585e-09
37.375,-80.16667,1.00721986910939e-09
37.375,-80.04167,1.27309780262776e-09
37.375,-79.41667,9.38789870245406e-10
37.375,-78.45833,4.42534272147649e-10
37.375,-77.75,3.59518168016423e-09
37.375,-76.83333,3.59304572292736e-09
37.33333,-122.3333,5.20140775154737e-10
37.33333,-117.125,2.43723482986923e-10
37.33333,-116.8333,2.53596748613154e-10
37.33333,-116.0417,3.3117156877214e-10
37.33333,-114.3333,1.63302349204167e-10
37.33333,-113.5,2.67245286778477e-12
37.33333,-113.3333,7.16401689512247e-10
37.33333,-108.9583,5.45833671017947e-11
37.33333,-105.25,2.08152188404123e-11
37.33333,-104.875,1.55657361307971e-11
37.33333,-103.0833,4.11438621601505e-11
37.33333,-102.4583,1.78595052389654e-11
37.33333,-100.75,4.81597631757785e-11
37.33333,-100.375,3.88731779180404e-11
37.33333,-99,2.4298375421037e-10
37.33333,-98.41667,2.72346414540915e-10
37.33333,-96.75,5.82329098392875e-11
37.33333,-94.66667,1.42129897507392e-09
37.33333,-93.20833,1.01179810314038e-09
37.33333,-93.125,1.11795796472932e-09
37.33333,-92.66667,2.19942145351056e-10
37.33333,-91.83333,2.05801279594937e-10
37.33333,-90.04167,1.29078385185486e-09
37.33333,-89.16667,1.91288905206599e-10
37.33333,-88.70833,2.91088051102774e-10
37.33333,-88.58333,1.4888718156384e-10
37.33333,-87.66667,1.37348000761205e-09
37.33333,-85.16667,1.35708764890183e-09
37.33333,-84.70833,2.42844762864125e-09
37.33333,-84.54167,1.48916616680878e-09
37.33333,-84.29167,8.0831630432587e-10
37.33333,-83.75,2.07506138889247e-10
37.33333,-82.875,2.65908516050687e-10
37.33333,-81.625,1.51903502447238e-09
37.33333,-80.66667,7.72742009863844e-10
37.33333,-80.54167,6.61737170577346e-10
37.33333,-78.08333,1.39363187222256e-09
37.33333,-77.91667,7.54006807236817e-10
37.33333,-75.79167,5.37443541425083e-08
37.29167,-122.1667,3.68727868297486e-09
37.29167,-121.9583,2.91812774789186e-08
37.29167,-119.375,5.50649889694354e-10
37.29167,-118.4167,1.25287061948762e-10
37.29167,-118.0417,5.75895481115161e-11
37.29167,-116.4583,2.96107467481156e-10
37.29167,-115.7083,2.79045573423695e-10
37.29167,-115.2083,2.28882328726459e-10
37.29167,-114.625,1.26506754789084e-10
37.29167,-113.7917,1.36392290016726e-09
37.29167,-112.9583,3.21162118800422e-10
37.29167,-111.8333,2.76266386485226e-10
37.29167,-111.75,2.70831014841147e-10
37.29167,-109.25,6.96917125978262e-11
37.29167,-108.75,2.95115943839605e-11
37.29167,-108.625,4.32814070636271e-11
37.29167,-108.4583,5.57486579074202e-11
37.29167,-108.125,1.4911810440481e-10
37.29167,-108.0417,1.20500661313457e-10
37.29167,-106.9583,8.07132679585112e-11
37.29167,-105.625,2.88128772537445e-11
37.29167,-103.5833,3.45531123373921e-11
37.29167,-102.7083,1.76713848766929e-11
37.29167,-101.9583,2.42284118178856e-11
37.29167,-101.4167,8.59062888122812e-11
37.29167,-100.9167,4.88444427100921e-11
37.29167,-100.0833,4.58287898967592e-11
37.29167,-97.5,2.72620208018434e-10
37.29167,-97.375,5.09827176910489e-10
37.29167,-96.66667,2.02674618082838e-10
37.29167,-94.95833,2.42821037727635e-10
37.29167,-94.5,5.21486228105935e-10
37.29167,-94,3.14564525092654e-10
37.29167,-93.66667,4.97478976987249e-10
37.29167,-92.70833,3.61393149021694e-10
37.29167,-90.54167,2.71944618277342e-10
37.29167,-90.25,4.6855892342946e-10
37.29167,-89.08333,9.1907529284543e-11
37.29167,-88.83333,2.91168132854654e-10
37.29167,-88.625,2.37254317821981e-10
37.29167,-87.83333,4.55410356982422e-10
37.29167,-86.25,9.12594924898639e-10
37.29167,-85.83333,2.06020682186392e-09
37.29167,-84.75,4.02544556908218e-10
37.29167,-82.83333,7.72863084408544e-10
37.29167,-81.45833,3.96230015077754e-09
37.29167,-79.70833,7.42533735483193e-10
37.29167,-79.41667,7.78896687087374e-10
37.29167,-78.58333,4.62330639821918e-10
37.29167,-78.375,4.56458095535074e-10
37.29167,-76.04167,2.45454146193405e-08
37.25,-122.0833,2.30738892613454e-09
37.25,-122,2.84559691143167e-09
37.25,-120.5417,6.75219275007131e-10
37.25,-119.3333,5.61694382992828e-10
37.25,-117.5,1.77988115756073e-11
37.25,-116.9167,2.41604604781016e-10
37.25,-116.375,3.13547716338981e-10
37.25,-114.6667,1.22534412718558e-10
37.25,-113.875,1.57041592921326e-09
37.25,-113.0833,3.40219830321748e-10
37.25,-112.5,4.70343938033424e-10
37.25,-112.2083,5.59120926980334e-11
37.25,-111.875,2.78503047050506e-10
37.25,-110.75,3.32246839587713e-11
37.25,-110.5833,3.14210941313451e-11
37.25,-109.7917,1.63145119471271e-10
37.25,-109.0833,7.23042220463027e-11
37.25,-108.25,1.39453280962098e-10
37.25,-106.4167,1.89767506564904e-11
37.25,-105.25,3.33041602278809e-11
37.25,-105.0417,5.43032430851243e-11
37.25,-104.8333,5.64326750855734e-11
37.25,-104.5,9.27445950169336e-11
37.25,-104.25,8.42516982643224e-11
37.25,-102.7917,1.75662021608171e-11
37.25,-102.7083,1.75483409843965e-11
37.25,-100.8333,4.94265717562202e-11
37.25,-97.20833,1.65375174846837e-10
37.25,-97.16667,1.80780009609457e-10
37.25,-97.08333,1.58286655359938e-10
37.25,-92.875,4.49810528996571e-10
37.25,-90.375,6.75452677049635e-10
37.25,-89.54167,1.39587405469774e-09
37.25,-87.66667,9.98766839785876e-10
37.25,-87.29167,1.4280441954363e-09
37.25,-83.5,1.21144688057674e-09
37.25,-81.91667,2.14400572141656e-09
37.25,-80.83333,5.67227988858869e-10
37.25,-80.125,2.12604758832113e-09
37.25,-78.41667,5.03603161876461e-10
37.25,-76.20833,3.51957369533514e-08
37.20833,-122.125,2.14514006628075e-09
37.20833,-121.4167,2.04405144067047e-10
37.20833,-119.2917,4.04076825720516e-10
37.20833,-118.6667,7.82495791391946e-11
37.20833,-118.625,8.05043866906515e-11
37.20833,-117.1667,1.64782083035102e-11
37.20833,-116.125,3.6036085585645e-10
37.20833,-115.625,2.84685231452752e-10
37.20833,-115.375,2.68549740020437e-10
37.20833,-114.7083,1.20808909853268e-10
37.20833,-113.9167,1.55479989604959e-09
37.20833,-113.5,6.80525757875233e-10
37.20833,-112.4167,6.71972371173201e-11
37.20833,-109.25,6.90975043212287e-11
37.20833,-107.7917,1.99868563259322e-10
37.20833,-106.7917,7.62646513574442e-11
37.20833,-106.25,3.07783064141471e-11
37.20833,-105.9167,1.47611041383685e-10
37.20833,-105.5833,2.76149243328437e-11
37.20833,-105.25,3.30196823993871e-11
37.20833,-104.75,5.26088975089169e-11
37.20833,-102.7917,1.74032779275401e-11
37.20833,-101.625,6.37609666071748e-11
37.20833,-96.41667,4.35130551114193e-11
37.20833,-95.70833,1.79471592120462e-09
37.20833,-95.5,3.32047696764866e-10
37.20833,-94.79167,6.62692104263897e-10
37.20833,-93.75,2.71022120919433e-10
37.20833,-92.16667,3.58904406800265e-10
37.20833,-89.41667,4.84242599971539e-10
37.20833,-88.75,3.77931345045256e-10
37.20833,-88.33333,5.8250260952924e-10
37.20833,-87.20833,5.35596969994785e-10
37.20833,-86.45833,8.81124162196635e-10
37.20833,-86.125,2.80113905596963e-10
37.20833,-84.33333,8.35661593725604e-10
37.20833,-82.25,1.41348893902702e-09
37.20833,-82.20833,1.45583402088245e-09
37.20833,-82.125,1.3892421342256e-09
37.20833,-81.625,8.90246994660528e-10
37.20833,-79.54167,6.54795987493733e-10
37.20833,-77.41667,7.21833604513082e-09
37.16667,-121.8333,2.60585865743082e-09
37.16667,-117.25,1.63161911651929e-11
37.16667,-116.6667,2.5512586575733e-10
37.16667,-116.625,2.59248729006137e-10
37.16667,-110.2083,4.61956443025046e-11
37.16667,-107.75,2.13007174019858e-10
37.16667,-107.3333,5.91737769057859e-11
37.16667,-107.2083,6.43669694117504e-11
37.16667,-104.2917,8.52899635646991e-11
37.16667,-102.75,1.72380057668483e-11
37.16667,-102.0417,2.26714562123843e-10
37.16667,-101.4583,8.87964511505748e-11
37.16667,-101.1667,9.14644481136641e-11
37.16667,-100.8333,1.24280822559147e-10
37.16667,-99.70833,4.9348320384564e-11
37.16667,-98.875,7.41659043632594e-11
37.16667,-98.625,6.14582164822246e-11
37.16667,-98.33333,3.168184943314e-11
37.16667,-96.41667,5.19282345690756e-11
37.16667,-96.375,5.25212281298004e-11
37.16667,-95.75,2.01326199889959e-10
37.16667,-95.45833,7.322466684568e-10
37.16667,-93,7.79383027293959e-10
37.16667,-91.375,5.51260993161601e-11
37.16667,-90.41667,9.62941731330528e-10
37.16667,-89.5,7.24407095566444e-10
37.16667,-89.41667,5.48955296233409e-10
37.16667,-89,2.01897451557585e-10
37.16667,-88.45833,7.17777884469259e-10
37.16667,-87.66667,2.74403304241645e-09
37.16667,-86.75,7.64672017107116e-10
37.16667,-86.5,4.41465865084222e-10
37.16667,-86.16667,3.9875139508833e-10
37.16667,-85.83333,8.14896909563974e-10
37.16667,-85.25,6.09539758882961e-10
37.16667,-85.16667,4.61409045649357e-10
37.16667,-82.08333,1.20520144481722e-09
37.16667,-79.91667,1.84472100557229e-09
37.16667,-78.625,5.78055345608159e-10
37.16667,-78.04167,5.05010738509319e-10
37.16667,-77,6.73956645330865e-10
37.16667,-76.58333,1.49425731864804e-08
37.125,-120.625,6.14924150142317e-10
37.125,-117.5,2.46510085752194e-10
37.125,-116.5833,2.65254411836237e-10
37.125,-115.9583,3.32153800409625e-10
37.125,-115.8333,3.19324044925337e-10
37.125,-115.0417,2.74493779816665e-10
37.125,-113.3333,7.45879404951128e-10
37.125,-111.25,3.72351615822646e-11
37.125,-107.5,3.86061927153334e-11
37.125,-106.9583,9.5956129109425e-11
37.125,-105.375,3.28603849256986e-11
37.125,-104.4583,7.80774534786753e-11
37.125,-103.7917,3.10928041532636e-11
37.125,-101.6667,7.1588289470808e-11
37.125,-100.9583,1.52288071445228e-10
37.125,-99.5,4.57606618508161e-11
37.125,-99.29167,3.09515950231031e-11
37.125,-96.70833,4.35681870270298e-11
37.125,-95.95833,1.51088890075458e-10
37.125,-95.91667,1.60836255966263e-10
37.125,-93.83333,5.09417741694718e-10
37.125,-93.75,5.55158481625839e-10
37.125,-93.70833,5.8633839705915e-10
37.125,-93.66667,5.83157181338164e-10
37.125,-93.08333,7.21051262758334e-10
37.125,-92.5,5.11227642478914e-10
37.125,-92.33333,5.70530621974116e-10
37.125,-92.08333,7.64666117185297e-10
37.125,-91.66667,3.42641407518695e-10
37.125,-90.58333,2.64278073081442e-10
37.125,-90.54167,2.86007579810984e-10
37.125,-90.04167,7.93885800330307e-10
37.125,-88.41667,1.81911383854222e-09
37.125,-88,6.58868897471566e-10
37.125,-87.875,7.36835433736427e-10
37.125,-87.83333,7.90140353949254e-10
37.125,-86.95833,9.46789208896099e-10
37.125,-86.45833,5.21571654188773e-10
37.125,-86.16667,4.59214257665231e-10
37.125,-84.5,5.07406144436863e-10
37.125,-83.45833,2.11243862058868e-10
37.125,-83.41667,2.04413348311546e-10
37.125,-83.08333,7.08665797396069e-10
37.125,-81.5,9.52096568489422e-10
37.125,-81.25,2.33641730451851e-10
37.125,-81.125,6.99401005214568e-10
37.125,-79.625,6.00057035709761e-10
37.125,-79,5.10091053667921e-10
37.08333,-120.625,8.39998914625513e-10
37.08333,-120.2083,1.24470386891136e-09
37.08333,-120.125,1.14061918155302e-09
37.08333,-119.875,6.14332115576332e-10
37.08333,-119.1667,1.30737130026414e-10
37.08333,-119.0417,6.9997541262315e-11
37.08333,-118.375,5.18185230566094e-11
37.08333,-117.25,1.58403679223677e-11
37.08333,-116.625,2.6156714206102e-10
37.08333,-116.4167,2.94104488164183e-10
37.08333,-114.625,1.33654893538725e-10
37.08333,-114,1.61780807505176e-09
37.08333,-113.5417,5.61701256424007e-09
37.08333,-113.4583,2.10504171130792e-09
37.08333,-113.375,9.06562468853102e-10
37.08333,-111.4167,4.06823402223528e-11
37.08333,-110.875,9.40457396554757e-11
37.08333,-109.125,9.51591199489002e-11
37.08333,-108.25,9.25476935239313e-11
37.08333,-107.0417,9.97323789660304e-11
37.08333,-105.5833,3.39969779315346e-11
37.08333,-104.625,5.72853038072785e-11
37.08333,-102.6667,3.00255684612442e-11
37.08333,-101.375,8.86337867451365e-11
37.08333,-101.2917,9.11208218396995e-11
37.08333,-101.25,9.07104842032446e-11
37.08333,-99.91667,2.25223368058666e-10
37.08333,-99.58333,2.6710073315175e-10
37.08333,-98.58333,5.61907152269259e-11
37.08333,-94.95833,2.1559302223326e-10
37.08333,-94.20833,4.95058193827121e-10
37.08333,-93.25,3.25833973588565e-09
37.08333,-92.41667,4.17274394779507e-10
37.08333,-91.375,1.72109336745114e-10
37.08333,-91.29167,1.57151112793444e-10
37.08333,-91.25,1.57673760319595e-10
37.08333,-91,6.14287834793056e-11
37.08333,-89.91667,7.27517227021063e-10
37.08333,-88.58333,6.49001793357673e-09
37.08333,-88,5.86757753405009e-10
37.08333,-86.91667,1.07460306644403e-09
37.08333,-83.875,5.92915036241119e-10
37.08333,-83.5,3.3173180921451e-10
37.08333,-83.125,9.42576040870895e-10
37.08333,-82.66667,8.62870936956418e-10
37.08333,-78.91667,2.67093818012375e-09
37.08333,-78.875,1.57459604097403e-09
37.08333,-76.45833,2.01239260417594e-08
37.08333,-76.375,1.1509230974382e-07
37.04167,-119.5,5.01229819362505e-10
37.04167,-119.125,7.72330857276443e-11
37.04167,-119,6.90227873766876e-11
37.04167,-117.5,2.40653098918141e-10
37.04167,-116.0833,3.41196828247312e-10
37.04167,-115.125,3.02894231037228e-10
37.04167,-114.5,1.52196459478742e-10
37.04167,-114.0417,6.22185223458501e-10
37.04167,-113.2083,4.74147106950105e-10
37.04167,-112.5417,8.61193731023865e-11
37.04167,-110.625,8.49813157918455e-11
37.04167,-110.5417,8.25239686827485e-11
37.04167,-110.5,8.13006759246668e-11
37.04167,-110.0417,5.36470966880634e-11
37.04167,-109.2917,9.01532214258287e-11
37.04167,-108.7917,2.03736837692682e-10
37.04167,-108.75,6.97762511970801e-11
37.04167,-108.25,9.49515892063291e-11
37.04167,-106.7083,1.15253744747503e-10
37.04167,-106.125,1.93365984837417e-11
37.04167,-104.4583,7.42327605232563e-11
37.04167,-103.1667,1.84216461446618e-11
37.04167,-100.2917,3.87407341553129e-11
37.04167,-99.875,3.89304662997476e-11
37.04167,-98.83333,9.86130595117193e-11
37.04167,-97.375,7.33134753759014e-11
37.04167,-97.29167,8.54034996361499e-11
37.04167,-96.91667,2.1806410360677e-10
37.04167,-96.29167,7.64261159017962e-11
37.04167,-95.95833,4.35581583886613e-10
37.04167,-94.79167,8.154909661143e-10
37.04167,-94.33333,1.14753403531496e-09
37.04167,-94.16667,1.70628062132898e-09
37.04167,-93.29167,3.18219357270462e-09
37.04167,-93.16667,8.74767423591216e-10
37.04167,-93,1.27614560492025e-09
37.04167,-92.83333,1.21423255757254e-09
37.04167,-92.20833,2.62067238878228e-10
37.04167,-90.41667,8.25064762358552e-10
37.04167,-89.70833,8.04890213694948e-10
37.04167,-88.79167,7.48031107539956e-10
37.04167,-88.45833,6.24020418731817e-10
37.04167,-88.125,6.71368756213018e-10
37.04167,-84.16667,1.06918989478973e-09
37.04167,-81.58333,4.36995805366174e-10
37.04167,-79.20833,1.09195292039166e-09
37.04167,-76.75,5.84132972036789e-10
37.04167,-76.08333,3.39586404444286e-08
37,-121.9583,1.5099464762426e-09
37,-120.5833,7.67342091304266e-10
37,-119.75,5.31117371398865e-10
37,-119.2917,9.55183747764358e-11
37,-117.875,2.95850633198631e-10
37,-117.5,2.37834297282988e-10
37,-116.0417,3.4557967975858e-10
37,-110.9167,9.36798039249599e-11
37,-110.125,5.38405883047803e-11
37,-109.375,6.79176810445188e-11
37,-107.875,1.50704106208106e-10
37,-105.4167,3.2914200502461e-11
37,-105.3333,3.2723166181925e-11
37,-105.125,5.24194846507569e-11
37,-103.8333,2.7635011407454e-11
37,-101.75,3.56485226993635e-11
37,-101.4167,7.76800357976534e-11
37,-100.625,3.20468310935908e-11
37,-100.375,3.73227492588558e-11
37,-99.875,5.58892149674939e-11
37,-98.45833,4.5010734080265e-11
37,-97.125,1.96483328611291e-10
37,-96.20833,8.38829363451558e-11
37,-93.625,1.05140134410228e-09
37,-93.25,2.09522229476029e-09
37,-92.375,5.86913488474703e-10
37,-91.625,1.43722812513275e-10
37,-89.20833,1.14289453849371e-09
37,-88.45833,4.34359854981691e-10
37,-85.29167,3.26224806430266e-10
37,-81.95833,1.48594150959707e-09
37,-80.58333,1.91783221472788e-09
37,-80.33333,5.43581512662345e-10
37,-79.58333,4.92366329105193e-10
37,-79.08333,1.49411295973102e-09
37,-78.5,3.06543856863826e-10
37,-77.20833,3.92817439907256e-10
36.95833,-120.9167,2.84053835194154e-10
36.95833,-120.5,3.9345016409556e-10
36.95833,-119.6667,1.60379141363824e-09
36.95833,-116.0833,3.48672357611448e-10
36.95833,-113.2083,1.71931704693313e-10
36.95833,-112.5,1.23119369645199e-10
36.95833,-111.9167,4.76714673739097e-11
36.95833,-111.2917,1.43016185750924e-10
36.95833,-110.0417,7.22570529714627e-11
36.95833,-109.75,8.28952988157954e-11
36.95833,-107.4583,5.12715542564391e-11
36.95833,-104.75,3.05563364730246e-11
36.95833,-104.625,3.10040165237324e-11
36.95833,-102.3333,6.29852044220514e-11
36.95833,-102,7.20602628521392e-11
36.95833,-101.4583,4.21943367067545e-11
36.95833,-100.7083,3.47520667075887e-11
36.95833,-100.6667,3.3008847414264e-11
36.95833,-99.70833,3.01380502268405e-11
36.95833,-99.66667,3.00909317379089e-11
36.95833,-97.79167,6.06276498970164e-11
36.95833,-97.29167,1.0454929689667e-10
36.95833,-94.79167,1.02838166235173e-09
36.95833,-94.75,1.11393804344304e-09
36.95833,-94.70833,1.2156678446519e-09
36.95833,-92.66667,2.67150085615482e-09
36.95833,-91.625,2.37725671055617e-10
36.95833,-90.54167,5.31571053593776e-10
36.95833,-90.04167,4.5915998487248e-10
36.95833,-89.875,2.82378457241579e-10
36.95833,-88.66667,3.35657551159944e-10
36.95833,-84.875,2.87409568615923e-10
36.95833,-84.41667,7.08621229242095e-10
36.95833,-83.91667,9.13885257662633e-10
36.95833,-83.625,2.91901366288496e-10
36.95833,-83.58333,4.55039329334142e-10
36.95833,-83.08333,9.6054181051163e-10
36.95833,-80.91667,6.61266730624248e-10
36.95833,-80.33333,3.9782220488939e-10
36.95833,-79.91667,1.20277215217403e-09
36.95833,-77.375,2.1130216717607e-10
36.95833,-76.95833,2.21816674406349e-10
36.95833,-76.41667,1.85355057192143e-08
36.95833,-76.20833,8.84580728077826e-08
36.91667,-121.6667,1.21054352722228e-09
36.91667,-120.1667,9.75347775791104e-10
36.91667,-119.9167,1.9170615254046e-09
36.91667,-119.375,3.42283906548033e-10
36.91667,-114.4167,1.69730181199658e-10
36.91667,-113.4167,2.9432227954317e-10
36.91667,-113.125,1.39080167939822e-10
36.91667,-112.5417,1.09381641857471e-10
36.91667,-112.25,3.37576022881541e-10
36.91667,-111.25,1.3632558625951e-10
36.91667,-110.8333,8.87404380101682e-11
36.91667,-110.7083,8.43227735416799e-11
36.91667,-110.4583,9.54115980426381e-11
36.91667,-110.1667,7.34095581927288e-11
36.91667,-108.375,6.29941270522874e-10
36.91667,-108.3333,6.54442217448304e-10
36.91667,-107,1.55953209453273e-10
36.91667,-105.625,1.01046783911445e-10
36.91667,-102.25,6.35032503236884e-11
36.91667,-102.125,6.62633916231426e-11
36.91667,-100.7083,3.33933603669234e-11
36.91667,-99.66667,2.89344170198416e-11
36.91667,-99.41667,2.8373715104346e-11
36.91667,-98.70833,5.73083965221665e-11
36.91667,-98.41667,9.49076396670929e-11
36.91667,-97.04167,2.42805955335177e-10
36.91667,-96.41667,5.30407759938173e-11
36.91667,-94.41667,9.86303054790689e-10
36.91667,-94.04167,5.88885290756529e-10
36.91667,-93.83333,3.40099404967485e-10
36.91667,-91.5,2.11483458111687e-10
36.91667,-91.41667,1.99679613351541e-10
36.91667,-90.29167,2.64480324794601e-09
36.91667,-89.375,2.00113943389438e-09
36.91667,-88.375,5.0046478800892e-10
36.91667,-85.70833,2.94796079429929e-10
36.91667,-84.41667,1.01123389406341e-09
36.91667,-83.91667,9.65431982550868e-10
36.91667,-83.79167,1.11047253817037e-09
36.91667,-83.375,6.61850824470329e-10
36.91667,-82.25,2.0852605833979e-09
36.91667,-81.41667,1.30650218946046e-09
36.91667,-80.45833,2.96888163542814e-10
36.91667,-78.625,7.69538897345577e-10
36.91667,-76.875,4.6168861971581e-10
36.875,-121.2083,5.20580723125891e-10
36.875,-118.625,4.93818926086892e-10
36.875,-118.375,3.73614397662508e-10
36.875,-116.5,2.92261028087643e-10
36.875,-116.3333,3.14581424210875e-10
36.875,-115.625,4.27054596735932e-10
36.875,-113.1667,1.40484606027539e-10
36.875,-109.9167,7.59229143525413e-11
36.875,-109.875,7.54683443380634e-11
36.875,-109.7917,7.53062941700574e-11
36.875,-109.75,7.5581067219277e-11
36.875,-109.6667,1.1638976859153e-10
36.875,-108.9167,1.45098821770627e-10
36.875,-107.8333,3.01795042226663e-10
36.875,-106.5417,2.53599961856647e-10
36.875,-105.4583,3.12530923843401e-10
36.875,-104.875,3.01444775879634e-10
36.875,-103.5833,6.76021664018968e-11
36.875,-103,2.84035492173545e-11
36.875,-102.8333,6.31224152062461e-11
36.875,-102.7083,2.89779224498412e-11
36.875,-102.3333,3.07033285966192e-11
36.875,-102.1667,6.39882368826484e-11
36.875,-101.5833,4.13544761515956e-11
36.875,-100.2083,3.63646781550727e-11
36.875,-97.125,3.05791019711774e-10
36.875,-97.04167,2.47275999570986e-10
36.875,-96.33333,5.842426439629e-11
36.875,-95.75,1.50486762056918e-10
36.875,-93.58333,1.23521696965751e-09
36.875,-92.95833,3.69478926923866e-10
36.875,-92.79167,3.31688191826199e-10
36.875,-92.08333,3.23031327922603e-10
36.875,-90.08333,6.21155073381648e-10
36.875,-88.58333,1.05866280270752e-09
36.875,-88.5,1.12662353508126e-09
36.875,-85.875,4.32189073455096e-10
36.875,-85.20833,3.54805015586675e-10
36.875,-80.25,3.1969066092614e-10
36.875,-79.16667,1.41463151471897e-10
36.875,-78.16667,6.96796755165195e-10
36.83333,-118.7917,4.96169787317907e-10
36.83333,-117.5833,2.61066601677926e-10
36.83333,-116.4583,3.03554347574127e-10
36.83333,-115.75,4.5952983029315e-10
36.83333,-115.375,4.11466222217157e-10
36.83333,-114.4167,3.71303856939577e-10
36.83333,-113.625,2.22568584704102e-10
36.83333,-112.2083,3.13029438183845e-10
36.83333,-111.4583,7.39912950224925e-11
36.83333,-110.7917,1.02964764639691e-10
36.83333,-110.3333,7.56354129776019e-11
36.83333,-108.1667,2.48938374134259e-09
36.83333,-107.8333,2.99633213530617e-10
36.83333,-107.1667,2.65889461069143e-10
36.83333,-106.7917,1.44453254283941e-10
36.83333,-106.0833,2.49750838010422e-10
36.83333,-104,7.01154355793912e-11
36.83333,-101.3333,4.9864727641441e-11
36.83333,-101.2917,6.11573954365407e-11
36.83333,-100.8333,5.81380543193548e-11
36.83333,-97.54167,6.50362509065102e-11
36.83333,-97.04167,2.53718003612052e-10
36.83333,-96.91667,2.06404346756271e-10
36.83333,-95.625,1.77721390402051e-10
36.83333,-94.83333,7.35416197894946e-10
36.83333,-94.125,1.09119001276704e-09
36.83333,-92.79167,3.11908307751117e-10
36.83333,-90.58333,1.27079690779131e-09
36.83333,-89.5,1.74244519399864e-10
36.83333,-87.20833,4.3585850803703e-10
36.83333,-86.625,1.87920086995818e-09
36.83333,-86.20833,5.68434825137766e-10
36.83333,-85.25,3.14329834732597e-10
36.83333,-84,9.35749220971177e-10
36.83333,-83.5,8.91511195624971e-10
36.83333,-83.33333,1.80770277605365e-09
36.83333,-83.25,1.43554767523337e-09
36.83333,-82.04167,4.58090909235201e-10
36.83333,-81.29167,8.20077309995622e-10
36.83333,-80.33333,2.86974439422644e-10
36.83333,-79.625,4.50341711139731e-10
36.83333,-76.58333,1.1381885672856e-09
36.79167,-121.625,5.60216060492268e-09
36.79167,-121.3333,1.43652464802507e-10
36.79167,-120.4167,4.08614789209694e-10
36.79167,-119,5.8502369436014e-10
36.79167,-118.75,4.93787499780313e-10
36.79167,-116.1667,3.80340075285867e-10
36.79167,-115.6667,5.05148731347831e-10
36.79167,-112.4583,8.68216299433365e-11
36.79167,-111.375,4.70761169282022e-11
36.79167,-110.7917,1.01767426408708e-10
36.79167,-110.5417,9.56935345613766e-11
36.79167,-110.4167,7.70021351964688e-11
36.79167,-109.1667,1.36085050069383e-10
36.79167,-103.125,8.7179623132103e-11
36.79167,-102,6.39825443189364e-11
36.79167,-100.7083,3.73778210757174e-11
36.79167,-100.625,3.60191210914412e-11
36.79167,-98.375,1.10892490267141e-10
36.79167,-97.41667,3.39242704578921e-10
36.79167,-97.20833,1.6907304538747e-10
36.79167,-97.125,1.64513396278479e-10
36.79167,-96.625,5.0462976435152e-11
36.79167,-95.58333,6.51125694646196e-10
36.79167,-94.16667,1.12822511498622e-09
36.79167,-92.83333,2.56119974599966e-10
36.79167,-92.29167,1.11320219680607e-10
36.79167,-92,3.64603404987462e-10
36.79167,-91,1.96180222660641e-10
36.79167,-89.70833,3.71965876821049e-10
36.79167,-89.625,3.80767221713359e-10
36.79167,-89.375,2.25360147553528e-10
36.79167,-88.375,3.28511943925946e-10
36.79167,-88.20833,3.32583807674607e-10
36.79167,-87.375,5.12187663877844e-10
36.79167,-86.95833,6.60507777262817e-10
36.79167,-86.75,1.01463234221177e-09
36.79167,-84.04167,5.79793372437197e-10
36.79167,-83.83333,9.85993462511501e-10
36.79167,-83.79167,6.49853907217189e-10
36.79167,-82.58333,1.70983101155179e-09
36.79167,-80.79167,1.76827837558425e-09
36.79167,-80.66667,9.14991841668174e-10
36.79167,-80.125,4.90865966149598e-10
36.79167,-78.33333,4.12645767015297e-10
36.79167,-77.625,1.41374809989565e-09
36.79167,-77.04167,2.75457114029872e-10
36.79167,-76.375,3.54287479548431e-09
36.75,-120.7083,2.95037631270344e-10
36.75,-119.5833,5.09142880796308e-09
36.75,-117.8333,3.22812125751778e-10
36.75,-116.375,3.29348510813144e-10
36.75,-115.0417,4.31050804594942e-10
36.75,-114.875,4.23190211824989e-10
36.75,-114.5,5.08476950018469e-10
36.75,-114.125,3.60219629542296e-10
36.75,-113.6667,6.00470948193356e-10
36.75,-113.5833,1.78152984550375e-10
36.75,-111.7917,4.31812345678235e-11
36.75,-110.875,1.03896694687416e-10
36.75,-108.9583,1.11801483306752e-10
36.75,-107.5,4.92737129875533e-11
36.75,-106.3333,2.55181121506084e-10
36.75,-105.375,1.01538380017997e-10
36.75,-104.9583,2.18729263977552e-10
36.75,-103.9583,3.17908175425843e-11
36.75,-103.125,8.56261019604943e-11
36.75,-103,2.69905976134349e-11
36.75,-102.0833,6.10122848859475e-11
36.75,-101.4583,2.44514915798254e-10
36.75,-101.125,6.01680153908683e-11
36.75,-100.6667,3.56226869264741e-11
36.75,-100.5833,3.48339661302808e-11
36.75,-100.4583,3.35302211735907e-11
36.75,-98.70833,5.0571156786415e-11
36.75,-98.41667,1.06535839542325e-10
36.75,-97.91667,9.25954497283568e-11
36.75,-97.25,4.3378241527214e-10
36.75,-95.20833,1.40858697031219e-10
36.75,-91.70833,2.36976567556316e-10
36.75,-90.33333,1.08787160104609e-09
36.75,-90.29167,4.23176404508606e-10
36.75,-88.25,3.33329379131902e-10
36.75,-87.5,5.48171583101127e-10
36.75,-87.33333,8.34400879357578e-10
36.75,-84.45833,5.78463884193219e-10
36.75,-84.375,4.99285828550824e-10
36.75,-83.66667,7.55123143338508e-10
36.75,-83.20833,2.36347940467717e-09
36.75,-81.875,5.78412540362317e-10
36.75,-79.45833,7.83893846968728e-10
36.75,-79.29167,6.59834754014262e-10
36.75,-78.54167,6.05674532698432e-10
36.75,-77.66667,1.45955022601909e-09
36.75,-77.08333,2.56281172824635e-10
36.75,-76.79167,7.29504761299146e-10
36.75,-76.58333,3.20878367860654e-09
36.75,-76.20833,1.63570781424961e-08
36.70833,-121.625,4.44845108615052e-09
36.70833,-121.0833,1.36863468424114e-10
36.70833,-118.9583,5.79334352880751e-10
36.70833,-117.625,2.822173472355e-10
36.70833,-117.2083,2.47228454032151e-10
36.70833,-117,7.70601905917739e-11
36.70833,-116.2917,3.53094392990084e-10
36.70833,-116.2083,3.89169027205467e-10
36.70833,-115.2083,4.64016873150686e-10
36.70833,-113.0833,4.15472619773634e-10
36.70833,-112.7083,3.49674973861959e-10
36.70833,-112.5,8.15742015852769e-11
36.70833,-112.0833,2.76306584434331e-10
36.70833,-111.9167,4.30074437501255e-11
36.70833,-111.7917,4.20586923293462e-11
36.70833,-111.6667,4.16134519133229e-11
36.70833,-111.625,4.16037575545275e-11
36.70833,-108.75,4.96131807675255e-10
36.70833,-108.1667,1.33135343403451e-09
36.70833,-107.5417,4.92373031188913e-11
36.70833,-106.5833,5.43777048109128e-11
36.70833,-105.1667,2.22974083251097e-10
36.70833,-104.1667,2.93254018663842e-11
36.70833,-103.8333,3.07968535895554e-11
36.70833,-103.4167,1.67491418018491e-11
36.70833,-103.1667,8.38585653936698e-11
36.70833,-101.3333,3.48425053526517e-11
36.70833,-100.0417,2.59513472925109e-11
36.70833,-98.75,4.77855076865668e-11
36.70833,-98.70833,4.91048167799316e-11
36.70833,-95.08333,1.80780764265377e-10
36.70833,-94.625,8.04299623594139e-10
36.70833,-94.125,3.64024669590294e-10
36.70833,-93.45833,3.62356102060058e-10
36.70833,-93.125,6.58521271282709e-10
36.70833,-92.54167,5.89703324396815e-11
36.70833,-88.04167,1.1618008266999e-09
36.70833,-86.29167,1.08624703776183e-09
36.70833,-86,5.90734740453474e-10
36.70833,-82.25,7.84051246941843e-10
36.70833,-81.54167,1.23202242552894e-09
36.70833,-80.125,1.37185075012122e-09
36.70833,-80.04167,1.84517456216302e-09
36.70833,-78.375,4.77790963764309e-10
36.70833,-76.20833,1.46296576696188e-08
36.70833,-76,4.35340260402407e-08
36.66667,-120.125,1.37966037132245e-09
36.66667,-119.4167,1.13442089815785e-09
36.66667,-119.125,1.93171697553034e-10
36.66667,-119,6.0816163313762e-10
36.66667,-115.4583,5.38955160126342e-10
36.66667,-114,1.39170315636385e-10
36.66667,-113.6667,5.06741641880958e-10
36.66667,-112.7917,3.47225258286434e-10
36.66667,-111.5417,4.39878953449879e-11
36.66667,-110.375,7.38916629159047e-11
36.66667,-110.2083,7.10509721884471e-11
36.66667,-110.125,6.98034946416825e-11
36.66667,-108.6667,5.30097413918925e-10
36.66667,-108.625,5.48034144528614e-10
36.66667,-108.2083,1.36391741070407e-10
36.66667,-106.2083,8.31274709175706e-11
36.66667,-105.7917,2.53391133399152e-10
36.66667,-103.2083,8.20917557981385e-11
36.66667,-102.2083,4.09616091836426e-11
36.66667,-100.0833,2.54421649578683e-11
36.66667,-99.29167,4.55846516352127e-11
36.66667,-99.125,4.47296047270756e-11
36.66667,-96.5,1.98199634498142e-10
36.66667,-94,1.60369210246817e-09
36.66667,-93.58333,1.57342641759894e-10
36.66667,-92.66667,5.99609146633933e-11
36.66667,-90.95833,1.71103717545866e-10
36.66667,-90.91667,1.81749825381159e-10
36.66667,-90.83333,4.77265156119364e-10
36.66667,-90.29167,3.29970471219006e-10
36.66667,-89.83333,2.85360477607165e-10
36.66667,-89.08333,1.89769566291632e-10
36.66667,-88.75,5.68063974327699e-10
36.66667,-88.16667,3.4350119365795e-10
36.66667,-87.33333,2.21879901844894e-09
36.66667,-86.875,3.71391975871557e-10
36.66667,-86.54167,1.45804370613524e-09
36.66667,-83.04167,4.36527171779494e-10
36.66667,-81.91667,7.60305289178275e-10
36.66667,-81.625,6.51590658870298e-10
36.66667,-81.375,3.83887438992444e-10
36.66667,-80.08333,2.04371269058356e-09
36.66667,-77.58333,6.70618535719039e-10
36.66667,-76.70833,5.71483714644803e-10
36.66667,-76.5,6.18925110515427e-10
36.66667,-76.125,4.11312457648902e-09
36.625,-121.4167,9.7105669987455e-10
36.625,-119.9583,9.77877587740962e-10
36.625,-119.875,2.22345219593239e-09
36.625,-119.2083,1.01164782966742e-09
36.625,-117.2917,2.55358198728267e-10
36.625,-116.9167,8.49390470241419e-11
36.625,-116.5,1.97872226196076e-10
36.625,-115.4167,5.33015735778852e-10
36.625,-115,5.56462352984492e-10
36.625,-114.5,1.25338125033064e-10
36.625,-114.2917,2.65160929094063e-10
36.625,-112.6667,3.17554316526134e-10
36.625,-111.7083,3.97611818610971e-11
36.625,-111.0833,1.07191280398257e-10
36.625,-108.875,9.76295714503935e-11
36.625,-108.75,5.0049387226937e-10
36.625,-108.7083,1.7014404833793e-10
36.625,-104.875,2.20810141653648e-10
36.625,-103.25,8.03338138448893e-11
36.625,-102.4583,2.69874916530974e-11
36.625,-100.0833,2.50943933394214e-11
36.625,-99.5,2.74354936890293e-11
36.625,-99.16667,4.36789826904099e-11
36.625,-97.875,1.0451482142042e-10
36.625,-95.41667,1.71670495509616e-10
36.625,-95.33333,1.47991902609227e-10
36.625,-94.875,3.06195171577842e-10
36.625,-93.41667,8.03465799806474e-10
36.625,-93,2.55746456148238e-10
36.625,-92.70833,2.21254761428821e-10
36.625,-89.95833,2.63558023294461e-10
36.625,-88.45833,4.29775354226369e-10
36.625,-87.95833,5.23816357788432e-10
36.625,-85.70833,1.54553528909077e-09
36.625,-82.79167,2.09462178424524e-09
36.625,-79.33333,2.87454680238203e-09
36.625,-79.29167,1.36658133708119e-09
36.625,-78.20833,3.95436839335396e-10
36.625,-78.08333,1.50660302841399e-09
36.625,-77.95833,3.02236885406525e-10
36.625,-77.83333,5.51854447430036e-10
36.625,-75.91667,7.90977057996554e-08
36.58333,-119.9167,9.60364182286326e-10
36.58333,-119.375,5.30681556085964e-09
36.58333,-118.875,4.096653139488e-10
36.58333,-118.4583,3.47625176850689e-10
36.58333,-117.875,2.73741362404127e-11
36.58333,-116.9167,8.99494388428181e-11
36.58333,-115.625,1.72424272889313e-09
36.58333,-115.1667,5.78359448429575e-10
36.58333,-114.75,2.42918860932327e-10
36.58333,-114.5,1.31099465551687e-10
36.58333,-114,1.2219453035692e-10
36.58333,-112.625,7.77348620782725e-11
36.58333,-109.5417,1.73568568336749e-10
36.58333,-109.4583,1.78752160839229e-10
36.58333,-106.75,5.39242304221713e-11
36.58333,-104.1667,2.01649211816126e-11
36.58333,-103.875,2.94601301245954e-11
36.58333,-103.75,1.70343956588086e-11
36.58333,-102.7917,2.6430309900203e-11
36.58333,-100.25,2.62759417700374e-11
36.58333,-99.58333,4.99172599792116e-11
36.58333,-98.375,9.28324432160504e-11
36.58333,-97.5,4.69330680354364e-11
36.58333,-96.08333,2.63702943107126e-10
36.58333,-95.08333,1.9823285745777e-10
36.58333,-94.91667,2.8305755450709e-10
36.58333,-93.91667,1.77762437240467e-09
36.58333,-92.25,7.87842455410717e-10
36.58333,-88.04167,2.93175224456223e-10
36.58333,-87.79167,8.91058385712322e-10
36.58333,-87.33333,2.09404616157537e-09
36.58333,-87.16667,1.1378420065668e-09
36.58333,-86.25,1.86047781029329e-09
36.58333,-86.04167,2.20398320760603e-09
36.58333,-82.41667,2.95514735542419e-09
36.58333,-81.41667,4.30881882618986e-10
36.58333,-78.58333,5.33356221759661e-10
36.58333,-77.54167,5.53056584251859e-10
36.58333,-76.79167,4.85325150518948e-10
36.58333,-76.29167,2.75919515227019e-09
36.54167,-118.5,3.41058428903016e-10
36.54167,-112.8333,3.1323826401781e-10
36.54167,-111.6667,3.79900536980696e-11
36.54167,-110.3333,7.15157111834763e-11
36.54167,-109.75,9.18973981623093e-11
36.54167,-109.5,1.75988673085066e-10
36.54167,-109.1667,1.56940917575159e-10
36.54167,-107.7917,2.81490241600828e-10
36.54167,-105.75,8.53339727593343e-11
36.54167,-104.125,1.98460127162857e-11
36.54167,-103.9167,2.92274733965135e-11
36.54167,-101.4167,3.21008294769326e-11
36.54167,-99.41667,3.78682265516919e-11
36.54167,-97.29167,1.47934460373623e-10
36.54167,-97.16667,3.92318719141829e-10
36.54167,-96.83333,1.22580094710785e-10
36.54167,-96.375,4.01085471393337e-10
36.54167,-95.95833,2.77441266920884e-10
36.54167,-95.66667,3.55862389887256e-10
36.54167,-95.41667,4.40946639166439e-10
36.54167,-94.83333,2.64208603584198e-10
36.54167,-93.45833,7.41106244973943e-10
36.54167,-90.75,3.77328169629726e-10
36.54167,-90.45833,1.14028940935933e-09
36.54167,-89.625,6.91221507167586e-10
36.54167,-89.08333,7.72491003778039e-10
36.54167,-86.70833,1.45673626590475e-09
36.54167,-86.16667,1.58628349178922e-09
36.54167,-85.375,3.65840988192858e-10
36.54167,-85,2.17060566912653e-10
36.54167,-83.45833,1.25855075391966e-09
36.54167,-83.16667,1.22266120515189e-09
36.54167,-81.91667,3.52915295609218e-10
36.54167,-81.29167,4.1280502798402e-10
36.54167,-81.125,5.66134010998189e-10
36.54167,-80.70833,1.1804371552052e-09
36.54167,-78.70833,3.50094995822593e-10
36.54167,-77.625,7.31499482782324e-10
36.54167,-76.70833,9.08686258771314e-10
36.54167,-76.08333,5.59872098119471e-10
36.5,-121.9167,2.57652478633516e-09
36.5,-120.4583,2.52480086263783e-10
36.5,-118.25,3.70841198812008e-10
36.5,-117.9167,3.06772279015553e-10
36.5,-117.6667,3.05798465612857e-10
36.5,-117.4167,2.63675571392408e-10
36.5,-117.0417,8.80964363072299e-11
36.5,-116.9583,9.7487086613211e-11
36.5,-115.5833,1.40714433137706e-10
36.5,-115.25,1.54726856159068e-10
36.5,-113.375,3.63894162624601e-10
36.5,-113.0417,3.21197275830028e-10
36.5,-108.1667,1.06061605776669e-10
36.5,-107.7083,2.64453274881087e-10
36.5,-105.0417,3.33549778809305e-11
36.5,-104.9167,3.26341613704935e-11
36.5,-103.375,7.86685480864334e-11
36.5,-100.9583,3.69404940743355e-11
36.5,-100.7083,5.01692910660336e-11
36.5,-99.20833,4.1965198148443e-11
36.5,-99.08333,4.38798467062543e-11
36.5,-98.66667,3.9895521537374e-11
36.5,-97.95833,1.58354936266271e-10
36.5,-97.25,1.51238960441622e-10
36.5,-97.04167,1.49381561751881e-10
36.5,-96.5,3.08661842715265e-10
36.5,-95.95833,2.89391709544298e-10
36.5,-95.16667,2.60186941834696e-10
36.5,-94.83333,6.74757641872582e-10
36.5,-92.08333,8.08347976104275e-10
36.5,-91.83333,2.02082340812569e-10
36.5,-89.375,4.00174375680622e-10
36.5,-87.45833,2.9319456341372e-09
36.5,-87.16667,1.21233083670807e-09
36.5,-86.04167,2.54664430915853e-09
36.5,-85.29167,1.20827175596741e-09
36.5,-84.45833,8.51147709733492e-10
36.5,-83.79167,8.72035318065268e-10
36.5,-83.125,1.10065632607417e-09
36.5,-80.45833,8.27527842560564e-10
36.5,-79.58333,2.00290295847308e-09
36.5,-79.33333,1.17021069999133e-09
36.5,-78.41667,6.89942810103447e-10
36.5,-77,1.27912887159296e-09
36.45833,-121.9583,5.43783262247025e-09
36.45833,-121.625,1.17484511414997e-09
36.45833,-121.4583,1.10729548620447e-09
36.45833,-120.125,3.06804404522367e-10
36.45833,-119.5833,6.62967511395136e-10
36.45833,-119.375,1.6875504446265e-09
36.45833,-119.25,7.58119405760191e-10
36.45833,-116.5,3.72530198565043e-10
36.45833,-116.1667,6.2220657959353e-10
36.45833,-113.9583,1.11589051730604e-10
36.45833,-112.75,2.91554109742048e-10
36.45833,-111.875,4.71861374365362e-11
36.45833,-110.9583,8.02772609226322e-11
36.45833,-110.125,1.18759989116265e-10
36.45833,-107.125,2.38545921035027e-10
36.45833,-106.4583,2.43619330718064e-11
36.45833,-104.625,2.5936938198885e-11
36.45833,-104.2083,1.99564655363912e-11
36.45833,-103.4167,7.83995020367259e-11
36.45833,-103.2083,7.61822734255531e-11
36.45833,-103,2.6637746580473e-11
36.45833,-102.9583,2.67058998338852e-11
36.45833,-102.8333,2.32525726119971e-11
36.45833,-101.4583,4.34813240161577e-11
36.45833,-99.45833,2.97080926611451e-10
36.45833,-99.125,4.31132480665913e-11
36.45833,-98.79167,3.5784372314562e-11
36.45833,-98.125,1.67608011136158e-10
36.45833,-96.91667,8.54849837058914e-11
36.45833,-96.83333,8.29886946829482e-11
36.45833,-96.79167,7.16982473356325e-11
36.45833,-96.54167,1.03355853133192e-10
36.45833,-95.66667,3.84973281609927e-09
36.45833,-94.58333,4.23524712962033e-10
36.45833,-94.20833,2.20114023591111e-09
36.45833,-93.16667,3.22187376360576e-10
36.45833,-93.08333,2.92830880667067e-10
36.45833,-92.875,1.49499305081957e-10
36.45833,-92.08333,7.24158605076047e-10
36.45833,-91.75,1.03854388986049e-10
36.45833,-90.25,1.33261047706867e-10
36.45833,-86.70833,1.34636496644911e-09
36.45833,-86.125,1.58601807056515e-09
36.45833,-85.54167,1.21057377111038e-09
36.45833,-82.375,3.09306019185563e-09
36.45833,-82.04167,1.04700414176699e-09
36.45833,-81.66667,9.36730141382808e-11
36.45833,-81.625,9.93111206891097e-11
36.45833,-79.20833,3.78330610458032e-10
36.45833,-76.70833,9.94458887434137e-10
36.41667,-120.625,9.59891932601827e-11
36.41667,-120.5833,1.02573105830719e-09
36.41667,-119.9583,1.35993424877252e-09
36.41667,-119.875,1.44882580314465e-09
36.41667,-118.7083,3.72992053478326e-10
36.41667,-118.2083,3.62272605538889e-10
36.41667,-117.5,2.75986042168966e-10
36.41667,-117.125,8.361753189448e-11
36.41667,-116.375,2.16524576921095e-10
36.41667,-115.375,1.54599279056433e-10
36.41667,-113.625,3.64848279885981e-10
36.41667,-112.0833,5.10160624796179e-11
36.41667,-110.125,1.11664287260937e-10
36.41667,-109.9583,6.38420776721358e-11
36.41667,-104.75,2.68840280387674e-11
36.41667,-104.4583,2.50018853831096e-11
36.41667,-104.25,2.3289419620745e-11
36.41667,-103.5,1.54563732375985e-11
36.41667,-103.0417,7.60952229935762e-11
36.41667,-101.2917,2.66346998733481e-11
36.41667,-98.33333,1.00072797347791e-10
36.41667,-98.04167,3.72638281163873e-10
36.41667,-97.79167,2.50862246143809e-10
36.41667,-97.75,2.30076028166537e-10
36.41667,-94.95833,5.18340048163596e-10
36.41667,-92.41667,4.12220166088536e-10
36.41667,-90.20833,3.35750387988427e-10
36.41667,-90.16667,4.22626716682696e-10
36.41667,-89.16667,4.78303221801099e-10
36.41667,-87.54167,5.47328555029984e-10
36.41667,-86.33333,7.57173451100438e-10
36.41667,-85.83333,6.37421466893174e-10
36.41667,-85.08333,1.93502090699076e-10
36.41667,-83.29167,1.48111586580823e-09
36.41667,-82.33333,2.83011328737646e-09
36.41667,-81.58333,6.67800412428311e-10
36.41667,-81.5,1.11244285745071e-09
36.41667,-80.54167,1.87751333882836e-09
36.41667,-79.16667,5.95028682208626e-10
36.41667,-78.66667,4.82434423009125e-10
36.41667,-77.20833,2.49152528954803e-10
36.41667,-77.125,7.57752688748538e-10
36.41667,-76.16667,5.72543914830197e-10
36.375,-118.2083,3.53929321296581e-10
36.375,-117.9167,2.81477027826105e-10
36.375,-115.1667,2.48124040262473e-10
36.375,-115,1.28469243161949e-09
36.375,-114.3333,8.01191970527776e-10
36.375,-114.2917,7.73943507603699e-10
36.375,-113.8333,3.6593998901895e-10
36.375,-112.9583,2.79257899451141e-10
36.375,-112.375,5.44974198696126e-11
36.375,-111.5833,6.90598438047501e-11
36.375,-111,8.13867281893617e-11
36.375,-109,6.03766479479784e-11
36.375,-108.0417,1.60439513702822e-10
36.375,-107.875,1.54556726626619e-10
36.375,-107.7083,1.04404682002202e-10
36.375,-105.875,1.11041443020603e-10
36.375,-104.4583,2.52639032813406e-11
36.375,-100.5833,3.52058570831261e-11
36.375,-100.2917,3.76490755943614e-11
36.375,-100.125,3.60037462758644e-11
36.375,-98.875,2.94822865897669e-11
36.375,-98.20833,1.21784669899348e-10
36.375,-97,1.20465338350059e-10
36.375,-96.75,8.83641464667635e-11
36.375,-96.25,7.0698699693722e-10
36.375,-95.54167,7.89455110169832e-10
36.375,-95.08333,7.16264970482531e-10
36.375,-94.20833,5.90475666507494e-09
36.375,-93.04167,2.73220835082182e-10
36.375,-92.20833,1.04297010994819e-10
36.375,-91.91667,5.30908812664901e-10
36.375,-90.375,4.44373626221381e-10
36.375,-89.41667,6.63745558711828e-10
36.375,-88.66667,3.08120819968866e-10
36.375,-88.45833,2.89789710813458e-10
36.375,-86,1.11509220835348e-09
36.375,-85.375,1.07759169316272e-09
36.375,-84.75,2.36564683265913e-10
36.375,-84.375,8.68269670510369e-10
36.375,-83.04167,5.85759223287519e-10
36.375,-81.83333,5.08407295200738e-10
36.375,-81.70833,3.26610072135361e-10
36.375,-81.33333,7.66399426977526e-10
36.375,-80.45833,1.17602197707618e-09
36.375,-80.25,2.13843853912698e-09
36.375,-79.20833,5.34970468441916e-10
36.375,-79.125,6.99986281824265e-10
36.375,-78.66667,6.64119632237284e-10
36.375,-78.16667,2.20524696540554e-09
36.375,-76.41667,4.55399213998294e-10
36.375,-76.29167,5.30118666407914e-10
36.375,-76,3.19086323921464e-09
36.33333,-121.5833,1.06229290579729e-09
36.33333,-121.0417,9.41745960551765e-10
36.33333,-120.9583,1.04112508478422e-10
36.33333,-119.9583,8.26737010139445e-09
36.33333,-119.5833,6.77895658301108e-10
36.33333,-118.3333,3.38807264319894e-10
36.33333,-118.1667,3.48453738051121e-10
36.33333,-116.6667,2.97829041428959e-10
36.33333,-113.5833,3.45252032129923e-10
36.33333,-112.5833,4.72986755520232e-11
36.33333,-112.5,4.70838498347146e-11
36.33333,-111.5417,6.75848504753086e-11
36.33333,-110.7917,7.69159736878725e-11
36.33333,-110.375,1.23005256208763e-10
36.33333,-103.9167,7.60881617722757e-11
36.33333,-103.5,1.51864934707305e-11
36.33333,-102.7083,2.26097394001697e-11
36.33333,-102.2917,2.29733787510978e-11
36.33333,-100.25,3.69422781278802e-11
36.33333,-99.125,4.30019695262936e-11
36.33333,-98.125,1.6183841980905e-10
36.33333,-97.08333,1.70184919475013e-10
36.33333,-97,1.33031097284714e-10
36.33333,-96.29167,7.12135980350851e-10
36.33333,-94.125,5.65572645923057e-09
36.33333,-93.95833,6.43873131297417e-10
36.33333,-93.16667,2.85892341994171e-10
36.33333,-91.58333,6.23755281253366e-10
36.33333,-90.79167,1.27249130338497e-10
36.33333,-90.70833,1.46547126052533e-10
36.33333,-89.375,6.96945613913034e-10
36.33333,-89.04167,2.70837062957122e-10
36.33333,-87.54167,7.83885948779065e-10
36.33333,-86.79167,2.47978784134323e-09
36.33333,-86.25,6.09080993116058e-10
36.33333,-85.125,1.22355419591612e-09
36.33333,-84.625,1.70781364312184e-09
36.33333,-84.58333,9.88712124227465e-10
36.33333,-84,5.78532885470053e-10
36.33333,-83.70833,1.49017368253508e-09
36.33333,-82.41667,5.67075528968539e-09
36.33333,-82.20833,4.84902785253293e-09
36.33333,-82.125,2.16747852016036e-09
36.33333,-81.625,6.83907019225399e-10
36.33333,-80.79167,1.14958675231285e-09
36.33333,-80.625,6.58473427970503e-10
36.33333,-80.08333,1.01912248142778e-09
36.33333,-80.04167,1.88388950287492e-09
36.33333,-79.66667,1.97896633738157e-09
36.33333,-78.20833,1.13320447420989e-09
36.33333,-76.16667,4.28652189894553e-10
36.29167,-121.75,2.14111545773098e-10
36.29167,-121.25,8.99554074346991e-10
36.29167,-120.875,3.42063791254517e-10
36.29167,-118.7917,1.04520477230883e-10
36.29167,-118.5,3.42086275450269e-10
36.29167,-118.4583,3.40756922357475e-10
36.29167,-117.5417,2.88915645753402e-10
36.29167,-117.25,8.07715287955751e-11
36.29167,-115.5,4.83647418828703e-10
36.29167,-114.7083,1.09363697700962e-09
36.29167,-114.6667,2.16088989110779e-10
36.29167,-114.0833,7.04257968895638e-10
36.29167,-113,2.6830569053184e-10
36.29167,-107.5833,2.37329621848515e-10
36.29167,-106.6667,9.67101405898985e-11
36.29167,-105.8333,7.19830663122967e-10
36.29167,-104.7917,2.50327531749876e-10
36.29167,-103.5,1.50557894730005e-11
36.29167,-103.1667,7.33468722396079e-11
36.29167,-103.0417,7.33298671788988e-11
36.29167,-102,2.28220732862515e-11
36.29167,-101.5,4.05342422634732e-11
36.29167,-101.0833,4.26595026716612e-11
36.29167,-98.08333,1.26007781670147e-10
36.29167,-93.5,1.70472066230846e-10
36.29167,-91.375,3.72000214359996e-10
36.29167,-90.875,1.31238452692499e-10
36.29167,-89.54167,4.1993369007921e-10
36.29167,-89,2.79830654447296e-10
36.29167,-88.58333,3.91925733630489e-10
36.29167,-88.375,8.53473172020216e-10
36.29167,-87.875,7.5898493868019e-10
36.29167,-86.625,9.08396285330596e-09
36.29167,-86.20833,1.29423896943751e-09
36.29167,-85.375,5.35861435140937e-10
36.29167,-83.91667,2.83113330339424e-09
36.29167,-83.25,2.9406315914727e-09
36.29167,-82.08333,6.86264617203653e-10
36.29167,-82,9.28050047209143e-10
36.29167,-79.04167,1.10978491144796e-09
36.29167,-78.54167,7.82285552871443e-10
36.29167,-77.95833,5.06786323922473e-10
36.25,-121.625,1.95579426248417e-10
36.25,-120.4583,1.93413164202942e-10
36.25,-119.75,2.60689681382995e-10
36.25,-119.1667,9.80920531936878e-10
36.25,-118.7083,9.51144824442574e-11
36.25,-118.2917,3.55567345421624e-10
36.25,-117.8333,2.71192675260499e-10
36.25,-116.2083,1.63396031598604e-10
36.25,-115.875,4.11426760435679e-10
36.25,-115.1667,7.70556775159177e-09
36.25,-115.0833,1.70056973611606e-08
36.25,-114.625,1.9600115784933e-10
36.25,-113.75,3.51253036848855e-10
36.25,-113.125,2.71759718726902e-10
36.25,-113.0417,2.65170171874544e-10
36.25,-111.625,7.24303148132237e-11
36.25,-111.5417,7.07319520124867e-11
36.25,-109.3333,1.80094804550884e-10
36.25,-107.2917,2.32500310845556e-10
36.25,-105.0833,6.4928866939953e-11
36.25,-104.0833,8.06742749099069e-11
36.25,-103.9583,7.64814386792258e-11
36.25,-101.6667,3.85988432791776e-11
36.25,-101,4.40413513130014e-11
36.25,-100.8333,3.41519201153911e-11
36.25,-100.2083,3.59967255347271e-11
36.25,-99.04167,7.91089539870272e-11
36.25,-98.45833,1.30380922861206e-10
36.25,-96.54167,2.1230873379243e-10
36.25,-92.79167,1.44489118231865e-10
36.25,-90.54167,2.1201560693184e-10
36.25,-90.08333,1.42930432227825e-09
36.25,-89.08333,8.24521897469504e-10
36.25,-87.5,3.45339811324221e-10
36.25,-87.125,8.53278217442235e-10
36.25,-86.375,2.31369038783812e-09
36.25,-85.58333,8.54409031206666e-10
36.25,-85.08333,1.31976454665133e-09
36.25,-84.625,1.01922334835655e-09
36.25,-84.45833,9.32286114429889e-10
36.25,-84.25,7.6578097317609e-10
36.25,-84,7.38242091897639e-10
36.25,-83.95833,7.91830894954768e-10
36.25,-81.91667,9.24799396457055e-10
36.25,-81.70833,2.20454816535546e-09
36.25,-80.66667,6.24345029378945e-10
36.25,-79.58333,7.68635229908889e-10
36.25,-79.125,9.1542610483364e-10
36.25,-78.58333,7.55116410086726e-10
36.20833,-121.375,7.48492249973484e-10
36.20833,-120.9167,6.03288374419933e-10
36.20833,-119.5417,8.0269418985201e-10
36.20833,-117.75,3.37488557519318e-10
36.20833,-117.2917,2.7326036150683e-10
36.20833,-115.875,4.00893660909691e-10
36.20833,-112.625,2.60397714478971e-10
36.20833,-111.5417,7.29356733258168e-11
36.20833,-110.7083,1.77734057707062e-10
36.20833,-109.7917,1.96961574561111e-10
36.20833,-107.25,7.51776567488281e-11
36.20833,-104.7917,1.48202862171631e-11
36.20833,-103.8333,1.55842886331756e-11
36.20833,-102.4583,2.2160768251067e-11
36.20833,-99.54167,4.8341680016082e-11
36.20833,-98.875,6.1770028059942e-11
36.20833,-96.70833,3.55277410750682e-10
36.20833,-95.29167,5.89207606163879e-10
36.20833,-94.79167,2.91630632709626e-10
36.20833,-87,8.33712234325928e-10
36.20833,-85.16667,4.79216737620854e-10
36.20833,-84.79167,4.66976603317352e-10
36.20833,-84.125,3.00448770215272e-09
36.20833,-83.33333,2.44642080048026e-09
36.20833,-83.16667,1.41456745754733e-09
36.20833,-82.54167,1.06892562170195e-09
36.20833,-82,8.90134094244686e-10
36.20833,-80.66667,6.0286490506257e-10
36.20833,-78.875,2.02773741975e-09
36.20833,-77.79167,7.80138418299517e-10
36.20833,-76.70833,4.17213814328508e-10
36.16667,-121.0417,5.02526415490212e-10
36.16667,-120.7083,1.77787293519358e-10
36.16667,-120.625,1.86091100532543e-10
36.16667,-117.9583,3.09427080218389e-10
36.16667,-117.625,3.29012053472799e-10
36.16667,-116.5417,2.94661092240632e-10
36.16667,-116.1667,4.05588722134803e-10
36.16667,-113.7917,3.57193009310058e-10
36.16667,-113.625,3.34031001797396e-10
36.16667,-112.9167,2.49088326447268e-10
36.16667,-112.875,2.50068511401939e-10
36.16667,-112.75,2.53101861746272e-10
36.16667,-112.3333,4.83970532124331e-11
36.16667,-112.1667,5.74282060318218e-11
36.16667,-108.625,8.63736183869964e-11
36.16667,-105.4167,1.16043597841701e-10
36.16667,-103.5,7.4552486565156e-11
36.16667,-102.7083,2.19551110399086e-11
36.16667,-101.5833,3.84471289251769e-11
36.16667,-100.3333,2.93185571849247e-11
36.16667,-99.83333,2.71174525100233e-11
36.16667,-97.95833,1.79446192841612e-10
36.16667,-95.58333,6.76263539748277e-10
36.16667,-95.25,5.71752431699359e-10
36.16667,-94.08333,9.5655703031446e-10
36.16667,-92.66667,9.04513777082556e-11
36.16667,-92.54167,1.57747242632595e-10
36.16667,-91.08333,3.74480475689585e-10
36.16667,-90.125,4.12649019732152e-10
36.16667,-88.70833,7.18133875676957e-10
36.16667,-87.79167,4.53763678193136e-10
36.16667,-83.5,1.33860358457804e-09
36.16667,-78.91667,8.37194939332249e-10
36.16667,-76.54167,4.46937388900485e-10
36.16667,-75.95833,3.52330732630839e-09
36.125,-121.5,5.03682801122714e-10
36.125,-120.6667,2.88945412653293e-10
36.125,-120.4583,2.29100760060229e-10
36.125,-118.125,4.25555584615027e-10
36.125,-117.0833,7.84386358772144e-11
36.125,-116.4167,3.3670639925981e-10
36.125,-116,6.80628319706906e-10
36.125,-115.0417,1.54102842547465e-08
36.125,-113.1667,2.57438658130607e-10
36.125,-112.625,2.55779827815048e-10
36.125,-110.7083,1.81642255025022e-10
36.125,-107.0417,2.70538236152473e-10
36.125,-106.1667,2.76954271054085e-10
36.125,-106,6.04485100729305e-10
36.125,-105.5,1.06802384511852e-10
36.125,-104.25,2.03889922777289e-10
36.125,-103.7083,7.64846941499291e-11
36.125,-103.25,1.52800855287492e-10
36.125,-101,2.76171308116359e-11
36.125,-100.9167,2.97734948095273e-11
36.125,-99.33333,1.54797817765417e-10
36.125,-96.33333,7.31721619990472e-10
36.125,-94.95833,3.90258183466228e-10
36.125,-93.625,3.75565845457093e-10
36.125,-93.5,4.8843530610455e-10
36.125,-92.625,8.73310200758976e-11
36.125,-92.58333,8.92495418217375e-11
36.125,-91.91667,3.77384900222574e-10
36.125,-91.79167,4.83836384491007e-10
36.125,-89.125,3.34378653067584e-10
36.125,-88.375,5.91530236692062e-10
36.125,-87.29167,2.2708562097707e-09
36.125,-87.25,2.26498250106293e-09
36.125,-86.375,1.32447247660267e-09
36.125,-85.79167,1.75175192181076e-09
36.125,-84.58333,1.20485279731815e-09
36.125,-84.29167,7.97474729661607e-10
36.125,-83.16667,1.32478410910057e-09
36.125,-82.29167,1.87693195605434e-10
36.125,-80.25,5.99954198007754e-09
36.125,-79.54167,1.55416169509995e-09
36.125,-79.29167,1.65532024291747e-09
36.125,-79.08333,2.0676956516949e-09
36.125,-78.70833,1.51646734249464e-09
36.125,-78.54167,8.2102071711633e-10
36.125,-76.625,4.02725461760658e-10
36.125,-76,3.65092054909088e-09
36.125,-75.95833,3.51440063831867e-09
36.08333,-121,1.31865975810064e-10
36.08333,-120.4167,2.55034209088213e-10
36.08333,-120.0833,1.47264841160212e-09
36.08333,-119.2917,1.79490723249171e-09
36.08333,-117.4583,3.38928219662394e-10
36.08333,-116.5417,3.11221599380045e-10
36.08333,-115.9167,4.7110410567737e-10
36.08333,-115.2083,1.21646880051699e-08
36.08333,-114.875,2.90191523491144e-10
36.08333,-112.75,2.44702094124217e-10
36.08333,-110.2083,1.65132261913405e-10
36.08333,-108.9583,9.91481225565674e-11
36.08333,-108.7917,8.15216961051271e-11
36.08333,-108.5417,1.45631546128772e-10
36.08333,-107.4167,5.84386981817224e-11
36.08333,-107.2917,2.36284491688455e-10
36.08333,-106.9167,9.77240971038894e-11
36.08333,-106.7917,3.3732446955104e-10
36.08333,-105.9167,6.28212254980917e-10
36.08333,-104.75,1.76911973825697e-11
36.08333,-104.0833,1.862375691516e-10
36.08333,-104.0417,5.69068654660101e-11
36.08333,-103.375,7.2236176933925e-11
36.08333,-102.7083,2.2024509876487e-11
36.08333,-101.9167,1.5998154829576e-10
36.08333,-101.75,2.82227090569351e-11
36.08333,-100.125,1.89013682212666e-10
36.08333,-99.95833,3.32391035387249e-11
36.08333,-99.79167,3.40806830308144e-11
36.08333,-98.20833,9.36719937528062e-11
36.08333,-97.70833,1.59567180159991e-10
36.08333,-95.08333,1.79862204766051e-10
36.08333,-94.625,1.23315346334081e-09
36.08333,-93.16667,4.96778123065699e-10
36.08333,-91.91667,1.54531196469537e-10
36.08333,-90.875,3.09868293295998e-10
36.08333,-90.70833,7.93647682997759e-10
36.08333,-90.125,2.68151172002444e-10
36.08333,-89.875,5.26768084382267e-10
36.08333,-89.79167,2.82051981678599e-10
36.08333,-89.75,2.83224789632236e-10
36.08333,-89.375,3.33489004010893e-09
36.08333,-88.58333,6.85044594065622e-10
36.08333,-88.375,5.51686565638763e-10
36.08333,-86.45833,2.82220689595676e-09
36.08333,-86.41667,1.32535957739253e-09
36.08333,-85.75,4.91353832766133e-10
36.08333,-84.45833,7.34529583697288e-10
36.08333,-83.79167,1.93549631094208e-09
36.08333,-82.70833,1.03016992699606e-09
36.08333,-80,1.28023935441666e-08
36.08333,-79.625,2.08242285403685e-09
36.08333,-79.54167,1.6559248583797e-09
36.08333,-79.125,4.57838181059612e-09
36.08333,-78.75,1.52811743232305e-09
36.08333,-78.58333,2.42914784293156e-09
36.08333,-77.58333,9.06659253716392e-10
36.08333,-76.375,3.36671814155151e-10
36.04167,-121.4583,5.06691391639574e-10
36.04167,-119.5,3.65488623925125e-09
36.04167,-119.0833,5.7715407429986e-09
36.04167,-118.9167,1.49607215352631e-09
36.04167,-118.625,4.49692650257942e-10
36.04167,-117.25,9.06946974908336e-11
36.04167,-116.9167,7.82601304447907e-11
36.04167,-115.625,4.14957569410456e-10
36.04167,-114.4167,4.62601231423533e-10
36.04167,-113.5417,3.22562075671558e-10
36.04167,-113.125,2.47444312542331e-10
36.04167,-113.0833,2.43338202994974e-10
36.04167,-112,5.55356177252737e-11
36.04167,-108.9167,1.01068574270082e-10
36.04167,-106.8333,3.34626753656456e-10
36.04167,-105.875,6.1896121248828e-10
36.04167,-105.8333,5.32382620927201e-10
36.04167,-105.75,4.75480067362176e-10
36.04167,-105.6667,3.43541003074431e-10
36.04167,-105.3333,8.7986293004995e-10
36.04167,-104.375,1.22222683009914e-11
36.04167,-103.375,7.16246287192507e-11
36.04167,-101.2083,4.28485834079651e-11
36.04167,-99.95833,2.76002416498194e-11
36.04167,-98.125,1.30436853273453e-10
36.04167,-97.25,1.49492942440264e-10
36.04167,-97.125,4.47046594268836e-10
36.04167,-95.875,1.1644590460555e-08
36.04167,-94.83333,3.78998944489675e-10
36.04167,-94,6.34053636054611e-10
36.04167,-93.83333,3.51498767056495e-10
36.04167,-93.25,9.50164342540291e-11
36.04167,-92.5,4.40362595640326e-10
36.04167,-91.5,5.95123443207552e-10
36.04167,-91.04167,1.49073777760609e-10
36.04167,-90.625,3.44580140148195e-10
36.04167,-90.54167,2.03652772684835e-09
36.04167,-88.625,6.97935369718418e-10
36.04167,-82.91667,7.35007890514235e-10
36.04167,-82.375,1.70095763280104e-10
36.04167,-81.54167,5.52351365724083e-10
36.04167,-80.04167,3.33945329817825e-09
36.04167,-79.75,3.79085405305595e-09
36.04167,-78.625,2.58282621678778e-09
36.04167,-78.20833,9.10487473561782e-10
36.04167,-77.95833,8.8941997443863e-10
36.04167,-76.91667,6.4064609544238e-10
36.04167,-76.20833,1.21004099616395e-09
36.04167,-76.08333,1.27304561948163e-09
36,-120.6667,7.3939791440354e-11
36,-119.7083,1.28117249700453e-09
36,-118,3.91896068582152e-10
36,-116.4167,3.75329931437177e-10
36,-114.6667,7.10084868083381e-10
36,-113.2917,2.69341362985256e-10
36,-112.9583,2.33341522239503e-10
36,-112.0833,6.49209837083704e-11
36,-111.4583,8.24397722082612e-11
36,-110.7917,4.67658925409408e-11
36,-110.0833,1.23507571387662e-10
36,-109.9583,8.70874425756674e-11
36,-109.9167,8.68353014006315e-11
36,-109.7083,1.01095100889535e-10
36,-108.125,3.43058003025611e-10
36,-107.4583,5.84833540229378e-11
36,-107.125,8.67227324594566e-11
36,-106.4167,5.92762907974614e-10
36,-105,3.10472930466745e-10
36,-104.9167,3.19398825874685e-10
36,-103.2083,6.37566773834849e-11
36,-102.3333,2.32916484033268e-11
36,-102.1667,3.29779863536364e-11
36,-100.9167,2.79198800736016e-11
36,-99.45833,4.14600378220787e-11
36,-99.41667,4.1847724148972e-11
36,-99.16667,5.21414156164998e-11
36,-98.83333,6.44506479481843e-11
36,-97.91667,2.18578874676884e-10
36,-97.16667,1.54359461092126e-10
36,-96,1.15200393166067e-08
36,-95.08333,1.86435082997304e-10
36,-94.75,6.36450035340386e-10
36,-94.41667,7.94504740693006e-10
36,-93.25,9.050633972607e-11
36,-93.08333,9.4743912114467e-11
36,-90.66667,2.98079127819029e-10
36,-90.5,1.29206152831874e-09
36,-90.45833,1.12463793645985e-09
36,-89.41667,1.242178182318e-09
36,-87.91667,1.14725624286752e-09
36,-87,8.40541333655557e-09
36,-86.66667,8.11989182340663e-09
36,-86.04167,3.98772028203213e-10
36,-85.95833,4.43190172216545e-10
36,-84.875,2.02703968039804e-10
36,-84.83333,1.49966477220852e-09
36,-84.58333,1.63128369311114e-09
36,-83.29167,3.01388481649059e-09
36,-81.91667,8.08009873204121e-10
36,-80.625,1.28309842436327e-09
36,-80.08333,4.06065197575783e-09
36,-78.20833,8.75118921142158e-10
36,-77.45833,2.99228499040362e-10
36,-76.08333,1.27746472236393e-09
36,-75.75,1.54763978280902e-09
35.95833,-115.75,1.43527942835092e-09
35.95833,-114.2083,3.9821719281737e-10
35.95833,-113.8333,1.75018324178289e-10
35.95833,-109.1667,2.83005902118634e-10
35.95833,-108.7917,2.33302616950796e-10
35.95833,-108.6667,1.99416041642123e-10
35.95833,-108.375,1.82074735226011e-10
35.95833,-106.7917,2.24284716359087e-10
35.95833,-106.6667,2.5655279351389e-10
35.95833,-105.5417,5.22102066805868e-10
35.95833,-102.9167,3.09194745990923e-11
35.95833,-102.75,3.17150336545117e-11
35.95833,-102.125,5.50527196874446e-11
35.95833,-101.5417,5.78665968108191e-11
35.95833,-101.2083,3.68815834174412e-11
35.95833,-100.5833,2.73586972947921e-11
35.95833,-99.125,3.82357314939941e-11
35.95833,-98.54167,1.06904947638055e-10
35.95833,-98.33333,1.73707628847513e-10
35.95833,-98.04167,1.09332365472978e-10
35.95833,-97.70833,2.28527628443605e-10
35.95833,-95.33333,1.21284934585426e-09
35.95833,-93.79167,4.21983092378582e-10
35.95833,-93.75,4.04319078575553e-10
35.95833,-93.66667,3.69493423977004e-10
35.95833,-93.08333,5.03781084743871e-10
35.95833,-92.83333,4.40755596810243e-11
35.95833,-92.20833,5.26020835307407e-11
35.95833,-91,4.15213350250568e-10
35.95833,-90.08333,1.83074209714163e-09
35.95833,-88.875,1.36527672776602e-09
35.95833,-86.66667,4.28897089529542e-09
35.95833,-85.58333,1.54435736758134e-09
35.95833,-83.45833,8.98475030741497e-10
35.95833,-81.66667,2.17788322721842e-09
35.95833,-79.91667,8.44124445529801e-09
35.95833,-78.79167,6.73425185960784e-09
35.95833,-77.20833,6.53667928347182e-10
35.91667,-120.5,7.77834300372968e-11
35.91667,-120.4583,7.6265613895305e-11
35.91667,-120.4167,7.44870349410558e-11
35.91667,-119.5417,1.24164505317029e-09
35.91667,-118.7917,1.36625372128678e-10
35.91667,-113.9167,8.41409215934497e-11
35.91667,-112.75,2.46516503285424e-10
35.91667,-110.9583,2.14865778404704e-10
35.91667,-109.4167,5.36875088094936e-11
35.91667,-109.0417,1.78311816844655e-10
35.91667,-108.4167,1.81860608523854e-10
35.91667,-108.1667,1.26915624676469e-10
35.91667,-105.75,7.245165008569e-10
35.91667,-105.5417,5.38995829889901e-10
35.91667,-104.0833,5.7136517481481e-11
35.91667,-103.875,2.9891977372331e-11
35.91667,-100.0417,2.84804725248745e-11
35.91667,-99.29167,4.53706504498407e-11
35.91667,-99.20833,3.83708256448095e-11
35.91667,-96.16667,2.31971156508e-09
35.91667,-95.58333,4.4030912036334e-10
35.91667,-94.95833,1.20199149422002e-09
35.91667,-93.83333,4.30104263127326e-10
35.91667,-92.33333,1.28061064948167e-10
35.91667,-89.91667,1.44451409761364e-09
35.91667,-89.625,2.89625858609177e-10
35.91667,-87.83333,2.40497039158189e-10
35.91667,-86.5,4.73733856552608e-09
35.91667,-85.58333,6.50422138743839e-10
35.91667,-82.83333,3.12141009749866e-10
35.91667,-82.45833,3.73706915934361e-10
35.91667,-82.16667,1.11527470146533e-09
35.91667,-80.75,5.53232434544906e-10
35.91667,-80.5,2.31358697497273e-09
35.91667,-79.5,6.87234192491281e-10
35.91667,-79.375,7.31275064463779e-10
35.91667,-79.04167,1.0949416418578e-08
35.91667,-78.16667,7.45279822329917e-10
35.91667,-77.20833,7.14838816312214e-10
35.91667,-76.91667,4.27953982085071e-10
35.875,-120.875,2.3345239821009e-10
35.875,-119.1667,5.08746910193238e-10
35.875,-118.9583,5.53676662112277e-10
35.875,-118.125,1.04765599700768e-10
35.875,-117.7083,4.96468924520088e-10
35.875,-117.125,3.29699162968852e-10
35.875,-116.9583,2.97288039109407e-10
35.875,-116.7917,2.80666561104696e-10
35.875,-116.5417,3.32678755193789e-10
35.875,-114.7083,4.33471297846012e-10
35.875,-113.7917,1.41015846082424e-10
35.875,-113.7083,1.30631317895454e-10
35.875,-111.875,3.36478362379065e-10
35.875,-110.9583,2.20906983533207e-10
35.875,-110.625,1.11629830154235e-10
35.875,-108.5833,1.78768342905604e-10
35.875,-107.625,7.29562149826481e-11
35.875,-106.0833,2.58265990916208e-09
35.875,-105.75,2.8259133278898e-10
35.875,-103.9167,3.04948508135971e-11
35.875,-103.75,5.16821787317934e-11
35.875,-102.4167,1.00531744437076e-10
35.875,-102.375,7.18374520226446e-11
35.875,-102.0833,5.73848351289502e-11
35.875,-101.625,4.74528162828055e-11
35.875,-101.4167,4.0809582912344e-11
35.875,-100.5,1.96629469854579e-10
35.875,-100.0417,2.89018012177068e-11
35.875,-98.5,4.16320147435223e-10
35.875,-97.58333,3.41729621996667e-10
35.875,-96.75,3.64723592889368e-10
35.875,-95.875,1.16534440293546e-09
35.875,-94.33333,3.08165309891875e-10
35.875,-93.16667,5.40812598799447e-11
35.875,-91.875,1.40981584207335e-10
35.875,-91.29167,7.7381891535351e-11
35.875,-90.16667,1.03387167463987e-09
35.875,-90.08333,7.80938154899378e-10
35.875,-89.66667,3.31775841680688e-10
35.875,-88.20833,3.34183761145167e-10
35.875,-87.83333,2.40329341797476e-10
35.875,-86.79167,2.01389979344133e-09
35.875,-86.54167,2.69729865090754e-09
35.875,-83.66667,1.18037466491323e-09
35.875,-83,1.13979866891532e-09
35.875,-82.75,3.86755480620985e-10
35.875,-82.66667,6.73897712685711e-10
35.875,-80.75,8.65657300893858e-10
35.875,-77.95833,1.81063181040685e-09
35.875,-77.29167,5.01678592046145e-10
35.875,-76.25,2.4971180311592e-10
35.875,-76.125,2.9449187243253e-10
35.83333,-120.9583,3.34371948516791e-10
35.83333,-118.125,9.9711923560786e-11
35.83333,-117.5833,4.76985062210788e-10
35.83333,-115.5833,1.91052562775528e-10
35.83333,-114.0833,7.84638595118707e-11
35.83333,-112.7917,2.4617834397896e-10
35.83333,-112.5417,2.78986458449151e-10
35.83333,-109.4583,5.46157866434034e-11
35.83333,-107.9167,3.30194981259334e-10
35.83333,-104.875,1.66882198267816e-11
35.83333,-104.7083,1.60553647205024e-11
35.83333,-103.375,6.57222165038354e-11
35.83333,-102.2083,7.45019965615237e-11
35.83333,-101.625,4.8514402862741e-11
35.83333,-101,4.23858530507962e-11
35.83333,-100.8333,3.08256227746892e-11
35.83333,-100.625,2.9600945304168e-11
35.83333,-99.75,6.64460052147592e-11
35.83333,-97,6.1802867664339e-10
35.83333,-92.91667,2.73619784322856e-10
35.83333,-92.79167,7.27839844715511e-10
35.83333,-92.20833,1.73503370285096e-10
35.83333,-91.29167,8.47790489679675e-11
35.83333,-88.91667,2.65692664338956e-09
35.83333,-87.54167,8.54528850813238e-10
35.83333,-86.66667,2.13027785929582e-09
35.83333,-86.58333,3.26756632303944e-09
35.83333,-85.625,4.3915730998633e-10
35.83333,-84.45833,8.4961359072082e-10
35.83333,-81,1.69860626390634e-09
35.83333,-80.29167,2.21881824218206e-09
35.83333,-79.33333,1.74143721532738e-09
35.83333,-79.29167,1.9980709042004e-09
35.83333,-78.04167,6.52380806911887e-10
35.83333,-76.83333,3.61803255204958e-10
35.79167,-121,6.75875628433283e-10
35.79167,-117.2917,4.32455232101485e-10
35.79167,-117.0417,3.42875635706531e-10
35.79167,-116.1667,4.96538797126582e-10
35.79167,-114.625,1.30407576396404e-10
35.79167,-114.1667,7.79345756561688e-11
35.79167,-113.0833,2.3902091139646e-10
35.79167,-112.5,2.91249088126605e-10
35.79167,-110.25,1.31189739940845e-10
35.79167,-108.4583,1.57435934238869e-10
35.79167,-107.7917,7.38464539638547e-11
35.79167,-106.75,9.81702872556378e-11
35.79167,-106.125,7.45158723603245e-10
35.79167,-105.5833,1.15591874642985e-10
35.79167,-104.0417,4.56413747081634e-11
35.79167,-103.6667,2.90900803175512e-11
35.79167,-103.3333,3.81026903338982e-11
35.79167,-103.125,3.88110403066563e-11
35.79167,-101.3333,3.14227591210482e-11
35.79167,-99.33333,4.9860797997437e-11
35.79167,-98.66667,1.75232878128343e-10
35.79167,-97.83333,2.37506377184933e-10
35.79167,-96.33333,2.09863851554192e-10
35.79167,-94.58333,6.07095025022492e-10
35.79167,-91.41667,5.54745362338148e-10
35.79167,-90.54167,6.12758337362605e-10
35.79167,-87.79167,6.28408281819738e-10
35.79167,-87.29167,1.05463713980694e-09
35.79167,-86,6.71594324032504e-10
35.79167,-85.875,2.08384233544852e-09
35.79167,-85.29167,1.15304609102735e-09
35.79167,-84.04167,4.92582334573597e-09
35.79167,-82.58333,1.62170811240948e-09
35.79167,-81.79167,2.16288197995674e-09
35.79167,-79.04167,1.28590717787359e-09
35.79167,-78.66667,2.14269461607107e-08
35.79167,-76.20833,2.48713565863398e-10
35.79167,-76.125,2.74705722095014e-10
35.79167,-75.54167,1.05969764892658e-08
35.79167,-75.5,2.35017985276214e-09
35.75,-120.375,5.05017996243041e-10
35.75,-118.4167,2.40846045303534e-10
35.75,-118.375,1.86633073738731e-10
35.75,-118.3333,1.5828646472468e-10
35.75,-117.1667,3.97571409958261e-10
35.75,-117.125,3.83872436317484e-10
35.75,-115.2917,1.03882343891852e-09
35.75,-113.9167,7.5848043630447e-11
35.75,-113.3333,2.67244914772479e-10
35.75,-113.25,2.54857528439514e-10
35.75,-112.1667,5.56994287603097e-11
35.75,-112.0417,5.66715548205709e-11
35.75,-111.6667,1.39175662988043e-10
35.75,-111.625,1.37234523815591e-10
35.75,-111.4583,9.99711060126436e-11
35.75,-111.125,2.63416451027475e-10
35.75,-110.625,2.92641453792337e-10
35.75,-110.25,1.34089967943507e-10
35.75,-107.875,1.04785153507559e-10
35.75,-107.4583,2.57492625860935e-10
35.75,-106.5417,4.58393013016698e-10
35.75,-106.3333,8.84136154127581e-10
35.75,-104.5417,2.22066209066717e-11
35.75,-103.25,3.83836026347689e-11
35.75,-103,2.2651696320651e-11
35.75,-102.6667,3.41993376985436e-11
35.75,-102.4583,4.70148137181871e-11
35.75,-98.375,4.33186522126727e-11
35.75,-97.45833,3.06693342844961e-09
35.75,-97.41667,2.98917347193272e-09
35.75,-93.66667,4.63009232503177e-10
35.75,-90.66667,2.19259939986189e-09
35.75,-87.83333,5.94924493393882e-10
35.75,-87.20833,7.18383773450119e-10
35.75,-85.29167,1.10172799221295e-09
35.75,-85.16667,4.55339844218164e-10
35.75,-84.20833,2.3778459100153e-09
35.75,-83.5,5.08961871666009e-10
35.75,-81.79167,2.55677101453406e-09
35.75,-80.08333,2.16592865574551e-09
35.75,-78.5,1.76610410409769e-09
35.75,-77.91667,6.691571491278e-09
35.75,-75.875,1.14047124811454e-09
35.70833,-120.0417,1.99093418433753e-10
35.70833,-119.4583,2.45048300329757e-10
35.70833,-118.9167,7.92900660075316e-10
35.70833,-118,1.32284446372469e-10
35.70833,-116.9167,3.34878179873299e-10
35.70833,-116.3333,3.89708437392145e-10
35.70833,-115.5,1.73029529551682e-10
35.70833,-114.9583,1.0140300637926e-09
35.70833,-112.875,7.69289682427215e-11
35.70833,-112.8333,7.79852585028276e-11
35.70833,-111.875,3.66686841062944e-10
35.70833,-111.7917,3.60641243270471e-10
35.70833,-111.5417,1.37952014356576e-10
35.70833,-111.2917,9.66946315176981e-11
35.70833,-110.3333,2.76251680955905e-10
35.70833,-109.3333,1.00821441817063e-10
35.70833,-108.625,1.946011546932e-10
35.70833,-108,1.23252586535133e-10
35.70833,-107.25,9.8919358622648e-11
35.70833,-104.5417,2.1737542268805e-11
35.70833,-104.0833,4.66071911800495e-11
35.70833,-103.375,3.92394014684242e-11
35.70833,-102.1667,6.15635879887743e-11
35.70833,-100.8333,3.55642578874949e-11
35.70833,-99.33333,1.29688789743379e-10
35.70833,-98.58333,7.07903506204607e-11
35.70833,-97.875,3.09501586154792e-10
35.70833,-97.83333,3.22516938629304e-10
35.70833,-93.875,2.87180982162841e-10
35.70833,-92.79167,7.20272031015708e-10
35.70833,-89.91667,2.09933449417399e-09
35.70833,-88.66667,1.02016521360375e-09
35.70833,-88.33333,1.51278623837422e-09
35.70833,-85.125,4.50850783199731e-10
35.70833,-85.04167,5.7294117045118e-10
35.70833,-84.58333,1.17841348672352e-09
35.70833,-83.66667,5.53362471489212e-10
35.70833,-80.625,8.23409603048667e-10
35.70833,-80.41667,2.95814689811765e-09
35.70833,-79.41667,2.88675397647172e-09
35.70833,-79.33333,1.52470699664885e-09
35.70833,-78.79167,2.12556816903413e-08
35.70833,-76,9.11486049742811e-10
35.70833,-75.5,1.93975928525354e-10
35.66667,-120.7917,3.04925816575062e-09
35.66667,-120.7083,3.53112085184935e-09
35.66667,-119.375,2.80358583505095e-10
35.66667,-119.2917,3.49285625200165e-09
35.66667,-119.0833,3.00764329876438e-10
35.66667,-118.5833,5.66126669204352e-10
35.66667,-117.5417,4.83862304356843e-10
35.66667,-116.875,3.43930302294259e-10
35.66667,-115.875,3.83871911363092e-10
35.66667,-113.875,2.42185819847574e-10
35.66667,-113.75,1.23610700225584e-10
35.66667,-113.5833,1.10590013542709e-10
35.66667,-108.4167,2.09256060110567e-10
35.66667,-107.7083,2.37334896767787e-10
35.66667,-106.5417,1.20546769405304e-09
35.66667,-106,5.73033400517188e-09
35.66667,-105.7917,7.89857273164758e-18
35.66667,-102.7917,1.72782588191245e-10
35.66667,-102.75,1.74536656842895e-10
35.66667,-101.7083,3.42831061700504e-10
35.66667,-99.79167,3.35301204030325e-11
35.66667,-99.54167,3.85360670595094e-11
35.66667,-98.375,1.0082130342667e-10
35.66667,-96.95833,2.40906918251092e-10
35.66667,-95.91667,3.30882174236779e-09
35.66667,-95.58333,4.61379230418618e-10
35.66667,-94.70833,6.15971492160782e-10
35.66667,-94.58333,8.41241563157544e-10
35.66667,-90.95833,1.39786446785571e-10
35.66667,-90.41667,2.36678032018759e-10
35.66667,-89.91667,2.63139779548974e-09
35.66667,-88.91667,1.84052693215218e-09
35.66667,-86.625,7.6480757196004e-10
35.66667,-85.16667,6.06815008101942e-10
35.66667,-84.75,4.82584293093883e-10
35.66667,-84.125,2.16285007869488e-09
35.66667,-81.83333,1.21821060607363e-09
35.66667,-81,2.68707502700243e-09
35.66667,-80.5,3.87970685639478e-09
35.66667,-79.70833,1.00697629447709e-09
35.66667,-76.20833,1.94845802473053e-10
35.625,-120.0833,4.60669363843827e-10
35.625,-119.4583,2.72772397136392e-10
35.625,-118.1667,1.33995338236894e-10
35.625,-117.0417,4.16300326144609e-10
35.625,-116.4583,3.57231047979913e-10
35.625,-116.0417,3.80525091999935e-10
35.625,-115.8333,3.72786409484734e-10
35.625,-111.9167,3.86500307603931e-10
35.625,-106.25,2.43926517339225e-09
35.625,-104.7917,2.38208774534287e-11
35.625,-103.9167,4.52030235693385e-11
35.625,-103.8333,3.118708637764e-11
35.625,-103.25,4.02400603205459e-11
35.625,-102.5833,3.40459818212017e-11
35.625,-101.9167,3.60619231297353e-10
35.625,-100.7917,2.67463129562744e-10
35.625,-100.1667,4.54889176291114e-11
35.625,-97.33333,6.3021698913108e-10
35.625,-96.45833,3.68073866922989e-10
35.625,-95.79167,3.74581543988838e-10
35.625,-94.75,4.17610817935242e-10
35.625,-94.5,9.68270973378366e-10
35.625,-94.33333,1.40383214748427e-09
35.625,-93.54167,4.8054961360044e-11
35.625,-92.16667,8.15371620398121e-10
35.625,-91.58333,1.46845209240811e-10
35.625,-90.41667,2.61368898380901e-10
35.625,-89.91667,1.01904864469085e-09
35.625,-89.41667,6.83456571113883e-10
35.625,-89.29167,1.5210197934987e-09
35.625,-89.16667,6.74939352322614e-10
35.625,-88.25,8.31949188166178e-10
35.625,-86.95833,7.07321854828618e-10
35.625,-85.16667,6.86761914864563e-10
35.625,-84.875,4.64740899885109e-10
35.625,-84.25,2.71561944433227e-09
35.625,-83.33333,5.14963551333394e-10
35.625,-82.58333,6.51432578290372e-09
35.625,-81.25,4.00543789063449e-09
35.625,-81.04167,3.40332421055895e-09
35.625,-80.66667,8.95197951736794e-10
35.625,-80.375,7.13758606782014e-10
35.625,-78.16667,1.7381083968062e-09
35.625,-77.41667,2.38811358868023e-09
35.58333,-120.25,4.26235260160284e-10
35.58333,-119,1.52074599982086e-09
35.58333,-118.7917,1.77705665134241e-10
35.58333,-118.625,1.91367151902326e-10
35.58333,-117.875,1.26762617131033e-09
35.58333,-117.125,5.01397520627392e-10
35.58333,-116.5,3.59382327666778e-10
35.58333,-115.9583,3.63107974744791e-10
35.58333,-115.8333,3.57565549077124e-10
35.58333,-115.4583,4.04422783033255e-10
35.58333,-113.2917,2.66922679734731e-10
35.58333,-113.25,2.62042696277241e-10
35.58333,-112.2917,5.35970200027144e-11
35.58333,-109,2.04184196421437e-10
35.58333,-108.6667,3.20202110314973e-10
35.58333,-107.375,3.03706060243966e-10
35.58333,-106.125,1.23878420623544e-09
35.58333,-105.875,8.36808706878676e-10
35.58333,-104.9167,2.7049881611453e-11
35.58333,-103.625,1.95351689221965e-11
35.58333,-101.9167,3.07989657115271e-10
35.58333,-101.2917,3.16384269219913e-10
35.58333,-100.0417,4.89269339991923e-11
35.58333,-99.16667,1.83576369606819e-10
35.58333,-96.20833,2.21001179748249e-10
35.58333,-95.79167,3.5859511036293e-10
35.58333,-95.29167,4.38159745398058e-10
35.58333,-94.29167,3.30366480629015e-09
35.58333,-93.83333,3.08489047667662e-10
35.58333,-92.625,1.98795946988349e-10
35.58333,-92.375,3.44653018924443e-10
35.58333,-91.75,2.82040459924827e-10
35.58333,-91.08333,2.59033837916519e-10
35.58333,-90.875,1.25404065002006e-10
35.58333,-88.91667,4.4856542692394e-09
35.58333,-88.08333,2.95120454774437e-10
35.58333,-86.45833,1.71134627986885e-09
35.58333,-81.66667,1.29521955617183e-09
35.58333,-81.5,3.18836566622695e-09
35.58333,-81,4.66915519623884e-09
35.58333,-80.91667,4.22213739414037e-09
35.58333,-79.375,8.58348020627578e-10
35.58333,-78.45833,1.84429437987036e-09
35.58333,-77.29167,2.6186467385228e-09
35.58333,-76,4.47388725297682e-10
35.54167,-119.5417,1.95156773904362e-10
35.54167,-119.4583,9.88547252222383e-10
35.54167,-118.7917,1.8477437145601e-10
35.54167,-116.875,4.05115402877819e-10
35.54167,-116.7917,4.06299177229721e-10
35.54167,-114.6667,2.3608150368501e-10
35.54167,-114.625,1.61314462714824e-10
35.54167,-113.875,1.36713441670718e-10
35.54167,-112.0833,3.90818390577641e-10
35.54167,-110.875,1.35007619765241e-10
35.54167,-110.75,3.4525843611868e-10
35.54167,-110.5833,3.29655303443349e-10
35.54167,-110.3333,2.16633144179264e-10
35.54167,-108.2917,1.06070980391574e-10
35.54167,-106.7917,2.52176845775332e-10
35.54167,-104.1667,1.91810814628411e-10
35.54167,-102.0833,3.15532597340243e-10
35.54167,-102,3.19757830058315e-10
35.54167,-97.79167,1.4693532871924e-09
35.54167,-97.16667,5.42838102839157e-10
35.54167,-95.25,5.87770214495413e-10
35.54167,-94.04167,9.25285570856883e-10
35.54167,-91.91667,4.0924159131328e-10
35.54167,-90.25,3.51755825895377e-10
35.54167,-89.875,2.17001447658688e-09
35.54167,-89.66667,5.62989504260882e-09
35.54167,-87.70833,6.89819444677353e-10
35.54167,-87.33333,8.58165255796811e-10
35.54167,-81.25,3.09665346035271e-09
35.54167,-80.16667,8.47999947947575e-10
35.54167,-80.08333,7.25464471889612e-10
35.54167,-79.5,4.10247083605672e-10
35.54167,-79.29167,5.55065718130662e-10
35.54167,-78.625,2.64359136389201e-09
35.54167,-78.20833,1.52196100522717e-09
35.54167,-76.875,3.24984137623207e-10
35.5,-120.9583,1.91975933176936e-10
35.5,-120.3333,4.94356906519658e-10
35.5,-118.0417,5.54703687027723e-10
35.5,-116.8333,4.32380735185727e-10
35.5,-116.4167,3.76960548936869e-10
35.5,-115.9583,3.6509626561012e-10
35.5,-115.625,3.6480841890466e-10
35.5,-113.7917,2.4370367549738e-10
35.5,-113.4583,1.02247170220072e-10
35.5,-113.1667,8.9000665530753e-11
35.5,-111.25,9.5954691590345e-11
35.5,-110,1.29438368467296e-10
35.5,-109.6667,1.25102215489398e-10
35.5,-109.3333,1.60288593137924e-10
35.5,-108.9167,2.20256894937164e-10
35.5,-108.7083,1.29111562405063e-09
35.5,-108.625,8.58533815872827e-10
35.5,-105.9167,1.08874032618876e-09
35.5,-104.6667,2.11566855581345e-11
35.5,-104.625,2.0678227230938e-11
35.5,-104.1667,1.92077281299285e-10
35.5,-103.8333,4.53385518254238e-11
35.5,-103.3333,4.20669692580527e-11
35.5,-103.2083,1.94502939170371e-11
35.5,-101.7917,1.27383131844626e-10
35.5,-101,9.34915635298087e-10
35.5,-100.7917,2.22436359581854e-11
35.5,-100.0833,3.14650131724329e-11
35.5,-99.45833,5.15490249268792e-11
35.5,-98.58333,1.00692797900102e-10
35.5,-98.5,1.06437674013213e-10
35.5,-98.16667,1.77361218261198e-10
35.5,-97.95833,3.93376881254634e-10
35.5,-97.83333,4.18420042866324e-10
35.5,-97.70833,2.55475661948304e-09
35.5,-97,6.90569272274993e-10
35.5,-94.79167,4.75177220224083e-10
35.5,-93.25,1.08012220516504e-10
35.5,-92.04167,2.0427144568326e-10
35.5,-91.79167,3.21335301456282e-10
35.5,-88.5,4.31478951896403e-09
35.5,-88.45833,5.95742010140076e-10
35.5,-88.29167,7.1853187863642e-10
35.5,-88.20833,6.34375226941857e-10
35.5,-87.41667,4.09710445474818e-10
35.5,-86.5,1.50230738379502e-09
35.5,-84.41667,2.30558998586631e-09
35.5,-84.29167,1.65202883026132e-09
35.5,-82,8.90357625438913e-10
35.5,-81.16667,2.40036004065138e-09
35.5,-80.66667,2.46363549599546e-09
35.5,-80.20833,5.44392312287786e-10
35.5,-77.41667,5.76592092923987e-09
35.5,-76.91667,7.74623014585333e-10
35.45833,-119,6.0565081833401e-09
35.45833,-118.75,1.83585579750829e-09
35.45833,-118.4167,1.49646982815929e-10
35.45833,-117.5,4.20358467761571e-10
35.45833,-116.5833,4.92914887675983e-10
35.45833,-114.5833,1.34492256522414e-10
35.45833,-114.4583,7.21828032033313e-11
35.45833,-114.25,2.9469788416504e-10
35.45833,-113.7917,7.8056565240499e-11
35.45833,-113.5417,1.18781250708896e-11
35.45833,-111.9167,4.70443603085621e-10
35.45833,-110.75,1.4612487315484e-10
35.45833,-110.2917,1.2690531259408e-10
35.45833,-109.8333,1.29942620785021e-10
35.45833,-109.375,1.62589802458053e-10
35.45833,-108.8333,3.05627331339974e-10
35.45833,-108.2917,1.24807962091841e-10
35.45833,-107.9583,4.20254674987633e-10
35.45833,-106.8333,9.9247638369909e-10
35.45833,-106.5833,3.17043237177066e-10
35.45833,-106.5,1.77577841669609e-09
35.45833,-105.5833,8.65746206650477e-11
35.45833,-104.2917,1.96676052577884e-10
35.45833,-102.0417,4.37130191532297e-12
35.45833,-101.7917,3.55746950217362e-10
35.45833,-101.7083,3.48328977791729e-10
35.45833,-101,5.38740820603425e-11
35.45833,-100.4167,1.2916871364305e-10
35.45833,-99.29167,2.48944856531031e-10
35.45833,-98.95833,8.17693774409405e-11
35.45833,-98.54167,1.06903025221028e-10
35.45833,-97.70833,6.16297095397316e-09
35.45833,-97.58333,3.32129593914009e-08
35.45833,-93.58333,1.13128056283967e-09
35.45833,-92.75,2.85418445455225e-10
35.45833,-89.41667,1.14553845953753e-09
35.45833,-88.125,4.14478766472926e-10
35.45833,-87.58333,4.1611241879563e-10
35.45833,-86.625,5.45216191777632e-10
35.45833,-82.29167,3.8281977442296e-10
35.45833,-80.125,5.46937803967374e-10
35.45833,-79.79167,6.29166190073404e-09
35.45833,-78.33333,9.74955504035192e-10
35.45833,-76.66667,2.10609860529477e-10
35.45833,-75.83333,1.10713174793079e-09
35.41667,-120.5417,1.88061138053858e-09
35.41667,-119.9167,4.64723529568078e-10
35.41667,-119.625,8.66862656012774e-10
35.41667,-117.875,6.72773607932031e-10
35.41667,-117.0417,4.94556042296055e-10
35.41667,-116.7083,5.8152936334953e-10
35.41667,-115.5,3.47791314740201e-10
35.41667,-115.4167,3.47664395790427e-10
35.41667,-115.0833,2.57737861071511e-10
35.41667,-114.5,1.40311402247209e-10
35.41667,-114.375,7.35332959029626e-11
35.41667,-113.5417,1.19251171309527e-11
35.41667,-113.5,1.05447291952543e-10
35.41667,-113.3333,9.61329994990665e-11
35.41667,-111.5833,1.54636882101318e-10
35.41667,-111.5,1.49103548942311e-10
35.41667,-110.6667,1.46783404085901e-10
35.41667,-106.9167,6.46115197355895e-10
35.41667,-103.5833,2.0223422789018e-11
35.41667,-102.9583,1.79081331417333e-10
35.41667,-102.125,3.15578437866969e-12
35.41667,-101.9583,3.7843543208448e-10
35.41667,-101.375,7.76078088110631e-11
35.41667,-100.4583,1.30716378918048e-10
35.41667,-98.5,1.59503415844787e-10
35.41667,-96.83333,3.30180146170946e-10
35.41667,-96.70833,3.26788103274718e-10
35.41667,-96.375,3.38785813707182e-10
35.41667,-96.25,2.24795549187793e-10
35.41667,-96.08333,1.63881806022492e-09
35.41667,-95.91667,4.76340887806772e-10
35.41667,-94.04167,6.85650039449131e-10
35.41667,-93.70833,9.6311043953196e-10
35.41667,-93.33333,3.04274916652129e-10
35.41667,-92.70833,3.13352705730184e-10
35.41667,-91.75,4.29266831747295e-10
35.41667,-91.54167,4.36850295965574e-10
35.41667,-91.08333,5.54180818753906e-10
35.41667,-91,4.27471985879262e-10
35.41667,-90.66667,3.48009367952329e-10
35.41667,-90.08333,3.23190948320186e-09
35.41667,-89.33333,1.08968832067253e-09
35.41667,-88.625,3.89023541674884e-09
35.41667,-88.54167,7.9220538670506e-10
35.41667,-87.75,2.40837230375366e-10
35.41667,-85.04167,1.17285533877122e-09
35.41667,-83.04167,1.32353476964929e-09
35.41667,-82.08333,5.2467171587256e-10
35.41667,-81.29167,3.82652407171234e-09
35.41667,-80.58333,3.94881063228559e-09
35.41667,-80.45833,1.0801307544673e-09
35.41667,-78.95833,9.0318091861596e-10
35.41667,-78.45833,1.18838533637863e-09
35.41667,-77.41667,9.63604898639101e-10
35.41667,-77.375,8.06295024671382e-10
35.41667,-76.5,7.21585761039048e-10
35.41667,-76.25,1.28393227367741e-10
35.375,-120.4167,3.43528564331581e-10
35.375,-119.375,5.44176165066205e-10
35.375,-118.0417,8.55169343430973e-10
35.375,-117.6667,1.71900229545729e-10
35.375,-116.5417,5.59123203469065e-10
35.375,-116.2083,3.8897172873998e-10
35.375,-115.4167,3.35829991535799e-10
35.375,-114.2083,3.17729999454842e-10
35.375,-112.125,6.80355886673942e-11
35.375,-111.625,1.7366329578504e-10
35.375,-110.2917,1.34801824572907e-10
35.375,-109.4583,1.67675389773697e-10
35.375,-108.0417,1.9877081794964e-10
35.375,-107.9167,1.81962917417825e-10
35.375,-107.3333,3.61082955309874e-10
35.375,-105.875,3.91207488778038e-10
35.375,-105.625,2.35414615426059e-10
35.375,-104.3333,1.97425960084958e-10
35.375,-103.4583,2.07157594867894e-11
35.375,-101.625,8.99985635126798e-11
35.375,-101.25,7.98571038197249e-11
35.375,-101.0833,9.07615112462607e-11
35.375,-99.5,2.36340020247421e-10
35.375,-99.20833,1.55423588502152e-10
35.375,-98.125,2.23627264974626e-10
35.375,-97.5,6.47293046729288e-09
35.375,-96.5,1.58062349384619e-10
35.375,-96.33333,1.6917442195013e-10
35.375,-94.5,1.01922816383602e-08
35.375,-93.25,3.26979948731859e-10
35.375,-91,4.07908672489438e-10
35.375,-90.66667,2.59890353040501e-10
35.375,-89.79167,2.31923973863161e-09
35.375,-89.08333,2.47774460319977e-09
35.375,-88.375,2.14258444705734e-09
35.375,-88.16667,2.96078010266762e-10
35.375,-88,5.15826790499127e-10
35.375,-87.66667,3.32584991532114e-10
35.375,-87.625,5.95071159595903e-10
35.375,-86.25,2.7030696589231e-09
35.375,-85.16667,1.0069870149971e-09
35.375,-84.58333,1.34157850531445e-09
35.375,-84,6.06388983742149e-10
35.375,-83.29167,2.00041405298818e-09
35.375,-83.08333,4.07731926160441e-10
35.375,-83,7.2568891222209e-10
35.375,-82.58333,2.54005340644507e-09
35.375,-82.25,9.00286924518643e-10
35.375,-80.33333,8.80293196329005e-10
35.33333,-119.8333,7.47517103503309e-10
35.33333,-118.5833,2.12953226105554e-10
35.33333,-116.5833,6.58699302183784e-10
35.33333,-116.3333,3.82773572324433e-10
35.33333,-115.625,3.30000781266005e-10
35.33333,-113.0417,7.92234759779374e-11
35.33333,-111.75,1.81932255502566e-10
35.33333,-111.625,1.99944489157179e-10
35.33333,-111.3333,4.22195094183071e-10
35.33333,-111.25,1.60425178672996e-10
35.33333,-110.7917,1.5976992778043e-10
35.33333,-110.0417,1.26187475423721e-10
35.33333,-109.9583,1.2401358335533e-10
35.33333,-107.375,3.54544064364037e-10
35.33333,-105.125,2.92247420401064e-11
35.33333,-104.3333,7.08256850346445e-11
35.33333,-104,4.90942232268605e-11
35.33333,-103.0833,1.32732909865313e-10
35.33333,-102.125,1.04503376000496e-10
35.33333,-101.4167,7.89606981080917e-11
35.33333,-95.58333,2.62446820353934e-10
35.33333,-95,1.64607331239555e-10
35.33333,-94.75,1.23815358712536e-09
35.33333,-92.16667,4.51096283405708e-10
35.33333,-92,5.4841372111299e-10
35.33333,-91.83333,2.49152776683721e-10
35.33333,-91.79167,2.78442875615369e-10
35.33333,-91.625,6.28464259778572e-10
35.33333,-91.29167,4.08755811949192e-10
35.33333,-91,4.09025183666363e-10
35.33333,-90.33333,4.70661232661387e-10
35.33333,-89.66667,3.95511983980956e-09
35.33333,-87.70833,3.02981311576623e-10
35.33333,-87.29167,1.21396254563585e-09
35.33333,-87,4.5155418657175e-10
35.33333,-84.20833,2.6078672035766e-10
35.33333,-81.91667,4.57011906710054e-09
35.33333,-81.20833,3.56531685959862e-09
35.33333,-80.20833,3.68265276631461e-09
35.33333,-80.16667,2.83326441391526e-09
35.33333,-79.70833,7.86190244927242e-10
35.33333,-77.625,2.20124142087645e-09
35.33333,-77.41667,1.00552816508284e-09
35.33333,-77.125,1.71058376071297e-09
35.33333,-76.33333,7.49279551006625e-09
35.33333,-75.95833,5.72656616654583e-10
35.29167,-120.4167,1.62374484355838e-09
35.29167,-120.0417,2.02192260549273e-10
35.29167,-119.875,1.91365563429098e-10
35.29167,-118.6667,2.66263457620063e-10
35.29167,-117.5417,4.08283190662957e-10
35.29167,-116.4167,4.28817326783772e-10
35.29167,-116,4.37401722801214e-10
35.29167,-115.375,3.25900469590206e-10
35.29167,-114.5833,1.99490733515273e-10
35.29167,-114.1667,6.68559135711923e-10
35.29167,-112.7083,9.31399215599562e-11
35.29167,-111.125,1.95260945224661e-10
35.29167,-111.0417,1.77899957372609e-10
35.29167,-110.7917,1.63685563137231e-10
35.29167,-109.9583,1.27093775997273e-10
35.29167,-109.7083,1.30044003276334e-10
35.29167,-108.75,9.28259199705881e-11
35.29167,-103.625,4.91790478940213e-11
35.29167,-102.5833,2.67971012773187e-11
35.29167,-102,7.84814310960775e-10
35.29167,-101.5417,9.0378154411028e-11
35.29167,-101.4583,8.23304282358528e-11
35.29167,-101.3333,7.83797560650442e-11
35.29167,-100,3.48438949666887e-11
35.29167,-99.25,1.73283364014113e-10
35.29167,-97.66667,2.1971856216159e-09
35.29167,-96.58333,2.21301733135592e-10
35.29167,-95.79167,1.85228634281822e-10
35.29167,-95.45833,1.32667134597443e-10
35.29167,-94.91667,5.07665858324667e-10
35.29167,-94.54167,1.50377879326769e-09
35.29167,-93.83333,5.65721878439286e-10
35.29167,-93.25,3.76766382799476e-10
35.29167,-92.45833,8.33489664366316e-10
35.29167,-90.875,6.25894257969057e-10
35.29167,-89.79167,5.41652563777325e-09
35.29167,-89.70833,5.44029355294816e-09
35.29167,-88.625,1.67652779859613e-09
35.29167,-87.75,2.81307092209632e-10
35.29167,-83.54167,2.51872367663894e-10
35.29167,-81.70833,2.21635170115368e-09
35.29167,-81.58333,1.59992722382165e-09
35.29167,-81.41667,2.56305966937113e-09
35.29167,-81.375,5.13917601932954e-09
35.29167,-81.16667,5.37895846268224e-09
35.29167,-78.29167,5.62654747306369e-10
35.29167,-77.125,1.92418899390941e-09
35.29167,-76.29167,6.69452017704742e-10
35.25,-120.125,1.17849550838049e-09
35.25,-117.375,4.29377106359613e-10
35.25,-116.4583,4.57241664710773e-10
35.25,-116.375,3.97949150902569e-10
35.25,-115.375,3.24032480867414e-10
35.25,-114.25,6.3321600775715e-10
35.25,-112.4167,1.05951741389169e-10
35.25,-110.125,1.36902103968774e-10
35.25,-110,1.31886624437694e-10
35.25,-108.625,1.39095428149965e-10
35.25,-108.375,2.49765483905906e-10
35.25,-108.2083,5.13125213678688e-11
35.25,-107.3333,5.46509210147492e-10
35.25,-105.0417,2.7183355697708e-10
35.25,-104.5833,2.10735199325706e-10
35.25,-103.375,3.35902526698723e-11
35.25,-103.25,1.40511419950891e-10
35.25,-101.9583,8.4623937228633e-10
35.25,-101.8333,3.07030670107577e-09
35.25,-99.54167,3.14241107089665e-10
35.25,-99.33333,2.84296201881001e-10
35.25,-98.70833,8.90169863467805e-11
35.25,-98.25,6.38165847625328e-10
35.25,-96,1.63746093951143e-10
35.25,-95.08333,1.752309047443e-10
35.25,-94.25,1.43385034739686e-08
35.25,-92,1.33086805368085e-09
35.25,-91.58333,1.19332049222544e-09
35.25,-90.83333,6.5756434882767e-10
35.25,-89.91667,8.792848835456e-09
35.25,-89.5,6.4001369511304e-10
35.25,-88.75,1.39518436879733e-09
35.25,-88.70833,1.47408640712152e-09
35.25,-87.04167,5.82475703447e-10
35.25,-86.29167,7.27822587267175e-10
35.25,-85.16667,5.10346176732286e-09
35.25,-85,1.38373087812305e-09
35.25,-83.08333,4.40659446889974e-10
35.25,-82.54167,1.22384569177e-09
35.25,-81.91667,7.68827059859785e-10
35.25,-80.66667,4.57862044786229e-09
35.25,-80.54167,2.90494151948692e-09
35.25,-80.41667,1.3281510511274e-09
35.25,-76.83333,1.00419680566287e-09
35.20833,-118.25,5.84879641926195e-10
35.20833,-117.3333,4.40835940485513e-10
35.20833,-117.2917,4.47745512504537e-10
35.20833,-117.125,4.53238925711676e-10
35.20833,-116.0833,5.09218945844317e-10
35.20833,-114.6667,6.57899358067778e-10
35.20833,-112.75,9.7113163981389e-11
35.20833,-112.2083,2.50767831416495e-10
35.20833,-111.8333,1.66480057578867e-10
35.20833,-110.9583,1.31705185927751e-10
35.20833,-110.5,1.64781891508517e-10
35.20833,-108.125,2.42594680919723e-10
35.20833,-107.8333,4.42515079836529e-11
35.20833,-107.25,2.04148055212369e-10
35.20833,-106.25,3.62028548817467e-10
35.20833,-104.5833,1.05163751481642e-10
35.20833,-103.5833,5.18060029397187e-11
35.20833,-103.0833,1.41929275390463e-10
35.20833,-102.375,3.02317812077058e-11
35.20833,-101.7917,1.10903824457455e-09
35.20833,-99.58333,3.03731242579801e-10
35.20833,-99.5,4.55676912352571e-11
35.20833,-98.79167,8.69053491896026e-11
35.20833,-97.54167,3.04095883362397e-09
35.20833,-95.20833,1.18281252830805e-10
35.20833,-95.04167,1.68752735975888e-10
35.20833,-93.20833,3.6064789452576e-10
35.20833,-93,4.17928829962889e-10
35.20833,-91.875,4.55625067644722e-10
35.20833,-90.66667,4.65860464028145e-10
35.20833,-89.91667,7.15540471085561e-09
35.20833,-89.41667,1.32664374812505e-09
35.20833,-87.58333,5.84273155429217e-10
35.20833,-87.375,2.56979054207739e-09
35.20833,-84.29167,1.69581046351583e-10
35.20833,-83.83333,1.03787296404554e-09
35.20833,-83.75,5.84248697688249e-10
35.20833,-82.70833,1.2408533921298e-09
35.20833,-82.58333,9.87025977747816e-10
35.20833,-80.95833,1.51272257891572e-08
35.20833,-80.25,8.34403845173525e-10
35.20833,-79.95833,7.87672087082099e-10
35.20833,-79.54167,1.35542696356962e-09
35.20833,-78.79167,9.04810558995927e-10
35.20833,-77.79167,3.85228594123001e-09
35.20833,-76.33333,4.02936059337021e-08
35.20833,-75.58333,2.48214806683649e-08
35.16667,-119.0833,4.83199426762076e-10
35.16667,-118.3333,2.44479994881357e-10
35.16667,-118,1.15026473660719e-09
35.16667,-117.5417,4.93458720469838e-10
35.16667,-117.3333,4.55016629335073e-10
35.16667,-116.25,1.89858991977986e-10
35.16667,-113.625,6.60798830634909e-11
35.16667,-111.7917,9.98361599039707e-10
35.16667,-110.5,2.08312080469628e-10
35.16667,-110.2917,7.00534890300644e-11
35.16667,-110.2083,6.67989397996896e-11
35.16667,-109.6667,9.55958982702483e-11
35.16667,-107.7917,4.49905753604206e-11
35.16667,-106.7917,4.33857643797752e-09
35.16667,-106.625,9.73007122101928e-09
35.16667,-106.4167,1.06572775727309e-08
35.16667,-106.375,1.3693580957327e-09
35.16667,-106,1.78942934097197e-10
35.16667,-104.875,1.20664158730929e-10
35.16667,-103.625,5.29017712041315e-11
35.16667,-103.4583,3.54650949472834e-11
35.16667,-101.5,5.61581631915589e-11
35.16667,-101.1667,4.58841628676721e-11
35.16667,-100.2083,4.21512005086232e-11
35.16667,-99.16667,1.59671341535269e-10
35.16667,-97.83333,5.3175405178116e-10
35.16667,-96.83333,3.83965323215923e-10
35.16667,-95.5,3.91125419388013e-10
35.16667,-94.5,1.84489175111855e-09
35.16667,-92.95833,4.83529451757664e-10
35.16667,-92.25,3.81163554702383e-10
35.16667,-92.16667,8.68945146573489e-10
35.16667,-91.66667,3.02066633719546e-10
35.16667,-91.625,2.86032291065882e-10
35.16667,-91.45833,5.9450805893464e-10
35.16667,-91.33333,4.210999967664e-10
35.16667,-90.75,6.74530185610775e-10
35.16667,-90.5,3.0810436475526e-10
35.16667,-87.95833,9.18978141356672e-10
35.16667,-87.58333,6.01196435894224e-10
35.16667,-87.45833,1.53299736361314e-09
35.16667,-86.58333,8.4710526198151e-10
35.16667,-84.83333,4.76520646010602e-09
35.16667,-83.33333,4.26741183390585e-10
35.16667,-81.91667,7.76812133070567e-10
35.16667,-81.33333,1.27395779871198e-09
35.16667,-81.16667,3.3136033663894e-09
35.16667,-80.33333,6.64875855663603e-10
35.16667,-80.04167,7.17317898419587e-10
35.16667,-79.83333,5.55702644345141e-10
35.16667,-79.625,7.14969366669648e-10
35.16667,-79.54167,1.26110760674195e-09
35.16667,-78.95833,2.84080513116461e-09
35.16667,-78.20833,2.34703346601891e-10
35.16667,-78.125,6.64941593491578e-10
35.16667,-76.04167,3.12062588781936e-08
35.125,-119.9583,5.96001539866921e-10
35.125,-119.625,6.63515778996385e-10
35.125,-118.2917,7.37510824811351e-10
35.125,-117.2917,4.85550892462709e-10
35.125,-115.8333,3.30631526626645e-10
35.125,-113.125,8.30815423227808e-11
35.125,-112.6667,1.0139668483579e-10
35.125,-112.3333,6.73505076220382e-11
35.125,-111.9583,9.40844369679853e-11
35.125,-108.0833,2.41245269677892e-10
35.125,-107.9167,3.04747541061097e-11
35.125,-107.5417,4.43435959858818e-10
35.125,-106.7917,5.74168989059994e-09
35.125,-106.2083,3.6834836266736e-10
35.125,-105.5417,1.45406998664751e-10
35.125,-101.8333,1.33992883571755e-09
35.125,-99.625,3.74832613138736e-10
35.125,-96.875,3.96592082235921e-10
35.125,-94.83333,2.34989049801231e-10
35.125,-93.625,2.76632345235664e-10
35.125,-93.54167,2.43130669993222e-10
35.125,-93.29167,4.1741723553926e-10
35.125,-93.04167,6.07800340035676e-10
35.125,-92.375,1.21636685154659e-09
35.125,-92.20833,3.88112224776594e-10
35.125,-91.79167,4.68001581938729e-10
35.125,-90.66667,5.88625892650447e-10
35.125,-89.54167,9.9268810107611e-10
35.125,-89.375,5.59938282734323e-10
35.125,-86.875,8.02616522049348e-10
35.125,-84.95833,2.22919408220009e-09
35.125,-84.45833,6.57368455068646e-10
35.125,-80.875,4.62056368912156e-08
35.125,-79.58333,1.02295493013416e-09
35.125,-79.29167,9.02198994801085e-10
35.125,-78.41667,1.0387587681249e-09
35.125,-76.125,6.02036879299957e-10
35.08333,-120.4583,4.71397954482324e-10
35.08333,-120,4.43807397854909e-10
35.08333,-119.5,7.23469706767727e-10
35.08333,-119.2917,1.08343320458186e-09
35.08333,-119.25,2.92577907200475e-10
35.08333,-119.2083,2.9048678612198e-10
35.08333,-117.2083,5.56201549130894e-10
35.08333,-116.375,1.80219722261901e-10
35.08333,-115.2083,3.56943253310738e-10
35.08333,-115.0833,4.08470424822597e-10
35.08333,-114.0417,9.31400359478179e-11
35.08333,-113.3333,5.48180322353428e-11
35.08333,-112.875,9.72217042639154e-11
35.08333,-111.2917,1.24521702256975e-10
35.08333,-110.75,9.51183840983238e-10
35.08333,-109.0833,1.22290931363424e-10
35.08333,-104.375,2.00022785677529e-10
35.08333,-103.7917,5.39231127675005e-11
35.08333,-101.7917,2.27780882861477e-10
35.08333,-101.3333,4.81620970452354e-11
35.08333,-100.9583,2.67852944699932e-11
35.08333,-100.0833,2.46943845818928e-10
35.08333,-99.66667,1.19499187644244e-10
35.08333,-98.08333,2.68624571606248e-10
35.08333,-97.66667,9.44505311128099e-10
35.08333,-96.91667,6.12466549829932e-10
35.08333,-96.45833,3.34595039170338e-10
35.08333,-96.375,4.16065706786406e-10
35.08333,-94.91667,1.20771203957535e-10
35.08333,-94.79167,3.93804077536739e-10
35.08333,-94.125,5.83869612890303e-10
35.08333,-94.08333,6.50489025931225e-10
35.08333,-92.875,6.46891328364862e-10
35.08333,-91.875,7.60222203008104e-10
35.08333,-90.66667,1.30142595205077e-10
35.08333,-87.79167,9.10353592246652e-10
35.08333,-87.20833,3.06358400916324e-10
35.08333,-86.41667,1.77358971968264e-09
35.08333,-85.79167,1.51598534711075e-09
35.08333,-85.54167,1.5848476013247e-09
35.08333,-85.29167,1.58766197298129e-08
35.08333,-84.625,2.50336128812844e-09
35.08333,-82.625,3.1703190814485e-10
35.08333,-82.45833,5.13794480803942e-10
35.08333,-80.95833,1.07726294144176e-08
35.08333,-80.79167,1.22298392136723e-08
35.08333,-80.66667,6.65830298609161e-09
35.08333,-79.45833,1.70780853378546e-09
35.08333,-78.91667,5.42891436877064e-09
35.08333,-78.375,2.54845228444256e-09
35.08333,-76.875,9.27557866337528e-10
35.08333,-76.33333,1.52911033230414e-09
35.08333,-76,4.17898474926346e-11
35.04167,-120.1667,9.50378483860778e-11
35.04167,-117.2917,1.17251279267138e-10
35.04167,-116.7083,2.11190482703228e-10
35.04167,-116.5,4.05450080472494e-10
35.04167,-116.125,3.49340588358687e-10
35.04167,-116,3.34638445333522e-10
35.04167,-113.875,7.85024878967806e-11
35.04167,-113.8333,7.55178142935489e-11
35.04167,-113.2083,8.32359302157593e-11
35.04167,-111.5,6.17820793433744e-10
35.04167,-111.0833,3.7539731831124e-10
35.04167,-108.7917,1.2860741274505e-10
35.04167,-108.25,3.56204902877163e-11
35.04167,-107.3333,2.26353551719944e-10
35.04167,-103.625,5.73435502672841e-11
35.04167,-103.5833,5.78224825223109e-11
35.04167,-102.9583,4.78773336184854e-11
35.04167,-102.875,6.72613209837973e-11
35.04167,-101.7917,3.78825893841856e-10
35.04167,-99.91667,3.66525715157731e-11
35.04167,-99.54167,1.26362439920448e-10
35.04167,-98.66667,1.84406431521492e-10
35.04167,-98,9.68735003576666e-10
35.04167,-96.375,3.98392782614989e-10
35.04167,-96.04167,7.95860805433541e-11
35.04167,-95.25,2.74155787797926e-10
35.04167,-94.625,6.00813340378573e-10
35.04167,-93.91667,4.39529752525455e-10
35.04167,-90.41667,7.43958820268756e-10
35.04167,-90.20833,8.68423514886788e-10
35.04167,-90.16667,1.30468670729344e-09
35.04167,-89.08333,1.14013287417467e-09
35.04167,-87.58333,1.06257882384576e-09
35.04167,-86.83333,7.63301212169851e-10
35.04167,-85.25,8.86850734259831e-09
35.04167,-84.83333,9.92365069056099e-10
35.04167,-83.95833,6.56716066735247e-10
35.04167,-83.66667,3.11449154409446e-10
35.04167,-82.66667,3.19137255614568e-10
35.04167,-82.20833,1.10090818323618e-09
35.04167,-81.875,1.73959045769505e-09
35.04167,-81.75,1.47684297277669e-09
35.04167,-80.75,7.90515743351236e-09
35.04167,-80.29167,2.64089956356664e-09
35.04167,-80.20833,1.09283338731484e-09
35.04167,-79.25,9.82815430602131e-10
35.04167,-78.58333,8.72419509332465e-10
35,-120.3333,4.39769885252403e-10
35,-117.5,6.59591151353166e-10
35,-116.5,4.20424648793527e-10
35,-116.4583,3.95277069800154e-10
35,-116.0833,3.37193356164859e-10
35,-114.25,4.07074470574267e-10
35,-113.4583,5.61461544552397e-11
35,-113.375,5.51903644341025e-11
35,-111.5833,6.3996408043409e-10
35,-111.4583,5.5291552942924e-10
35,-110.4167,3.94311700661613e-10
35,-110.0417,1.08136165273226e-10
35,-109.375,1.25169815242916e-10
35,-108.7917,1.28047411959557e-10
35,-107.4583,9.79613644732222e-11
35,-104.8333,1.08640991920938e-10
35,-102.2083,2.58448412579312e-11
35,-102.1667,3.55830904127968e-10
35,-101.5,5.30728391022362e-11
35,-100.5,7.51943390673979e-11
35,-99.91667,1.42696836513735e-10
35,-99.75,1.09916961955544e-10
35,-98.875,8.31525418654965e-11
35,-98.29167,7.1444857881748e-10
35,-98.20833,6.81380766591713e-10
35,-98.16667,1.92923586111949e-10
35,-97.91667,1.06216146551642e-09
35,-96.66667,1.29280916035101e-10
35,-96.58333,3.07086790093508e-10
35,-95.58333,1.1563430616323e-10
35,-95.54167,1.13149546032664e-10
35,-94.45833,2.80397731161045e-10
35,-93.75,3.57921154996171e-10
35,-92.75,2.32944850950164e-09
35,-90.83333,7.10265040440493e-10
35,-89.75,4.0407571669011e-09
35,-89.41667,3.7085947906853e-10
35,-88.08333,8.42591844702976e-10
35,-87.91667,5.24729354370933e-10
35,-87.625,3.44800742752597e-10
35,-86.95833,4.85745381746062e-10
35,-85.66667,2.13796616222044e-09
35,-83.20833,4.59860981577048e-10
35,-82.25,1.64340885467644e-09
35,-82,1.61148850902852e-09
35,-79.66667,6.79292951009189e-10
35,-78.33333,4.13050609060514e-09
35,-78,5.0703376153316e-10
35,-77.95833,5.06942537589061e-10
35,-76.08333,3.32152062617909e-08
34.95833,-119.2917,2.16738857795069e-10
34.95833,-117.625,2.58651908653396e-09
34.95833,-116.8333,5.77927656641699e-10
34.95833,-115.7083,3.08512812502308e-10
34.95833,-115.0417,4.07467216038191e-10
34.95833,-114.75,1.87693808374869e-10
34.95833,-113.5417,5.80718369808999e-11
34.95833,-112.5417,6.55611575610888e-10
34.95833,-108.6667,2.36471618561878e-10
34.95833,-108.4167,2.81207983643144e-11
34.95833,-107.7917,5.35636819361973e-11
34.95833,-106.5417,1.8023064370123e-09
34.95833,-105.8333,2.89474669055087e-10
34.95833,-105.7083,1.1563837915137e-10
34.95833,-105.625,1.23572369918606e-10
34.95833,-104.7917,1.06156972246586e-10
34.95833,-104.4583,2.0208972923977e-10
34.95833,-101.125,4.43319599702e-11
34.95833,-100.7083,1.12350671024059e-10
34.95833,-100.5417,1.12956108906687e-10
34.95833,-98.95833,9.05997905327947e-11
34.95833,-97.54167,2.32490706641008e-10
34.95833,-96.33333,2.88661327837016e-10
34.95833,-94.75,2.08824178126358e-10
34.95833,-94.70833,2.1711517988576e-10
34.95833,-93.125,9.77725595141939e-11
34.95833,-93,1.8249011260033e-10
34.95833,-92.70833,2.59112351833381e-09
34.95833,-90.79167,6.98699610604752e-10
34.95833,-90.70833,6.7782814667606e-10
34.95833,-90.33333,7.39922414470604e-10
34.95833,-86.25,1.01990558020323e-09
34.95833,-86.125,1.0711737780155e-09
34.95833,-84.625,3.10861439139684e-09
34.95833,-84.58333,2.32350723653638e-10
34.95833,-84.54167,2.50459797203938e-10
34.95833,-83.33333,5.40783553101074e-10
34.95833,-82.70833,6.39012865966046e-10
34.95833,-82.25,8.43517003487283e-09
34.95833,-81.625,1.07717894629836e-09
34.95833,-79.66667,1.43875177880486e-09
34.95833,-79.20833,8.58184037993276e-10
34.95833,-78.41667,7.11125075787742e-10
34.95833,-77.70833,2.28966025747962e-09
34.91667,-120.5833,1.19561499154672e-09
34.91667,-120.2917,2.83656145823648e-10
34.91667,-119.75,6.25452533104052e-10
34.91667,-118.9167,1.27162929048684e-10
34.91667,-118.625,1.12084165344796e-09
34.91667,-116.5833,1.95726931849755e-10
34.91667,-116.5417,1.82632313215191e-10
34.91667,-115.625,3.04690997719218e-10
34.91667,-113.9583,9.03999734623667e-11
34.91667,-111.625,9.65025695487895e-11
34.91667,-110.7083,2.57328647328762e-10
34.91667,-109.9583,1.20675089555833e-10
34.91667,-109.7917,1.06355731404239e-10
34.91667,-106.1667,5.0905542209913e-10
34.91667,-104.4167,2.02201042041705e-10
34.91667,-102.3333,1.01496682093974e-10
34.91667,-101.2917,4.54636913102029e-11
34.91667,-101.0833,2.48533151735027e-11
34.91667,-100.8333,9.16715708046259e-11
34.91667,-100.375,7.54006925288831e-11
34.91667,-98.70833,1.03710861177704e-10
34.91667,-98.16667,3.15330599476251e-10
34.91667,-97.91667,4.27629672514822e-10
34.91667,-96.54167,2.73679551699312e-10
34.91667,-94.875,1.67685069712471e-10
34.91667,-92.29167,1.48515845228722e-08
34.91667,-91.625,2.37035761414562e-10
34.91667,-90.45833,5.93458024602241e-10
34.91667,-89.58333,5.96486832060183e-10
34.91667,-87.95833,6.01734314373362e-10
34.91667,-83.58333,2.27892965593167e-10
34.91667,-83.5,3.12000359039345e-10
34.91667,-83.125,2.21744013399742e-10
34.91667,-82.875,4.52820306915959e-10
34.91667,-82.08333,2.45562835245026e-09
34.91667,-81.75,1.81676712142901e-09
34.91667,-80.25,1.1019784314221e-09
34.91667,-80.20833,1.02848874245389e-09
34.91667,-80.04167,1.33481849608119e-09
34.91667,-79.41667,5.11691240177558e-10
34.91667,-79.29167,6.78555037360117e-10
34.91667,-77.875,4.98844615428094e-10
34.875,-119.75,1.08524335013302e-10
34.875,-114.5,7.08517581480044e-10
34.875,-112.9583,5.93334400857544e-11
34.875,-110.7917,1.71193149098423e-10
34.875,-110.625,2.61118883132594e-10
34.875,-110,1.23982625990282e-10
34.875,-109.375,1.48757410149995e-10
34.875,-109.0833,1.42505131659649e-10
34.875,-108.9167,2.4282196245608e-10
34.875,-107.3333,3.83061493006367e-10
34.875,-105.0417,1.10293637138271e-10
34.875,-99.58333,6.77536520958686e-11
34.875,-98.5,2.5359344253184e-10
34.875,-95.70833,1.44484556820881e-10
34.875,-95.08333,1.07188600079928e-10
34.875,-94.83333,1.76223323420412e-10
34.875,-90.5,1.10032089851084e-09
34.875,-89.625,9.73766513299938e-10
34.875,-88.33333,6.65111254596239e-10
34.875,-87.95833,6.67267257120631e-10
34.875,-86.66667,1.42532403485307e-09
34.875,-85.58333,1.3695386494773e-09
34.875,-85.29167,6.39823427420093e-09
34.875,-84.875,3.38975350537133e-09
34.875,-84.375,8.38572263781935e-10
34.875,-84.16667,3.72740877460371e-10
34.875,-83.66667,2.89404670844217e-10
34.875,-82.20833,6.41741197267631e-09
34.875,-82,1.36452086077213e-09
34.875,-81.125,1.05358952550636e-09
34.875,-80.83333,1.01098390278818e-09
34.875,-80.33333,5.20223465544825e-10
34.875,-79.54167,1.4663452325622e-09
34.875,-79,1.39180854704069e-09
34.875,-78.25,6.74630076463877e-10
34.875,-76.33333,5.49746436229316e-10
34.83333,-120.4583,4.42489160808698e-09
34.83333,-120.25,3.51362925131869e-10
34.83333,-118.4167,4.53863052144932e-10
34.83333,-116.625,2.57338043779024e-10
34.83333,-114.7917,5.4399799042794e-10
34.83333,-114.625,1.76852618526497e-09
34.83333,-112.7083,8.10024281916638e-11
34.83333,-112.2917,3.60893555036391e-10
34.83333,-112.1667,3.56821023207163e-10
34.83333,-109.7917,1.07674886108773e-10
34.83333,-108.8333,2.39917705084656e-10
34.83333,-107.8333,2.96788034061641e-11
34.83333,-107.2917,1.30893886637753e-10
34.83333,-107.1667,1.57445476724794e-10
34.83333,-104.4167,1.01711099097736e-10
34.83333,-103.5,6.13266164048574e-11
34.83333,-102.4583,2.50777778987099e-10
34.83333,-100,5.7968779123059e-11
34.83333,-99.25,8.75717141451083e-11
34.83333,-99.16667,8.60772898478612e-11
34.83333,-97.95833,1.05056958632391e-10
34.83333,-97.5,3.53056441595692e-10
34.83333,-96.70833,1.78973168675069e-10
34.83333,-96,8.52950149600168e-10
34.83333,-94.79167,1.81531500255872e-10
34.83333,-91.29167,5.50294650209652e-10
34.83333,-90.79167,2.63777565298713e-10
34.83333,-90.58333,1.01167126570879e-09
34.83333,-88.79167,4.03685991140214e-10
34.83333,-87.70833,2.704887991187e-09
34.83333,-86.33333,5.15223678711982e-10
34.83333,-86.16667,3.21350001304289e-10
34.83333,-85.41667,1.04261081504008e-09
34.83333,-82.83333,4.032238941364e-10
34.83333,-81.54167,4.47569797015025e-10
34.83333,-80.95833,1.49178784822966e-09
34.83333,-79.04167,3.3157632240137e-09
34.83333,-77.29167,1.25974476150629e-09
34.83333,-77.125,7.2406071916878e-10
34.79167,-120.5833,4.7244449836339e-09
34.79167,-120.5417,5.10753567604409e-09
34.79167,-119.4167,2.32159419180095e-10
34.79167,-118.0417,9.51345648979319e-09
34.79167,-117.8333,4.30535516719863e-09
34.79167,-117.2083,5.28182952624419e-10
34.79167,-114.375,8.24542768650411e-10
34.79167,-113.7083,5.17648551048688e-11
34.79167,-113.625,4.83507841998239e-11
34.79167,-111.75,3.81789268060419e-10
34.79167,-111.0833,3.56990941501651e-10
34.79167,-110.7083,2.56842417806409e-10
34.79167,-109,2.49630530654827e-10
34.79167,-108.8333,2.39916197738544e-10
34.79167,-107.7917,4.26309892841522e-10
34.79167,-107.1667,9.2477217877896e-11
34.79167,-106.8333,1.95411223779631e-10
34.79167,-105.625,1.14859198567525e-10
34.79167,-105.2083,1.11082825939554e-10
34.79167,-104.4167,1.01817121396006e-10
34.79167,-104.0833,1.44260400721971e-10
34.79167,-104,1.48436257818386e-10
34.79167,-103.25,8.19966359648004e-12
34.79167,-102.4167,6.87166004746463e-11
34.79167,-99.33333,2.37302251748959e-10
34.79167,-98.04167,1.06021147028879e-10
34.79167,-98,1.03967023129377e-10
34.79167,-96.83333,1.95782883603019e-10
34.79167,-95.20833,6.32686594445244e-11
34.79167,-93.83333,4.05529813879886e-10
34.79167,-92.79167,4.4338422074359e-10
34.79167,-91.79167,9.83207594802948e-10
34.79167,-91.66667,7.46548210046588e-10
34.79167,-90.125,6.67509373079632e-10
34.79167,-90,7.91688983138238e-10
34.79167,-89.91667,8.11604167925338e-10
34.79167,-89.125,6.76353577849038e-10
34.79167,-86.29167,5.15592173043888e-10
34.79167,-85.54167,4.9029182485462e-10
34.79167,-85.41667,4.19035641279195e-10
34.79167,-83.83333,4.4280081408459e-10
34.79167,-83.41667,4.83448339661944e-10
34.79167,-82.125,1.97622884812386e-09
34.79167,-81.66667,6.73978944253006e-09
34.79167,-80.45833,1.12245662633604e-09
34.79167,-78.125,2.88836520577461e-10
34.75,-118.875,4.8771359162113e-10
34.75,-114.5833,1.59278474077691e-10
34.75,-113.9583,8.74755373319262e-11
34.75,-113.7917,7.20675632135106e-11
34.75,-113.2917,2.66194801620835e-10
34.75,-111.625,1.92527373049091e-10
34.75,-110.2083,6.18131506849833e-10
34.75,-110.0833,5.80057687209606e-10
34.75,-109.75,9.944565392606e-11
34.75,-109.6667,1.00893705629043e-10
34.75,-109.25,1.59842372509541e-10
34.75,-109.1667,1.54495467980356e-10
34.75,-108.75,2.34742809791196e-10
34.75,-107.8333,3.39165482306141e-10
34.75,-107.7083,4.38915224970258e-10
34.75,-105.9167,3.66207105296062e-10
34.75,-105.5,1.04685751102743e-10
34.75,-103.5417,6.47663488391444e-11
34.75,-103.375,1.85003674132198e-10
34.75,-103.1667,3.94783928169579e-11
34.75,-102.6667,7.3588760069767e-11
34.75,-102.3333,6.82603243489094e-11
34.75,-102.2917,6.92807881388796e-11
34.75,-101.7083,4.31242167027163e-11
34.75,-97.54167,2.24372837459248e-10
34.75,-97.16667,3.60973000159293e-10
34.75,-96.25,1.75009223186977e-10
34.75,-95.29167,3.46883114626105e-11
34.75,-95.25,6.1502762822552e-11
34.75,-93.75,6.58767777507267e-10
34.75,-91.83333,2.04923259529884e-09
34.75,-88,7.84684014081357e-10
34.75,-87.95833,8.61249082627934e-10
34.75,-86.66667,1.2501744576621e-08
34.75,-85.83333,8.25710002528189e-10
34.75,-85.41667,4.97706835298356e-10
34.75,-85.25,2.31822269405512e-09
34.75,-84.95833,1.20034404334488e-08
34.75,-83.08333,1.09142315288253e-09
34.75,-81.625,2.20323111804237e-09
34.75,-80.875,8.94408562773642e-10
34.75,-79.20833,7.61506232556678e-10
34.75,-78.5,4.42658228104404e-10
34.75,-77.5,3.17599382427504e-09
34.70833,-119.875,1.30941549645293e-10
34.70833,-118.2917,5.20707091566979e-10
34.70833,-117.125,2.57249625391133e-10
34.70833,-116.5,4.91928057287591e-10
34.70833,-116.3333,7.55319991503318e-10
34.70833,-116.2083,4.11486220310504e-10
34.70833,-114.25,1.1684744491987e-10
34.70833,-113.0417,5.66965177685062e-11
34.70833,-112.6667,1.25747809928868e-10
34.70833,-111.75,2.08889327346156e-10
34.70833,-108.4167,2.68694266953505e-11
34.70833,-108.1667,2.58144935058144e-11
34.70833,-105.9167,3.56017558275257e-10
34.70833,-105.75,1.1806460998591e-10
34.70833,-105.6667,1.10183768366836e-10
34.70833,-104,1.55217671035056e-10
34.70833,-101.9167,4.32575641545813e-11
34.70833,-100.4583,1.0261709926057e-10
34.70833,-99.125,1.59461816519712e-10
34.70833,-97.54167,2.15358170889596e-10
34.70833,-97.45833,2.97507506659984e-10
34.70833,-95.95833,1.07355180468126e-10
34.70833,-93.75,6.57851800335379e-10
34.70833,-92.16667,8.72007978917616e-10
34.70833,-91.58333,1.8818071002295e-10
34.70833,-91.20833,1.96704878478709e-10
34.70833,-90.20833,9.75138171454265e-10
34.70833,-87.66667,2.8155591068598e-09
34.70833,-87.54167,2.75718261134837e-09
34.70833,-85.83333,6.4212607533912e-10
34.70833,-85.20833,1.95586552516368e-09
34.70833,-82.5,1.78781145839409e-09
34.70833,-79.75,1.63334728776254e-09
34.70833,-79.29167,2.32532265050871e-09
34.70833,-78.79167,1.32490004674015e-09
34.70833,-78.5,3.60200875298517e-10
34.70833,-77.41667,2.66377547958996e-09
34.70833,-77.25,1.20382542897177e-09
34.66667,-117.875,1.05477280232072e-09
34.66667,-115.7917,3.18018261671992e-10
34.66667,-114.7083,4.39435570046769e-10
34.66667,-114.0417,9.0311105069749e-11
34.66667,-111.2083,1.00164610877478e-10
34.66667,-110.9167,3.30409261516194e-10
34.66667,-110.7917,5.53723348782099e-10
34.66667,-110.3333,9.88581465887168e-11
34.66667,-110.125,5.89067396271772e-10
34.66667,-109.25,1.74046359595104e-10
34.66667,-105.5833,1.06477538047106e-10
34.66667,-103.625,6.60689073894504e-11
34.66667,-103.1667,1.00930580073939e-10
34.66667,-102.5833,7.21054821255731e-11
34.66667,-102.4583,6.92510345036202e-11
34.66667,-101.5833,3.02909168463367e-11
34.66667,-100.9167,2.27424750521702e-11
34.66667,-100.5,1.00351750675024e-10
34.66667,-99.91667,5.87765683278726e-11
34.66667,-99.58333,8.6775571378853e-11
34.66667,-98.33333,1.06030414647602e-09
34.66667,-95.25,2.73439877631525e-11
34.66667,-92.83333,4.66403340388678e-10
34.66667,-92.5,2.50276171197214e-09
34.66667,-90.875,2.90398231812032e-10
34.66667,-90.5,2.6070856070074e-09
34.66667,-89.25,3.0650507078071e-10
34.66667,-89.125,3.6532237317333e-10
34.66667,-88.29167,6.94898767406595e-10
34.66667,-87.875,5.16304396760228e-10
34.66667,-86.04167,4.55744326972051e-09
34.66667,-85.625,1.32697705189849e-09
34.66667,-85.58333,6.97534547874713e-10
34.66667,-85.54167,3.18140274431684e-10
34.66667,-84.66667,1.90192799169306e-09
34.66667,-84.375,3.0734511821382e-10
34.66667,-84.20833,3.30850383715775e-10
34.66667,-82.33333,2.69875535657148e-09
34.66667,-81.20833,6.74123118224041e-10
34.66667,-80.66667,6.40119661611435e-10
34.66667,-79.375,1.796291141968e-09
34.66667,-78.5,4.20833605757039e-10
34.66667,-77.91667,4.02301270657089e-10
34.625,-119.875,7.20898375348038e-10
34.625,-119.5833,6.07115495297101e-10
34.625,-117.7083,1.07249436204826e-09
34.625,-116.9583,6.29645024435655e-10
34.625,-116.125,4.392793039327e-10
34.625,-114.9167,3.68159682082868e-10
34.625,-114.7917,3.94264058331513e-10
34.625,-113.9167,7.72785785558496e-11
34.625,-112.9167,2.46791652320329e-10
34.625,-112.7083,1.17324155167809e-10
34.625,-112.5417,1.28494925646478e-10
34.625,-111.125,9.4651147898703e-11
34.625,-110.6667,1.08517123099918e-10
34.625,-108.7083,2.29210004481193e-10
34.625,-108.4167,2.13701261098211e-10
34.625,-106.25,1.30131669462273e-10
34.625,-105.7083,4.2277456514989e-11
34.625,-103.5833,7.09080868602909e-11
34.625,-103.4583,1.57753806394662e-10
34.625,-103.4167,9.00461945360614e-11
34.625,-102.8333,9.45695842307537e-11
34.625,-102.7917,9.02986475761003e-11
34.625,-101.5417,2.91726554860303e-11
34.625,-101,2.25385018225306e-11
34.625,-100.875,9.90738646563396e-12
34.625,-100.625,3.50239672769717e-11
34.625,-100.2917,3.81495182568029e-11
34.625,-99.95833,5.63390332214989e-11
34.625,-99.45833,2.15572761476004e-10
34.625,-99.33333,8.98637695266773e-10
34.625,-99.25,2.36577332496007e-10
34.625,-97.875,2.2970971602674e-10
34.625,-97.58333,4.44346689660501e-10
34.625,-97.45833,1.91285017294764e-10
34.625,-94.125,1.11721805331306e-10
34.625,-93.08333,3.40685663628052e-10
34.625,-92.625,1.06135040524164e-09
34.625,-92.16667,7.76090127352334e-10
34.625,-90.375,6.57771872453056e-10
34.625,-89.33333,2.51517322336703e-10
34.625,-89.16667,3.41329259883918e-10
34.625,-88.20833,7.03910424968152e-10
34.625,-87.70833,7.77202740660131e-10
34.625,-87.08333,1.81607680559151e-09
34.625,-86.08333,2.03040584668522e-09
34.625,-84.75,2.11927757533474e-09
34.625,-84.33333,3.18565686838285e-10
34.625,-83.83333,9.20922773634693e-10
34.625,-81.875,2.39878484140722e-09
34.625,-81.25,6.16941289211579e-10
34.625,-79.95833,4.39112876254411e-10
34.625,-79.54167,1.75393538935445e-09
34.58333,-120.0417,8.65745404269347e-10
34.58333,-119.1667,2.98663724006679e-10
34.58333,-118.6667,1.23498405371928e-09
34.58333,-118.125,1.49539280313506e-08
34.58333,-116.625,9.93410889684618e-10
34.58333,-115.9583,6.82824253304062e-10
34.58333,-114.4167,1.137699933421e-10
34.58333,-114.3333,5.20685909183864e-10
34.58333,-113.9167,7.52523199376157e-11
34.58333,-111.9583,2.16929924170326e-10
34.58333,-110.875,8.59308610440755e-11
34.58333,-109.0833,1.57873918729718e-10
34.58333,-108.1667,2.07903653400759e-10
34.58333,-107.4583,2.94073210076769e-10
34.58333,-105.3333,8.99519805244727e-11
34.58333,-105.125,2.6449234247785e-11
34.58333,-103.6667,6.83116115197982e-11
34.58333,-103.5417,7.69704713258297e-11
34.58333,-103.4167,8.87609089755262e-11
34.58333,-101.75,5.90017788565539e-11
34.58333,-101.5833,2.87920545546805e-11
34.58333,-100.0833,2.80255689506781e-11
34.58333,-97.91667,7.9280311835579e-10
34.58333,-97.375,1.91066971162074e-10
34.58333,-97.25,2.20407780859805e-10
34.58333,-95.70833,3.15211814776179e-11
34.58333,-95.125,3.75995613373803e-10
34.58333,-86.83333,3.1284836011841e-09
34.58333,-85.75,1.14235637654081e-09
34.58333,-84.20833,4.88198816312099e-10
34.58333,-83.375,2.21370133607873e-09
34.58333,-83.04167,7.44859244452968e-10
34.58333,-82.375,1.66005137303633e-09
34.58333,-81.625,4.12478855531749e-10
34.58333,-80.95833,1.1352087480976e-09
34.58333,-79.70833,2.64310227092288e-09
34.58333,-79.5,3.58605612150398e-10
34.58333,-78.45833,3.51669516204298e-10
34.54167,-119.5833,6.839655350268e-10
34.54167,-119.2917,1.46323155857281e-10
34.54167,-118.4167,8.74365869136329e-09
34.54167,-117.7083,2.09245634000244e-09
34.54167,-117.4583,1.52213955833665e-08
34.54167,-116.8333,5.8568285965851e-10
34.54167,-109.7917,1.09018958464552e-10
34.54167,-107.4167,4.36757431375857e-11
34.54167,-105.0833,2.63053034123979e-11
34.54167,-104.2083,1.04529196805604e-10
34.54167,-103.5417,8.01431889131804e-11
34.54167,-103.375,1.22943405734943e-10
34.54167,-102.375,1.52931447535681e-10
34.54167,-100.2083,2.59772299833769e-11
34.54167,-99,5.79738960560408e-11
34.54167,-97.79167,1.83897550774155e-10
34.54167,-96.58333,8.43287142850858e-11
34.54167,-95.33333,8.83096113946268e-11
34.54167,-95,1.75193480216217e-10
34.54167,-94.58333,5.22968512636501e-11
34.54167,-93.5,2.64359535857057e-10
34.54167,-91.25,1.00670203636499e-10
34.54167,-90.5,1.90217721497877e-10
34.54167,-89.20833,6.28307852045206e-10
34.54167,-89,9.89058013390796e-10
34.54167,-87.75,3.83030089320326e-09
34.54167,-87.625,8.50604410129023e-10
34.54167,-87.5,7.90298750956762e-10
34.54167,-86.83333,1.28369642419927e-09
34.54167,-86.125,9.05117732377481e-10
34.54167,-84.29167,5.86275712869005e-10
34.54167,-83.33333,2.90403590268076e-09
34.54167,-83.04167,1.13371000999126e-09
34.54167,-82.70833,2.07553892639914e-09
34.54167,-80.25,1.47340649042958e-10
34.54167,-79.79167,1.83869138618225e-09
34.54167,-78.79167,9.81770098935648e-10
34.54167,-78.20833,2.49241451389093e-10
34.54167,-77.83333,4.57673790727334e-10
34.54167,-77.75,3.4113578118442e-10
34.54167,-77.54167,9.38570247524286e-10
34.5,-119.2083,1.65080920997021e-10
34.5,-118.4167,1.11878362302141e-08
34.5,-113.7083,4.81529865513714e-11
34.5,-113.5,4.46512445570006e-11
34.5,-112.0833,2.84439516760509e-10
34.5,-111.625,1.87087203758091e-10
34.5,-110.6667,6.26784083206215e-10
34.5,-109.8333,1.55937928354952e-10
34.5,-109.4583,1.90587446424521e-10
34.5,-109.25,2.07538683457112e-10
34.5,-109.0833,1.57480113887382e-10
34.5,-107.8333,2.20000062794775e-10
34.5,-107.375,4.38380521744954e-11
34.5,-106.5417,1.21087210297642e-10
34.5,-106.4583,8.31171749882265e-11
34.5,-105.1667,2.63869945457872e-11
34.5,-103.125,1.5786214376544e-10
34.5,-102.6667,8.35793690493555e-11
34.5,-102.125,5.26736720702365e-11
34.5,-101.2083,5.6221290470452e-11
34.5,-101.0833,5.59545364893854e-11
34.5,-100.9583,2.1676925588825e-11
34.5,-100,4.02470434806467e-11
34.5,-98,6.75556573728876e-10
34.5,-96.95833,8.4392767619312e-11
34.5,-95.375,8.9552015612601e-11
34.5,-95.08333,1.37043106674367e-10
34.5,-94.29167,3.4664102838736e-10
34.5,-94.20833,3.54102384091074e-10
34.5,-93.875,3.56728894953883e-10
34.5,-93.75,3.8696975929259e-10
34.5,-92.5,1.694279361719e-09
34.5,-90.75,2.61433150562304e-10
34.5,-90.33333,1.69423827729599e-10
34.5,-88.29167,2.77398211051928e-10
34.5,-87.04167,3.05837631502295e-09
34.5,-87,1.46906580905644e-09
34.5,-86.75,8.61321915449748e-10
34.5,-86.58333,1.70899559080171e-09
34.5,-85.70833,1.20584181513796e-09
34.5,-85.58333,5.1460918348605e-10
34.5,-85.375,3.33423713293075e-09
34.5,-85.04167,9.62070930379487e-10
34.5,-82.66667,9.96057143781564e-09
34.5,-82.16667,1.1700360651522e-09
34.5,-81.25,5.07480187853643e-10
34.5,-80.16667,2.46487354945016e-10
34.5,-79.54167,1.84807471507247e-09
34.5,-79,1.84444279444371e-09
34.45833,-117.9583,9.13227452178345e-10
34.45833,-117.0833,1.43488658000126e-09
34.45833,-116.875,6.37824492614576e-10
34.45833,-116,1.1795307964729e-09
34.45833,-115.2917,2.79623651099145e-10
34.45833,-114.875,3.13426022269225e-10
34.45833,-113.25,2.72190612293999e-10
34.45833,-112.9583,4.60037672214723e-11
34.45833,-110.5833,2.0874868399078e-10
34.45833,-108.5833,3.15484165576286e-11
34.45833,-108.0417,2.02126236622399e-10
34.45833,-105.6667,4.24554817783997e-11
34.45833,-105.25,2.6812299815565e-11
34.45833,-104.5833,8.90353370859327e-11
34.45833,-103.2083,1.60231997089916e-09
34.45833,-103.1667,5.96276762965353e-10
34.45833,-103.0417,2.86378274888853e-10
34.45833,-100.5,1.12557932722299e-11
34.45833,-100.125,2.62295125391055e-11
34.45833,-99.66667,6.59327006453918e-11
34.45833,-99.33333,3.41079980506629e-10
34.45833,-99,7.24221233838025e-11
34.45833,-98.79167,1.19581809530712e-10
34.45833,-98.54167,4.41179008208209e-10
34.45833,-98.5,3.58178436533174e-10
34.45833,-95.75,2.10034568078058e-10
34.45833,-95.375,9.02589352582706e-11
34.45833,-95.25,9.81007895228041e-11
34.45833,-94.79167,3.00079447445036e-10
34.45833,-90.83333,1.03607001594002e-10
34.45833,-88.95833,1.06649343001779e-09
34.45833,-87.125,7.9150487051114e-10
34.45833,-84.75,1.1997898364387e-09
34.45833,-84.29167,6.95093360145981e-10
34.45833,-84.20833,6.9868090322561e-10
34.45833,-83.875,9.20269405285124e-10
34.45833,-82.75,2.41920467638512e-09
34.45833,-82.29167,7.10541488532438e-10
34.45833,-82.20833,8.07847328274261e-10
34.45833,-79.79167,2.7339563233731e-10
34.45833,-79.75,6.93776196989708e-10
34.45833,-79.375,3.23334608142525e-09
34.45833,-79.25,1.30719197822166e-09
34.45833,-78.58333,5.9688195844552e-10
34.41667,-119.375,8.00030906796347e-10
34.41667,-119.1667,1.65535084426451e-09
34.41667,-119,2.61143643347066e-09
34.41667,-118.875,1.76405460059452e-09
34.41667,-118.1667,9.30212779849433e-10
34.41667,-117.125,1.44139851133611e-09
34.41667,-116.7083,4.09506815315159e-10
34.41667,-116.625,7.66696593543053e-11
34.41667,-116.1667,1.70902410449604e-09
34.41667,-114.4167,3.99767918073536e-10
34.41667,-112.625,6.59148547592486e-11
34.41667,-112.1667,6.56018651955366e-10
34.41667,-111.9583,6.58905654337009e-11
34.41667,-111.2917,5.19047914748095e-11
34.41667,-108.7083,3.23022617645886e-11
34.41667,-107.5833,2.4491341707481e-10
34.41667,-107.0833,3.36555083189045e-10
34.41667,-106.5833,7.5893218894019e-10
34.41667,-101.9167,2.76724769646117e-11
34.41667,-101,3.78872860609454e-11
34.41667,-100.7083,1.7190058420575e-10
34.41667,-95.54167,6.55129138488487e-11
34.41667,-95.5,6.5433674838e-11
34.41667,-91.375,1.42875242333757e-10
34.41667,-90.875,9.74625020569175e-11
34.41667,-90.29167,2.85890383665066e-10
34.41667,-90.25,2.9362069739558e-10
34.41667,-89.70833,5.641377670743e-10
34.41667,-87.83333,3.41773271154664e-10
34.41667,-87.20833,7.8304555743718e-10
34.41667,-87.04167,5.25872316781682e-10
34.41667,-85.08333,3.34749967360363e-09
34.41667,-84.66667,8.38258446026327e-10
34.41667,-84.625,8.48519922821276e-10
34.41667,-83.91667,1.3542369611337e-09
34.41667,-83.08333,5.68162149594175e-10
34.41667,-82.54167,1.5177450968817e-09
34.41667,-79.58333,1.5410084846016e-09
34.41667,-78.83333,1.10735235746936e-09
34.41667,-78.625,7.40945915020068e-10
34.41667,-78.58333,6.43575732936715e-10
34.41667,-77.83333,6.50876009855302e-10
34.41667,-77.70833,8.17955499431293e-10
34.375,-119.875,3.5145829274443e-08
34.375,-119.7083,3.71264665524725e-08
34.375,-119.4583,1.07775035562792e-09
34.375,-118.4583,4.88489432714158e-10
34.375,-118,3.13562555150657e-10
34.375,-117.6667,5.81959173812292e-10
34.375,-116.5833,7.96986526732616e-11
34.375,-114.7917,3.04344525002971e-10
34.375,-110.2917,2.54308944554177e-10
34.375,-109.9167,1.6012369566491e-10
34.375,-107.1667,3.07013628048205e-10
34.375,-105.6667,4.13404770203638e-11
34.375,-105.4167,3.72778255849529e-11
34.375,-105,2.59440530170825e-11
34.375,-103.7083,8.46108904559824e-11
34.375,-103.375,1.65688198725103e-10
34.375,-102.4583,3.9941898539128e-11
34.375,-100.9167,2.73211869952106e-11
34.375,-100.375,2.31953272910735e-11
34.375,-98.04167,3.60871319768484e-10
34.375,-97.54167,4.13498013111201e-10
34.375,-92.95833,5.98068394359834e-10
34.375,-92.5,7.14471891193541e-10
34.375,-92.125,1.22124199529891e-09
34.375,-91.58333,3.16860300973753e-10
34.375,-91.25,1.50875850693119e-10
34.375,-88.25,9.23211567085629e-10
34.375,-87.58333,7.37690425742842e-10
34.375,-87.45833,7.24647704337962e-10
34.375,-87.04167,1.36352895354044e-09
34.375,-85.20833,9.41944580599742e-10
34.375,-84.625,6.03116286596045e-10
34.375,-83.08333,1.07023439985849e-09
34.375,-82.45833,7.31136062831551e-10
34.375,-82.29167,5.03647644961294e-10
34.375,-82.20833,7.85039498822669e-10
34.375,-79.5,5.85534633892635e-10
34.375,-78.91667,1.14085917001036e-09
34.375,-77.70833,8.45480968325983e-10
34.33333,-119,8.49415168137828e-09
34.33333,-118.4583,7.35577012278937e-10
34.33333,-118.125,7.51273346085276e-10
34.33333,-117.8333,9.57177549965709e-11
34.33333,-117.4583,1.07943480451792e-08
34.33333,-116.375,1.17252263213135e-10
34.33333,-116.2083,1.68911483024275e-09
34.33333,-116,1.31396406794378e-09
34.33333,-115.4583,4.26368566313959e-11
34.33333,-115.25,2.73235504205661e-10
34.33333,-115.1667,2.72225550354085e-10
34.33333,-113.9583,6.47530029948528e-11
34.33333,-108.875,2.25461941192885e-10
34.33333,-108.625,3.07762675245768e-11
34.33333,-108.5,2.98953623338099e-11
34.33333,-108.375,2.91610128413692e-11
34.33333,-106.9167,3.2705789508302e-10
34.33333,-105.7083,4.16204732671253e-11
34.33333,-105.1667,3.46599080801705e-11
34.33333,-104.4167,9.56586155639606e-11
34.33333,-101.5,3.9253594039101e-11
34.33333,-100.8333,2.74434796243718e-11
34.33333,-100.7083,1.71635265084047e-10
34.33333,-96.04167,1.35815732494102e-10
34.33333,-95.91667,1.12326861666586e-10
34.33333,-94.16667,6.55413628023385e-10
34.33333,-93.95833,2.09082553506771e-10
34.33333,-92.54167,3.9221479542677e-10
34.33333,-92.29167,4.18291839555092e-10
34.33333,-91.83333,2.5764979254216e-10
34.33333,-91.29167,1.86872372947042e-10
34.33333,-91.20833,1.5573769438824e-10
34.33333,-90.54167,2.18327000152958e-10
34.33333,-90.16667,2.32566729178695e-10
34.33333,-87.66667,8.64288332805427e-10
34.33333,-87.5,8.16625006249667e-10
34.33333,-86.25,1.42822307189488e-09
34.33333,-86.04167,1.23988764515145e-09
34.33333,-82.25,7.94918741473885e-10
34.33333,-81.29167,5.97795798506145e-10
34.33333,-80.625,7.93330157161615e-10
34.33333,-80.45833,1.90399021852361e-09
34.33333,-80.20833,1.76508571317979e-09
34.33333,-79.375,8.5007375139812e-10
34.33333,-78.125,1.54076076564463e-09
34.29167,-118.0417,3.8348199547663e-10
34.29167,-115.2083,2.71527557391313e-10
34.29167,-114.7917,2.88721323809083e-10
34.29167,-114.625,3.09647586599621e-10
34.29167,-114.5417,3.20079128555266e-10
34.29167,-114.4167,3.33055422377338e-10
34.29167,-113.8333,1.1117492090096e-10
34.29167,-111.7917,4.28818903737924e-10
34.29167,-111.0833,4.24759893183111e-11
34.29167,-109.5833,1.07137239853775e-10
34.29167,-108.75,3.13666496817982e-11
34.29167,-108.6667,3.06733142592538e-11
34.29167,-108.1667,1.90051298663267e-10
34.29167,-107.0833,2.93804985930547e-10
34.29167,-105.375,3.63099837175243e-11
34.29167,-104.9583,3.41784047350989e-11
34.29167,-104.8333,4.58942603135935e-11
34.29167,-103.6667,1.64113895720999e-10
34.29167,-99.83333,5.20065782231336e-11
34.29167,-97.95833,2.1237628836146e-10
34.29167,-97.66667,1.88152311197382e-10
34.29167,-97.54167,1.68443580826398e-10
34.29167,-96.79167,2.93395630820003e-10
34.29167,-94.41667,7.78200476611854e-11
34.29167,-94.33333,7.75875120476194e-11
34.29167,-93.375,2.60117442927689e-10
34.29167,-92.04167,2.60968803508446e-09
34.29167,-91.875,1.6196259830941e-10
34.29167,-91.83333,1.52060019743877e-10
34.29167,-91.375,2.72620242933952e-10
34.29167,-91.04167,5.97921844532665e-10
34.29167,-90.75,4.79591272809549e-10
34.29167,-90.375,2.298936476562e-10
34.29167,-89.5,7.17067140027792e-10
34.29167,-87.625,2.21834574419761e-09
34.29167,-85.54167,7.48828971854013e-10
34.29167,-85.16667,2.18816707862015e-09
34.29167,-81.41667,5.37358336194985e-10
34.29167,-79.5,1.6189074262314e-09
34.25,-118.625,1.23177726375061e-08
34.25,-118.125,1.58289557314645e-08
34.25,-116.9167,1.20135614135687e-09
34.25,-116.8333,1.60067803352276e-09
34.25,-116.7083,4.53916237845719e-09
34.25,-115.9167,7.81609422274637e-11
34.25,-115,2.66030946570172e-10
34.25,-112.125,3.39047943968552e-10
34.25,-111.8333,4.21103312522318e-10
34.25,-111.1667,1.8801357611403e-10
34.25,-110,4.13552852190803e-10
34.25,-109.5417,3.55362169189491e-11
34.25,-108.375,2.84517457035667e-11
34.25,-108,1.89080210870085e-10
34.25,-107.4583,3.50233523333933e-11
34.25,-106.7083,3.07229170997951e-10
34.25,-106.25,3.2942019898285e-11
34.25,-106,2.98795429139597e-11
34.25,-105.625,3.97114648346189e-11
34.25,-103.5417,4.08534321380542e-11
34.25,-103.375,9.93182062250789e-11
34.25,-102.9583,2.51832279761865e-10
34.25,-101.125,3.92805380508292e-11
34.25,-98.95833,3.71342672495079e-11
34.25,-98.45833,3.93997190312677e-10
34.25,-97.625,1.24853371759699e-10
34.25,-96.54167,1.21665471707714e-10
34.25,-95.95833,1.2806287479881e-10
34.25,-94.375,2.22221591028715e-10
34.25,-92.29167,5.92382786228573e-10
34.25,-91.625,3.29495107445804e-10
34.25,-91.29167,4.90177507837546e-10
34.25,-89.91667,3.79503300097279e-10
34.25,-87.54167,2.55244761608011e-09
34.25,-86.66667,1.13040093979903e-09
34.25,-86.54167,5.09564489129792e-10
34.25,-84.625,1.19621014704046e-09
34.25,-83.5,1.95389767327935e-09
34.25,-82.875,1.4664251945338e-09
34.25,-82.33333,4.73124078341979e-10
34.25,-81.875,8.21387186581928e-10
34.25,-80.625,1.39620488478835e-09
34.25,-80.25,1.78395178972305e-09
34.25,-80,1.39486442729842e-09
34.25,-79.20833,1.06950958531407e-09
34.25,-77.95833,9.627583010796e-09
34.20833,-119.0833,1.3226179340556e-08
34.20833,-117.2083,3.09177789504502e-09
34.20833,-117.0833,7.09527503490315e-10
34.20833,-114.75,2.78956637302387e-10
34.20833,-114.5417,2.97402960605726e-10
34.20833,-114.1667,2.38401525502551e-10
34.20833,-113.4167,2.33339215756726e-11
34.20833,-111.3333,2.20296793929352e-10
34.20833,-109.4167,4.71145372881464e-11
34.20833,-109.125,3.30865727047148e-10
34.20833,-108.7083,3.0040537822577e-11
34.20833,-108.5,2.87269620624377e-11
34.20833,-108.4583,2.85015435883843e-11
34.20833,-107.625,3.15128497129993e-11
34.20833,-107,7.11778626461789e-11
34.20833,-106.6667,2.93240321921606e-10
34.20833,-106.625,2.93108407865382e-10
34.20833,-105.1667,3.44593792749125e-11
34.20833,-104.8333,4.61168908555522e-11
34.20833,-101.6667,8.53648640915002e-11
34.20833,-101.5,2.49851481128813e-11
34.20833,-98.33333,4.63719469795391e-10
34.20833,-97.66667,1.2618704810515e-10
34.20833,-97.41667,4.47673804910419e-10
34.20833,-97.08333,3.64875509618468e-10
34.20833,-96.5,7.02037928805035e-11
34.20833,-96.29167,9.98455546887198e-11
34.20833,-96.125,8.26161591118131e-11
34.20833,-95.33333,1.48377282330442e-10
34.20833,-93.20833,2.46552522474284e-10
34.20833,-92.75,3.58080656381451e-10
34.20833,-92.29167,4.64985474513622e-10
34.20833,-92.125,9.24779636600614e-10
34.20833,-91.08333,1.09475739278352e-10
34.20833,-90.91667,7.02621922904506e-10
34.20833,-89.125,4.93918470483862e-10
34.20833,-88.33333,6.06266714089932e-10
34.20833,-86.91667,1.84503762959494e-09
34.20833,-86.625,1.06225039295568e-09
34.20833,-86.54167,1.40262988542156e-09
34.20833,-85.16667,3.86255866249439e-09
34.20833,-84.33333,2.41796150241991e-09
34.20833,-84.16667,9.04609674236858e-09
34.20833,-83.04167,1.93134325987623e-09
34.20833,-79.91667,1.17023458002174e-09
34.20833,-78.79167,1.20609468028676e-09
34.20833,-78.625,6.78535371239336e-10
34.20833,-77.91667,1.2340161749171e-08
34.16667,-118.7083,1.79648304679879e-08
34.16667,-118.5,3.2654870974109e-08
34.16667,-116.5833,4.09956396914347e-10
34.16667,-115.8333,7.40471417701207e-11
34.16667,-115.625,5.29203866844906e-11
34.16667,-115,2.67047233864045e-10
34.16667,-113.125,3.01963179631882e-10
34.16667,-112.0417,4.30661395440665e-11
34.16667,-111.9167,4.09347242203727e-11
34.16667,-111.8333,4.01958264024998e-10
34.16667,-111.5417,1.18558739763187e-10
34.16667,-109.4167,3.24707574039567e-11
34.16667,-107.1667,3.73376421505303e-11
34.16667,-106.2917,3.08877087320692e-11
34.16667,-105.7917,4.14431240801367e-11
34.16667,-105.4167,3.6450064155848e-11
34.16667,-104.9167,4.58411664535661e-11
34.16667,-101.4167,1.46181235420744e-10
34.16667,-101,9.21359263636466e-11
34.16667,-98.41667,4.28143138320897e-10
34.16667,-96.75,9.47946878016352e-11
34.16667,-96.04167,9.64463955558722e-11
34.16667,-95.16667,2.93013030416367e-10
34.16667,-94.66667,9.57414999213358e-10
34.16667,-94.625,5.70606099963469e-10
34.16667,-94.45833,4.35640916374873e-10
34.16667,-94.125,1.95931162491674e-10
34.16667,-94,1.83043582905966e-10
34.16667,-93.41667,2.80093503334526e-10
34.16667,-93.33333,2.27618722824207e-10
34.16667,-93.16667,2.04130606778037e-10
34.16667,-92.16667,5.19322405095606e-10
34.16667,-91,8.11945184624301e-10
34.16667,-90.58333,1.57492005925542e-10
34.16667,-88.04167,9.19750330932511e-10
34.16667,-87.83333,8.22310073440632e-10
34.16667,-86.5,9.75356619272008e-10
34.16667,-86.125,1.63206488596087e-09
34.16667,-85.04167,1.83317658097554e-09
34.16667,-85,1.4143200317108e-09
34.16667,-81.625,2.82621072629833e-10
34.16667,-80.79167,1.82962313896555e-09
34.16667,-80.08333,1.17715719696597e-09
34.16667,-79.45833,5.00132595904512e-10
34.16667,-77.83333,8.0355340641112e-09
34.125,-118.5417,1.63041265043068e-08
34.125,-118.25,2.99299811353665e-08
34.125,-118.0417,3.25862286394353e-08
34.125,-116.9583,3.0441271897711e-10
34.125,-116.4167,1.42600536822482e-09
34.125,-115.6667,5.59662702500243e-11
34.125,-115.1667,3.97511889896388e-11
34.125,-112.4583,6.02821514677753e-11
34.125,-107.9167,2.83030575522313e-11
34.125,-106.75,2.6741343141928e-10
34.125,-105.7917,4.1094736136365e-11
34.125,-105.125,4.63031802423572e-11
34.125,-104.9167,4.59098486238704e-11
34.125,-104.0833,4.39726730700503e-11
34.125,-101.7917,2.71397379357454e-10
34.125,-101.2917,4.1827369888994e-11
34.125,-100.1667,2.54245777945427e-11
34.125,-98.33333,1.23290375643128e-10
34.125,-97.45833,3.14343180658978e-10
34.125,-97.125,9.3641237906899e-10
34.125,-96.54167,2.44806198135003e-10
34.125,-96.08333,9.02409951706685e-11
34.125,-95.91667,9.36563903366725e-11
34.125,-95.375,3.19020479780039e-10
34.125,-88.29167,2.53214318185662e-10
34.125,-88.125,2.86112328533556e-10
34.125,-86.875,3.61833692619037e-09
34.125,-86.83333,4.0248776699543e-09
34.125,-86.54167,9.16949615456152e-10
34.125,-86.125,1.51235479738069e-09
34.125,-85.16667,5.18453261271996e-09
34.125,-85.125,4.59915849020165e-09
34.125,-85.04167,1.760664145618e-09
34.125,-84.95833,1.51151936665593e-09
34.125,-82.08333,8.49831498268197e-10
34.125,-81.41667,2.13271191160427e-09
34.125,-80.66667,1.09991294670039e-09
34.08333,-118,1.85404431551694e-08
34.08333,-117.25,1.91002656143544e-08
34.08333,-116.7083,2.03523768185565e-10
34.08333,-114.4167,1.2816519736258e-10
34.08333,-114.1667,1.00255645863507e-10
34.08333,-110.375,2.93004366093731e-10
34.08333,-108.6667,2.83078891017649e-11
34.08333,-108.625,2.80909501972962e-11
34.08333,-107.875,2.81890442121249e-11
34.08333,-107.2917,3.34971544736458e-11
34.08333,-106.7917,2.55843319536368e-10
34.08333,-106.5,2.55459179621922e-10
34.08333,-106.0833,2.85889540033412e-11
34.08333,-104.9583,4.58728502114072e-11
34.08333,-104.5417,9.33773706666962e-11
34.08333,-104.0833,1.09328486125214e-10
34.08333,-103.7917,4.61545259698619e-11
34.08333,-103.7083,4.7195170176785e-11
34.08333,-103.0833,6.22811975074534e-11
34.08333,-98.375,1.74755275108758e-10
34.08333,-97.58333,1.5550142366258e-10
34.08333,-94.875,1.21029573171493e-10
34.08333,-91.91667,2.19549036184528e-10
34.08333,-91.25,1.197368765192e-10
34.08333,-90.54167,1.08785606171883e-10
34.08333,-89.16667,1.40082973089449e-09
34.08333,-88.5,3.62605551706924e-10
34.08333,-86.83333,1.74942014092244e-09
34.08333,-86.375,1.14720365203886e-09
34.08333,-85.91667,3.74500142863682e-10
34.08333,-84.75,7.76013408526911e-09
34.08333,-84.41667,1.57100392034852e-08
34.08333,-83.5,1.17599793671681e-09
34.08333,-82.16667,2.98651825399667e-10
34.08333,-81.95833,3.78374788044191e-10
34.08333,-81.5,6.94177214670678e-10
34.08333,-80.04167,6.75474455224408e-10
34.08333,-79.54167,4.07835632218848e-10
34.04167,-119.5417,5.17040111917613e-09
34.04167,-118.25,8.3796588257184e-08
34.04167,-117.7083,2.32800742556511e-08
34.04167,-117.2917,9.60582440697273e-09
34.04167,-116.0833,4.84433491811409e-10
34.04167,-115.7917,6.5995222860687e-11
34.04167,-115.625,5.20542152104726e-11
34.04167,-113.5417,2.30719348730383e-11
34.04167,-111.4583,1.68893646340043e-10
34.04167,-110.5833,2.91767505290174e-10
34.04167,-107.2917,3.26809101080305e-11
34.04167,-104.8333,3.30552302955604e-11
34.04167,-103.9583,4.02387244502941e-11
34.04167,-103.625,4.51357063635077e-11
34.04167,-103.375,6.7473796012652e-11
34.04167,-99.70833,4.82700604986341e-11
34.04167,-98.125,1.27659622773025e-10
34.04167,-95.16667,3.54156139710989e-10
34.04167,-94.33333,1.24291478212602e-09
34.04167,-92.08333,6.1000628544926e-10
34.04167,-89.70833,2.17281880521477e-10
34.04167,-89.29167,1.15548521814194e-09
34.04167,-89,1.18741501360526e-09
34.04167,-88.75,1.57554822576641e-09
34.04167,-88.54167,3.86969699947687e-10
34.04167,-88,2.51881846213481e-10
34.04167,-87.54167,8.62815678723783e-10
34.04167,-86.66667,1.25993105279498e-09
34.04167,-86.125,2.04670435915037e-09
34.04167,-85.125,1.59358896574751e-09
34.04167,-84.375,2.08477976563748e-08
34.04167,-81.20833,8.17704354264881e-09
34.04167,-78.95833,1.1497658991207e-09
34.04167,-78.54167,2.33808594441512e-10
34.04167,-78.25,3.76269314194108e-10
34,-120.0417,8.35314221495378e-10
34,-117.5833,8.7957684955431e-09
34,-117.2917,1.03152860072571e-08
34,-116.8333,2.54369969893848e-10
34,-116.6667,3.66231697969651e-10
34,-116.5,2.36139417619684e-09
34,-115.375,3.34142485258347e-10
34,-114.875,2.79903011488658e-10
34,-112.8333,6.0946905133499e-11
34,-112.1667,2.59716628044782e-10
34,-112,7.99043980007478e-10
34,-110.5,5.42988178866457e-10
34,-110.4583,5.4088487009904e-10
34,-109.7083,9.35211086713609e-11
34,-109.125,6.08436190689772e-11
34,-108.9583,2.86869731213339e-11
34,-108.5417,2.8381467892243e-11
34,-108.5,2.8202670826954e-11
34,-105.0417,3.258649087128e-11
34,-104.9583,3.26129145437383e-11
34,-103.125,1.22232760832869e-10
34,-101.6667,9.98012680669245e-11
34,-101.4167,4.63165599893894e-11
34,-101.2917,4.33172760729441e-11
34,-100.4583,2.39296624354778e-11
34,-99.25,4.14271211574923e-11
34,-99.125,4.22533108477517e-11
34,-98.83333,1.15279425675995e-10
34,-98.66667,4.0246982609997e-10
34,-98.625,4.20738687850674e-10
34,-98.20833,4.70195664085956e-10
34,-97.91667,2.34367514756435e-10
34,-97.16667,2.37816573812189e-10
34,-96.54167,2.13356527107151e-10
34,-95.625,2.77677026365877e-10
34,-94.125,2.32596720233568e-10
34,-92.625,1.97496390207634e-10
34,-91.91667,3.43274873227489e-10
34,-91.875,3.41470810509985e-10
34,-91.66667,1.82147280419579e-10
34,-91.41667,1.24580597146062e-10
34,-89.125,9.59590792452307e-10
34,-89,6.07573878670716e-10
34,-88.58333,4.90518923502699e-10
34,-84.91667,7.65404002495924e-10
34,-81.29167,6.84254271727552e-09
34,-78.91667,1.25529646545959e-09
34,-78.66667,6.55150345134913e-10
33.95833,-117.5,8.05746821306899e-09
33.95833,-116.75,9.14640208633599e-10
33.95833,-115.625,5.27399566064219e-11
33.95833,-115.375,3.52677920364784e-10
33.95833,-113.9167,1.27946938401343e-10
33.95833,-113.875,1.24021064449539e-10
33.95833,-112.8333,1.25083203143725e-10
33.95833,-111.0833,4.57395011052015e-11
33.95833,-110.375,2.673288861249e-10
33.95833,-108.0417,2.73053100811803e-11
33.95833,-107.875,2.77630421468124e-11
33.95833,-107.5,2.94729002068152e-11
33.95833,-104.7083,3.42460624389451e-11
33.95833,-102.5833,4.31429664216476e-11
33.95833,-102.2917,5.02854120931499e-11
33.95833,-102.25,5.1533018294789e-11
33.95833,-101.2083,4.22358939041375e-11
33.95833,-100.125,2.50145781997969e-11
33.95833,-100.0417,3.94106500129253e-11
33.95833,-99.375,3.70125809186603e-11
33.95833,-98.875,1.05052888845878e-10
33.95833,-98.16667,1.7092163712888e-10
33.95833,-92.91667,1.21079247722203e-10
33.95833,-89.79167,1.93951088262807e-10
33.95833,-89.625,4.48578910745955e-10
33.95833,-87.95833,1.07619786755609e-09
33.95833,-86.5,6.01011241646563e-10
33.95833,-86,4.90436264082261e-10
33.95833,-85.125,1.88294053836993e-09
33.95833,-84.04167,9.29899575893753e-09
33.95833,-83.79167,1.79779934180719e-09
33.95833,-83.625,1.90561833808142e-09
33.95833,-82.79167,4.14020270319754e-10
33.95833,-82.29167,3.40172734253874e-10
33.95833,-82.25,3.47267101363242e-10
33.95833,-80.83333,2.38515531560694e-09
33.95833,-80.54167,1.07992998505146e-09
33.95833,-78.375,6.10237470846748e-10
33.95833,-78.29167,7.35142878876672e-10
33.91667,-120.1667,6.85691968527801e-10
33.91667,-118.375,1.86616431813052e-07
33.91667,-116.5,1.74657547447106e-09
33.91667,-116.1667,5.92529443604998e-10
33.91667,-115.9167,4.62884106898502e-10
33.91667,-114.125,1.06750393688007e-10
33.91667,-108.5417,1.76185770779622e-10
33.91667,-107.2917,3.11494764452519e-11
33.91667,-103.0833,5.48545857784564e-11
33.91667,-102,1.18650034225453e-10
33.91667,-101.2083,4.2581248293922e-11
33.91667,-101,2.41356601119529e-11
33.91667,-100.875,2.35598490787754e-11
33.91667,-100.625,1.71544468496676e-10
33.91667,-97.58333,1.41398325784666e-10
33.91667,-97.45833,4.60365406577893e-10
33.91667,-95.375,3.40012768146558e-10
33.91667,-94.20833,2.25081793675287e-10
33.91667,-93.41667,5.40881381527905e-10
33.91667,-87.58333,1.64529429110734e-09
33.91667,-86.375,5.81788858896805e-10
33.91667,-86.04167,8.73768064943342e-10
33.91667,-84.45833,1.41215678228205e-08
33.91667,-83.83333,3.35349802709597e-09
33.91667,-83.75,2.11984452204596e-09
33.91667,-83,6.17665929663043e-10
33.91667,-82.625,3.49647223104233e-10
33.91667,-82.5,3.09019270398151e-10
33.91667,-81.5,1.2029185291042e-09
33.91667,-81.04167,5.71895804653696e-09
33.91667,-80.54167,5.97248096361706e-10
33.875,-120.0833,6.9022548639969e-10
33.875,-117.9167,2.83782243206076e-08
33.875,-117.6667,1.36163566959659e-08
33.875,-117.5833,3.34571820688151e-08
33.875,-114.875,2.97837907319229e-10
33.875,-113.625,2.23798609610264e-11
33.875,-111.75,4.78700027683438e-10
33.875,-111.375,1.01507005242891e-10
33.875,-109.4583,2.11640981334015e-10
33.875,-109.25,5.66858757215187e-11
33.875,-107.5417,2.84811353641331e-11
33.875,-107.4167,2.95045447055456e-11
33.875,-106.5833,2.44399588520836e-10
33.875,-105.75,4.04717557422514e-11
33.875,-105.4167,2.59388154599756e-11
33.875,-104.9583,3.26065447010223e-11
33.875,-104.6667,3.475326169829e-11
33.875,-103.2083,5.32422877741508e-11
33.875,-102.625,3.00152649006967e-11
33.875,-102.4583,6.61650420058727e-11
33.875,-101.5,2.77049602039134e-11
33.875,-101.2917,4.46957980669932e-11
33.875,-101.0833,4.12307387486551e-11
33.875,-96.79167,4.67607358874006e-10
33.875,-94.41667,1.23997646811867e-10
33.875,-94.04167,2.66456071489232e-10
33.875,-91,2.48468357686557e-10
33.875,-89,3.9291002080932e-10
33.875,-87.25,4.0075428179398e-09
33.875,-86.33333,4.95681246340559e-10
33.875,-85.625,1.68139002618307e-09
33.875,-85.04167,1.00394901405689e-09
33.875,-84.91667,6.36011471162772e-10
33.875,-84.125,1.0201411591086e-08
33.875,-83.33333,2.71427777413251e-09
33.875,-83.25,1.01715301868881e-09
33.875,-83.16667,1.15628974493725e-09
33.875,-83.125,1.57285392624076e-09
33.875,-82.70833,2.84920261440028e-10
33.875,-82.375,3.6496177339143e-10
33.875,-80.5,6.36904655748705e-10
33.875,-79.375,4.12393587236231e-10
33.875,-79.125,1.97474472766833e-09
33.83333,-115.125,3.20321903952048e-10
33.83333,-114,1.32773833395847e-10
33.83333,-113.7083,2.42111171368774e-10
33.83333,-112.5833,2.28945323708948e-10
33.83333,-112.2083,1.6939231166882e-09
33.83333,-111.875,6.53155227602587e-10
33.83333,-109.375,2.01828402128057e-10
33.83333,-108.2917,2.68251462823439e-11
33.83333,-107.875,2.78541758907251e-11
33.83333,-106.875,2.28810511633585e-10
33.83333,-106.8333,2.31396257716858e-10
33.83333,-106.5417,2.45459082321984e-10
33.83333,-106.0833,2.49862457568342e-10
33.83333,-105.6667,4.1002702104332e-11
33.83333,-104.3333,3.71576704063278e-11
33.83333,-103.875,3.56660985036645e-11
33.83333,-103.7917,3.55354764095417e-11
33.83333,-103.4167,2.31542355214333e-10
33.83333,-102.8333,1.17512865725067e-10
33.83333,-102.5,6.50323681201369e-11
33.83333,-99.25,4.71186066762516e-11
33.83333,-98.75,1.27781131139784e-10
33.83333,-98.58333,3.32119497920851e-09
33.83333,-97.70833,7.49607586296894e-11
33.83333,-97.5,1.0717017192933e-10
33.83333,-95.29167,1.01808736909581e-10
33.83333,-93.91667,2.55383742011837e-10
33.83333,-93.875,2.61965537040513e-10
33.83333,-89.41667,3.15373659817406e-10
33.83333,-89.125,3.51648500066969e-10
33.83333,-87.375,3.98195565356491e-09
33.83333,-86.375,5.27327113120938e-10
33.83333,-86.25,2.06480675785908e-09
33.83333,-85.79167,9.86089526615157e-10
33.83333,-85.54167,5.7908823890112e-10
33.83333,-85.41667,4.78073694628274e-10
33.83333,-85.04167,5.30041920032518e-10
33.83333,-82.875,7.82907203311917e-10
33.83333,-82.29167,3.54178196376317e-10
33.83333,-81.66667,1.10451586987377e-09
33.83333,-81.29167,2.67451176290974e-09
33.83333,-81.16667,3.89061299612363e-09
33.83333,-80.70833,1.28824795114881e-09
33.83333,-79.45833,9.55035259140283e-10
33.83333,-78.70833,5.42131890339789e-10
33.79167,-114.75,1.82864588901747e-10
33.79167,-114.375,1.27001177110632e-10
33.79167,-114.2083,9.55750861474129e-11
33.79167,-113.875,1.21151044568444e-10
33.79167,-113.8333,2.57719638880216e-10
33.79167,-112.7917,1.58791147458682e-10
33.79167,-112.25,4.13186118398683e-09
33.79167,-111.5,1.11000694569271e-10
33.79167,-110.9167,4.20198175731499e-11
33.79167,-109.9583,4.15047619161954e-10
33.79167,-108.625,2.28303785177864e-11
33.79167,-107.4583,4.43050349872826e-11
33.79167,-106.7917,2.33065999333767e-10
33.79167,-105.6667,4.21627702080008e-11
33.79167,-104.7083,3.46226188118396e-11
33.79167,-104.2083,3.47528830553569e-11
33.79167,-103.125,4.82963676528864e-11
33.79167,-102.4167,8.29096566362355e-11
33.79167,-102.1667,2.18304089653048e-10
33.79167,-98.08333,1.04975853425897e-10
33.79167,-97.66667,1.06181178465773e-10
33.79167,-95.66667,7.24259151482969e-10
33.79167,-95.08333,1.07651895523766e-10
33.79167,-94,2.84321712090293e-10
33.79167,-91.41667,2.88162184062389e-10
33.79167,-90.875,4.77094846140104e-10
33.79167,-90.45833,2.55297032816293e-10
33.79167,-89.91667,2.46045961947957e-10
33.79167,-88.875,2.2004677283354e-10
33.79167,-88.375,6.53654859765227e-10
33.79167,-87.375,1.12332431873275e-09
33.79167,-86.08333,2.42383427538287e-09
33.79167,-84.625,7.28743895963665e-09
33.79167,-83.625,8.53819463256226e-10
33.79167,-82.125,4.95898618407593e-10
33.79167,-81.5,8.39155750768813e-10
33.75,-118.4167,8.65043639468439e-08
33.75,-116.0833,3.04212485610223e-10
33.75,-115.6667,4.00243626330481e-10
33.75,-114.2083,6.8499175921755e-11
33.75,-113.8333,2.59189536431304e-10
33.75,-113.2917,1.14551929614325e-10
33.75,-113.0417,7.48235740111789e-10
33.75,-111.625,3.06625825709166e-10
33.75,-111.25,9.69951106019588e-11
33.75,-110.4167,1.00823730082776e-10
33.75,-109.6667,2.13103021058032e-10
33.75,-108,2.75587579657297e-11
33.75,-106.875,2.2699603717336e-10
33.75,-105.875,4.38028887970114e-11
33.75,-105.625,4.32107538746705e-11
33.75,-103.7917,3.40583029585531e-11
33.75,-103.4167,1.22378511581668e-10
33.75,-103.25,1.22456894994582e-10
33.75,-101.6667,1.34453807495174e-10
33.75,-100.625,1.07279982279366e-11
33.75,-95.20833,1.64207095386745e-10
33.75,-92.95833,3.08234313640016e-10
33.75,-92.83333,2.39106234930419e-10
33.75,-91.95833,1.25354722872172e-10
33.75,-90.75,1.07111074140559e-09
33.75,-89.45833,5.47286047008921e-10
33.75,-89,7.42657530291323e-10
33.75,-85.79167,1.64724474154198e-09
33.75,-85.375,5.81867703356178e-10
33.75,-84.83333,1.60156019673356e-09
33.75,-83.79167,1.06511377290472e-09
33.75,-82.375,6.00494830837068e-10
33.75,-81.625,1.05574740308118e-09
33.75,-80.75,3.81426548260471e-10
33.75,-79.5,9.38568902387931e-10
33.75,-79,2.69846633289944e-09
33.70833,-118.0417,2.44332841902448e-08
33.70833,-116.2917,4.98416009735101e-09
33.70833,-116.25,6.49675576195205e-09
33.70833,-115.5,2.67990630606062e-10
33.70833,-114.9167,3.28277640607498e-10
33.70833,-113.9583,1.28468670845035e-10
33.70833,-109.5417,2.00738490263704e-10
33.70833,-108.875,2.25060042870424e-11
33.70833,-108.8333,2.24286326103596e-11
33.70833,-108.7083,2.23211959626116e-11
33.70833,-108.4583,2.61957343469387e-11
33.70833,-106.9583,2.20323419418373e-10
33.70833,-104.25,3.70930309388784e-11
33.70833,-102.4583,7.70409634269095e-11
33.70833,-100.9583,9.84423710437341e-11
33.70833,-100.3333,1.67394638329678e-10
33.70833,-99.08333,5.13645992122358e-11
33.70833,-96.20833,5.297088030965e-10
33.70833,-95.08333,1.31059744862038e-10
33.70833,-94.16667,2.65836316236423e-10
33.70833,-93.875,2.63847528389476e-10
33.70833,-92.66667,3.56952308523215e-10
33.70833,-92.625,3.53226836475421e-10
33.70833,-92.25,1.73822948274594e-10
33.70833,-90.70833,9.50098199839182e-10
33.70833,-90.29167,1.09825738787462e-09
33.70833,-90.25,3.71290453571186e-10
33.70833,-87.29167,1.88527441957619e-09
33.70833,-85.83333,7.67443594697629e-09
33.70833,-85.375,5.80135512149845e-10
33.70833,-85.29167,4.15260528288426e-09
33.70833,-85.08333,1.00545043891857e-09
33.70833,-84.91667,1.49131412839514e-09
33.70833,-84.54167,7.33295393147252e-09
33.70833,-83.25,8.6261912707076e-10
33.70833,-82.29167,5.85076260819976e-10
33.70833,-82,6.14873053402305e-10
33.70833,-81.79167,9.27657041517433e-10
33.70833,-79.20833,4.27090122790512e-10
33.66667,-117.4583,4.19347796760495e-09
33.66667,-114.25,6.80300690530892e-11
33.66667,-113.9167,2.77689212609505e-10
33.66667,-113.1667,6.64554253603655e-10
33.66667,-111.3333,1.05664644839418e-10
33.66667,-110.6667,9.18357334245762e-11
33.66667,-110.25,2.50163509701442e-10
33.66667,-108.4167,2.62537931781917e-11
33.66667,-105.75,4.63886318783422e-11
33.66667,-105.4583,3.08989327516023e-11
33.66667,-104.5833,3.69363422636226e-11
33.66667,-104.5417,3.71282752631159e-11
33.66667,-103.9167,3.59949463428571e-11
33.66667,-102.5417,7.33041248537605e-11
33.66667,-102.0833,2.1148269342503e-10
33.66667,-100.8333,9.56295777063182e-11
33.66667,-100.5833,1.69495211555519e-10
33.66667,-99.5,3.65862803228797e-11
33.66667,-92.83333,1.99268199511254e-10
33.66667,-90.70833,1.36453586098891e-10
33.66667,-89.66667,1.08573512415239e-09
33.66667,-88.125,7.95010298485238e-10
33.66667,-87.41667,8.64997175521248e-10
33.66667,-86.95833,1.14863408441785e-09
33.66667,-86.875,5.40915426938682e-09
33.66667,-82.16667,4.92446364416156e-10
33.66667,-81.16667,1.35442378709428e-09
33.66667,-80.54167,8.9476602482959e-10
33.66667,-79.95833,2.99390003119759e-10
33.66667,-79.66667,2.83582730136678e-10
33.66667,-79.20833,5.87978812511876e-10
33.66667,-79.125,7.35330967163212e-10
33.625,-117.4583,3.84534890188248e-09
33.625,-116.3333,5.5354170164842e-09
33.625,-115.9583,5.55372607289634e-10
33.625,-115.625,4.06613567976952e-10
33.625,-113.7083,2.53659872403704e-10
33.625,-113.2083,6.42900797470852e-10
33.625,-113.0417,7.83142682260379e-10
33.625,-112.6667,1.57253136736708e-09
33.625,-111.9583,2.28007019550952e-08
33.625,-109.75,2.0538838488814e-10
33.625,-109.375,1.35510776010149e-10
33.625,-109.2083,1.73557576067713e-10
33.625,-108.75,2.18656541457839e-11
33.625,-108.1667,2.71361640276113e-11
33.625,-108.125,2.72733089347788e-11
33.625,-107.1667,2.06079842088004e-10
33.625,-106.0417,4.64046464978958e-11
33.625,-106,4.65294197580836e-11
33.625,-105.2917,2.8684118829403e-11
33.625,-103.6667,3.14931504023331e-11
33.625,-103.25,1.09909815117328e-10
33.625,-102.625,4.08634652125459e-11
33.625,-102,2.42778322128654e-10
33.625,-99.20833,4.38002079880632e-11
33.625,-98.125,9.0014062326039e-11
33.625,-97.58333,1.41668931957926e-10
33.625,-96.5,5.03606724025123e-10
33.625,-95.20833,2.84737400035523e-10
33.625,-93.79167,3.16804550292221e-10
33.625,-92.58333,5.93744811605808e-10
33.625,-90.58333,7.80802743857815e-10
33.625,-90.29167,4.73477833779004e-10
33.625,-90.25,5.16531395364546e-10
33.625,-89.375,3.08489221766127e-10
33.625,-88.875,3.99334145613208e-10
33.625,-88.70833,6.44228582558454e-10
33.625,-87.20833,1.73720481397749e-09
33.625,-85.875,1.00991877963045e-08
33.625,-84.20833,7.60551655784592e-09
33.625,-82.20833,4.86188587836391e-10
33.625,-81.54167,2.44629856096873e-10
33.625,-80.33333,2.9090637102495e-10
33.625,-79.375,8.43442539563642e-10
33.58333,-117.6667,1.49861426157483e-08
33.58333,-117.25,3.05613096218902e-09
33.58333,-116.25,6.3746812651748e-10
33.58333,-111.625,6.84697506279667e-10
33.58333,-111.3333,5.33653094289264e-11
33.58333,-110.5,1.03490788243371e-10
33.58333,-109.9167,3.03501467148605e-10
33.58333,-109.5833,1.42116625622591e-10
33.58333,-108.625,2.19374731629218e-11
33.58333,-103.75,3.14355375973974e-11
33.58333,-102.7083,1.93253966537899e-10
33.58333,-102.4583,7.48488671135868e-11
33.58333,-102.0833,2.96070413384897e-10
33.58333,-101.7917,4.35716865579724e-10
33.58333,-99.66667,4.58665053959106e-11
33.58333,-98.54167,1.30516192550854e-10
33.58333,-98.29167,1.16046310818632e-10
33.58333,-98.08333,8.58140161773475e-11
33.58333,-97.54167,1.185353148584e-10
33.58333,-97.45833,2.31113840169746e-10
33.58333,-95.95833,1.82502472047563e-10
33.58333,-94.33333,6.25802976599919e-10
33.58333,-94.16667,7.85671206540955e-10
33.58333,-93,3.69097879381674e-10
33.58333,-91.45833,8.25624674542231e-10
33.58333,-91.04167,2.21554503389009e-10
33.58333,-90.875,9.10971464373106e-11
33.58333,-89.04167,5.93467153350253e-10
33.58333,-88.20833,1.0929591834338e-09
33.58333,-87.04167,1.34260983214892e-09
33.58333,-86.125,9.41740264019533e-10
33.58333,-83.79167,1.09812149286054e-09
33.58333,-80.45833,2.83342057214745e-10
33.58333,-79.16667,2.29304613536014e-10
33.54167,-117.8333,4.68937573775302e-08
33.54167,-117.3333,2.26803238175076e-09
33.54167,-116.9583,1.24107835350234e-09
33.54167,-115.7917,4.42981040433693e-10
33.54167,-112.7083,3.51902631438399e-10
33.54167,-112.4583,1.99027338708363e-09
33.54167,-111.6667,9.47798682298591e-10
33.54167,-111.4167,6.38880971547977e-11
33.54167,-110.1667,2.38953999687961e-10
33.54167,-109.2083,1.68460202216031e-10
33.54167,-107.9167,4.1029796127802e-11
33.54167,-107.8333,4.18630629330966e-11
33.54167,-105.8333,4.46215324463017e-11
33.54167,-105.75,4.57104739519643e-11
33.54167,-103.5833,6.97339945106547e-11
33.54167,-103.375,6.7894119110416e-11
33.54167,-102.7917,1.02694662174826e-10
33.54167,-99.20833,2.01619952690704e-10
33.54167,-95.83333,1.98555631586266e-10
33.54167,-95.58333,2.73576166608917e-10
33.54167,-95.29167,1.51345531465044e-10
33.54167,-95.125,1.35488411810015e-10
33.54167,-93.5,2.88625393438769e-10
33.54167,-93.25,3.4346210700009e-10
33.54167,-92.83333,1.02134842896162e-09
33.54167,-91.29167,5.47148743946668e-11
33.54167,-90.20833,5.27958860620975e-10
33.54167,-89.54167,2.86190308275284e-10
33.54167,-89.5,1.16688393988181e-10
33.54167,-86.5,1.95220629530456e-09
33.54167,-83.875,4.16216604509714e-09
33.54167,-83.5,6.02809078119113e-10
33.54167,-81.20833,4.08626150041727e-10
33.54167,-80.33333,2.68588212266722e-10
33.5,-117.6667,1.22939469745829e-08
33.5,-116.4583,1.08816031292683e-09
33.5,-115.4167,4.43404970924387e-10
33.5,-114.0417,7.00512774783381e-11
33.5,-111.3333,6.09785343756526e-11
33.5,-111.1667,4.7705761693712e-11
33.5,-109.6667,1.90051227987784e-10
33.5,-107.5,4.61250592047483e-11
33.5,-106.9583,2.32641875976367e-10
33.5,-106.125,2.96606333079333e-10
33.5,-105.4167,3.1098635552554e-10
33.5,-103.7917,3.30903311213999e-11
33.5,-103.625,6.91808696621438e-11
33.5,-103.5,6.76812300641625e-11
33.5,-99.83333,2.92439177975556e-11
33.5,-99.375,3.66172920721367e-11
33.5,-97.33333,2.05436305477749e-10
33.5,-96.16667,4.95512441884673e-10
33.5,-95.33333,1.98817431895455e-10
33.5,-93.83333,4.27744867191993e-10
33.5,-93.5,3.0012469496754e-10
33.5,-93.04167,4.7225670073799e-10
33.5,-91.70833,3.48739356265452e-10
33.5,-90.66667,1.12465177368054e-10
33.5,-88.25,4.94250126034123e-10
33.5,-87.83333,2.89444556017985e-10
33.5,-87.16667,5.02206860556283e-10
33.5,-86.95833,3.00246590770415e-09
33.5,-85.75,4.55791511793071e-10
33.5,-85.625,2.7719803288554e-10
33.5,-82.70833,2.93694095990576e-10
33.5,-82.66667,4.33695542193431e-10
33.5,-82.375,8.81534905893607e-10
33.5,-79.33333,2.56403880875832e-10
33.45833,-117.5,1.81909594654267e-09
33.45833,-115.5,4.89581844273221e-10
33.45833,-114.625,5.15956583202804e-10
33.45833,-110.6667,1.15046607795073e-10
33.45833,-106.2917,3.08404074275986e-10
33.45833,-105.75,1.2613100399942e-10
33.45833,-105,8.22190739368122e-11
33.45833,-104.5,4.3220482007538e-11
33.45833,-102.1667,7.4021386641427e-11
33.45833,-102.125,7.61989275482366e-11
33.45833,-101.9583,5.9604228178377e-10
33.45833,-100.7917,4.68180468654288e-11
33.45833,-100.5833,1.85199892497196e-10
33.45833,-100.0833,1.83067063816635e-10
33.45833,-99.58333,7.77168187649802e-11
33.45833,-98.125,4.62478691236582e-11
33.45833,-98.08333,4.62531327405405e-11
33.45833,-97.5,1.66992753681347e-10
33.45833,-94.16667,2.60180903645586e-09
33.45833,-93.95833,5.29288424730372e-10
33.45833,-93.83333,4.28282276410604e-10
33.45833,-91.95833,1.22838776246054e-10
33.45833,-91.875,1.39927735204468e-10
33.45833,-91.125,1.40428809663266e-10
33.45833,-90.29167,8.51386098696762e-10
33.45833,-89.54167,3.24425937326407e-10
33.45833,-88.45833,1.05429103624607e-09
33.45833,-87.83333,9.98051899129671e-10
33.45833,-87.58333,3.62690356449499e-10
33.45833,-83.45833,4.10346980360166e-10
33.45833,-82.375,1.42877098089648e-09
33.45833,-81.58333,6.22310962641771e-10
33.45833,-81.04167,1.51548312644669e-09
33.45833,-80.41667,7.79914381679402e-10
33.45833,-79.70833,5.98209765237589e-10
33.45833,-79.33333,9.09169772437953e-10
33.41667,-118.375,8.11374790007203e-10
33.41667,-115.7917,2.40859776931787e-09
33.41667,-115.2083,4.87071751995536e-10
33.41667,-114.7083,1.74283253259744e-10
33.41667,-113.625,2.8288707907529e-10
33.41667,-113.2917,2.68002681542335e-10
33.41667,-113.0417,3.63947149266125e-10
33.41667,-112.4583,2.72152114536461e-09
33.41667,-109,9.64855121817944e-12
33.41667,-108.625,1.03457394214986e-11
33.41667,-107.6667,4.65841595500704e-11
33.41667,-107.2917,2.24120461127392e-10
33.41667,-106.7083,2.8147902980618e-10
33.41667,-104.7917,3.92403458092003e-11
33.41667,-103.5417,4.04831557578195e-11
33.41667,-102.9167,1.39265686677614e-10
33.41667,-102.0833,2.02537738541884e-10
33.41667,-100.7917,4.77291092014129e-11
33.41667,-98.5,1.08154439401367e-10
33.41667,-98.41667,1.08865646762138e-10
33.41667,-98.125,4.5908249067499e-11
33.41667,-96.33333,3.70378467289732e-10
33.41667,-96.125,3.23199110285608e-10
33.41667,-94.95833,2.31475012790937e-10
33.41667,-94.70833,3.78205037042655e-10
33.41667,-93.29167,7.44659584806159e-10
33.41667,-91.79167,1.14799866183744e-10
33.41667,-90.70833,1.21535370026468e-10
33.41667,-90.41667,4.08769109998983e-10
33.41667,-90.29167,1.83493284247995e-09
33.41667,-89.875,2.24602019724957e-10
33.41667,-88.83333,3.0550128747579e-09
33.41667,-88.08333,1.19157447901785e-09
33.41667,-87.20833,1.2476490241297e-09
33.41667,-86.5,1.41318592816034e-09
33.41667,-86.375,1.69118529667929e-09
33.41667,-85.95833,5.66434396880945e-10
33.41667,-83,3.00501576710978e-10
33.41667,-80.91667,3.37273577786008e-09
33.41667,-80.70833,1.43443255618779e-09
33.41667,-79.70833,6.00039703896077e-10
33.41667,-79.5,1.38692315012712e-09
33.375,-116.5417,1.45404893261846e-10
33.375,-115.875,4.43600551178522e-10
33.375,-115.2083,5.30803763915275e-10
33.375,-112.8333,4.62191275035838e-10
33.375,-112.4167,4.00292438145382e-10
33.375,-111.375,3.23694758834097e-10
33.375,-111.2917,2.69683476491292e-10
33.375,-110.875,1.39817633492749e-10
33.375,-109.8333,2.00634963290186e-10
33.375,-109.0417,9.71643705621376e-12
33.375,-108.7917,1.0050572810608e-11
33.375,-107.7917,4.62427797222925e-11
33.375,-106.9583,2.54804314460347e-10
33.375,-105.7917,1.20421468961518e-10
33.375,-102.4167,2.05435043574932e-10
33.375,-99.91667,4.95626594693455e-11
33.375,-99.70833,2.92067200032745e-11
33.375,-97.875,9.12665780885473e-10
33.375,-96.70833,1.14260674969926e-09
33.375,-96.66667,1.17436880116395e-09
33.375,-94.58333,2.47474176545225e-10
33.375,-93.79167,4.00738466526584e-10
33.375,-93.41667,3.158661585474e-10
33.375,-92.5,4.0113304023094e-10
33.375,-92.16667,9.2633699006716e-11
33.375,-90.70833,1.20497090955882e-10
33.375,-88.79167,6.85080609174261e-10
33.375,-88.04167,1.089046501909e-09
33.375,-86.375,8.4412441730318e-10
33.375,-85.20833,1.57419623877667e-09
33.375,-84.75,4.36241951232871e-09
33.375,-83.875,1.45008704820141e-09
33.375,-83.25,4.05521259583851e-10
33.375,-80.375,1.24643181310707e-09
33.33333,-115.9583,3.91161509733116e-10
33.33333,-115.0417,7.48726842817528e-11
33.33333,-114.1667,5.52736524577875e-11
33.33333,-114.0417,5.10715936072523e-11
33.33333,-113.9583,4.81577448648664e-11
33.33333,-111.7917,1.99219454858982e-08
33.33333,-108.7083,1.03260299104768e-11
33.33333,-108.2083,2.73374068798752e-11
33.33333,-106,3.81765525130975e-11
33.33333,-105.5,3.37992014477256e-10
33.33333,-103.8333,5.06961936457172e-11
33.33333,-102.9583,1.81338629225494e-10
33.33333,-102.75,1.81636924942674e-10
33.33333,-102.5833,1.88985964031207e-10
33.33333,-102.4583,2.88712685378704e-11
33.33333,-102.25,3.15714492770347e-11
33.33333,-101.5417,1.37684562416789e-10
33.33333,-101.4583,1.09974017994685e-10
33.33333,-100.25,8.77612240841132e-11
33.33333,-99.45833,1.72232518995955e-11
33.33333,-98.33333,6.5955223752679e-11
33.33333,-97.58333,2.19957000691304e-10
33.33333,-97.45833,2.5606888672488e-10
33.33333,-95.91667,2.39340034230726e-10
33.33333,-95.75,6.1362389038122e-10
33.33333,-95.20833,1.86653023969082e-10
33.33333,-94.16667,7.25194112128906e-10
33.33333,-92.45833,3.86199528152627e-10
33.33333,-91.83333,3.40081849439068e-10
33.33333,-91.45833,6.51720326593533e-11
33.33333,-90.33333,2.70728037833482e-10
33.33333,-88.58333,2.22245221633207e-10
33.33333,-88.41667,3.20673379523682e-10
33.33333,-87.95833,3.26567835285652e-10
33.33333,-87.33333,3.834689906229e-10
33.33333,-86.875,8.15780856542443e-09
33.33333,-86.41667,7.68727117617863e-10
33.33333,-86.33333,1.91486165131084e-09
33.33333,-85.625,8.57871382145467e-10
33.33333,-84.66667,2.12330321684297e-09
33.33333,-84.29167,1.86162767796455e-09
33.33333,-83.70833,6.2368089864261e-10
33.33333,-82.58333,9.92135268544067e-10
33.33333,-81.70833,2.76463190161147e-09
33.33333,-81.58333,7.4694670220589e-10
33.33333,-80.45833,1.41209630963276e-09
33.33333,-79.54167,1.57051200556656e-10
33.29167,-117.5,9.06617611304496e-09
33.29167,-114.875,7.47193990176604e-11
33.29167,-113.2083,2.93153073368843e-10
33.29167,-111.9583,1.6201541555924e-09
33.29167,-111.5417,6.78977209703223e-10
33.29167,-108.4167,1.11706388745164e-11
33.29167,-107.9583,4.63064171268665e-11
33.29167,-105.375,2.10656944449112e-11
33.29167,-103.875,5.17147431374101e-11
33.29167,-102.0417,3.25659586659603e-11
33.29167,-100,1.35935298589262e-11
33.29167,-98.125,5.80517252873882e-10
33.29167,-97.66667,2.83487793786158e-10
33.29167,-96.66667,6.59417052928026e-09
33.29167,-96.33333,8.72156745517186e-10
33.29167,-95.91667,2.76614520838357e-10
33.29167,-95.70833,2.73674720165058e-10
33.29167,-94.29167,4.83052048442324e-10
33.29167,-92.875,4.54158572947067e-14
33.29167,-90.33333,1.27725851862603e-10
33.29167,-88.79167,2.91147851978197e-10
33.29167,-88.29167,8.29603083992381e-10
33.29167,-87.875,1.67505232705214e-10
33.29167,-87.79167,1.67191683950094e-09
33.29167,-86.125,5.6748838062169e-10
33.29167,-86.08333,3.12739751984231e-10
33.29167,-84.16667,2.00720639155145e-09
33.29167,-83.91667,2.40958347966088e-09
33.29167,-82.95833,5.13807051357323e-10
33.29167,-81.5,5.20673525903194e-10
33.29167,-79.66667,3.07416371735951e-10
33.25,-116.9583,9.70813619622231e-10
33.25,-116.375,1.00676576757699e-10
33.25,-115,7.43051430544598e-11
33.25,-114.9167,7.36200408564116e-11
33.25,-114.5833,4.57651642232921e-10
33.25,-113.7917,3.52371043446894e-10
33.25,-113.375,2.89704285911926e-10
33.25,-113.2083,2.92075585956286e-10
33.25,-111.4583,3.7171129667207e-10
33.25,-111.25,1.26390517229358e-09
33.25,-110.9583,4.62025433149844e-10
33.25,-110.875,1.74684275282923e-10
33.25,-109.4167,1.23606839364431e-10
33.25,-108.4167,1.13226291474152e-11
33.25,-107.5417,1.5901902190263e-11
33.25,-106,4.01777841612456e-11
33.25,-105.9167,3.49672326522771e-11
33.25,-104.75,6.3642513497722e-11
33.25,-104.0833,5.65519189744738e-11
33.25,-101.0833,1.02503634727855e-10
33.25,-100.4167,9.24803803634256e-11
33.25,-99.79167,1.47896858667937e-10
33.25,-99.20833,1.83359667314997e-11
33.25,-98.04167,7.8322699144906e-11
33.25,-97.91667,3.74646688610099e-10
33.25,-97.25,1.24706799807423e-09
33.25,-97.16667,7.17350360518356e-09
33.25,-94.45833,3.9692093858659e-10
33.25,-93.70833,1.24326243763066e-10
33.25,-93.66667,7.32082518525893e-11
33.25,-93.33333,2.17250600693091e-10
33.25,-92.33333,2.42723198088523e-10
33.25,-90.91667,7.67432407359687e-10
33.25,-88.91667,4.91901618835644e-10
33.25,-88.5,3.09034709204513e-10
33.25,-88.20833,6.71357680120862e-10
33.25,-86.66667,1.19713103926746e-09
33.25,-86.125,5.19019493563705e-10
33.25,-86.04167,2.9205989930633e-10
33.25,-85.875,6.32325933357168e-10
33.25,-85.66667,1.26630179745562e-09
33.25,-85.25,1.08584549507963e-09
33.25,-83.5,3.48812399746034e-10
33.25,-82.875,5.01128119741e-10
33.25,-82.125,5.17339875278675e-10
33.25,-81.66667,1.90535027035877e-09
33.25,-81.25,1.60409663622069e-09
33.25,-80.875,6.33867602825678e-10
33.25,-80.08333,1.0438775276064e-09
33.20833,-116.7917,2.04105163998633e-10
33.20833,-114.5417,4.68603488604793e-10
33.20833,-113.2083,1.27763082253954e-10
33.20833,-113.0833,3.40897467622383e-10
33.20833,-112.6667,1.86404355043256e-10
33.20833,-111.1667,1.11866158199246e-09
33.20833,-109.125,1.60378653507568e-10
33.20833,-108.2083,2.94750046448865e-11
33.20833,-105.5833,2.35171171403614e-11
33.20833,-105.2917,1.06477542315979e-11
33.20833,-104.875,6.02545985043588e-11
33.20833,-99.20833,1.8342759176681e-11
33.20833,-98.83333,3.38619142354609e-11
33.20833,-97.125,9.77165618960732e-09
33.20833,-95.625,3.28844357081706e-10
33.20833,-95.58333,2.83659685585102e-10
33.20833,-95.375,2.52182702853643e-10
33.20833,-92.25,2.17175173474016e-10
33.20833,-91.25,2.1201800986939e-10
33.20833,-90.5,1.32543615707768e-10
33.20833,-90.20833,1.96851099780838e-10
33.20833,-89.25,4.89353859867525e-10
33.20833,-87.375,7.29346709343534e-10
33.20833,-85.375,6.77467656215219e-10
33.20833,-84.58333,1.10241080246164e-09
33.20833,-83.91667,1.08054746894572e-09
33.20833,-82.5,1.96380177636502e-09
33.16667,-115.75,5.19100058153427e-10
33.16667,-114.6667,4.51090188967499e-10
33.16667,-113.5417,3.0991129598464e-10
33.16667,-110.5,3.06185227897354e-10
33.16667,-110.4583,2.9393033157493e-10
33.16667,-110.3333,1.68848704928854e-10
33.16667,-110.25,1.59901384148922e-10
33.16667,-110.2083,1.56025107987575e-10
33.16667,-108.5833,5.73699162068165e-11
33.16667,-108.5417,5.81002906683442e-11
33.16667,-107.8333,5.1578426900166e-11
33.16667,-106.5833,3.96677548732316e-10
33.16667,-106.5,4.71442801173718e-10
33.16667,-105.25,2.63524154107678e-10
33.16667,-104.9583,2.34404386484307e-10
33.16667,-104.875,6.0381917177978e-11
33.16667,-103.625,4.39021899066458e-11
33.16667,-103.2917,1.21927285281374e-10
33.16667,-102.5,5.24372899306926e-11
33.16667,-100.7917,3.95730721233382e-11
33.16667,-100.7083,3.95146179521413e-11
33.16667,-99.41667,9.10365332131982e-11
33.16667,-99.25,1.8931721354422e-11
33.16667,-97.54167,3.09178544133093e-10
33.16667,-96.79167,1.01299419565073e-08
33.16667,-96.66667,9.97313772833619e-09
33.16667,-94.95833,3.681428083519e-09
33.16667,-93.70833,8.61499658259053e-11
33.16667,-92.83333,1.50891066854728e-10
33.16667,-91.5,3.30671648591711e-10
33.16667,-90.5,1.28658707410338e-10
33.16667,-90.29167,1.78728004218952e-10
33.16667,-88.79167,2.52615727044917e-10
33.16667,-88.66667,2.22244773573585e-10
33.16667,-86.25,1.9084296184143e-09
33.16667,-86.125,3.58660738364671e-10
33.16667,-85.45833,2.24830052627752e-10
33.16667,-85.16667,1.44687038246587e-09
33.16667,-85,8.19048225644096e-10
33.16667,-84.70833,1.69981532849781e-09
33.16667,-83.25,1.55379800637247e-09
33.16667,-82.79167,2.46110165382641e-10
33.16667,-82.25,1.32968245820573e-09
33.16667,-82.08333,2.31348612952272e-09
33.16667,-80.41667,5.16051991573987e-10
33.125,-117.3333,1.54143873270391e-08
33.125,-113.4167,3.04199682455736e-10
33.125,-113.1667,1.34392612330189e-10
33.125,-113,3.35376828853526e-10
33.125,-112.5,1.33995787652616e-10
33.125,-111.1667,1.18809730611849e-09
33.125,-110.625,5.12043753462985e-10
33.125,-109.6667,1.86568771519687e-10
33.125,-109.1667,1.20613684045857e-10
33.125,-109.0833,1.6156168020122e-10
33.125,-106.8333,2.23851278243004e-11
33.125,-105.7917,2.59225587675844e-11
33.125,-105.6667,2.44654449503416e-11
33.125,-105.5,2.23210845857555e-11
33.125,-104.4583,1.04224011543933e-10
33.125,-103.2917,1.24703425523648e-10
33.125,-101.9583,3.54242871524609e-11
33.125,-101.75,3.57723387729386e-11
33.125,-100.6667,4.07537694933362e-11
33.125,-99.54167,1.88132917708424e-10
33.125,-94.79167,7.61318734196814e-10
33.125,-94.54167,1.64032393221024e-10
33.125,-94,1.046030899873e-09
33.125,-93.20833,1.0534263890231e-09
33.125,-92.25,2.50009739560006e-10
33.125,-91.5,3.25723058202234e-10
33.125,-89.79167,6.43824931435858e-11
33.125,-89.54167,1.07977787997653e-10
33.125,-89.25,4.3698008874043e-10
33.125,-88.95833,2.5822773632942e-10
33.125,-86.5,6.39838929316016e-10
33.125,-85.79167,1.06972962741494e-09
33.125,-85.125,3.40032974388517e-10
33.125,-84.875,8.64958816789863e-10
33.125,-83.91667,4.9262067583392e-10
33.125,-80.875,2.25443621997768e-10
33.125,-80.29167,1.45829056465375e-09
33.125,-79.5,9.03430537222647e-11
33.08333,-116.8333,4.6253800641e-09
33.08333,-114.625,4.65873415553184e-10
33.08333,-114.5,5.01496318813536e-10
33.08333,-113.5,3.15880892061045e-10
33.08333,-112.75,4.9971529648144e-10
33.08333,-112.2083,1.03965443843093e-10
33.08333,-111.75,1.12696115663226e-09
33.08333,-111.6667,1.20397092967579e-09
33.08333,-111.0833,5.52369935026838e-10
33.08333,-110.625,7.41345370746908e-10
33.08333,-110.125,1.49858119591285e-10
33.08333,-109.0833,1.69401394352263e-10
33.08333,-107.4583,1.70306098820166e-10
33.08333,-106.625,2.68347321493829e-11
33.08333,-106.5417,4.28994067619521e-10
33.08333,-105.25,8.69523406343323e-11
33.08333,-105.2083,8.4436009923647e-11
33.08333,-102.2083,5.46236641483532e-11
33.08333,-102.125,1.93730031147833e-10
33.08333,-101.4583,1.00210125084752e-10
33.08333,-99.33333,2.03525531962759e-11
33.08333,-97.95833,1.31864985116879e-10
33.08333,-95.58333,3.20170731121694e-10
33.08333,-94.79167,1.09867963751082e-09
33.08333,-92.5,1.53276208865326e-10
33.08333,-92.20833,4.11934682342664e-10
33.08333,-92.08333,1.42759263104489e-10
33.08333,-91.95833,3.94911634426714e-10
33.08333,-91.83333,2.08116258310963e-10
33.08333,-91.16667,5.27432507796988e-10
33.08333,-90.625,9.64892988386582e-11
33.08333,-90.375,1.18660364333265e-10
33.08333,-90.04167,5.43349779689288e-10
33.08333,-89.04167,7.24857021134679e-10
33.08333,-88.5,2.62884013361215e-10
33.08333,-88.29167,1.24091516683417e-10
33.08333,-87.95833,3.21350350459419e-10
33.08333,-87.54167,7.45170745786914e-10
33.08333,-87.125,1.16002398380229e-09
33.08333,-85,1.54468991584762e-09
33.08333,-83.79167,1.39870901448355e-09
33.08333,-83.41667,2.43266501850287e-09
33.08333,-83.29167,2.70675789652973e-09
33.08333,-82.20833,9.73029973830042e-10
33.08333,-80.58333,7.90292396076172e-10
33.04167,-116.9167,2.03795077028248e-09
33.04167,-116.0833,1.0756130582226e-10
33.04167,-115.9167,1.22478233536336e-10
33.04167,-115.8333,1.29529425606134e-10
33.04167,-115.4167,2.23328359849312e-10
33.04167,-114.125,8.49411941692412e-11
33.04167,-113.8333,5.94376569828166e-11
33.04167,-113.3333,6.93999319736253e-11
33.04167,-112.125,3.23487084871917e-10
33.04167,-110.9167,1.05409724532748e-09
33.04167,-109,1.52635764685852e-11
33.04167,-108.7083,1.07298512566473e-11
33.04167,-107.9583,8.56340362016764e-11
33.04167,-107.2917,1.01663726577569e-10
33.04167,-107.0417,2.17073413299267e-11
33.04167,-106.9583,3.30561742701755e-10
33.04167,-105.9583,4.87568669489676e-11
33.04167,-105.8333,4.48306337683483e-11
33.04167,-105.375,2.04511343554065e-11
33.04167,-104.8333,6.04761910776057e-11
33.04167,-104.2917,6.98712524822356e-11
33.04167,-104.1667,3.87669915413454e-11
33.04167,-104.0833,3.7743086535509e-11
33.04167,-103.25,1.31415110376446e-10
33.04167,-102.3333,5.20141335355755e-11
33.04167,-101.4167,1.01882800522696e-10
33.04167,-100.6667,4.37928696214633e-11
33.04167,-98.83333,6.20620436493157e-11
33.04167,-98.58333,2.00167668471285e-10
33.04167,-97.95833,3.22396910792618e-10
33.04167,-97.79167,4.20627086083966e-10
33.04167,-91.375,1.99027722579495e-10
33.04167,-91.08333,3.88882871840563e-10
33.04167,-90.41667,2.06228327321033e-10
33.04167,-90.33333,1.19112906778935e-10
33.04167,-89.58333,6.50695989064205e-10
33.04167,-86,9.88918305934368e-10
33.04167,-85.875,3.65816165799667e-10
33.04167,-85.58333,9.33300120917858e-11
33.04167,-84.33333,1.87490202851357e-09
33.04167,-83.875,5.80126797260767e-10
33.04167,-83.75,1.60633922569628e-09
33.04167,-83.29167,2.72220049119913e-09
33.04167,-82.625,6.37376113703072e-10
33.04167,-82.5,2.92766814546631e-10
33.04167,-81.5,1.54979154797131e-09
33.04167,-81.41667,1.5870242738405e-09
33.04167,-81.375,5.64565501505012e-10
33.04167,-80.875,3.14939763083868e-10
33.04167,-80.58333,2.60348839970958e-10
33.04167,-80.45833,6.79097652043492e-10
33.04167,-80.08333,1.87675028552764e-08
33,-115.875,1.31386929415047e-10
33,-115.5417,6.18038707486183e-10
33,-114.5417,8.32570005481962e-11
33,-114.125,8.53102130346607e-11
33,-113.9583,7.13220410896348e-11
33,-113.0833,1.19650074623945e-10
33,-107.625,5.06531617928494e-11
33,-107.4167,1.00670568499812e-10
33,-107.0417,2.24363770720573e-11
33,-106.9583,3.41520911887337e-10
33,-106.7917,3.64325509171344e-10
33,-106.75,2.54135728834956e-11
33,-105.75,1.64114874948028e-11
33,-105.3333,1.2244883601512e-11
33,-104.4583,7.05648934428248e-11
33,-103.2083,1.36079615217003e-10
33,-101.375,6.04918792587792e-11
33,-101.25,6.30310664628224e-11
33,-100.2083,1.13959303566956e-10
33,-99.79167,6.46096462849379e-11
33,-99.625,2.17487473291809e-10
33,-97.5,1.15378664805969e-09
33,-96,3.18857198305331e-10
33,-93.41667,3.40989574552539e-10
33,-93.125,1.73308382634781e-10
33,-92.41667,1.86660943962104e-10
33,-91.66667,1.54209682419146e-10
33,-90.33333,1.13882774739586e-10
33,-89.95833,1.74358869101161e-10
33,-88.58333,4.48517659235084e-10
33,-88.25,1.15997958541465e-10
33,-87.41667,2.73498082597848e-09
33,-87.25,6.83832409289555e-10
33,-86.45833,2.31851352595798e-10
33,-86.16667,3.6492088542276e-10
33,-85.70833,4.38819811980657e-10
33,-82.54167,3.66478842662532e-10
33,-81.875,1.53810471818362e-09
33,-80.95833,1.1451573245743e-10
33,-80.79167,4.43193624482578e-10
33,-80.20833,3.84255211378231e-09
33,-79.58333,1.48395506645059e-09
32.95833,-117.0833,1.80472393203584e-08
32.95833,-116,1.15762071022784e-10
32.95833,-114.9583,7.54531965863012e-11
32.95833,-112.9167,1.80262724762598e-10
32.95833,-112.2917,7.81245766132058e-11
32.95833,-111.875,8.54767809994762e-10
32.95833,-111.75,1.97617824669221e-09
32.95833,-109.2917,3.08454572199499e-10
32.95833,-108.7917,1.62565100390189e-11
32.95833,-107.0417,3.41118862480905e-10
32.95833,-104.8333,5.51570427077329e-11
32.95833,-103.9583,5.06375597597948e-11
32.95833,-103.75,1.32552822838937e-10
32.95833,-101.0833,4.64988837788076e-10
32.95833,-100.8333,1.00804663915588e-10
32.95833,-100.375,3.77640387236747e-11
32.95833,-99.875,1.62983171401731e-10
32.95833,-99.04167,3.45142128071622e-11
32.95833,-98.08333,4.40215049095017e-10
32.95833,-95.95833,2.95660170013595e-10
32.95833,-94.58333,3.9693757329496e-10
32.95833,-93.83333,7.85977979501539e-10
32.95833,-93.20833,1.83338050487462e-10
32.95833,-93.16667,4.38993984417382e-10
32.95833,-92.41667,1.25390110737218e-10
32.95833,-90.5,1.31774719541421e-10
32.95833,-87.625,2.79941537285696e-10
32.95833,-87.41667,1.65866477669741e-09
32.95833,-87.375,1.95081204950739e-09
32.95833,-86.58333,7.93700647828662e-10
32.95833,-86.25,1.18029183769123e-10
32.95833,-84.375,2.5004479587825e-09
32.95833,-82.5,3.92798944438869e-10
32.95833,-81.29167,1.03247042808335e-09
32.95833,-81.08333,8.30669848725303e-10
32.95833,-81,1.1495955864222e-10
32.91667,-118.4167,9.63174820589104e-10
32.91667,-116.9583,1.81764869884635e-09
32.91667,-116.625,1.92913062098863e-10
32.91667,-116,1.21153559958679e-10
32.91667,-115.0833,9.37108501072094e-11
32.91667,-114.125,8.97181663600512e-11
32.91667,-114,6.12833301540199e-10
32.91667,-111.5833,7.89433006038799e-10
32.91667,-110.625,1.648619291647e-10
32.91667,-110,5.19244084166697e-11
32.91667,-109.75,5.45149582559719e-11
32.91667,-108.4583,2.60755353896309e-11
32.91667,-108.2917,7.60605276332598e-11
32.91667,-107.3333,1.10896950490753e-10
32.91667,-104.7083,7.82283226068871e-11
32.91667,-103.2917,1.45851544701857e-10
32.91667,-101.2083,4.00800490572427e-11
32.91667,-100.2917,6.86204958935883e-11
32.91667,-100.125,1.00901602274764e-10
32.91667,-99.25,4.72417156350311e-11
32.91667,-98.625,4.21820083705628e-11
32.91667,-98.5,8.18047431777605e-11
32.91667,-93.04167,1.46318005652021e-10
32.91667,-92.83333,2.06442054764246e-10
32.91667,-90.375,1.53988413447509e-10
32.91667,-88.54167,3.77511085704934e-10
32.91667,-87.75,3.99265310065385e-10
32.91667,-86.54167,6.54315366217423e-10
32.91667,-85.58333,3.47872258069192e-10
32.91667,-84.20833,8.01803719959603e-10
32.91667,-83.91667,4.95534042800844e-10
32.91667,-83.375,1.33623127952254e-09
32.91667,-82.66667,5.30584126512955e-10
32.91667,-81.91667,4.69398927000731e-10
32.875,-114.7917,9.19949543235897e-11
32.875,-114.6667,1.103257535872e-10
32.875,-112.8333,5.50804762571912e-10
32.875,-110.875,3.10055297834674e-10
32.875,-110.6667,1.70382968255001e-10
32.875,-109.4583,4.98505913505719e-11
32.875,-107.2083,1.23529310703396e-10
32.875,-106.625,4.18173923586243e-10
32.875,-106.4167,4.45201213087454e-10
32.875,-103.375,2.08206886689552e-10
32.875,-102.4167,1.52587837388072e-10
32.875,-100.4167,1.99540785641116e-10
32.875,-97.375,1.46553967937663e-08
32.875,-96.75,1.32584193360435e-08
32.875,-95.08333,1.94529274089846e-10
32.875,-94.125,1.58806542595242e-10
32.875,-91.54167,5.30139281723397e-10
32.875,-91.16667,2.44221844262528e-10
32.875,-90.5,7.67769313494829e-10
32.875,-89.91667,9.47136918305302e-11
32.875,-89.16667,6.76419778476518e-10
32.875,-88.20833,5.83724463419185e-11
32.875,-87.66667,2.0757391881614e-10
32.875,-86.70833,1.22011157506456e-09
32.875,-86.375,1.32486974294447e-10
32.875,-85.83333,3.18371855085023e-10
32.875,-85.33333,5.1748346411729e-10
32.875,-84.75,3.14444350324687e-10
32.875,-84.25,7.07073070731558e-10
32.875,-80.5,6.1681387412917e-10
32.875,-80.04167,1.43797092286977e-08
32.875,-79.95833,1.38372010891295e-08
32.875,-79.70833,1.07054956205586e-09
32.875,-79.58333,1.51308878706336e-09
32.83333,-117.2083,4.75045231783611e-08
32.83333,-116.625,6.0560380722092e-10
32.83333,-114.2917,9.26899608899049e-11
32.83333,-113.375,7.77649717099079e-11
32.83333,-112.5833,5.26867438022748e-10
32.83333,-111.9583,3.07594162738435e-10
32.83333,-110.875,3.00700098937393e-10
32.83333,-110.5417,1.48915474024021e-10
32.83333,-110.4167,5.27016286396535e-11
32.83333,-109.2917,3.38412604160583e-11
32.83333,-109.25,3.35895365163242e-11
32.83333,-108.4167,2.82041871472042e-11
32.83333,-108.0833,2.74021183881859e-11
32.83333,-107.8333,3.45204787724564e-11
32.83333,-107.1667,1.32975894141738e-10
32.83333,-103.7917,2.25453926380669e-10
32.83333,-101.3333,3.85817608004395e-11
32.83333,-101.125,4.30857501722182e-11
32.83333,-100.5833,4.22834364544808e-11
32.83333,-100.3333,3.76965321506612e-11
32.83333,-100.2917,3.81542729844407e-11
32.83333,-100.1667,4.02384383608065e-10
32.83333,-100.0833,1.7761728598936e-10
32.83333,-99.91667,1.2919353965858e-10
32.83333,-99,3.64540351763034e-11
32.83333,-96.33333,1.75866503462288e-09
32.83333,-95.66667,2.67962339385905e-10
32.83333,-93.91667,4.59222956820575e-10
32.83333,-93.75,3.0459177390266e-10
32.83333,-91.75,1.85958840541308e-10
32.83333,-91.29167,2.95688775483806e-10
32.83333,-89.875,9.76894142212781e-11
32.83333,-89.70833,1.48360947337329e-10
32.83333,-88.58333,4.40551803583489e-10
32.83333,-88.29167,3.50424461767694e-10
32.83333,-87.79167,3.041648634368e-10
32.83333,-87.70833,3.07282377839208e-10
32.83333,-85.58333,3.545776423421e-10
32.83333,-85.41667,5.15723151122195e-10
32.83333,-84.83333,3.79734962603266e-10
32.83333,-82.70833,2.62770260599898e-10
32.83333,-81.79167,4.35107533126199e-10
32.83333,-81.75,4.2592488458111e-10
32.83333,-81.20833,7.94388803894125e-11
32.79167,-116.5417,5.33243381811226e-10
32.79167,-115.7083,4.66991551740718e-10
32.79167,-113.2917,3.61639300508396e-10
32.79167,-113.125,3.90512172625581e-10
32.79167,-112.8333,4.67933976999886e-10
32.79167,-112.7917,4.92681808388725e-10
32.79167,-112.5833,4.8776247160712e-10
32.79167,-111.8333,1.0275740149995e-09
32.79167,-111.375,1.97137795179182e-09
32.79167,-110.9583,1.56350116023072e-10
32.79167,-110.2083,4.58147223052508e-11
32.79167,-110.0417,4.07995953025778e-11
32.79167,-109.6667,6.54554626018212e-11
32.79167,-109.25,3.37903888149699e-11
32.79167,-108.75,1.85698427835364e-10
32.79167,-108.4583,2.7917321433513e-11
32.79167,-107.375,6.4782367867297e-11
32.79167,-104.5,7.83540172616253e-11
32.79167,-104.125,5.79136659903081e-11
32.79167,-103.4583,1.50020313749559e-10
32.79167,-103.3333,1.28395554123004e-10
32.79167,-103.2917,1.86669593980972e-10
32.79167,-103.0833,3.24796476244545e-10
32.79167,-101.125,4.37483531730087e-11
32.79167,-101.0833,4.62261866980968e-11
32.79167,-101,4.33814691601524e-10
32.79167,-100.1667,2.07802351333631e-10
32.79167,-99,3.08435777217753e-10
32.79167,-98.58333,2.41434737202698e-10
32.79167,-98.45833,1.01722298950625e-10
32.79167,-97.5,1.66589537697127e-08
32.79167,-97.33333,7.8053601320644e-08
32.79167,-96.54167,9.21990745682115e-09
32.79167,-95.5,2.91468435890705e-10
32.79167,-92.54167,4.3286867423924e-10
32.79167,-91.33333,2.78243306988394e-10
32.79167,-89.375,4.59003574764923e-10
32.79167,-88.375,2.38800621249777e-10
32.79167,-87.375,6.54281329009503e-11
32.79167,-86.83333,1.02991626873343e-09
32.79167,-86.79167,1.37951246706925e-09
32.79167,-86.70833,6.05539949120376e-10
32.79167,-85.83333,4.09757642951498e-10
32.79167,-85.70833,4.48312832307147e-10
32.79167,-84.54167,1.69367493865321e-09
32.79167,-83.625,2.6858615615661e-09
32.79167,-82.95833,5.08134287493114e-10
32.79167,-79.83333,7.91425744734923e-09
32.75,-116.1667,5.84128044577398e-10
32.75,-115.3333,8.88056419652983e-10
32.75,-113.6667,1.36867381318887e-10
32.75,-112.4167,4.55525323112415e-10
32.75,-112.1667,1.56214524519905e-10
32.75,-111.7917,5.60586669500965e-10
32.75,-110.0833,4.25372734811439e-11
32.75,-107.25,8.72814089743476e-10
32.75,-106.6667,4.43133228058901e-10
32.75,-105.0833,1.01262530638603e-10
32.75,-103.9583,5.76866933052468e-11
32.75,-102.2917,1.13371975487543e-10
32.75,-101.8333,7.6630336934696e-11
32.75,-100.9167,4.99802493154803e-10
32.75,-96.08333,7.59391581150667e-10
32.75,-94.5,2.23654211742608e-10
32.75,-93.70833,4.47868695159903e-10
32.75,-93.625,5.69160395116193e-10
32.75,-90.54167,7.96097729118096e-11
32.75,-89.58333,8.12166092781744e-10
32.75,-87.83333,2.81350265208588e-10
32.75,-86.375,1.77612453263134e-09
32.75,-85.20833,5.28714687361972e-10
32.75,-85.125,8.85081155755586e-10
32.75,-83.20833,9.0466190439042e-10
32.75,-82.70833,1.25822010745252e-09
32.75,-82.25,1.30764444708589e-10
32.75,-80.5,6.27308257912792e-10
32.75,-80.45833,6.21994425482696e-10
32.75,-79.83333,2.08943914723001e-08
32.70833,-116.375,5.08180689949268e-10
32.70833,-116.3333,1.27996088951334e-09
32.70833,-116.0833,8.89329166390298e-10
32.70833,-115.5,3.99327528276562e-10
32.70833,-114,3.20318505999273e-10
32.70833,-111.9167,1.78771739614675e-10
32.70833,-111.875,7.15899450208288e-10
32.70833,-111.7083,1.85662720394605e-09
32.70833,-109.4167,5.05677924919466e-11
32.70833,-109,1.66199360431622e-11
32.70833,-107.75,3.11261476909035e-11
32.70833,-105.6667,8.43340581020121e-13
32.70833,-104.0833,6.32991758508198e-11
32.70833,-102.4167,9.83643762021226e-11
32.70833,-100.375,4.30531103132051e-11
32.70833,-100.125,2.79365693859274e-10
32.70833,-99.45833,6.856843524275e-11
32.70833,-99.125,5.01802335389195e-11
32.70833,-95.375,4.80571824666195e-10
32.70833,-94.66667,5.18689686648434e-10
32.70833,-94.08333,2.65600988128012e-10
32.70833,-93.875,1.01984784150241e-10
32.70833,-93.41667,2.64410338505489e-10
32.70833,-92.5,2.8078826637724e-10
32.70833,-92.29167,5.41494266330474e-10
32.70833,-91.5,3.71777149038803e-10
32.70833,-88.16667,3.60655015766866e-10
32.70833,-87.125,4.46013829076412e-11
32.70833,-86.875,3.35524856845629e-10
32.70833,-86.29167,4.79624526578126e-10
32.70833,-83.875,5.91553850446713e-10
32.70833,-81.375,5.29780763755147e-10
32.70833,-81.20833,4.31139730135406e-10
32.70833,-80.70833,9.48500671398067e-10
32.70833,-80.66667,1.02534193132529e-09
32.66667,-115.2083,6.90437296548892e-10
32.66667,-114.625,7.26826257943112e-09
32.66667,-114.5,2.00933248098907e-09
32.66667,-114.1667,4.0775776108199e-10
32.66667,-112.5833,3.98127299381236e-10
32.66667,-111.6667,3.92645820407853e-10
32.66667,-111,2.51351881085878e-10
32.66667,-110.4167,5.6205308131467e-11
32.66667,-108.8333,1.80701390217165e-10
32.66667,-108.7917,1.84918073428447e-10
32.66667,-108,3.96487083206222e-11
32.66667,-107.6667,6.33386500935688e-11
32.66667,-107.4583,6.88408123024881e-11
32.66667,-105.875,5.29934503210846e-11
32.66667,-105.6667,2.8546902901676e-11
32.66667,-105.4167,2.86571166105079e-10
32.66667,-102.125,2.99667814486498e-11
32.66667,-101.625,3.20468843905482e-11
32.66667,-98.54167,9.06754737466856e-11
32.66667,-98.41667,7.5616002084659e-11
32.66667,-98.33333,1.02515770013427e-10
32.66667,-94.41667,4.97469633367992e-10
32.66667,-93.29167,2.23560854117424e-10
32.66667,-92.91667,9.82716335664708e-11
32.66667,-92.75,1.67543907051139e-10
32.66667,-91.91667,2.15923537582051e-09
32.66667,-90.20833,1.11735361384778e-09
32.66667,-90.04167,1.8410860408831e-09
32.66667,-88.70833,3.4635822227713e-10
32.66667,-82.91667,9.46054837047461e-10
32.66667,-82.5,1.3111669127597e-09
32.625,-116.5833,5.15839723847911e-10
32.625,-113.4583,3.87816717378525e-10
32.625,-112.5833,3.7642876100767e-10
32.625,-112.2917,2.37515115624382e-11
32.625,-112.0833,4.55944262129094e-10
32.625,-111.3333,1.45229172266406e-09
32.625,-110.6667,3.23839243576113e-10
32.625,-109.4583,5.17296109613894e-11
32.625,-108.625,2.54606715609787e-11
32.625,-108.0833,1.54915857058499e-10
32.625,-107.875,5.68696759926256e-10
32.625,-107.1667,3.57801977106887e-10
32.625,-105.5,3.03739426910583e-10
32.625,-104.9167,1.02752726604187e-10
32.625,-104.5833,8.52338661114266e-11
32.625,-103.0833,1.73409802144452e-10
32.625,-100.1667,3.05818394157979e-10
32.625,-100.125,1.51777619189924e-10
32.625,-100.0417,2.14726239785781e-10
32.625,-99.16667,3.76518854018319e-11
32.625,-98.33333,1.000692598779e-10
32.625,-96.08333,4.04842511523913e-10
32.625,-95.45833,1.07307945349908e-09
32.625,-95.375,6.53640747180041e-10
32.625,-95.20833,3.29261112940662e-10
32.625,-93.70833,9.47350513579552e-10
32.625,-93.58333,6.73379741205484e-10
32.625,-91.875,1.25579108405117e-09
32.625,-91.41667,3.60218656257396e-10
32.625,-91.125,4.9885619715786e-10
32.625,-90.875,5.05875131356596e-10
32.625,-89.83333,3.59533325500383e-10
32.625,-89.125,9.10938561699448e-10
32.625,-88.41667,3.72444809526705e-10
32.625,-88.33333,3.86233993588253e-10
32.625,-88,2.5883476457383e-10
32.625,-83.45833,1.43803432407177e-09
32.625,-81.45833,3.19142886376878e-10
32.58333,-116.5833,4.84245339977737e-10
32.58333,-116.25,1.2129004239687e-09
32.58333,-116,7.29626235856534e-10
32.58333,-113.5417,3.99600102305902e-10
32.58333,-112.9583,4.01747633901489e-10
32.58333,-109.125,3.47950476646035e-11
32.58333,-108.1667,3.77391147733507e-10
32.58333,-106.3333,7.3343244279749e-10
32.58333,-105.9583,6.63627769214689e-11
32.58333,-104.7917,1.06959674967159e-10
32.58333,-102.0417,3.22531400358532e-11
32.58333,-98.45833,9.57852245346577e-11
32.58333,-98.29167,1.18172683281299e-10
32.58333,-97.79167,1.16570824344921e-09
32.58333,-96.58333,2.99858324895537e-09
32.58333,-96.5,1.53796786037316e-09
32.58333,-96.125,9.74135508064984e-10
32.58333,-94.45833,1.22789799489141e-09
32.58333,-94.375,2.37380393671892e-09
32.58333,-90.625,2.86985213540695e-10
32.58333,-90.375,6.13210289953254e-10
32.58333,-89.54167,2.54388737043884e-10
32.58333,-88.29167,3.57892940117484e-10
32.58333,-88,9.37215088530222e-11
32.58333,-84.75,2.12909055768575e-09
32.58333,-83.875,1.91157175764588e-09
32.58333,-82.375,1.07265669141308e-09
32.58333,-82,8.00367765330499e-10
32.58333,-81.91667,8.84666575568746e-10
32.58333,-80.875,1.41409809129213e-09
32.58333,-80.125,4.21689057996818e-09
32.54167,-117.0417,1.37380000000458e-08
32.54167,-114.7917,4.58368527827007e-09
32.54167,-113.5,3.85840178779955e-10
32.54167,-111.1667,6.11904228584917e-10
32.54167,-110.2917,5.44501363479721e-11
32.54167,-109.625,3.47218431641699e-10
32.54167,-109.25,2.62502759439223e-10
32.54167,-104,8.09298479623555e-11
32.54167,-103.875,6.44072970121469e-11
32.54167,-103,1.57865074244049e-10
32.54167,-102.7917,1.26351298973556e-10
32.54167,-102.75,1.21911233467607e-10
32.54167,-100.9167,2.29029198744215e-10
32.54167,-100.2083,1.51631029699327e-10
32.54167,-99.04167,3.53653475018745e-11
32.54167,-97.91667,5.32803236826663e-10
32.54167,-94.70833,2.7192694815995e-09
32.54167,-93.08333,1.90375896408504e-10
32.54167,-92.25,2.79926647620818e-09
32.54167,-91.91667,3.48063806496926e-09
32.54167,-91.375,1.80751103685657e-10
32.54167,-91.08333,5.54058502777858e-11
32.54167,-90.70833,6.67397942268667e-10
32.54167,-89.79167,4.12994284298393e-10
32.54167,-89.08333,8.6134828841644e-10
32.54167,-88.375,1.95466503378905e-10
32.54167,-88.16667,2.94566140378733e-10
32.54167,-87.83333,1.32805880427135e-10
32.54167,-87.79167,1.2120536363701e-10
32.54167,-85.95833,5.49870741514827e-10
32.54167,-85.45833,1.50423387838827e-09
32.54167,-84.91667,8.10630135711101e-09
32.54167,-84.66667,2.86815759098221e-10
32.54167,-84.33333,4.29068740521094e-10
32.54167,-84.125,5.73071785855996e-10
32.54167,-82.75,5.92701656386928e-10
32.54167,-82.70833,5.246311855532e-10
32.54167,-81.79167,8.75552778945412e-10
32.54167,-80.625,2.58599303261112e-10
32.5,-114.75,3.42749729102486e-09
32.5,-113.8333,6.21422883305941e-10
32.5,-113.75,5.2563916309733e-10
32.5,-113.375,3.63133881624377e-10
32.5,-113.2917,3.58629991782139e-10
32.5,-112.8333,1.97425111615795e-11
32.5,-112.4583,1.99610058852102e-11
32.5,-110.5833,1.44178169516389e-10
32.5,-110.4583,6.37102192699555e-11
32.5,-109.875,3.95055857958196e-11
32.5,-106.8333,6.46145126748513e-10
32.5,-104.3333,7.1515367978884e-11
32.5,-102.9583,9.19231692981033e-11
32.5,-102.625,6.62372344064119e-11
32.5,-102.4167,6.1169517988549e-11
32.5,-102.0417,3.44557694164847e-11
32.5,-101.75,3.42954447786278e-11
32.5,-101.25,4.57273608126514e-11
32.5,-100.2083,1.57035490189971e-10
32.5,-99.45833,6.9795067584448e-11
32.5,-97.95833,4.74107130977239e-10
32.5,-97.58333,6.90524290291452e-10
32.5,-95.79167,2.76024976073938e-10
32.5,-93.45833,7.13071836664043e-10
32.5,-92.04167,6.5479432951612e-09
32.5,-91.91667,1.99946622006783e-09
32.5,-91.875,5.5338859971782e-10
32.5,-91.125,6.66115933377085e-11
32.5,-91.08333,8.20934195838949e-11
32.5,-87.25,5.34554049853416e-11
32.5,-87.04167,2.74567851278247e-10
32.5,-84.04167,6.55056494767664e-10
32.5,-82.66667,4.70621002105696e-10
32.5,-82.5,3.60746557273066e-10
32.45833,-114.7083,9.9325344096972e-09
32.45833,-114.4583,7.88427047128387e-10
32.45833,-112.6667,1.8544807576181e-11
32.45833,-112.4167,1.92072402926365e-11
32.45833,-112.25,2.01231123732601e-11
32.45833,-111.625,1.55475654146612e-09
32.45833,-111.5,2.61872682688284e-10
32.45833,-111.2083,2.36485638813546e-09
32.45833,-110.0417,6.43031625887521e-11
32.45833,-109.2083,2.65879957447190e-10
32.45833,-107.375,1.03691352278824e-10
32.45833,-105.0417,2.4844387194601e-10
32.45833,-104.2083,1.74561586278729e-09
32.45833,-104.0417,8.67479077931734e-11
32.45833,-103.125,3.95000289276261e-10
32.45833,-101.9167,3.54306802947674e-11
32.45833,-99.66667,9.99994675938064e-10
32.45833,-98.91667,1.44865141198872e-10
32.45833,-98.875,1.26013742190154e-10
32.45833,-98.45833,5.43883174862699e-11
32.45833,-97.04167,1.85390635419767e-09
32.45833,-95.66667,3.90849866735372e-10
32.45833,-93.91667,1.60514932563452e-09
32.45833,-92.95833,1.57460372779264e-10
32.45833,-91.875,5.74107235582394e-10
32.45833,-90.70833,2.30440216265593e-10
32.45833,-90,3.54872507247657e-09
32.45833,-87.08333,1.07431240825507e-09
32.45833,-86.625,2.40324326776282e-10
32.45833,-84.875,3.41385988784865e-09
32.45833,-84.41667,5.74677313299168e-10
32.45833,-82,8.51815680989335e-10
32.45833,-80.70833,2.41985387897653e-09
32.41667,-112.7917,1.79817101261933e-11
32.41667,-112.2083,1.95479731578629e-11
32.41667,-111.875,2.16541655203825e-10
32.41667,-110.9583,1.75440412207436e-09
32.41667,-110.1667,5.22329371034763e-11
32.41667,-108.9167,1.74195975028894e-11
32.41667,-106.625,5.85246370229171e-10
32.41667,-105.875,5.00648685545627e-10
32.41667,-105.7917,4.46045604181011e-10
32.41667,-105.5417,3.32174218040334e-10
32.41667,-105.25,2.70991600231838e-10
32.41667,-103.7083,2.30317865782117e-10
32.41667,-103.625,2.22882177970033e-10
32.41667,-101.75,3.66447453632656e-11
32.41667,-101.375,6.73965213766413e-11
32.41667,-100.875,7.83926927257515e-10
32.41667,-99.95833,9.70170206477891e-10
32.41667,-99.79167,6.59645135996137e-09
32.41667,-97.79167,7.21406357581006e-10
32.41667,-97.08333,2.63277038772907e-09
32.41667,-94.91667,8.50081258924853e-10
32.41667,-94.83333,1.28035567095306e-09
32.41667,-93.83333,3.83094337265044e-09
32.41667,-88.66667,1.04926210565063e-09
32.41667,-87.66667,1.73341013799418e-10
32.41667,-86.66667,6.21469524993604e-10
32.41667,-84.54167,1.2830028862799e-09
32.41667,-84.125,3.61973960286151e-10
32.41667,-83.625,2.74593225925438e-09
32.41667,-83.20833,4.19776017630995e-10
32.41667,-81.91667,4.9811316130352e-10
32.41667,-81.875,6.03835867188386e-10
32.41667,-81.54167,7.44599942319357e-10
32.41667,-80.875,8.31559526524292e-10
32.375,-114.2917,6.09478261126257e-10
32.375,-113.375,3.33734635324844e-10
32.375,-113.2917,3.25456829402846e-10
32.375,-113.125,3.08683229953382e-10
32.375,-112.0833,1.78263331769928e-10
32.375,-111.5833,5.1692388405181e-10
32.375,-110.375,1.42671195709689e-10
32.375,-109.0417,1.77483204675571e-11
32.375,-108.7917,1.45517056702896e-10
32.375,-106.7917,1.51253359651222e-09
32.375,-105.0417,2.52081170358027e-10
32.375,-104.7083,5.79778284984912e-11
32.375,-104.5417,6.35611529286925e-11
32.375,-103.25,1.5246183528008e-10
32.375,-103.1667,2.89376629146421e-10
32.375,-101,3.78524181258989e-10
32.375,-98.29167,1.33903848873066e-10
32.375,-98.16667,1.05208372958836e-10
32.375,-95.45833,5.98730010627625e-10
32.375,-95.41667,7.01774138733574e-10
32.375,-94.45833,4.72400533462303e-10
32.375,-93.66667,1.71375400212439e-09
32.375,-91.5,2.5880141085366e-10
32.375,-90.875,1.25726830984184e-09
32.375,-90.66667,4.72041023984242e-10
32.375,-88.83333,5.81061761577769e-10
32.375,-88.45833,6.97039448308546e-10
32.375,-87.54167,7.41459366201343e-11
32.375,-87.5,1.48089093297903e-10
32.375,-85.41667,5.23459915659405e-10
32.375,-84.16667,3.49200280755139e-10
32.375,-83.875,1.22472096761624e-09
32.375,-83.58333,1.5760736220717e-09
32.375,-81.75,4.62209514424025e-10
32.375,-81.375,8.29063662019228e-10
32.33333,-112.5,1.67787917981214e-11
32.33333,-111.2917,3.58579648203245e-10
32.33333,-110.0833,1.19861073865587e-10
32.33333,-109.7083,5.35879682187106e-11
32.33333,-107.2083,1.35807087909815e-09
32.33333,-105.2083,2.68722807133501e-10
32.33333,-103.875,1.5299894695793e-10
32.33333,-103.375,4.39095653529053e-10
32.33333,-103.0833,3.85947606646276e-10
32.33333,-97.91667,1.95026104163548e-10
32.33333,-97.33333,1.50676925887352e-09
32.33333,-96.04167,2.65698055346736e-10
32.33333,-94.625,7.75478440460795e-10
32.33333,-94.41667,4.7750594610298e-10
32.33333,-93.83333,2.39096231562844e-09
32.33333,-93.16667,3.34101960838219e-10
32.33333,-93.04167,6.77239326755826e-10
32.33333,-91.91667,4.7470807608288e-10
32.33333,-89.33333,4.98679018216305e-10
32.33333,-88.04167,2.3502968527659e-10
32.33333,-88,3.04801415539784e-10
32.33333,-87.95833,1.86466240375537e-10
32.33333,-87.25,7.01302762553871e-11
32.33333,-87.16667,8.05547807076598e-11
32.33333,-87.125,8.46347720989755e-11
32.33333,-84.75,6.04552765344391e-09
32.33333,-83.75,1.11968475167527e-09
32.33333,-81.875,3.00184177439835e-10
32.33333,-80.83333,1.98749837276808e-09
32.29167,-112.5833,1.61376424237938e-11
32.29167,-112.5417,1.61712127244552e-11
32.29167,-110.7917,7.10432095081976e-09
32.29167,-110.4167,2.14908863347412e-10
32.29167,-104.7917,5.64359412570096e-11
32.29167,-104.125,1.9674328435111e-10
32.29167,-102,4.45956795072304e-10
32.29167,-101.9583,4.47312504460451e-10
32.29167,-101.4167,8.6764377424568e-10
32.29167,-100.0417,2.36312433624687e-10
32.29167,-97.75,6.04151911805653e-10
32.29167,-96.95833,6.11137238694596e-10
32.29167,-95.91667,2.66691977628817e-10
32.29167,-95.33333,2.30822560238115e-09
32.29167,-94.04167,5.94140024978102e-10
32.29167,-93.54167,3.5404536448273e-10
32.29167,-92.58333,2.89085465001952e-10
32.29167,-91.20833,8.36829338599362e-11
32.29167,-90.16667,3.55674471018875e-09
32.29167,-87.08333,3.2673816775104e-10
32.29167,-86.75,4.58426137283676e-10
32.29167,-85.70833,3.49932766582073e-10
32.29167,-85.5,3.96852347372307e-10
32.29167,-85.29167,2.44825134305416e-10
32.29167,-82.75,8.10393496283595e-10
32.29167,-82.66667,9.88407120148665e-10
32.29167,-82.29167,8.33695229443935e-10
32.29167,-82.16667,5.23427963447834e-10
32.29167,-82.08333,5.25831862838239e-10
32.29167,-81.70833,3.30481153802834e-10
32.29167,-81.08333,8.5090300996514e-10
32.29167,-80.83333,3.23642122488133e-09
32.29167,-80.45833,6.62167125381426e-08
32.25,-113.3333,2.98249615375263e-10
32.25,-112.4167,1.58386334019333e-11
32.25,-111.7917,1.95665976059638e-10
32.25,-111.125,1.48518413118507e-09
32.25,-108.2083,2.60455949422062e-10
32.25,-107.9167,6.40339864183935e-11
32.25,-106.2917,1.11374712631775e-10
32.25,-105.375,9.89162601764321e-11
32.25,-104.8333,5.57469953343785e-11
32.25,-104,1.64080022788465e-10
32.25,-103.7917,1.34378547639569e-10
32.25,-102.7083,4.75246166727131e-11
32.25,-102.125,9.97416581275523e-11
32.25,-100.375,1.72516672981197e-10
32.25,-99.625,2.25190491528518e-10
32.25,-99.20833,8.85440702877356e-11
32.25,-98.875,7.53051257532946e-11
32.25,-97.5,3.35972267759521e-10
32.25,-97.08333,3.21958499098446e-10
32.25,-95.33333,2.17204954533344e-09
32.25,-94.58333,4.29051146515213e-10
32.25,-91.45833,7.30751567919627e-11
32.25,-91.08333,1.38972701882852e-10
32.25,-90.33333,2.37336336950811e-09
32.25,-88.625,8.78962369748039e-10
32.25,-87.75,3.43471008769762e-10
32.25,-85.08333,3.68374710189024e-10
32.25,-83.29167,2.95324991534266e-10
32.25,-83.16667,3.30579806160159e-10
32.25,-82.125,5.70119828304062e-10
32.25,-81.33333,1.56376988563648e-09
32.20833,-112.125,1.50775911979127e-10
32.20833,-111.7083,2.07965376454952e-10
32.20833,-110.4167,2.24104919938366e-10
32.20833,-109.3333,1.22988896752567e-10
32.20833,-109.0833,1.75431305031133e-11
32.20833,-108.8333,1.71038383945618e-11
32.20833,-108,6.01198879483003e-11
32.20833,-107.4167,1.03941149359319e-10
32.20833,-107.0417,4.07962472093109e-10
32.20833,-106.9167,4.67166659755844e-10
32.20833,-105.375,9.89630153224774e-11
32.20833,-104.3333,6.85124565349639e-11
32.20833,-103.4167,1.97672606487613e-10
32.20833,-102.7917,2.15887608140912e-10
32.20833,-101.875,1.07674062699174e-10
32.20833,-100.8333,9.44569992799377e-11
32.20833,-98.91667,6.59570839148685e-11
32.20833,-97.70833,6.61872659733103e-10
32.20833,-96.54167,2.89344498993092e-10
32.20833,-94,8.43944415622366e-10
32.20833,-92.375,2.91803098498193e-10
32.20833,-92.33333,3.01102744385841e-10
32.20833,-92.08333,2.87436855477801e-10
32.20833,-91.83333,5.5854802172099e-10
32.20833,-91.45833,7.44401408465452e-11
32.20833,-91.29167,6.84309549746351e-11
32.20833,-90.75,1.84112478113365e-10
32.20833,-89.45833,1.0475896699016e-09
32.20833,-88.75,9.16276533030959e-10
32.20833,-88.20833,3.62774355662252e-10
32.20833,-86.54167,4.60711702845225e-10
32.20833,-84.25,8.60603393014838e-10
32.20833,-84.04167,9.7039922081418e-10
32.20833,-83.95833,3.28165615077773e-10
32.20833,-81.58333,2.19610629082058e-09
32.16667,-113.3333,2.79089730003132e-10
32.16667,-111.4167,3.98899618358853e-10
32.16667,-110.75,8.28917498599058e-10
32.16667,-109.0417,1.80304629463535e-11
32.16667,-108.4583,2.05313989351559e-11
32.16667,-108,5.89829761205741e-11
32.16667,-107.9167,6.18092505872889e-11
32.16667,-107.125,6.70472457559402e-10
32.16667,-107.0833,4.71290809210334e-10
32.16667,-105.5833,1.21532032807604e-10
32.16667,-105.1667,8.86780834165685e-11
32.16667,-103.75,1.24654295838376e-10
32.16667,-103,4.83737377098374e-11
32.16667,-100.0417,2.18642423798497e-10
32.16667,-99.54167,1.98048176585982e-10
32.16667,-99.04167,5.96756953429544e-11
32.16667,-98.625,1.21704017557763e-10
32.16667,-97.83333,2.21935644523672e-10
32.16667,-95.58333,3.49723982167907e-10
32.16667,-95.25,1.67813202690525e-09
32.16667,-94.5,4.9089143803185e-10
32.16667,-94.45833,2.79484362079945e-10
32.16667,-94.08333,1.74797193419583e-10
32.16667,-93.75,3.94577459563201e-10
32.16667,-93.5,2.47894243931534e-10
32.16667,-91.875,2.75208391387799e-10
32.16667,-90.375,6.76469609194003e-10
32.16667,-89.83333,7.35278745049128e-10
32.16667,-86.75,3.46916161810664e-10
32.16667,-85.5,4.81031667663599e-10
32.16667,-84.75,1.44425369074271e-10
32.16667,-83,1.06595405631389e-09
32.16667,-82.91667,1.01783992040914e-09
32.16667,-82.625,7.44126325751586e-10
32.16667,-82.375,1.85660785285313e-09
32.16667,-81.08333,6.33464093693743e-10
32.125,-111.125,1.42581644030117e-09
32.125,-110.75,2.0029165010668e-09
32.125,-110.5417,8.623486982723e-10
32.125,-109.7917,1.06453232737512e-10
32.125,-107.4167,9.94738418766548e-11
32.125,-106.1667,7.20291159207494e-10
32.125,-105.375,9.9072797653045e-11
32.125,-105.2917,9.365796307643e-11
32.125,-104.5,5.87942069505482e-11
32.125,-103.2083,1.96022675330173e-10
32.125,-102.25,2.95360579764066e-10
32.125,-98.95833,6.01748099819221e-11
32.125,-98.29167,1.18021989403035e-10
32.125,-98.08333,7.88230374839703e-11
32.125,-97.58333,4.00602405320673e-10
32.125,-96.66667,5.85244807549561e-10
32.125,-94,3.72720150291939e-10
32.125,-93.25,4.55508322306318e-10
32.125,-93.125,8.5307199443472e-10
32.125,-91.375,3.83205507563931e-11
32.125,-91.20833,9.90256508953196e-11
32.125,-90.25,1.11705215943848e-09
32.125,-89.83333,6.59596207285523e-10
32.125,-89.375,5.01264691898582e-10
32.125,-88.79167,1.32952619446416e-10
32.125,-88.75,1.32609794118602e-10
32.125,-87.625,2.42175413627714e-10
32.125,-87.5,1.16980867526321e-10
32.125,-87.29167,1.70536036813121e-10
32.125,-87.125,2.00622387325704e-10
32.125,-86.79167,2.92023369238926e-10
32.125,-86.25,2.67352573140071e-10
32.125,-85.41667,4.3456336843351e-10
32.125,-83.95833,3.38895306477151e-10
32.125,-81.625,1.83874294464624e-09
32.125,-81.5,3.22092589619613e-09
32.125,-81.375,8.40993995249759e-09
32.08333,-112.0833,1.41256140036218e-10
32.08333,-109.375,3.47769089298657e-11
32.08333,-108.9167,1.70184606608071e-11
32.08333,-105.875,5.1020273637089e-10
32.08333,-104.6667,5.52644562556787e-11
32.08333,-103.4583,1.7919289917228e-10
32.08333,-103.25,1.86946848160459e-10
32.08333,-102.3333,5.69890748575232e-10
32.08333,-102.0417,1.09667679428695e-09
32.08333,-100.0417,2.37370173451109e-10
32.08333,-99.875,2.53899511730443e-10
32.08333,-99.375,5.50139462430738e-11
32.08333,-99.16667,9.51610181130511e-11
32.08333,-97.58333,2.74520120274316e-10
32.08333,-97.29167,2.312763850813e-10
32.08333,-96.16667,3.01912895717649e-10
32.08333,-95.875,3.66377107460251e-10
32.08333,-95.70833,3.51594131879455e-10
32.08333,-95.04167,3.03542055645798e-10
32.08333,-94.29167,1.61613833178053e-10
32.08333,-94.04167,5.84092869761108e-10
32.08333,-92.29167,1.43242794917807e-10
32.08333,-92.16667,1.80371265101401e-10
32.08333,-91.45833,3.8115086367919e-11
32.08333,-88.79167,2.015178127766e-10
32.08333,-87.33333,3.06292553849093e-10
32.08333,-86.45833,6.1526092528767e-10
32.08333,-82.83333,2.88358295419735e-10
32.08333,-82.08333,6.70366187764515e-10
32.04167,-113.4167,2.59782449094566e-10
32.04167,-111.25,5.86834265215089e-10
32.04167,-107.875,8.39881397574802e-11
32.04167,-107.8333,8.61005806961011e-11
32.04167,-107.5833,7.55339566076622e-11
32.04167,-107.375,9.84474882868375e-11
32.04167,-107.2083,4.44537659901196e-10
32.04167,-106.7083,4.13107124653257e-10
32.04167,-105.0417,8.38250776464108e-11
32.04167,-104.2917,5.60670077393395e-11
32.04167,-103.9583,1.32469907548862e-10
32.04167,-103.5,1.74271575180566e-10
32.04167,-103.0833,1.84523838521688e-10
32.04167,-101.5417,7.97559739833118e-11
32.04167,-101.3333,7.47154074965283e-11
32.04167,-100.7917,3.38006679640871e-10
32.04167,-99,6.52841726494411e-11
32.04167,-98.75,8.52526589439826e-11
32.04167,-98.70833,8.42305896561069e-11
32.04167,-98.5,1.15489479475902e-10
32.04167,-98.29167,1.42526867645213e-10
32.04167,-98.04167,7.64110392342362e-11
32.04167,-97.70833,1.7598747982701e-10
32.04167,-95.91667,4.00701295689252e-10
32.04167,-95.33333,5.39780254177921e-10
32.04167,-94.5,9.43895612819731e-10
32.04167,-94.04167,5.7427272944158e-10
32.04167,-93.41667,2.90628372199631e-10
32.04167,-92.75,9.42447431524222e-11
32.04167,-92.70833,9.68255793411155e-11
32.04167,-91.54167,2.21804212553445e-10
32.04167,-89.04167,7.12459524363568e-10
32.04167,-88.29167,1.6482764395041e-10
32.04167,-85.5,5.52264123351712e-10
32.04167,-85.25,4.05540533215302e-10
32.04167,-83,7.42213461107404e-10
32.04167,-82.04167,1.15903991088728e-09
32.04167,-81.54167,1.08760871282806e-09
32.04167,-80.95833,9.66555712765716e-09
32,-112.625,1.13259395989848e-10
32,-111.625,1.97223176357412e-10
32,-111.3333,6.26055676618393e-10
32,-110.4167,1.94273691079968e-10
32,-110.3333,1.55106459066608e-10
32,-108.8333,1.68224435267592e-11
32,-108,5.44820433209307e-11
32,-106.875,3.60207145994394e-10
32,-106.7917,3.99131018979027e-10
32,-105.25,8.9812826000314e-11
32,-105.0417,8.31410821182055e-11
32,-102.2917,7.08622760244911e-10
32,-101.875,2.76585461202884e-10
32,-101.4167,7.73046122905827e-11
32,-100.7083,6.47076925649025e-11
32,-100.0417,4.43570336652514e-11
32,-99.41667,9.13617084251982e-11
32,-99.375,9.19242205440075e-11
32,-99.04167,7.01783981394896e-11
32,-97.375,2.14615787912233e-10
32,-97.04167,2.71989375719474e-10
32,-93.16667,3.19103475790404e-10
32,-89.20833,1.45159965940624e-10
32,-88.91667,1.95924414753873e-10
32,-86.375,5.03285942698392e-10
32,-86.25,2.91652150178646e-10
32,-85.08333,3.98251183084484e-10
32,-84.25,5.66121247632601e-09
32,-82.54167,2.89034122676683e-10
32,-82,1.24497060802966e-09
31.95833,-112.2083,1.22273419648185e-10
31.95833,-108.2917,3.57208594761039e-11
31.95833,-108.1667,4.88704558723461e-11
31.95833,-107.1667,3.99030621871319e-10
31.95833,-105.875,5.13797908999302e-10
31.95833,-105.7083,4.16152905287227e-10
31.95833,-105.1667,8.60446953308314e-11
31.95833,-104.4167,2.4507793174415e-10
31.95833,-103.2917,9.74053286137863e-11
31.95833,-102.5,2.30993622075465e-09
31.95833,-102.375,3.85201427550471e-10
31.95833,-102.0833,2.50826488574022e-10
31.95833,-99.875,4.42458385931115e-11
31.95833,-99.79167,4.40819869786112e-11
31.95833,-98.08333,8.463773362879e-11
31.95833,-97.83333,5.59834141415084e-11
31.95833,-96.70833,2.89373727488257e-10
31.95833,-95.95833,1.1371741487991e-10
31.95833,-95.16667,4.31418899295896e-10
31.95833,-93.45833,1.02652473422435e-10
31.95833,-91.16667,2.90889052436884e-10
31.95833,-90,3.82259441377991e-10
31.95833,-87.29167,7.99498254936386e-11
31.95833,-86.66667,1.57095130686144e-10
31.95833,-85.125,6.42262005857287e-10
31.95833,-85,6.0699326275729e-10
31.95833,-84.91667,3.70003010987708e-10
31.95833,-84.79167,3.86946837120691e-10
31.95833,-83.58333,7.94065759261297e-10
31.95833,-83.41667,9.1700922323906e-10
31.95833,-81.95833,9.15386162500191e-10
31.95833,-81.91667,9.39103820699373e-10
31.95833,-81.83333,2.36946091135783e-09
31.91667,-111.875,1.50161722554535e-10
31.91667,-111.25,4.90907535760111e-10
31.91667,-111.2083,3.48074571318181e-10
31.91667,-109,1.72227054519505e-11
31.91667,-107.9583,5.34036899363586e-11
31.91667,-107.375,8.55649077043323e-11
31.91667,-106.9583,2.99130502367882e-10
31.91667,-106.875,3.33044882083817e-10
31.91667,-104.5833,2.38901127120154e-10
31.91667,-103,1.05672820042761e-10
31.91667,-102.75,2.43194926774968e-10
31.91667,-100.1667,1.13586697993821e-10
31.91667,-99.04167,1.08136978998271e-10
31.91667,-99,9.93775479873413e-11
31.91667,-97.125,3.48244810476157e-10
31.91667,-95,4.82567466324861e-10
31.91667,-94.75,1.82931882361826e-10
31.91667,-92.625,7.65107638751951e-10
31.91667,-92.04167,9.97529939568952e-10
31.91667,-87.04167,1.0192114838188e-10
31.91667,-86.54167,2.7548960997965e-10
31.91667,-85.79167,2.68019633353992e-10
31.91667,-82.04167,7.36957319901555e-10
31.91667,-81.58333,4.9967912602005e-10
31.875,-111.75,1.61177889411346e-10
31.875,-111.5,3.33775154562783e-10
31.875,-108.375,3.31097332093621e-11
31.875,-108.2917,3.4479584311262e-11
31.875,-108.25,3.51900698909749e-11
31.875,-107.5833,5.499392993555e-11
31.875,-105.0833,8.24719159702093e-11
31.875,-103.9583,2.06594862391244e-10
31.875,-103.7083,4.50658720776164e-11
31.875,-100.8333,6.60795642668397e-11
31.875,-100.625,7.68602646018714e-11
31.875,-99.625,9.10029693401625e-11
31.875,-94.66667,1.90909416640456e-10
31.875,-94.58333,2.27763612575034e-10
31.875,-93.75,3.04701056402857e-10
31.875,-93.29167,3.71646163598198e-10
31.875,-91.625,8.40032719670996e-11
31.875,-91.5,4.87641913090068e-11
31.875,-89.125,5.53937402692623e-10
31.875,-88.79167,4.98884059825001e-10
31.875,-88.58333,4.48498062390577e-10
31.875,-88.45833,2.19286287918922e-10
31.875,-87.125,1.0566960939697e-10
31.875,-86.66667,4.64171118900444e-10
31.875,-86.04167,1.5425822211546e-10
31.875,-85.41667,7.85008742153898e-10
31.875,-85.33333,1.02770851549631e-09
31.875,-83.79167,9.01485155419433e-10
31.83333,-112.4167,1.07372232829757e-10
31.83333,-111.5417,2.86468091497966e-10
31.83333,-108.4167,3.19294894398467e-11
31.83333,-107.1667,3.32949581030305e-10
31.83333,-106.7083,5.71460466802138e-10
31.83333,-106.6667,1.10864073265732e-09
31.83333,-106.625,1.35178269078492e-09
31.83333,-105.875,9.32299542371965e-11
31.83333,-105.25,8.56816330915855e-11
31.83333,-104.7083,2.30091208019127e-10
31.83333,-104,2.04554395242258e-10
31.83333,-103.125,9.7658539545075e-11
31.83333,-102.375,4.90477603156889e-09
31.83333,-101.2917,2.79462217941792e-10
31.83333,-101,6.0136009771574e-11
31.83333,-100.7083,7.73819077422386e-11
31.83333,-98.58333,7.94761226137434e-11
31.83333,-98.41667,8.04543567406727e-11
31.83333,-98.125,7.45510705475322e-11
31.83333,-98.08333,7.66272938125222e-11
31.83333,-97.20833,3.41470500609684e-10
31.83333,-95.95833,1.04420345574284e-09
31.83333,-91.70833,7.88479355969e-11
31.83333,-91.16667,1.14060252665919e-09
31.83333,-87.66667,7.71123842364623e-10
31.83333,-86.875,1.42387067258592e-10
31.83333,-86.04167,1.53704745583951e-10
31.83333,-83.91667,4.64881207896626e-10
31.83333,-83.58333,7.28027986661892e-10
31.83333,-82.83333,5.48838027775876e-10
31.83333,-82.75,5.26498710659755e-10
31.83333,-82.29167,8.58885624240198e-10
31.79167,-112.2083,1.13303663116886e-10
31.79167,-112.0417,1.25133806163601e-10
31.79167,-110.7917,2.69425683090407e-10
31.79167,-109.8333,5.05821477805192e-11
31.79167,-108.5417,2.96881174472779e-11
31.79167,-108.0833,4.70232789015838e-11
31.79167,-106.5417,1.70367696884439e-08
31.79167,-105.2917,2.74501634723563e-10
31.79167,-104.7083,7.29156396128524e-11
31.79167,-103.6667,4.26163539011675e-11
31.79167,-102.5,1.63699712584492e-10
31.79167,-100.8333,7.28713367722793e-11
31.79167,-98.83333,1.41875288288136e-10
31.79167,-97.95833,4.9649717591714e-11
31.79167,-95.625,2.06576150423553e-09
31.79167,-94.83333,2.88642292533665e-10
31.79167,-92.75,5.38239288123542e-10
31.79167,-92.66667,1.426247905432e-10
31.79167,-91.16667,1.11535862635332e-09
31.79167,-89.45833,1.18851226323955e-09
31.79167,-89.33333,1.74099996284263e-09
31.79167,-88.66667,1.86662689321314e-10
31.79167,-85.66667,5.54855128513566e-10
31.79167,-85.45833,9.75802287536384e-10
31.79167,-81.66667,4.41828012802667e-10
31.79167,-81.54167,2.70465441011873e-10
31.79167,-81.5,2.59884178254013e-10
31.75,-112.25,1.08817991467597e-10
31.75,-111.9583,1.29937080121944e-10
31.75,-110,1.24564419173052e-10
31.75,-109.4583,3.6509218909493e-11
31.75,-108.9583,1.67045147874186e-11
31.75,-107.9583,2.32633102098625e-10
31.75,-107.5833,2.93919952469643e-10
31.75,-107.4583,3.24154445082815e-10
31.75,-107.375,3.46387883041235e-10
31.75,-106.2917,2.65781955000743e-09
31.75,-105.9167,5.80223435188104e-10
31.75,-105,7.49778782765608e-11
31.75,-102.0833,1.74456672401424e-10
31.75,-100.375,2.44903148300492e-10
31.75,-97.54167,1.66744328824191e-10
31.75,-96.95833,8.11844955576658e-10
31.75,-95.75,5.35990592776126e-10
31.75,-93.54167,6.06059080365297e-10
31.75,-93.08333,4.88402832799404e-10
31.75,-92.83333,5.25276955920397e-10
31.75,-92.08333,2.03130199351067e-10
31.75,-90.45833,2.2099317371313e-10
31.75,-89.375,1.76651140531162e-09
31.75,-88.125,4.60981785779176e-10
31.75,-85.33333,9.24219003134135e-10
31.75,-85.20833,5.4054880475709e-10
31.75,-83.125,3.32853984242649e-10
31.75,-82.375,2.11404863695305e-09
31.70833,-110.125,2.21798846344218e-10
31.70833,-105.4167,3.04804066959803e-10
31.70833,-105.1667,2.48278422364251e-10
31.70833,-103.9583,1.87731717350246e-10
31.70833,-102.9167,1.14607368947831e-10
31.70833,-102.4583,2.53975826858685e-10
31.70833,-102.3333,5.60332321753487e-10
31.70833,-101.75,5.84415826994104e-11
31.70833,-101.375,4.47708878363204e-11
31.70833,-100.0833,1.11355222627589e-10
31.70833,-99.5,9.35873722227864e-11
31.70833,-96.70833,1.7974388145342e-10
31.70833,-96.375,2.65804943737522e-10
31.70833,-95.5,2.04070095621348e-10
31.70833,-93.625,6.69529538851338e-10
31.70833,-93.54167,6.59247974832319e-10
31.70833,-93.5,1.40143291920247e-09
31.70833,-92.08333,2.04721416697994e-10
31.70833,-90.625,1.08103936123246e-10
31.70833,-87.75,6.04303235229638e-10
31.70833,-87.70833,4.97497341233723e-10
31.70833,-86.83333,2.03060647132803e-10
31.70833,-86.375,1.09829708356961e-10
31.70833,-85.33333,5.28920049824691e-10
31.70833,-82.04167,8.32345983354719e-10
31.70833,-81.875,7.46442599963191e-10
31.70833,-81.83333,4.60866395646649e-10
31.66667,-111.5,5.38021437015721e-11
31.66667,-109.7083,4.05349245893196e-11
31.66667,-101.5417,4.4977289525506e-11
31.66667,-101.125,5.91021816702828e-11
31.66667,-99.75,3.39708828540351e-10
31.66667,-98.875,2.99723494289164e-10
31.66667,-97.25,7.12796188554696e-10
31.66667,-96.08333,6.76224441226052e-11
31.66667,-95.83333,1.37750008110173e-10
31.66667,-95.66667,1.57198160405501e-10
31.66667,-95.625,2.55777693717163e-10
31.66667,-95.54167,1.70352192572303e-10
31.66667,-95.29167,6.72711970876186e-11
31.66667,-95.20833,1.90612164608163e-10
31.66667,-95.16667,1.99209340583517e-10
31.66667,-93,7.14677565738621e-11
31.66667,-92.375,6.9925505584548e-10
31.66667,-90.33333,3.11899917074217e-10
31.66667,-87.16667,5.71773210774866e-10
31.66667,-86,2.1535750108189e-10
31.66667,-85.29167,3.77280976126e-10
31.66667,-84.125,1.28273907116606e-09
31.66667,-83.625,7.32860105002159e-10
31.66667,-81.54167,1.32994819542324e-09
31.625,-111.9167,1.289450257281e-10
31.625,-111.5417,5.05113593684525e-11
31.625,-111.2917,1.14906443784173e-10
31.625,-110.7917,1.32839139781676e-10
31.625,-110.5,3.4887372660628e-10
31.625,-110.375,4.12239140470075e-10
31.625,-110.3333,5.32489698606933e-10
31.625,-108.375,2.99021488373604e-11
31.625,-106,1.0334453861026e-10
31.625,-102.3333,2.14286139932687e-10
31.625,-101.5,4.42875948600892e-11
31.625,-100.8333,1.66170779253529e-10
31.625,-99.58333,7.49608148872805e-11
31.625,-98.66667,7.92126884043035e-11
31.625,-97.95833,7.49543091269586e-11
31.625,-97.66667,1.43300656954323e-10
31.625,-97.45833,2.88491299563082e-10
31.625,-94.70833,6.39301461681166e-10
31.625,-94.33333,2.97806607962902e-10
31.625,-91.625,2.34155357608155e-10
31.625,-91.08333,2.26578085366493e-10
31.625,-90.66667,3.98658843248453e-10
31.625,-89.5,1.63457287845034e-10
31.625,-89.25,5.58265426614935e-10
31.625,-89.16667,1.19159130284685e-09
31.625,-87.375,3.37181854440327e-10
31.625,-86.79167,2.98755881052951e-10
31.625,-84,7.99210114930075e-10
31.625,-82.83333,4.43232631365399e-10
31.625,-81.91667,3.76573399229031e-09
31.58333,-111.0833,4.16993960145787e-10
31.58333,-109.1667,2.57282978057316e-11
31.58333,-109.0417,1.67031611735449e-11
31.58333,-105.9167,5.53785325559209e-10
31.58333,-105.3333,2.75279952782923e-10
31.58333,-104,7.75740450870265e-11
31.58333,-103.5833,6.90770826277977e-11
31.58333,-103.2083,1.68069261035022e-10
31.58333,-102.7083,6.5795717006309e-11
31.58333,-101.5417,1.15616300249654e-10
31.58333,-100.125,1.4045565164232e-10
31.58333,-99.20833,7.7816733290054e-11
31.58333,-98.66667,7.99576699456246e-11
31.58333,-98.58333,7.33277258210118e-11
31.58333,-98.25,4.31018843638249e-11
31.58333,-96.54167,2.25145974432659e-10
31.58333,-94.41667,1.79890368522184e-10
31.58333,-93.83333,6.43984087279163e-11
31.58333,-93.5,8.0819828487623e-10
31.58333,-92.25,1.87747845667551e-10
31.58333,-89.83333,3.25029448402562e-10
31.58333,-87.20833,8.93307272218817e-10
31.58333,-87,4.38729185427285e-10
31.58333,-85.20833,9.37614775746955e-10
31.58333,-84.75,3.26442894542568e-10
31.58333,-84.54167,1.57686478387013e-10
31.58333,-83.66667,1.14236918466787e-09
31.58333,-81.29167,2.50597134352516e-10
31.54167,-110.4167,6.76458420182157e-10
31.54167,-109.1667,2.55113952038217e-11
31.54167,-108.5417,2.72080853328582e-11
31.54167,-108.375,2.88853190319716e-11
31.54167,-105.9583,5.75700177727476e-10
31.54167,-105.25,4.29761409137102e-11
31.54167,-104.125,1.80751002699573e-10
31.54167,-103.625,6.8688595894286e-11
31.54167,-100.25,2.14469744037158e-10
31.54167,-99.45833,1.52172876659023e-10
31.54167,-98.33333,4.46459118996996e-11
31.54167,-97.41667,6.77374965480725e-10
31.54167,-97.25,4.52492319993873e-09
31.54167,-95.08333,1.74471088248362e-10
31.54167,-94,2.06633691565754e-10
31.54167,-93.83333,6.32269521393071e-11
31.54167,-93.41667,6.60707425130177e-10
31.54167,-92.95833,2.57801890647285e-10
31.54167,-90.875,1.90223596243111e-10
31.54167,-89.45833,4.58546411397877e-10
31.54167,-88.70833,1.80314530229728e-10
31.54167,-87.75,2.06020110491674e-10
31.54167,-84.70833,3.74902350552727e-10
31.54167,-83.41667,8.08627625292442e-10
31.54167,-83.25,3.28562331970344e-10
31.54167,-82.58333,8.81830599211694e-10
31.54167,-82.375,5.00337070628977e-10
31.5,-111.5417,4.66496231006727e-11
31.5,-111.375,9.58186368601184e-11
31.5,-110.6667,1.1819752978008e-10
31.5,-108.9583,1.59596457735737e-11
31.5,-105.25,4.24570745947042e-11
31.5,-104.0833,1.75291714882078e-10
31.5,-103.0833,1.51325349137832e-10
31.5,-102.8333,5.40004678205887e-10
31.5,-102,6.14608567328912e-11
31.5,-100.9583,7.28138469336397e-10
31.5,-99.875,8.04118984864181e-11
31.5,-97.41667,5.81678385722382e-10
31.5,-96.45833,9.93722859490865e-11
31.5,-95.45833,4.6791388902922e-11
31.5,-94.375,3.52149037174036e-10
31.5,-93.70833,4.39469904947369e-10
31.5,-92.625,5.27047911968205e-10
31.5,-91.75,1.27774516386435e-10
31.5,-90.54167,4.55123637023146e-10
31.5,-88.54167,5.71597108471725e-10
31.5,-88.5,5.48290568157754e-10
31.5,-88.41667,4.5559371897497e-10
31.5,-87.66667,2.177328024236e-10
31.5,-87.625,2.29177076230385e-10
31.5,-85.66667,5.33616029687087e-10
31.5,-85,5.21236007349063e-10
31.5,-83.95833,3.3977245583515e-09
31.5,-81.75,2.01442433789738e-09
31.5,-81.70833,1.01085631842049e-09
31.5,-81.20833,5.18630608277853e-08
31.45833,-110.9167,1.72278719774452e-10
31.45833,-108.25,2.93248681412523e-11
31.45833,-106.2083,4.76022090301523e-09
31.45833,-102.625,6.20907700923317e-11
31.45833,-101.6667,1.08763613063747e-10
31.45833,-101.5417,1.10083951349667e-10
31.45833,-101.4167,2.68274642755666e-10
31.45833,-100.875,6.03784601902484e-11
31.45833,-99.95833,9.30429430568915e-11
31.45833,-98.16667,1.06527427547312e-10
31.45833,-93.54167,1.64400490108638e-10
31.45833,-92.08333,2.19199926221379e-10
31.45833,-91.58333,1.03307191477253e-10
31.45833,-91.25,3.64335019964302e-10
31.45833,-88.875,5.12990489969514e-10
31.45833,-87.625,6.85380444890785e-10
31.45833,-87.45833,1.51170567472575e-09
31.45833,-86.91667,8.46598452754949e-10
31.45833,-85.75,6.46863056271504e-09
31.45833,-85.45833,5.22230258976284e-10
31.45833,-85.375,9.8300733143411e-10
31.45833,-83.625,6.65114788366958e-10
31.45833,-82.625,8.65387354366609e-10
31.41667,-110.8333,1.78555518731715e-10
31.41667,-110.75,2.05530548714832e-10
31.41667,-109.4167,6.1613969891436e-11
31.41667,-109.0417,1.6090320418979e-11
31.41667,-108.7083,2.65094826185096e-11
31.41667,-105.75,3.77007241316242e-10
31.41667,-103.9167,7.02323111295356e-11
31.41667,-103.7917,6.78017810170693e-11
31.41667,-102.875,8.0519098988947e-11
31.41667,-102.8333,4.16727405410661e-11
31.41667,-99.83333,7.61691489771513e-11
31.41667,-99.16667,1.68077698544056e-10
31.41667,-98.20833,5.45490774125218e-11
31.41667,-94.79167,2.8117314908411e-10
31.41667,-94.20833,1.42575406091706e-10
31.41667,-91.54167,1.67443737957604e-10
31.41667,-90.29167,6.66498360639061e-10
31.41667,-88.625,3.0040818163717e-10
31.41667,-88.58333,5.51576724978154e-10
31.41667,-88.33333,3.91243418784962e-10
31.41667,-87.70833,5.05337676727296e-10
31.41667,-86.375,2.19640655263929e-10
31.41667,-86.125,6.34872997039557e-10
31.41667,-85.33333,1.04597336039731e-09
31.41667,-81.625,4.13426526406306e-10
31.41667,-81.5,4.37786363750894e-10
31.375,-108.625,2.60984381890754e-11
31.375,-108.4167,2.67160477583511e-11
31.375,-105.4167,2.71676808898305e-10
31.375,-103.5,6.49934574601962e-11
31.375,-102.5,6.05808333253171e-11
31.375,-102.0833,2.33461752257503e-10
31.375,-102.0417,4.23438528664449e-11
31.375,-99.91667,8.32313762049102e-11
31.375,-99.83333,7.33769611627776e-11
31.375,-97.16667,1.77051415248546e-09
31.375,-97.08333,6.89945365231889e-10
31.375,-96.25,1.31203056745372e-10
31.375,-95.45833,7.96479122674964e-11
31.375,-93.83333,3.22379804166987e-10
31.375,-93.625,3.05854391907791e-10
31.375,-90.875,1.55262314670771e-10
31.375,-89.66667,9.32826934482551e-10
31.375,-89.41667,1.13231343872176e-09
31.375,-88.625,5.78106614036452e-10
31.375,-88.29167,4.75796977884129e-10
31.375,-88.125,1.78822925551284e-10
31.375,-88.04167,1.91122042299373e-10
31.375,-86.70833,3.99039933068664e-10
31.375,-86.125,6.14396019665926e-10
31.375,-85.54167,1.1594029131767e-09
31.375,-83.66667,2.33240501988736e-09
31.375,-83.5,2.58424420381755e-09
31.375,-82.91667,1.69932009165592e-09
31.375,-82.58333,4.2251608067385e-10
31.33333,-108.9583,1.53181813584079e-11
31.33333,-108.875,1.49277483702285e-11
31.33333,-105.5417,7.00969933909035e-11
31.33333,-105,2.04872047896126e-10
31.33333,-104.9583,2.01544619872566e-10
31.33333,-103.7083,1.50665890517353e-10
31.33333,-102.6667,5.54398149805503e-11
31.33333,-102.1667,2.2725677914942e-10
31.33333,-100.9167,8.2142127525739e-11
31.33333,-100.875,8.8170857040729e-11
31.33333,-99.875,7.70018593657196e-11
31.33333,-99.08333,3.26000300016075e-11
31.33333,-98.125,7.42965403472084e-11
31.33333,-96.625,3.54471302895067e-10
31.33333,-96.08333,1.21573115197153e-10
31.33333,-95.54167,4.18118594745195e-11
31.33333,-95.25,6.83061119317237e-11
31.33333,-94.20833,5.26115350128227e-10
31.33333,-94.08333,1.24850414787317e-10
31.33333,-93.29167,5.88332484991158e-10
31.33333,-92.91667,1.39053731406472e-09
31.33333,-92.75,4.79381963494292e-10
31.33333,-91,2.88468654100091e-10
31.33333,-90.33333,8.59062674324845e-10
31.33333,-84.875,4.25984032673005e-10
31.33333,-83.75,5.8908071029057e-10
31.33333,-83.5,2.03673652837018e-09
31.33333,-82.75,5.82723087169728e-10
31.33333,-82.29167,7.64234398558645e-10
31.33333,-82.25,7.63238137250623e-10
31.33333,-81.625,8.39292596755994e-10
31.29167,-104.625,1.77638732933564e-10
31.29167,-103,1.20822787545328e-10
31.29167,-102.3333,5.88990774880105e-11
31.29167,-101.75,2.34365970070156e-10
31.29167,-100.7917,1.00173649781104e-10
31.29167,-100.375,4.27888144505851e-10
31.29167,-99.79167,6.77543630098138e-11
31.29167,-98.33333,8.56062225911307e-11
31.29167,-97.58333,1.73600207017112e-09
31.29167,-97.375,5.20375282088718e-10
31.29167,-97.08333,4.77914771261072e-10
31.29167,-96.91667,5.23061851889708e-10
31.29167,-96.45833,3.62129618674687e-10
31.29167,-94.79167,3.16788806931296e-10
31.29167,-93.75,1.88727687704362e-10
31.29167,-93,4.16245657291788e-10
31.29167,-91.70833,3.16919671018752e-10
31.29167,-89.91667,6.90837611980822e-10
31.29167,-88.79167,5.7766658830478e-10
31.29167,-85.875,5.67009846796081e-10
31.29167,-84.5,1.54811233467353e-10
31.29167,-83.41667,1.88533742356409e-09
31.29167,-82.75,3.03932080767471e-10
31.29167,-81.45833,9.20052050559452e-10
31.25,-104.5,1.70626950608733e-10
31.25,-103.75,1.47692941359366e-10
31.25,-103.0833,1.14558482448985e-10
31.25,-102.625,3.8351491408713e-11
31.25,-99.95833,8.30140469795521e-11
31.25,-98.91667,4.64960842567807e-11
31.25,-98.75,4.46772800151235e-11
31.25,-97.04167,4.10127107332433e-10
31.25,-93.41667,2.00288871528479e-10
31.25,-93.16667,1.74668858275074e-10
31.25,-92.45833,3.08789655165447e-09
31.25,-92,2.27311846711589e-10
31.25,-90.91667,2.88447246841996e-10
31.25,-89.08333,6.38361627676523e-10
31.25,-88.20833,4.66216893402123e-10
31.25,-88.04167,1.07016370436637e-09
31.25,-87.75,2.69957529451162e-10
31.25,-87,5.80852079373772e-10
31.25,-86.70833,1.92271633867798e-10
31.25,-85.66667,1.68238798110869e-09
31.25,-84.625,1.6858333317341e-10
31.25,-84.20833,5.85302691671204e-10
31.25,-81.79167,1.49638257950384e-09
31.20833,-105.6667,2.91914672360585e-10
31.20833,-105.0417,1.98659052922142e-10
31.20833,-104.5,1.67545925496676e-10
31.20833,-104.4167,1.65028678173517e-10
31.20833,-104,1.51352353411192e-10
31.20833,-103.125,1.10930506531817e-10
31.20833,-102.7083,1.86971836091965e-10
31.20833,-102.625,1.92301874614367e-10
31.20833,-102.5833,1.9478504010885e-10
31.20833,-102.1667,1.71589798009646e-10
31.20833,-100.4583,4.82060167173703e-10
31.20833,-100.2083,2.45738820486652e-10
31.20833,-100.0833,9.59341054888394e-11
31.20833,-100,8.48651067349702e-11
31.20833,-97.875,5.87960253920151e-09
31.20833,-96.70833,6.46865768716966e-11
31.20833,-95.91667,6.88568136808404e-11
31.20833,-95.70833,4.22869542631183e-11
31.20833,-94.95833,1.53745778548191e-10
31.20833,-94.29167,4.60591166839833e-10
31.20833,-92.41667,2.42008917465727e-09
31.20833,-89.375,1.0506595032118e-09
31.20833,-89,1.88492581845086e-09
31.20833,-87.83333,9.70695439671595e-10
31.20833,-87.08333,8.1678664856224e-10
31.20833,-86.5,3.07147057595843e-10
31.20833,-83.54167,1.76057562888069e-09
31.16667,-105.4167,4.08275497521356e-11
31.16667,-104.75,4.23871807110996e-10
31.16667,-104.5833,1.66953732640785e-10
31.16667,-104,1.48869518712307e-10
31.16667,-103.2917,1.46146033055054e-10
31.16667,-102.5,1.94341364896651e-10
31.16667,-102.4583,1.96278083529075e-10
31.16667,-101.4583,2.41486303351526e-10
31.16667,-100.875,4.25627828871293e-10
31.16667,-99.75,6.09046150165481e-11
31.16667,-99.5,6.58063930425271e-11
31.16667,-97.70833,2.48485437992171e-08
31.16667,-96.91667,2.29295335742538e-10
31.16667,-95.95833,7.72121796539722e-11
31.16667,-95.45833,6.54506483744003e-11
31.16667,-92.5,5.80677803891757e-10
31.16667,-91.58333,3.85657691884134e-10
31.16667,-91.5,4.01493209228616e-10
31.16667,-90.75,3.78599835405807e-10
31.16667,-89.79167,7.76906737647252e-10
31.16667,-88.66667,5.64034917489594e-10
31.16667,-88.125,1.57630384970192e-09
31.16667,-87.83333,2.09469079760617e-10
31.16667,-87.125,4.9291569477377e-10
31.16667,-85.95833,8.64434978643725e-10
31.16667,-85.08333,6.21670951799926e-10
31.16667,-84.79167,7.38504975199735e-10
31.16667,-84.5,3.49584077529261e-10
31.16667,-84.29167,6.03005558084825e-10
31.16667,-83.375,1.04962947823868e-09
31.16667,-82.625,1.30890452926959e-10
31.125,-104.0417,1.47810071200466e-10
31.125,-103.875,1.87085316267174e-11
31.125,-102,3.73142214998727e-11
31.125,-100.7917,4.50652322416624e-10
31.125,-98.58333,6.18250225541711e-11
31.125,-96,8.24576895398976e-11
31.125,-90.33333,4.44150189617728e-10
31.125,-87.83333,2.27728163044733e-10
31.125,-87.79167,2.1999064746793e-10
31.125,-86.125,5.36078935820355e-10
31.125,-85.33333,1.60186853043484e-09
31.125,-85,4.80263803925408e-10
31.125,-83.95833,2.88483280333326e-09
31.125,-82.83333,4.86057757094741e-10
31.125,-81.41667,1.13401620402261e-08
31.08333,-105.0833,3.26496402136186e-11
31.08333,-104.25,1.51718799129491e-10
31.08333,-101.2083,1.74542497887733e-10
31.08333,-100.4583,7.1578589767869e-11
31.08333,-100.2917,1.966593772464e-10
31.08333,-99.91667,3.82275576373412e-11
31.08333,-99.875,3.66902263557227e-11
31.08333,-98.5,6.51346657824152e-11
31.08333,-97.70833,4.17146605244552e-09
31.08333,-97.33333,4.8663431598358e-09
31.08333,-95.25,9.66600843680931e-11
31.08333,-93.83333,1.88360216215934e-10
31.08333,-90.91667,3.31930202230017e-10
31.08333,-90.75,3.42121008918663e-10
31.08333,-87.5,1.2126492865415e-09
31.08333,-87.29167,3.9417606504946e-10
31.08333,-85.95833,2.0773662200344e-09
31.08333,-85.79167,1.03160568229444e-09
31.08333,-84.70833,5.40117749063221e-10
31.08333,-82.58333,5.14481144950716e-10
31.08333,-82.54167,8.83974001322533e-11
31.08333,-82.20833,6.1189595507736e-10
31.04167,-105.5833,2.43697064635694e-10
31.04167,-102,2.74502524674819e-11
31.04167,-101.7917,8.57684176205794e-11
31.04167,-101.75,8.65901265610652e-11
31.04167,-101.625,8.92216789220978e-11
31.04167,-100.375,1.85912398766184e-10
31.04167,-98.16667,1.05414971057139e-09
31.04167,-97.70833,3.78409158818822e-09
31.04167,-95.95833,9.44914330292319e-11
31.04167,-95.08333,1.19448148533249e-10
31.04167,-94.70833,1.98627195197818e-10
31.04167,-94.5,1.57596445014998e-10
31.04167,-92.70833,7.36319990448137e-10
31.04167,-91.375,3.68114343327507e-10
31.04167,-90.58333,1.82246464957506e-10
31.04167,-89.875,4.01336004316545e-10
31.04167,-89.33333,3.57773684288405e-10
31.04167,-89.29167,2.81689270610746e-10
31.04167,-88.375,5.62658379899369e-10
31.04167,-87.75,3.42829157701898e-10
31.04167,-87.25,3.95909726480753e-10
31.04167,-87.20833,4.16956686000501e-10
31.04167,-86.04167,9.20175911847922e-10
31.04167,-85.33333,7.86006995127371e-10
31.04167,-83.875,1.28548059355892e-09
31.04167,-83.29167,9.72424147496506e-10
31.04167,-81.375,4.4125345157748e-09
31,-105.125,1.90223526719098e-10
31,-103.8333,1.79279052702172e-11
31,-101.5417,9.10375916140901e-11
31,-98.125,1.11971248773939e-09
31,-97.83333,1.02869822996309e-09
31,-97.70833,3.36242994149374e-09
31,-96.58333,1.0168146054684e-10
31,-96.5,1.10662370117485e-10
31,-95.75,6.38525496484068e-10
31,-95.58333,4.10636139062708e-10
31,-94.54167,1.86445282245197e-10
31,-92.70833,7.19251225861884e-10
31,-91.41667,3.69744925689105e-10
31,-90.45833,2.62885419813701e-10
31,-89.83333,6.38840447671169e-10
31,-89.04167,8.19437021987043e-10
31,-88.875,7.881230529247e-10
31,-88.625,3.25486597613915e-10
31,-88.25,1.21187073627639e-09
31,-87.08333,3.4332653477301e-10
31,-86.91667,2.60913253039685e-10
31,-86.79167,2.44528729930011e-10
31,-86,1.58657715866601e-09
31,-84.41667,7.26697349209529e-10
31,-84.16667,1.11860953025394e-09
31,-84.125,1.06960658542164e-09
31,-84.04167,1.44119890947323e-09
31,-82.95833,4.99290479581983e-10
31,-82.58333,1.44560938823268e-10
31,-81.70833,1.77845845871359e-09
31,-81.58333,3.59636522922473e-10
30.95833,-105.3333,2.05058392823997e-10
30.95833,-103.1667,6.33605753125134e-11
30.95833,-101.7917,2.72342894133741e-11
30.95833,-100.25,1.52705345422289e-10
30.95833,-99.33333,3.3964562951098e-11
30.95833,-98.75,4.94645408108906e-11
30.95833,-98.33333,1.08162364437058e-10
30.95833,-97.66667,6.6599686926284e-10
30.95833,-95.83333,2.55121231653213e-10
30.95833,-92.5,5.7965573868782e-10
30.95833,-92.20833,3.76212127105955e-10
30.95833,-92.125,9.80124165971675e-10
30.95833,-90.91667,1.65929136883486e-10
30.95833,-90.5,2.03458806485274e-10
30.95833,-90.04167,1.06900864689446e-09
30.95833,-89.58333,4.66048476246268e-10
30.95833,-87.95833,3.18862938470067e-09
30.95833,-87.20833,3.51622523023169e-10
30.95833,-86.16667,6.88004934311578e-10
30.95833,-83.45833,7.14284819461749e-10
30.95833,-83.20833,2.80081132649288e-09
30.95833,-82.33333,2.05956949777815e-10
30.95833,-82.16667,2.23284570735202e-10
30.91667,-104.4167,1.46210262263051e-10
30.91667,-104.0417,2.49001097746525e-11
30.91667,-103.3333,1.34269373769356e-10
30.91667,-102.6667,1.63680797951879e-10
30.91667,-102.4167,1.73340899779736e-10
30.91667,-102.1667,2.51816886410823e-11
30.91667,-100.25,1.43163781750526e-10
30.91667,-97.625,6.32998688470025e-10
30.91667,-96.16667,1.95152098532508e-10
30.91667,-95.5,2.31316747907633e-10
30.91667,-93.08333,9.05560680312113e-10
30.91667,-92.95833,9.91668386126448e-10
30.91667,-92.91667,1.02217701233302e-09
30.91667,-91.29167,2.72319043845954e-10
30.91667,-91.25,2.76251390691936e-10
30.91667,-89.33333,3.98071130113475e-10
30.91667,-88.08333,1.51081288139878e-09
30.91667,-87.16667,3.19195588859664e-10
30.91667,-87.04167,2.51225125091864e-10
30.91667,-85.08333,4.08232886750305e-10
30.91667,-83.75,1.0612292730109e-09
30.91667,-82.79167,2.29763507183992e-10
30.91667,-81.95833,3.35766355587285e-10
30.91667,-81.79167,6.18196713717396e-10
30.875,-104.375,1.42816099523041e-10
30.875,-103.9583,1.34553285954383e-10
30.875,-103.5417,1.68010298094218e-11
30.875,-102.9583,6.5598842989573e-11
30.875,-102.5833,7.24340887781417e-11
30.875,-102.3333,1.72641744753692e-10
30.875,-101.9583,2.55530800369164e-11
30.875,-101.2917,1.10961479742857e-10
30.875,-100.25,4.70379809556937e-11
30.875,-99.83333,2.97829926056971e-11
30.875,-98.91667,9.64440259553761e-11
30.875,-98.04167,1.87935455466402e-10
30.875,-95.75,2.28673797749277e-10
30.875,-92.125,3.04327371539899e-10
30.875,-91.08333,3.71810802667437e-10
30.875,-90.08333,1.21568554862662e-09
30.875,-89.70833,5.43131766328978e-10
30.875,-88.91667,4.94374113174729e-10
30.875,-88.20833,2.46515578411181e-09
30.875,-88.16667,1.71241678408866e-09
30.875,-88.04167,3.22382191383351e-09
30.875,-87.625,1.82577524742515e-09
30.875,-87.5,8.93284671992498e-10
30.875,-87,2.03010797279198e-10
30.875,-86.5,4.24148431811538e-10
30.875,-84.375,1.57780176720842e-09
30.875,-82.375,2.0011845252744e-10
30.875,-81.83333,1.50765148932403e-09
30.83333,-104.6667,1.51506554518079e-10
30.83333,-103,6.38337706654279e-11
30.83333,-102.625,7.04087016434435e-11
30.83333,-100.9583,3.71560155296139e-11
30.83333,-99.54167,2.41047887817686e-10
30.83333,-99.33333,4.92430900771155e-11
30.83333,-98.79167,7.32165697482092e-11
30.83333,-97.95833,1.80104673937148e-10
30.83333,-96.91667,4.15250117236639e-10
30.83333,-94.04167,2.45129718028467e-10
30.83333,-91.54167,2.54830184418685e-10
30.83333,-90.70833,5.32641349815433e-10
30.83333,-90.45833,5.07134787926554e-10
30.83333,-89.5,4.52863862684085e-10
30.83333,-86.25,7.74033319963103e-10
30.83333,-86.16667,6.96085583603112e-10
30.83333,-85.66667,2.85689198464292e-09
30.83333,-85.45833,1.14348736780333e-09
30.83333,-83.04167,4.40600589688885e-10
30.83333,-82.75,5.25838983148913e-10
30.79167,-102.625,6.91469105391766e-11
30.79167,-102.2917,1.67287029615592e-10
30.79167,-102.25,1.68480219567526e-10
30.79167,-101.5,8.48953611755023e-11
30.79167,-101.3333,1.03518525823525e-10
30.79167,-98.91667,6.77848844807607e-11
30.79167,-97.70833,2.661381515506e-09
30.79167,-96.875,1.62824678677676e-10
30.79167,-96.125,1.74137532737241e-10
30.79167,-95.83333,1.88073671509031e-10
30.79167,-90.54167,1.16447202376063e-09
30.79167,-90.375,4.28910264786389e-10
30.79167,-89.95833,3.94839487927808e-10
30.79167,-89.79167,2.31188997584428e-09
30.79167,-88.95833,3.83863872574716e-10
30.79167,-87.5,9.8106751044389e-10
30.79167,-87.25,6.85150877202447e-10
30.79167,-86.75,6.88137104492176e-10
30.79167,-86.29167,8.90092944188815e-10
30.79167,-85.41667,1.50744838012804e-09
30.79167,-84,5.19062976919305e-10
30.79167,-83.66667,4.4099804124544e-10
30.79167,-82.875,1.47000684253385e-10
30.79167,-81.625,1.54521683331029e-09
30.75,-104.6667,2.64003845180424e-11
30.75,-104.375,2.4689969121478e-11
30.75,-102.2917,1.64150389172264e-10
30.75,-101.0417,1.18636367424113e-10
30.75,-100.9167,3.529888599659e-11
30.75,-100.125,1.06848321202997e-10
30.75,-99.95833,2.85867732821738e-11
30.75,-99.66667,2.52985393897494e-11
30.75,-99.5,1.02192812395717e-11
30.75,-99.29167,4.97371743950988e-11
30.75,-97.125,3.14597114006666e-10
30.75,-97.04167,3.25246838078154e-10
30.75,-94.75,1.85634035831735e-10
30.75,-92.45833,2.22402537185258e-10
30.75,-91.875,1.85738305525341e-10
30.75,-91.33333,6.51520682863344e-10
30.75,-90.75,7.56083924751216e-10
30.75,-88.75,4.82453026107461e-10
30.75,-88.5,7.05138332506957e-10
30.75,-88.20833,5.46263127960852e-09
30.75,-87.79167,3.48337877847294e-10
30.75,-87.70833,6.28619285082637e-10
30.75,-87.20833,1.08793492613396e-09
30.75,-86.54167,3.04193158016369e-09
30.75,-86.41667,7.66121790218396e-10
30.75,-85.20833,2.02478251789522e-09
30.75,-84.875,2.7566161359233e-10
30.75,-84.29167,9.7555846808983e-10
30.75,-84,4.62159825420605e-10
30.75,-83.08333,3.70192994158925e-10
30.75,-82.75,5.09819457930271e-10
30.70833,-102.7083,1.48316725069564e-10
30.70833,-102.375,7.0168160102289e-11
30.70833,-102.2917,7.1203768659388e-11
30.70833,-100.9167,3.4033231895586e-11
30.70833,-100.8333,3.52820920477652e-11
30.70833,-99.41667,4.80926273022346e-11
30.70833,-96.875,1.82595664542453e-10
30.70833,-94.83333,2.02930066390338e-10
30.70833,-94.58333,2.1440781525903e-10
30.70833,-92.83333,7.40545316889324e-10
30.70833,-92.45833,2.06298087735758e-10
30.70833,-92.04167,2.69758798252253e-10
30.70833,-91.83333,1.89678274431354e-10
30.70833,-91.45833,6.82323728645155e-10
30.70833,-91.33333,7.31789181353855e-10
30.70833,-91.29167,8.68948901329985e-10
30.70833,-89.83333,1.01203375532941e-09
30.70833,-89.33333,3.54120137744608e-10
30.70833,-88.58333,6.68712418401606e-10
30.70833,-88.41667,8.41571109342368e-10
30.70833,-88.04167,6.20713007492086e-09
30.70833,-88,7.78017226984627e-09
30.70833,-87.75,4.48276704464205e-10
30.70833,-85.45833,9.9649603372816e-10
30.70833,-85.04167,8.27191578463811e-10
30.70833,-84.33333,9.28604441162335e-10
30.70833,-84.04167,5.0622762990683e-10
30.70833,-83.20833,8.03341041526242e-10
30.70833,-82.33333,4.83257019101277e-10
30.70833,-82.25,5.52678391778522e-10
30.70833,-81.70833,7.98748719241346e-10
30.70833,-81.54167,3.32589000263288e-09
30.66667,-104.3333,2.37876306136648e-11
30.66667,-103.375,1.24314272619296e-10
30.66667,-102.8333,1.41935736229837e-10
30.66667,-102.75,1.44556301121878e-10
30.66667,-102.0417,1.65284487967026e-10
30.66667,-101.9167,1.68610057995469e-10
30.66667,-101.3333,9.68592223012828e-11
30.66667,-98.66667,5.63183032955826e-11
30.66667,-97.54167,8.49183118572903e-10
30.66667,-97.20833,3.93270593012539e-10
30.66667,-96.91667,3.38474019702886e-10
30.66667,-94.45833,1.2492282036042e-10
30.66667,-94.125,2.03697455475189e-10
30.66667,-94,3.81769459594479e-10
30.66667,-93.5,4.17927030906122e-10
30.66667,-92.95833,3.61544108776698e-10
30.66667,-90.41667,9.04830255638009e-10
30.66667,-90.20833,4.84178296389156e-10
30.66667,-89.95833,4.03935903474506e-10
30.66667,-89.16667,1.04333482042645e-09
30.66667,-89,1.0679538107625e-09
30.66667,-86.20833,2.70843521394175e-10
30.66667,-85.625,5.46342351142061e-10
30.66667,-84.875,1.11585869035649e-09
30.66667,-82.125,1.33515206424377e-09
30.625,-104.4583,2.39956761400334e-11
30.625,-104.125,2.28993479500354e-11
30.625,-103.9167,2.24588149918802e-11
30.625,-103.6667,2.19249938740442e-11
30.625,-101.2917,9.65669053398639e-11
30.625,-99.33333,4.92368192164197e-11
30.625,-95.58333,2.21213769021332e-10
30.625,-94.95833,4.27181593581432e-10
30.625,-93.875,1.32851021472025e-10
30.625,-93.125,3.41027428667926e-10
30.625,-92.625,1.39057047557428e-10
30.625,-91.54167,4.82163895186473e-10
30.625,-90.5,7.72306621766853e-10
30.625,-89.5,3.32457505575667e-10
30.625,-89.29167,9.93963974687702e-10
30.625,-89.25,1.06004254138955e-09
30.625,-87,2.72665643282744e-09
30.625,-86.33333,2.63648774620311e-09
30.625,-83.25,8.18305225103857e-10
30.625,-83.04167,2.48164657500312e-10
30.625,-82.54167,4.06576148683296e-10
30.625,-81.58333,1.02333872378135e-09
30.58333,-104.875,2.61685198888194e-11
30.58333,-101.2083,9.78317938959244e-11
30.58333,-100.4167,4.12300110145415e-11
30.58333,-99.375,4.86892460920323e-11
30.58333,-98.875,5.01968108086187e-11
30.58333,-98.75,5.39834490798366e-11
30.58333,-97.45833,3.59561727699151e-09
30.58333,-97.29167,2.69086969529029e-10
30.58333,-97.25,2.41255400802721e-10
30.58333,-96.25,7.80925766418014e-09
30.58333,-94.54167,1.7970652041929e-10
30.58333,-92.16667,5.58831347822129e-10
30.58333,-91.95833,1.37470272755607e-09
30.58333,-91.16667,7.07054414727831e-09
30.58333,-91,3.00372173736208e-09
30.58333,-90.125,7.2560018089972e-10
30.58333,-87,2.1428933119422e-09
30.58333,-84.20833,4.03856256835419e-09
30.58333,-82.20833,1.21711296779514e-09
30.58333,-81.58333,1.1444996381125e-09
30.54167,-104.7083,2.46772246096851e-11
30.54167,-104.625,2.4225279253448e-11
30.54167,-101.9583,2.54169288507369e-11
30.54167,-101.7083,3.03693640036022e-11
30.54167,-100.1667,3.87932521362164e-11
30.54167,-97.54167,1.45393155719251e-09
30.54167,-95.45833,1.51776644490764e-09
30.54167,-94.75,2.35846886068142e-10
30.54167,-94.66667,2.24398336027823e-10
30.54167,-93.79167,1.38119393322814e-10
30.54167,-92.125,5.45728113293068e-10
30.54167,-91.875,8.46339458219554e-10
30.54167,-91.16667,1.23408689124078e-08
30.54167,-90.625,8.85379439720944e-10
30.54167,-90.16667,7.13830109514617e-10
30.54167,-89.70833,1.50397272330942e-09
30.54167,-88.66667,4.90534462703539e-10
30.54167,-88.625,5.01193601615033e-10
30.54167,-87.375,4.83786288367453e-09
30.54167,-86.16667,3.63281637559367e-10
30.54167,-85.16667,3.88464661230689e-10
30.54167,-85.125,3.73251812332646e-10
30.54167,-84.875,4.57256319806899e-10
30.54167,-84.375,1.30049598205271e-09
30.54167,-83.25,4.80871765716764e-10
30.54167,-82.66667,1.62036588360787e-10
30.5,-103.8333,2.1447502937242e-11
30.5,-101.625,3.08606164692118e-11
30.5,-101.5417,8.18837477811883e-11
30.5,-101.2083,9.30770604185634e-11
30.5,-100.1667,3.74254850965518e-11
30.5,-97.83333,4.94162295150943e-09
30.5,-97.20833,4.26320500726464e-10
30.5,-95.79167,4.7593623234144e-10
30.5,-95.45833,1.67969115073416e-09
30.5,-93.95833,6.89228312933e-10
30.5,-90.625,1.35251591678209e-09
30.5,-90.41667,1.75291583524026e-09
30.5,-88.125,1.58242742871194e-09
30.5,-87.70833,1.79170759247337e-09
30.5,-87.5,7.21533084570834e-10
30.5,-87.41667,1.3264656507086e-09
30.5,-86.41667,5.29938035637526e-10
30.5,-86.25,4.2498453200543e-10
30.5,-85.5,2.01350710292775e-09
30.5,-85.33333,3.5831999986765e-10
30.5,-83.25,1.57413484964711e-09
30.5,-83.125,3.36492450647673e-10
30.5,-82.66667,1.63233285657791e-10
30.5,-82.5,1.32416554546221e-09
30.5,-82.29167,6.93554303103328e-10
30.5,-82.04167,8.95342196585821e-10
30.5,-81.95833,1.63054136019837e-09
30.45833,-104.2917,1.21828368254693e-10
30.45833,-103.75,2.10149167571384e-11
30.45833,-101.4167,8.54377456811651e-11
30.45833,-99.95833,2.20251937044442e-11
30.45833,-98.125,7.21596894932747e-10
30.45833,-97.83333,1.95634365965395e-09
30.45833,-97.41667,9.76128380906978e-10
30.45833,-96.75,1.58740127225323e-10
30.45833,-95.5,7.25681384321764e-10
30.45833,-95.08333,1.00837873317813e-09
30.45833,-94.20833,2.15492610274692e-10
30.45833,-93.95833,1.18215186647373e-09
30.45833,-93.83333,7.00549279180016e-10
30.45833,-93.54167,1.56808743308593e-10
30.45833,-92.875,8.26588268316363e-10
30.45833,-92.66667,1.51929066713372e-10
30.45833,-92.25,1.46025745945141e-09
30.45833,-91.58333,2.42801799570872e-09
30.45833,-90.95833,1.92973205692348e-09
30.45833,-86.125,4.79402835154464e-10
30.45833,-84.95833,2.25282593273823e-10
30.45833,-83.95833,1.6583750851962e-10
30.45833,-83.91667,1.52461865285748e-10
30.45833,-82.33333,9.94793927381316e-10
30.45833,-82.29167,1.04199014500499e-09
30.41667,-103.5417,2.91718122641787e-11
30.41667,-102.5833,1.39283724108117e-10
30.41667,-100.0833,2.15864751575528e-11
30.41667,-98.25,4.21709270828236e-10
30.41667,-97.875,1.82757788083781e-09
30.41667,-96.33333,2.93427866849594e-10
30.41667,-94.875,3.99076109939739e-10
30.41667,-93.91667,1.33382872503385e-09
30.41667,-93.41667,7.81421751246115e-10
30.41667,-93.33333,2.88580751853283e-10
30.41667,-92.91667,8.47944048571548e-10
30.41667,-89.95833,1.20758678362499e-09
30.41667,-89.29167,1.52351694849687e-09
30.41667,-88.04167,2.05172528150539e-08
30.41667,-86.5,3.00750347191888e-07
30.41667,-86.125,2.63087160136753e-09
30.41667,-86,6.15981645305129e-10
30.41667,-85.54167,4.31371232118011e-09
30.41667,-84.54167,2.71231605799862e-10
30.41667,-84.20833,8.10460407350008e-09
30.41667,-81.625,1.33766468108968e-08
30.375,-103.9583,1.14361029140863e-11
30.375,-102.5,1.39832645022304e-10
30.375,-100.4167,3.43304168216637e-11
30.375,-99.29167,7.11856543336297e-11
30.375,-99.125,9.45273152961631e-11
30.375,-98.66667,1.13006418626273e-10
30.375,-98,2.64960540335076e-09
30.375,-97.20833,8.62744396723452e-10
30.375,-95.79167,7.62994071418776e-10
30.375,-94.54167,1.71019958301906e-10
30.375,-94.5,5.71868058462463e-10
30.375,-93.625,5.45806147363539e-10
30.375,-93.375,3.51289585053479e-10
30.375,-90.375,4.29463661556498e-10
30.375,-90.08333,4.43575824871807e-09
30.375,-89.875,9.08205593418841e-10
30.375,-88.58333,2.03170796763044e-08
30.375,-87.83333,1.10487149656345e-09
30.375,-87.45833,1.37392995959771e-08
30.375,-86.375,3.04744012152764e-08
30.375,-86.33333,2.63568041111368e-08
30.375,-85.95833,7.18680821996205e-10
30.375,-84.70833,1.11551184772623e-10
30.375,-83.41667,3.58164646835036e-10
30.375,-82.25,1.21936075864143e-09
30.375,-81.91667,1.74477770204828e-09
30.33333,-104.3333,1.17247880411082e-11
30.33333,-104,1.13334568847316e-11
30.33333,-103.5417,2.8673353636961e-11
30.33333,-103.125,2.25407246867674e-11
30.33333,-101.9167,4.45864228161726e-19
30.33333,-101.125,9.35689547410816e-11
30.33333,-100.875,3.3226940175824e-11
30.33333,-100.5,3.37631742240871e-11
30.33333,-98.83333,1.88401075754825e-10
30.33333,-96.125,1.11479087531912e-09
30.33333,-94.79167,4.129671385219e-10
30.33333,-92.91667,5.67028147007568e-10
30.33333,-90.375,4.0958001167647e-10
30.33333,-90.16667,5.51068861790433e-08
30.33333,-90.125,5.74461454512718e-08
30.33333,-88.625,6.82052754143374e-09
30.33333,-88.5,5.37647649400434e-10
30.33333,-87.79167,9.16656473290972e-10
30.33333,-87.5,1.40376968342354e-08
30.33333,-87.04167,9.33582797713128e-08
30.33333,-85.58333,2.7322599186656e-09
30.33333,-84.16667,7.63464555177415e-10
30.33333,-82.875,4.54258342374915e-10
30.29167,-104.3333,1.15739610847119e-11
30.29167,-103.9167,1.11132556182768e-11
30.29167,-103,1.24389309639906e-10
30.29167,-102.25,1.46292100826411e-10
30.29167,-100.9167,3.31261604239602e-11
30.29167,-100.3333,3.38774589744796e-11
30.29167,-99.125,8.40540321654582e-11
30.29167,-98.83333,4.11923495006797e-10
30.29167,-98.5,1.27708380368207e-10
30.29167,-98.29167,2.94767496569217e-10
30.29167,-95.5,2.2318208675979e-09
30.29167,-95.20833,2.75019269123899e-09
30.29167,-95.125,3.0343460181912e-09
30.29167,-94.95833,7.85033223957884e-10
30.29167,-93.75,3.48936715818064e-09
30.29167,-93.20833,4.46061168178139e-09
30.29167,-93.08333,1.44813540380269e-09
30.29167,-92.45833,4.40890598348549e-10
30.29167,-89.79167,4.88574907135994e-09
30.29167,-89.16667,3.11120908515938e-08
30.29167,-87.83333,5.63687008273847e-09
30.29167,-86.04167,1.17714464431618e-17
30.29167,-85.5,1.17397357970716e-09
30.29167,-84.66667,2.57581905628835e-10
30.29167,-84.625,1.38624549243076e-09
30.25,-104.2917,1.13348283737484e-11
30.25,-103.5,2.82752367819752e-11
30.25,-102.8333,1.2733336777924e-10
30.25,-102.6667,1.31433696098832e-10
30.25,-100.6667,3.39272833985306e-11
30.25,-99.95833,9.73079138088328e-12
30.25,-99.875,9.75854962131675e-12
30.25,-97.70833,5.21604617048257e-08
30.25,-96.33333,7.74856154933449e-10
30.25,-95.83333,5.65936245093394e-10
30.25,-94.875,6.11736096694244e-10
30.25,-93.08333,1.56019846009548e-09
30.25,-93.04167,4.83260344822271e-10
30.25,-92.125,1.11710141844203e-09
30.25,-92,1.08083236238701e-09
30.25,-91,4.68152234212591e-09
30.25,-90.95833,4.19157454313109e-09
30.25,-89.25,7.59210154814362e-09
30.25,-88.79167,8.08869220086126e-09
30.25,-84.66667,2.44800880244878e-10
30.25,-83.20833,3.70205159565278e-10
30.25,-81.41667,7.98013852832832e-09
30.20833,-100.6667,3.40499969693254e-11
30.20833,-99.16667,1.14108147859357e-10
30.20833,-99.08333,1.1900843424423e-10
30.20833,-98.95833,2.4851849899264e-10
30.20833,-98.75,1.22381641861617e-10
30.20833,-97.45833,6.56551122427032e-10
30.20833,-97.33333,6.96470280882765e-10
30.20833,-93.20833,2.86614959356828e-09
30.20833,-92.125,1.04265257263028e-09
30.20833,-91.83333,9.62502849069171e-10
30.20833,-91.66667,2.10615013520318e-10
30.20833,-90.58333,2.51421296867051e-09
30.20833,-88.41667,1.6045155741051e-09
30.20833,-88.125,4.87526633126289e-08
30.20833,-85.95833,2.9856565529595e-09
30.20833,-85.08333,2.57903673818844e-10
30.20833,-82.91667,4.11010728873348e-10
30.20833,-82.66667,1.0026134660466e-09
30.16667,-103.9167,1.07982477184851e-10
30.16667,-102.7917,1.26385996574347e-10
30.16667,-101.875,1.61254695920382e-10
30.16667,-99.75,1.19682718005661e-10
30.16667,-97.75,3.47666360844618e-09
30.16667,-96.08333,2.62760195575169e-10
30.16667,-95,1.48530580510738e-09
30.16667,-94.54167,4.62893161288673e-10
30.16667,-93.16667,9.15880776064155e-10
30.16667,-92.95833,3.70338159244037e-10
30.16667,-92.79167,7.52896298049813e-10
30.16667,-89.875,9.61143811032873e-08
30.16667,-85.79167,2.66386069527174e-08
30.16667,-83.29167,9.88674719150543e-10
30.16667,-82.125,2.3039084349136e-09
30.16667,-81.70833,9.06878994441605e-09
30.125,-103.5417,2.74711115367427e-11
30.125,-103.3333,2.06361726641033e-11
30.125,-102.0833,4.25049536543358e-19
30.125,-101.8333,1.63244724097263e-10
30.125,-101.3333,1.72437350933751e-11
30.125,-100.0417,9.89525697068234e-12
30.125,-98.875,1.56418242899673e-10
30.125,-98.54167,2.60534990303191e-10
30.125,-95.75,1.39300340768559e-09
30.125,-94.54167,4.57253805729597e-10
30.125,-94,2.57167872341124e-09
30.125,-93.66667,4.14907644811378e-10
30.125,-93.54167,4.97440502928255e-10
30.125,-93.125,8.34872374593442e-10
30.125,-91.875,1.51720616136777e-09
30.125,-91.625,1.19190925137575e-09
30.125,-90.5,2.89232447594304e-09
30.125,-85.16667,4.35658250031776e-10
30.125,-84.58333,1.23520442693155e-09
30.08333,-104.5833,1.13261094532323e-11
30.08333,-104.3333,1.09487336104911e-10
30.08333,-103.7083,1.06490132598638e-10
30.08333,-103.4167,1.09225644355436e-10
30.08333,-103.25,1.12922620218543e-10
30.08333,-103.125,1.15745825750056e-10
30.08333,-102.5833,1.32072881365113e-10
30.08333,-102,4.34950641416509e-19
30.08333,-101.625,8.17121484922541e-11
30.08333,-101.4167,1.68533212846984e-11
30.08333,-101.2917,1.76009878837562e-11
30.08333,-100.7917,2.1964972769388e-10
30.08333,-100.5833,1.00765884539975e-11
30.08333,-98.95833,2.4591771822394e-10
30.08333,-98.04167,1.8142705051334e-09
30.08333,-96.75,3.5404173867218e-10
30.08333,-96.66667,2.12126174470258e-10
30.08333,-96.33333,3.82504231063151e-10
30.08333,-95.375,5.17526989776389e-09
30.08333,-94.58333,7.62063858767524e-10
30.08333,-92.04167,1.51960446367451e-09
30.08333,-90.66667,2.13419187910498e-09
30.08333,-90.20833,8.40821232945818e-08
30.08333,-89.83333,1.31250808217473e-09
30.08333,-89.45833,5.5186788318455e-08
30.08333,-85.125,2.84313578625821e-10
30.08333,-84.79167,3.90468741666102e-10
30.08333,-84.5,2.405212363419e-10
30.08333,-83.875,9.87579498394388e-11
30.08333,-82.95833,2.60034927739555e-10
30.08333,-81.75,3.02432348878699e-09
30.04167,-104.625,1.12463502891289e-11
30.04167,-104.5417,1.10986188946286e-11
30.04167,-103.5,2.70880515996032e-11
30.04167,-101.75,7.82792242759697e-11
30.04167,-101.4583,1.66897876935367e-11
30.04167,-101.3333,1.74800989239184e-11
30.04167,-100.8333,2.21824743637199e-10
30.04167,-100.125,1.00442977627e-11
30.04167,-99.375,7.52918205049079e-11
30.04167,-98,1.5802795124143e-09
30.04167,-97.875,1.21301479907533e-09
30.04167,-95.5,7.38841156223564e-09
30.04167,-92.16667,5.41588225211682e-10
30.04167,-91.25,3.63102672498973e-10
30.04167,-90.5,4.848253332513e-10
30.04167,-84.66667,5.73075293692391e-10
30.04167,-82.29167,1.48226618726314e-09
30.04167,-81.41667,1.63113188868506e-09
30,-103.7917,2.63100990522147e-11
30,-103.0417,1.16896382551372e-10
30,-102.3333,1.40565292160108e-10
30,-100.6667,1.0345191075678e-11
30,-99.125,2.42513729145319e-09
30,-97.33333,6.10884660697189e-10
30,-96.79167,1.5125379342303e-10
30,-92.20833,9.82971573999263e-10
30,-91.95833,1.20301177096978e-09
30,-91.83333,1.39972524088564e-09
30,-91.75,5.74035844599732e-10
30,-91.41667,1.63283567429488e-09
30,-83.33333,8.60684560892646e-10
30,-83.29167,8.2277289596163e-10
30,-82.5,8.87386031856419e-10
30,-82.08333,3.61359463626092e-09
30,-81.54167,4.17575408604311e-09
29.95833,-103.25,2.04012969061639e-11
29.95833,-101.4583,1.68904946865916e-11
29.95833,-100.125,1.03082556766785e-11
29.95833,-98.29167,1.08660195966552e-09
29.95833,-97.16667,2.11744521635186e-10
29.95833,-95.25,7.02984818439244e-09
29.95833,-95.16667,2.58694695392409e-09
29.95833,-94.83333,1.24375932584249e-09
29.95833,-93.66667,1.75270069133681e-10
29.95833,-90.75,1.03691786620698e-09
29.95833,-89.875,7.3540049696924e-09
29.95833,-89.25,4.16102826189391e-08
29.95833,-89.20833,4.16249624407354e-08
29.95833,-85,6.84449989661506e-11
29.95833,-84.75,8.69460917078388e-10
29.95833,-82.79167,7.81985165919121e-10
29.91667,-103.9583,1.01054400655652e-11
29.91667,-103.7083,1.02992650663804e-10
29.91667,-103.125,1.13551502175772e-10
29.91667,-103,2.15588589039066e-11
29.91667,-102.7917,2.27007915414068e-11
29.91667,-101.4167,1.73058550461255e-11
29.91667,-98.91667,2.47614737229897e-10
29.91667,-94.125,1.47690198237979e-09
29.91667,-92.95833,1.35524473154748e-10
29.91667,-90.70833,9.57860983236763e-10
29.91667,-89.83333,6.05749118215282e-09
29.91667,-82.66667,6.59371489063574e-10
29.875,-99.83333,3.0797659112301e-11
29.875,-99.04167,2.98745167876086e-10
29.875,-98.95833,2.5774905077644e-10
29.875,-98.70833,9.9729237563847e-10
29.875,-97.70833,6.33807460379112e-10
29.875,-96.95833,1.49551907341355e-10
29.875,-95.375,2.49813427681543e-08
29.875,-95.25,6.95770034743261e-09
29.875,-94.70833,7.36047881225385e-10
29.875,-94.54167,6.74093588945075e-10
29.875,-92.45833,1.31322556011128e-10
29.875,-91.83333,4.69000136882543e-10
29.875,-91.70833,9.14107591278977e-10
29.875,-91,2.36681050360544e-10
29.875,-90.29167,3.43872675988236e-09
29.875,-85.375,2.66185384437588e-09
29.875,-84.375,1.07437248209749e-09
29.875,-83.20833,6.93745875063384e-10
29.875,-83.16667,6.79289339246185e-10
29.875,-82.83333,5.02615307689887e-10
29.875,-81.75,7.45642953831734e-10
29.83333,-104.5417,1.03939896215856e-11
29.83333,-100.25,1.07474996531646e-11
29.83333,-99.75,3.17596218838811e-11
29.83333,-99.625,3.45793915139875e-11
29.83333,-97.16667,1.57719036200456e-10
29.83333,-96.45833,3.26812705140955e-10
29.83333,-96.125,3.09901786784403e-10
29.83333,-95.04167,4.20552366353707e-09
29.83333,-94.5,2.13100679166543e-10
29.83333,-94,1.07674347782455e-08
29.83333,-92.83333,5.420606114618e-11
29.83333,-92.66667,1.03993968366346e-10
29.83333,-90.625,3.18037871359995e-10
29.83333,-82.95833,2.48915711772984e-10
29.83333,-82.375,3.14948401954929e-10
29.83333,-81.95833,1.06037021815193e-09
29.83333,-81.54167,2.25274267183036e-09
29.79167,-104.4583,1.01446062016103e-11
29.79167,-103.6667,1.01285109059285e-10
29.79167,-101.5,1.69801573178551e-11
29.79167,-101.0833,2.91696150767492e-11
29.79167,-100.0833,3.76963427355888e-11
29.79167,-99.70833,3.25323834028609e-11
29.79167,-99.29167,5.21826250412749e-11
29.79167,-98.375,1.01660925662799e-09
29.79167,-97.66667,4.87116360865197e-10
29.79167,-96.41667,3.45518077540639e-10
29.79167,-94.875,1.10238194097766e-09
29.79167,-94.54167,6.1111240414736e-10
29.79167,-94.08333,5.63682714159579e-10
29.79167,-92.625,9.9340523883515e-11
29.79167,-92.20833,5.01967578461264e-11
29.79167,-88.83333,6.17049255745498e-09
29.79167,-84.91667,3.17990029689332e-09
29.79167,-83.625,7.93967643259617e-10
29.79167,-83.58333,2.03431397104297e-08
29.79167,-83.29167,1.2455652721451e-09
29.79167,-83,4.23608929746416e-10
29.75,-104.25,9.73091595516419e-12
29.75,-103.375,2.65650137091115e-11
29.75,-98.83333,9.39198667074324e-10
29.75,-98.79167,1.29443639174976e-09
29.75,-98.58333,3.94199713402061e-10
29.75,-98.33333,1.69751149409683e-09
29.75,-98.29167,1.86875799085651e-09
29.75,-98,1.17418912049204e-09
29.75,-97.375,5.47374203168528e-10
29.75,-96.79167,2.04059868007789e-10
29.75,-95.58333,1.62796185790701e-08
29.75,-94.20833,4.48892329327584e-10
29.75,-93.91667,4.27269395879518e-10
29.75,-92.95833,5.15525643161055e-11
29.75,-92.16667,1.55033226659256e-09
29.75,-91.66667,3.9084228347555e-08
29.75,-90.625,1.16692590761313e-09
29.75,-85.125,1.81481256145737e-10
29.75,-83.58333,3.53228571718593e-08
29.75,-81.5,6.2001344361785e-10
29.70833,-104.5833,1.43064596798442e-10
29.70833,-104.4583,6.56439488972042e-12
29.70833,-103.875,9.8167114860376e-11
29.70833,-103.125,1.10851507765145e-10
29.70833,-102.75,1.21625988579301e-10
29.70833,-100.625,1.20325140478573e-11
29.70833,-99.91667,5.46847260941844e-11
29.70833,-99.79167,3.21964811324201e-11
29.70833,-99.75,3.24427442077113e-11
29.70833,-97.66667,5.44484811882655e-10
29.70833,-96.66667,2.96203065738109e-10
29.70833,-96.125,3.26468281389651e-10
29.70833,-91.25,1.91848422578064e-09
29.70833,-90.20833,6.06454704192856e-10
29.70833,-90,1.1141241421702e-10
29.70833,-85.16667,2.6657665138312e-10
29.70833,-84.95833,2.9536317926184e-08
29.70833,-84.75,5.14569853091963e-11
29.66667,-103.625,2.53036104915386e-11
29.66667,-101.125,2.21581279732551e-11
29.66667,-100.625,1.23873884238756e-11
29.66667,-98.91667,4.20234756298333e-10
29.66667,-98.25,2.21045874927127e-09
29.66667,-95.75,6.51729091352253e-09
29.66667,-95.04167,5.28283861143962e-09
29.66667,-92.25,3.2736581369838e-10
29.66667,-85,2.91045449013754e-08
29.66667,-83.33333,4.27265184222763e-10
29.66667,-83.04167,5.70725444807553e-10
29.66667,-82.91667,4.44849206706324e-10
29.66667,-81.70833,3.5287736736115e-09
29.66667,-81.58333,8.25211095928979e-10
29.625,-99.20833,1.7762757512664e-10
29.625,-98.83333,1.1970667871219e-09
29.625,-97.375,5.67161870150575e-10
29.625,-96.33333,6.5082152174019e-10
29.625,-96.08333,6.41354209183909e-10
29.625,-94.5,1.0083669464449e-09
29.625,-91.70833,1.25258424314752e-09
29.625,-90.91667,1.60585585372415e-10
29.625,-90.04167,1.85014554798099e-09
29.625,-82.75,4.341275863813e-10
29.625,-82.58333,8.41975423088016e-10
29.58333,-100.375,3.92091067088812e-11
29.58333,-99.66667,9.27880589128372e-11
29.58333,-98.83333,9.49369068021428e-10
29.58333,-98.66667,1.25170941612222e-08
29.58333,-97.79167,6.80730077894594e-10
29.58333,-97.70833,5.96739433620822e-10
29.58333,-94.5,1.40070222772746e-09
29.58333,-91.75,1.17894576555673e-09
29.58333,-90.83333,1.93955883996386e-10
29.58333,-82.83333,2.97277183494533e-10
29.58333,-82.58333,6.12465408774422e-10
29.58333,-82.20833,2.41885452319637e-10
29.58333,-81.83333,4.89858389350167e-10
29.54167,-103.4167,2.56636710715229e-11
29.54167,-99.83333,3.31789965367202e-11
29.54167,-99.54167,1.0131868187934e-10
29.54167,-98.91667,1.29494389872446e-09
29.54167,-98.70833,2.68625919046512e-09
29.54167,-98.08333,7.0420684468422e-10
29.54167,-97.95833,2.29553632120819e-09
29.54167,-95.95833,4.55976785680727e-10
29.54167,-90.79167,9.47670023676496e-10
29.54167,-83.125,2.38340368025104e-10
29.54167,-81.75,1.09771812359761e-09
29.54167,-81.66667,6.62756090582355e-10
29.54167,-81.375,6.09937310381379e-10
29.5,-104.3333,9.28916494119435e-11
29.5,-99.79167,3.33211732211717e-11
29.5,-99.33333,1.04784521268268e-10
29.5,-98.875,1.12912685625424e-09
29.5,-97.95833,2.06144801407766e-09
29.5,-97.41667,2.19972490601078e-10
29.5,-97.20833,2.4790005352058e-10
29.5,-96.58333,8.69830924015871e-10
29.5,-96.29167,6.66960502107382e-10
29.5,-96.16667,3.16908981083373e-10
29.5,-96.04167,4.07565826807894e-10
29.5,-95.625,3.94517815639328e-09
29.5,-91.875,1.02842322903546e-09
29.5,-91.08333,1.08754334394868e-09
29.5,-90.79167,2.29685037158816e-09
29.5,-90.41667,1.24234907979172e-09
29.5,-89.83333,5.45735106817014e-10
29.5,-82.91667,2.0746966732283e-10
29.5,-81.125,5.92544128605937e-09
29.45833,-104.125,9.26182032208567e-11
29.45833,-103.8333,9.52988300182036e-11
29.45833,-100.75,1.55468546458882e-09
29.45833,-98.875,1.12718766623767e-09
29.45833,-98.83333,1.28671960490532e-09
29.45833,-97.5,1.35895567016732e-10
29.45833,-95.58333,2.10400434168751e-09
29.45833,-95.33333,3.13315058512606e-09
29.45833,-89.83333,5.26756144310827e-10
29.45833,-89.58333,3.63609945508991e-10
29.45833,-82.45833,3.63750049664754e-10
29.45833,-82.20833,6.92922173695873e-10
29.45833,-81.33333,6.48096484738639e-10
29.41667,-100.125,3.96899302395066e-11
29.41667,-99.41667,1.10390383947425e-10
29.41667,-98.66667,9.80397206019872e-09
29.41667,-98.54167,4.63835816475318e-08
29.41667,-97.91667,4.11919195237942e-10
29.41667,-96.75,1.16175581507121e-10
29.41667,-95.625,4.39344113533752e-10
29.41667,-90.29167,5.58485458482596e-10
29.375,-103.6667,6.21136387035997e-12
29.375,-102.9583,1.10306085527336e-10
29.375,-100.9167,1.38045076943582e-09
29.375,-100.2917,4.20356752120497e-11
29.375,-99.95833,3.37184241113433e-11
29.375,-99.375,6.70622558359282e-11
29.375,-99.04167,4.80038269313296e-10
29.375,-96.66667,1.09377490477788e-10
29.375,-95.70833,9.01033059709003e-10
29.375,-95.54167,8.08678107868164e-10
29.375,-95.375,8.79984133915851e-10
29.375,-91.125,5.17258213895605e-10
29.375,-90.58333,1.1987434146865e-09
29.375,-90.45833,1.16845394247497e-09
29.375,-89.41667,2.09305660014209e-09
29.375,-82.45833,6.86801610311513e-10
29.375,-82.41667,7.11392975364178e-10
29.375,-81.33333,6.96155944497412e-10
29.33333,-103.375,6.46059440607594e-12
29.33333,-103.0833,1.06429388473511e-10
29.33333,-98.125,1.41163655220663e-09
29.33333,-98.04167,1.14065579975378e-09
29.33333,-98,5.80845893337792e-10
29.33333,-97.70833,7.55807719463616e-10
29.33333,-96.29167,2.76227610053398e-10
29.33333,-95.20833,1.31120208839521e-09
29.33333,-90.70833,1.29179070661162e-09
29.33333,-90.25,3.50754485517766e-10
29.33333,-89.95833,7.0926816168402e-10
29.33333,-89.875,7.21765766223528e-10
29.33333,-89.83333,7.27645939933832e-10
29.33333,-82.41667,6.99469540048203e-10
29.33333,-81.08333,7.64036966903907e-09
29.29167,-103.625,6.16572651756131e-12
29.29167,-103.4167,4.08002574327059e-15
29.29167,-103.25,4.23066600655603e-15
29.29167,-100.9167,7.19152554102738e-09
29.29167,-100.3333,4.47391635815198e-11
29.29167,-99.83333,3.31167967981948e-11
29.29167,-99.5,1.00063354380596e-10
29.29167,-98.08333,1.10791853588493e-09
29.29167,-97.75,5.9002327669696e-10
29.29167,-97.33333,3.00408275583413e-10
29.29167,-97.29167,2.53189673067113e-10
29.29167,-97.16667,2.80052929264226e-10
29.29167,-97.04167,2.19156614843747e-10
29.29167,-96.375,2.0326628358181e-10
29.29167,-89.08333,4.57800610669128e-09
29.29167,-82.58333,8.1734234779144e-10
29.29167,-82.5,1.07072630102323e-09
29.29167,-82.45833,1.13176686631653e-09
29.29167,-82.16667,2.14440156617197e-09
29.25,-99.33333,6.86621599500419e-11
29.25,-98.54167,1.49159095233093e-09
29.25,-97.29167,2.50128232175788e-10
29.25,-96.66667,1.30740488734316e-10
29.25,-95.58333,6.2944626671664e-10
29.25,-89.91667,6.67563025654168e-10
29.25,-89.66667,1.00761453088395e-09
29.25,-82.75,6.97166177653436e-10
29.25,-80.95833,1.72420078992989e-08
29.20833,-99.70833,3.25923892179577e-11
29.20833,-98.95833,4.25619760423538e-10
29.20833,-98.125,4.76325422956178e-10
29.20833,-97.875,3.88464386767079e-10
29.20833,-96.33333,2.88634664245784e-10
29.20833,-95.25,3.98732962924953e-10
29.20833,-91.25,2.44406086186581e-08
29.20833,-91.16667,4.33398724417861e-10
29.16667,-103.625,6.05345244398475e-12
29.16667,-103.5,3.93863945652169e-15
29.16667,-100.6667,4.64107454718513e-11
29.16667,-97.16667,2.85633766637587e-10
29.16667,-95.83333,2.30640173539964e-09
29.16667,-95.04167,7.11962132849289e-10
29.16667,-90.375,9.07733422066221e-10
29.16667,-81.33333,7.91228980197208e-10
29.125,-103.5,3.91487120302959e-15
29.125,-100.5833,3.47885416587844e-10
29.125,-99.75,3.55473849991517e-10
29.125,-98.70833,1.05223571210739e-09
29.125,-95.91667,3.51782617568939e-10
29.125,-90.66667,1.14747419653278e-09
29.125,-89.41667,6.32493955735197e-10
29.125,-89.04167,1.04245115476937e-09
29.125,-83,5.5271303753525e-10
29.125,-82.79167,9.21065509027383e-11
29.125,-82.58333,1.33926696241974e-10
29.125,-82.54167,3.09668733043094e-10
29.125,-82.375,5.25812963960125e-10
29.125,-81.41667,3.89780005778795e-10
29.08333,-103.5,9.3675154982126e-11
29.08333,-103.4583,3.92397237950703e-15
29.08333,-103.375,3.99181649092073e-15
29.08333,-103.3333,4.02662603420615e-15
29.08333,-99.70833,9.03811653893337e-11
29.08333,-97.70833,3.37576100608913e-10
29.08333,-97.58333,3.83543333996116e-10
29.08333,-97.33333,2.80756165208794e-10
29.08333,-96.04167,1.48264982531334e-10
29.08333,-95.5,4.91541404578515e-09
29.08333,-89.25,7.22881095573913e-11
29.08333,-82.75,2.1470171662965e-10
29.04167,-99.91667,1.47082213144005e-10
29.04167,-99.20833,3.01475064411799e-10
29.04167,-99.125,8.34257768822559e-10
29.04167,-98.83333,6.6103802598841e-10
29.04167,-98.29167,1.95284752931989e-10
29.04167,-96.375,1.71032285687515e-10
29.04167,-95.58333,1.65320844851119e-09
29.04167,-82.79167,1.57621761243027e-09
29.04167,-82.125,1.62146324897528e-09
29.04167,-82.04167,5.25391148636471e-09
29.04167,-81.70833,2.24516465760133e-09
29.04167,-81.58333,2.23264934988442e-10
29.04167,-81.20833,2.02970903782426e-09
29,-100.5833,3.01613507827897e-10
29,-99.33333,2.60294006933802e-10
29,-99.04167,3.07247143718757e-10
29,-98.70833,7.68797857181344e-10
29,-97.75,7.07333990480844e-11
29,-97.33333,2.93172019878534e-10
29,-97.25,3.59610370603711e-10
29,-82.20833,8.73766645632365e-10
29,-81.5,4.17381680371969e-09
29,-81.20833,1.51990465132662e-09
28.95833,-99.91667,1.43274326836689e-10
28.95833,-99.5,9.23406087814192e-11
28.95833,-96.41667,3.04780600179761e-10
28.95833,-96.29167,6.77320813936662e-10
28.95833,-95.54167,7.23280878782358e-10
28.95833,-89.375,1.28597806874209e-10
28.91667,-100.25,2.88758744165371e-11
28.91667,-100.125,2.77610299778644e-11
28.91667,-99.41667,9.60915240838978e-11
28.91667,-97.95833,2.70757223924733e-10
28.91667,-82.625,5.81146296779036e-10
28.875,-100.4583,2.93230045783308e-11
28.875,-100.375,2.6423326649499e-10
28.875,-99,2.73789470183727e-10
28.875,-98.875,4.87852409809574e-10
28.875,-98.625,1.31667052460961e-10
28.875,-97.25,4.27660680540757e-10
28.875,-95.83333,8.45377095595858e-11
28.875,-82.41667,1.94113556702534e-09
28.875,-81.04167,7.30147494758765e-10
28.83333,-99.58333,1.67460943562641e-10
28.83333,-99,2.60760771938556e-10
28.83333,-98.5,1.39066673124138e-10
28.83333,-97.625,1.93352281349768e-10
28.83333,-82.41667,1.00806653654408e-08
28.79167,-97.75,5.30854213141827e-10
28.79167,-97.70833,6.08713822527995e-10
28.79167,-97,4.90756499048308e-10
28.79167,-96.5,7.41353444525475e-10
28.79167,-81.16667,1.86853768531991e-09
28.79167,-80.95833,4.71915826963109e-10
28.75,-98.25,2.3831498317822e-10
28.75,-97.625,9.98901591609466e-11
28.75,-97.33333,1.72725825601705e-10
28.75,-96.95833,4.1283425809041e-10
28.75,-96.625,1.51597965647935e-09
28.75,-96.375,2.05682214727588e-10
28.75,-95.66667,7.79722747631005e-11
28.75,-82,6.14997776642651e-09
28.70833,-99.70833,7.0964162085681e-11
28.70833,-98.45833,1.51604593291252e-10
28.70833,-96.25,2.87213207261395e-10
28.70833,-82.625,5.46568812237978e-10
28.66667,-98.75,1.34889762844238e-10
28.66667,-96.66667,9.50938726371304e-10
28.66667,-96.33333,8.04864170176642e-09
28.66667,-81.20833,1.22258557966885e-08
28.66667,-81.16667,5.0873384206556e-09
28.66667,-81.08333,3.27160817288046e-09
28.625,-100.4167,1.51034038394006e-10
28.625,-99.83333,2.03537537444262e-10
28.625,-99.79167,1.44526108494684e-10
28.625,-82.08333,6.67078286495592e-10
28.625,-81,1.24511663163984e-09
28.58333,-99.91667,2.21527204367417e-10
28.58333,-97.41667,9.8123483007736e-11
28.58333,-96.75,2.47767487726684e-10
28.58333,-81.41667,2.86498531056731e-08
28.54167,-98.29167,1.30260705706492e-10
28.54167,-98.125,2.30327044649643e-10
28.54167,-97.75,4.75389298530462e-10
28.54167,-96.125,2.69192668519151e-08
28.54167,-81.79167,2.95185801120545e-09
28.54167,-81.33333,2.53382654912242e-08
28.5,-100.4167,1.32337213943494e-09
28.5,-99.41667,5.51292633610422e-11
28.5,-98.58333,4.21124634464225e-11
28.5,-98.33333,6.60621929944134e-11
28.5,-98.125,2.29711160924527e-10
28.5,-97.83333,3.34692021349639e-10
28.5,-97.41667,9.04298215064879e-11
28.5,-97.25,9.02202464141259e-11
28.5,-82.375,1.24279546925862e-09
28.5,-81.08333,1.12597967904532e-09
28.5,-80.95833,7.36192069226352e-10
28.45833,-100.3333,7.86335023292425e-10
28.45833,-99.70833,4.61313891551197e-11
28.45833,-99.29167,5.0825384792936e-11
28.45833,-98.95833,2.37380168219666e-10
28.45833,-98.29167,2.21656972486222e-10
28.45833,-98.04167,3.28328795938986e-10
28.45833,-81.58333,4.0728628903747e-09
28.45833,-80.625,1.77055288287561e-07
28.45833,-80.5,1.08460282014783e-07
28.41667,-98.16667,2.22347113932624e-10
28.41667,-97.95833,5.4243188766193e-10
28.41667,-97.33333,1.91297237166043e-10
28.41667,-81.70833,1.04880224647462e-09
28.375,-96.375,2.77989365836885e-08
28.375,-82.58333,3.95578360654381e-09
28.375,-81.58333,5.74320376589683e-09
28.375,-80.875,1.08013171865035e-09
28.375,-80.79167,7.61196213999333e-09
28.33333,-100.1667,8.2017528393362e-10
28.33333,-100,2.4323577347627e-10
28.33333,-99.95833,2.45383133449528e-10
28.33333,-99.70833,2.63247331933268e-10
28.33333,-99.33333,5.5464549175368e-11
28.33333,-98.25,2.25262304507883e-10
28.33333,-97,1.28866257439529e-10
28.33333,-96.45833,5.84621223976992e-10
28.33333,-82.08333,3.49336224284274e-10
28.33333,-81.54167,1.64672348172347e-09
28.33333,-81.20833,1.84124976464967e-09
28.29167,-99.875,2.54029089260716e-10
28.29167,-99.54167,2.88764808428824e-10
28.29167,-97.75,4.7761282778142e-10
28.29167,-97.625,4.99520063600034e-10
28.29167,-81.79167,1.03686168148024e-09
28.29167,-81.20833,1.7041119931284e-09
28.29167,-81.16667,1.7505976875986e-10
28.29167,-81.04167,1.38375588402265e-10
28.25,-98.79167,3.39808611384812e-10
28.25,-98.25,1.50137530336688e-10
28.25,-97.54167,4.88453629516921e-10
28.25,-97.5,4.83260553632276e-10
28.25,-96.66667,1.80727468644903e-10
28.25,-82.29167,2.33240503241217e-09
28.25,-82.25,2.19878907182332e-09
28.25,-81.25,1.84139912012341e-09
28.20833,-100,2.55484602164339e-10
28.20833,-99.08333,3.48044089402436e-10
28.20833,-97.29167,2.91428959346338e-10
28.20833,-96.91667,3.99311158085604e-09
28.20833,-96.75,8.70110626809626e-09
28.20833,-82.04167,6.38313834576616e-09
28.20833,-81.58333,1.93957512954132e-09
28.16667,-100.0417,2.56245085668553e-10
28.16667,-99.08333,3.58579891496081e-10
28.16667,-98.20833,1.61079459046259e-10
28.16667,-97.5,4.18790303429899e-10
28.16667,-82.125,1.03192005078128e-09
28.125,-99.16667,3.65497178619651e-10
28.125,-99.08333,3.71940354012272e-10
28.125,-97.625,5.13996259557541e-10
28.125,-97.33333,4.20504446753459e-10
28.125,-97.25,3.7219773693005e-10
28.125,-82.29167,1.22434127951177e-09
28.08333,-99.5,4.25277865858284e-11
28.08333,-97.875,1.11083487345858e-09
28.08333,-97,3.12782266292784e-08
28.08333,-82.45833,1.04611942707041e-08
28.08333,-82.33333,3.85980830136761e-09
28.04167,-99.66667,4.13521077927491e-11
28.04167,-99.54167,4.38810595240576e-11
28.04167,-98.375,2.39773090174742e-10
28.04167,-98.08333,4.16259756128842e-10
28.04167,-97.66667,6.12720955708039e-10
28.04167,-97.5,8.50494344817849e-10
28.04167,-82.29167,3.27713261098674e-09
28,-99,4.94254473699896e-11
28,-97.66667,4.24062402023318e-10
28,-97.125,5.57070256846651e-10
28,-82.58333,1.0760486159245e-08
28,-81.75,9.14854906057673e-09
28,-81.58333,8.28010452457214e-10
27.95833,-99.54167,8.18586397797204e-11
27.95833,-99.04167,5.04513777623617e-11
27.95833,-97.5,4.5998830874735e-10
27.95833,-97.33333,2.59669403406576e-10
27.95833,-82.83333,1.28902843331753e-09
27.95833,-80.75,1.28481597406268e-09
27.91667,-98.83333,4.15817003876632e-10
27.91667,-82.04167,9.19978305458503e-09
27.91667,-81.54167,1.57837893200381e-09
27.91667,-81.41667,5.62708363848823e-10
27.91667,-81.29167,2.76515616174645e-10
27.875,-99.04167,4.41690390851908e-10
27.875,-98.875,4.17815584955565e-10
27.875,-98.54167,3.06983282746493e-10
27.875,-97.16667,1.28986167733205e-09
27.875,-81.83333,2.02072787185976e-09
27.875,-81.79167,9.07083941602556e-10
27.875,-81.33333,5.48043321556988e-10
27.83333,-98.25,5.2969255282921e-10
27.83333,-97.83333,4.92165983101568e-10
27.83333,-82.625,1.5466440062514e-08
27.83333,-82.375,3.69853587384568e-09
27.83333,-82.29167,4.53529570235252e-09
27.83333,-81.16667,2.87199891395045e-10
27.83333,-80.54167,9.00592223503362e-10
27.79167,-99.5,1.09721163073101e-10
27.79167,-99.375,5.48016971517388e-10
27.79167,-99.33333,5.39579294234449e-10
27.79167,-98.66667,2.73951608667862e-10
27.79167,-98.375,4.36340123877743e-10
27.79167,-97.75,3.97683856836837e-10
27.79167,-97.54167,9.61363413721676e-10
27.79167,-80.625,2.46825281015359e-10
27.75,-99.45833,1.22248123804499e-10
27.75,-80.45833,5.18348065199774e-09
27.70833,-98.75,5.28206713104206e-10
27.70833,-98,2.26131591879642e-10
27.70833,-82.33333,2.45222396195807e-09
27.70833,-82,4.33469422566272e-10
27.66667,-99.625,7.17189633162512e-10
27.66667,-98.25,4.32629175707023e-10
27.66667,-97.625,5.35096858656127e-10
27.66667,-97.29167,9.72517270296242e-10
27.66667,-82.16667,1.25547736651909e-09
27.66667,-81.83333,1.62821071249193e-09
27.66667,-81.54167,1.87876666000948e-09
27.66667,-81.08333,2.13910169089848e-10
27.66667,-80.45833,5.67928377323576e-09
27.625,-99.16667,3.13045557449271e-10
27.625,-98.75,5.19187716544856e-10
27.625,-98.70833,5.00227011464495e-10
27.625,-97.29167,9.92984782848767e-10
27.625,-80.83333,2.84162275747964e-10
27.625,-80.75,3.09256187797677e-10
27.58333,-97.375,1.5215875279991e-09
27.58333,-81.91667,1.36652123048509e-09
27.58333,-81.08333,2.5403774912738e-10
27.54167,-82.125,5.67168865099171e-10
27.54167,-81.5,5.27667880872647e-10
27.54167,-81,2.23802013961183e-10
27.54167,-80.95833,2.1292020280327e-10
27.5,-98.58333,8.73763358891091e-11
27.5,-80.375,5.14678727893896e-09
27.5,-80.25,8.92118587069792e-08
27.45833,-99.16667,1.95674324559614e-09
27.45833,-99.04167,7.88764362564534e-10
27.45833,-98.125,1.42087326039375e-10
27.45833,-97.58333,7.26618886900989e-10
27.45833,-82.625,2.45708355685135e-08
27.45833,-81.75,6.0275450749892e-10
27.45833,-81.41667,1.25493462475144e-09
27.45833,-81.20833,7.42334948158362e-10
27.45833,-81.04167,2.36114462934476e-10
27.45833,-80.95833,2.18228658404015e-10
27.41667,-81.54167,1.06974707477331e-09
27.41667,-81.08333,2.48030047823522e-10
27.41667,-80.375,4.65565592774271e-09
27.375,-98.58333,8.44534615023036e-11
27.375,-98.125,1.38460936328058e-10
27.375,-97.70833,1.08103608821653e-10
27.375,-81.29167,7.96208578218918e-10
27.375,-80.66667,2.84205207136336e-10
27.33333,-98.25,1.49973715151727e-10
27.33333,-97.79167,1.05794176736372e-10
27.33333,-97.5,5.77625300522199e-10
27.33333,-82.20833,6.68511387647276e-10
27.33333,-82.125,5.5814313204545e-10
27.33333,-82,2.48955904058337e-10
27.33333,-81.25,7.24165143457265e-10
27.33333,-80.375,5.69974782310053e-09
27.29167,-98.70833,7.584969871103e-11
27.29167,-82.58333,1.24822107563378e-07
27.25,-98.16667,2.70693828398019e-10
27.25,-97.45833,3.70962627155983e-10
27.20833,-80.83333,8.76326956599181e-10
27.16667,-99.20833,6.57462026169777e-11
27.16667,-97.95833,2.87609220027697e-10
27.16667,-82.5,1.78354969969148e-08
27.16667,-81.16667,2.20843378090863e-10
27.16667,-80.66667,4.56729247079678e-10
27.16667,-80.29167,7.29277819989393e-09
27.125,-82.33333,6.68674021343906e-09
27.125,-81.58333,3.96344551676066e-10
27.125,-81.29167,1.27646406055474e-10
27.08333,-98.75,4.94237375794606e-11
27.08333,-97.5,3.25059791367938e-08
27.08333,-82.20833,2.0670318562996e-09
27.04167,-99,5.40542455384996e-11
27.04167,-97.91667,2.61377783289398e-10
27.04167,-82.41667,3.12313291972615e-09
27.04167,-80.25,1.87097158914111e-09
27,-99.41667,9.76078110113733e-10
27,-99.375,1.87307809423531e-11
27,-99,4.81984708135703e-11
27,-98.54167,4.96528058338222e-11
27,-98.25,3.33546398101656e-10
26.95833,-99.375,5.03636401807565e-11
26.95833,-98.16667,1.03983300628684e-10
26.95833,-97.95833,3.55367977599921e-10
26.95833,-97.45833,3.00748408003159e-08
26.95833,-81.41667,1.15532218759504e-09
26.95833,-80.16667,9.62513107547278e-09
26.91667,-80.5,1.51697702114031e-09
26.875,-98.95833,4.25673608584193e-11
26.875,-97.95833,3.7773760961221e-10
26.875,-81.95833,3.06031015627238e-10
26.875,-80.41667,1.76225079419114e-09
26.83333,-99,4.15574408829462e-11
26.83333,-98.04167,3.98188607737697e-10
26.79167,-99.125,4.09976804605837e-11
26.79167,-80.5,2.47093607127725e-10
26.79167,-80.41667,3.00258798787965e-10
26.75,-82.125,1.09082227010791e-08
26.75,-81.625,5.22531256951816e-10
26.75,-81.58333,9.15284090512761e-10
26.75,-81.54167,2.66774286850347e-09
26.75,-81.375,6.39364684645579e-10
26.70833,-98.125,3.53696819817037e-11
26.70833,-97.91667,4.31636568669134e-10
26.70833,-81.95833,1.19328614212506e-09
26.70833,-81.70833,1.18908489121794e-09
26.66667,-98.875,1.5248140921369e-10
26.66667,-98.5,1.91331232344913e-10
26.66667,-98.33333,3.31536617827147e-11
26.66667,-98.20833,4.06137703827382e-11
26.66667,-97.83333,4.29801396034427e-10
26.625,-99.20833,2.27620321627225e-10
26.625,-80.70833,6.85855037029219e-10
26.58333,-98.875,1.36086249853598e-10
26.58333,-97.75,2.10725180962946e-10
26.58333,-97.66667,5.96034886689379e-10
26.58333,-81.625,1.37432850094029e-09
26.58333,-81.04167,4.05392860963491e-10
26.58333,-80.20833,5.8541471402311e-09
26.58333,-80.04167,1.09483860859673e-08
26.54167,-99.04167,9.17776909543536e-10
26.54167,-98.75,1.55788365691357e-10
26.54167,-98.33333,3.63812441760255e-11
26.54167,-97.45833,5.27532253216153e-10
26.54167,-80.58333,1.07870027713114e-10
26.5,-81.83333,1.1151493849982e-08
26.5,-80.875,3.62158547598924e-10
26.45833,-98.41667,2.22521140007629e-10
26.45833,-81.83333,3.32037689064005e-09
26.45833,-81.375,1.00055281281805e-09
26.41667,-99.125,8.40465613212406e-10
26.41667,-99.04167,1.13077980923884e-10
26.41667,-98.33333,8.04920438904025e-10
26.41667,-80.70833,9.98216950477773e-11
26.375,-98.875,1.41837321840588e-10
26.375,-98.54167,5.86263328348717e-10
26.375,-98.16667,8.36850441094895e-10
26.375,-97.70833,5.6111791665137e-10
26.375,-80.16667,1.29154523883832e-08
26.33333,-98.04167,1.25818159604485e-09
26.33333,-97.875,8.80977402517333e-10
26.33333,-97.16667,6.7422256083734e-10
26.33333,-80.875,3.8840011021417e-10
26.33333,-80.125,3.45151428243225e-08
26.29167,-98.375,1.42823817529001e-09
26.29167,-80.95833,2.96772678143515e-10
26.29167,-80.70833,4.947410142695e-10
26.29167,-80.58333,6.09433725029325e-10
26.29167,-80.5,3.6378640939057e-10
26.29167,-80.45833,3.98032040003289e-10
26.29167,-80.33333,6.79016457552946e-10
26.25,-97.625,9.82490861816146e-10
26.25,-81.375,2.56974746733027e-10
26.25,-81.25,2.19063965664322e-10
26.25,-80.20833,2.83263775422182e-08
26.20833,-97.875,1.3059427268687e-09
26.20833,-81.70833,5.51468117919276e-09
26.20833,-81.33333,2.35694672814759e-10
26.16667,-98.16667,3.36654983569025e-09
26.16667,-81.83333,1.10414331869201e-07
26.16667,-81.75,1.07558859140595e-08
26.16667,-81.33333,1.61849927690408e-10
26.16667,-80.79167,4.83453897669932e-10
26.125,-97.58333,9.87381785244005e-10
26.125,-97.29167,6.78984435708838e-10
26.125,-80.79167,4.97213075870077e-10
26.04167,-97.58333,3.50978577421437e-10
26.04167,-97.25,7.08488263593797e-10
26.04167,-97.16667,7.97850784972582e-11
26,-97.58333,3.57158060811604e-10
26,-81.66667,1.34202938390768e-10
26,-81.5,7.87014981025301e-11
25.95833,-97.45833,3.75127462720194e-09
25.95833,-81.41667,3.73055360579298e-10
25.91667,-97.16667,8.37203033267302e-10
25.875,-81,2.29500888699986e-10
25.875,-80.95833,2.42712587295089e-10
25.875,-80.91667,2.57800855867149e-10
25.875,-80.16667,1.62542302773918e-08
25.83333,-81.66667,4.53942184763195e-09
25.79167,-81.41667,4.14691075630961e-10
25.75,-80.29167,2.37184989888294e-08
25.75,-80.25,1.86176158423959e-08
25.70833,-80.625,1.99441653589649e-10
25.70833,-80.375,1.89462809619497e-08
25.66667,-80.95833,2.51881691136668e-10
25.66667,-80.75,1.61387462173374e-10
25.625,-81.29167,3.31643896763033e-10
25.58333,-81.16667,8.36900363703535e-11
25.54167,-81.25,3.1146869140199e-10
25.54167,-81,1.00665418958505e-10
25.5,-81.25,3.06616683505417e-10
25.5,-81.16667,8.37624225066162e-11
25.45833,-80.83333,1.83272431567987e-10
25.41667,-80.41667,7.81855070275027e-10
25.33333,-81.08333,3.54379948850806e-10
25.33333,-80.91667,1.09082871405164e-10
25.33333,-80.25,1.3234845304217e-08
25.29167,-80.33333,4.61509054827591e-10
25.25,-81.125,8.8087582779908e-11
25.125,-80.95833,3.82303674894583e-10
25.08333,-80.83333,6.98173886095041e-10
24.91667,-80.75,1.28430972640437e-09
24.79167,-81.33333,4.04673045036569e-08
